hand,value,handtype,score
"('10C', '11C', '12C', '13C', '14C')",134.0,8,1000000.0
"('09C', '10C', '11C', '12C', '13C')",133.0,8,999998.0
"('08C', '09C', '10C', '11C', '12C')",132.0,8,999997.0
"('07C', '08C', '09C', '10C', '11C')",131.0,8,999995.0
"('06C', '07C', '08C', '09C', '10C')",130.0,8,999993.0
"('05C', '06C', '07C', '08C', '09C')",129.0,8,999992.0
"('04C', '05C', '06C', '07C', '08C')",128.0,8,999990.0
"('03C', '04C', '05C', '06C', '07C')",127.0,8,999989.0
"('02C', '03C', '04C', '05C', '06C')",126.0,8,999987.0
"('13C', '14C', '14D', '14H', '14S')",119.13,7,999986.0
"('12C', '14C', '14D', '14H', '14S')",119.12,7,999984.0
"('11C', '14C', '14D', '14H', '14S')",119.11,7,999983.0
"('10C', '14C', '14D', '14H', '14S')",119.1,7,999981.0
"('09C', '14C', '14D', '14H', '14S')",119.09,7,999980.0
"('08C', '14C', '14D', '14H', '14S')",119.08,7,999978.0
"('07C', '14C', '14D', '14H', '14S')",119.07,7,999977.0
"('06C', '14C', '14D', '14H', '14S')",119.06,7,999975.0
"('05C', '14C', '14D', '14H', '14S')",119.05,7,999973.0
"('04C', '14C', '14D', '14H', '14S')",119.04,7,999972.0
"('03C', '14C', '14D', '14H', '14S')",119.03,7,999970.0
"('02C', '14C', '14D', '14H', '14S')",119.02,7,999969.0
"('13C', '13D', '13H', '13S', '14C')",118.14,7,999967.0
"('12C', '13C', '13D', '13H', '13S')",118.12,7,999966.0
"('11C', '13C', '13D', '13H', '13S')",118.11,7,999964.0
"('10C', '13C', '13D', '13H', '13S')",118.1,7,999963.0
"('09C', '13C', '13D', '13H', '13S')",118.09,7,999961.0
"('08C', '13C', '13D', '13H', '13S')",118.08,7,999960.0
"('07C', '13C', '13D', '13H', '13S')",118.07,7,999958.0
"('06C', '13C', '13D', '13H', '13S')",118.06,7,999957.0
"('05C', '13C', '13D', '13H', '13S')",118.05,7,999955.0
"('04C', '13C', '13D', '13H', '13S')",118.04,7,999953.0
"('03C', '13C', '13D', '13H', '13S')",118.03,7,999952.0
"('02C', '13C', '13D', '13H', '13S')",118.02,7,999950.0
"('12C', '12D', '12H', '12S', '14C')",117.14,7,999949.0
"('12C', '12D', '12H', '12S', '13C')",117.13,7,999947.0
"('11C', '12C', '12D', '12H', '12S')",117.11,7,999946.0
"('10C', '12C', '12D', '12H', '12S')",117.1,7,999944.0
"('09C', '12C', '12D', '12H', '12S')",117.09,7,999943.0
"('08C', '12C', '12D', '12H', '12S')",117.08,7,999941.0
"('07C', '12C', '12D', '12H', '12S')",117.07,7,999940.0
"('06C', '12C', '12D', '12H', '12S')",117.06,7,999938.0
"('05C', '12C', '12D', '12H', '12S')",117.05,7,999937.0
"('04C', '12C', '12D', '12H', '12S')",117.04,7,999935.0
"('03C', '12C', '12D', '12H', '12S')",117.03,7,999933.0
"('02C', '12C', '12D', '12H', '12S')",117.02,7,999932.0
"('11C', '11D', '11H', '11S', '14C')",116.14,7,999930.0
"('11C', '11D', '11H', '11S', '13C')",116.13,7,999929.0
"('11C', '11D', '11H', '11S', '12C')",116.12,7,999927.0
"('10C', '11C', '11D', '11H', '11S')",116.1,7,999926.0
"('09C', '11C', '11D', '11H', '11S')",116.09,7,999924.0
"('08C', '11C', '11D', '11H', '11S')",116.08,7,999923.0
"('07C', '11C', '11D', '11H', '11S')",116.07,7,999921.0
"('06C', '11C', '11D', '11H', '11S')",116.06,7,999920.0
"('05C', '11C', '11D', '11H', '11S')",116.05,7,999918.0
"('04C', '11C', '11D', '11H', '11S')",116.04,7,999917.0
"('03C', '11C', '11D', '11H', '11S')",116.03,7,999915.0
"('02C', '11C', '11D', '11H', '11S')",116.02,7,999913.0
"('10C', '10D', '10H', '10S', '14C')",115.14,7,999912.0
"('10C', '10D', '10H', '10S', '13C')",115.13,7,999910.0
"('10C', '10D', '10H', '10S', '12C')",115.12,7,999909.0
"('10C', '10D', '10H', '10S', '11C')",115.11,7,999907.0
"('09C', '10C', '10D', '10H', '10S')",115.09,7,999906.0
"('08C', '10C', '10D', '10H', '10S')",115.08,7,999904.0
"('07C', '10C', '10D', '10H', '10S')",115.07,7,999903.0
"('06C', '10C', '10D', '10H', '10S')",115.06,7,999901.0
"('05C', '10C', '10D', '10H', '10S')",115.05,7,999900.0
"('04C', '10C', '10D', '10H', '10S')",115.04,7,999898.0
"('03C', '10C', '10D', '10H', '10S')",115.03,7,999896.0
"('02C', '10C', '10D', '10H', '10S')",115.02,7,999895.0
"('09C', '09D', '09H', '09S', '14C')",114.14,7,999893.0
"('09C', '09D', '09H', '09S', '13C')",114.13,7,999892.0
"('09C', '09D', '09H', '09S', '12C')",114.12,7,999890.0
"('09C', '09D', '09H', '09S', '11C')",114.11,7,999889.0
"('09C', '09D', '09H', '09S', '10C')",114.1,7,999887.0
"('08C', '09C', '09D', '09H', '09S')",114.08,7,999886.0
"('07C', '09C', '09D', '09H', '09S')",114.07,7,999884.0
"('06C', '09C', '09D', '09H', '09S')",114.06,7,999883.0
"('05C', '09C', '09D', '09H', '09S')",114.05,7,999881.0
"('04C', '09C', '09D', '09H', '09S')",114.04,7,999880.0
"('03C', '09C', '09D', '09H', '09S')",114.03,7,999878.0
"('02C', '09C', '09D', '09H', '09S')",114.02,7,999876.0
"('08C', '08D', '08H', '08S', '14C')",113.14,7,999875.0
"('08C', '08D', '08H', '08S', '13C')",113.13,7,999873.0
"('08C', '08D', '08H', '08S', '12C')",113.12,7,999872.0
"('08C', '08D', '08H', '08S', '11C')",113.11,7,999870.0
"('08C', '08D', '08H', '08S', '10C')",113.1,7,999869.0
"('08C', '08D', '08H', '08S', '09C')",113.09,7,999867.0
"('07C', '08C', '08D', '08H', '08S')",113.07,7,999866.0
"('06C', '08C', '08D', '08H', '08S')",113.06,7,999864.0
"('05C', '08C', '08D', '08H', '08S')",113.05,7,999863.0
"('04C', '08C', '08D', '08H', '08S')",113.04,7,999861.0
"('03C', '08C', '08D', '08H', '08S')",113.03,7,999860.0
"('02C', '08C', '08D', '08H', '08S')",113.02,7,999858.0
"('07C', '07D', '07H', '07S', '14C')",112.14,7,999856.0
"('07C', '07D', '07H', '07S', '13C')",112.13,7,999855.0
"('07C', '07D', '07H', '07S', '12C')",112.12,7,999853.0
"('07C', '07D', '07H', '07S', '11C')",112.11,7,999852.0
"('07C', '07D', '07H', '07S', '10C')",112.1,7,999850.0
"('07C', '07D', '07H', '07S', '09C')",112.09,7,999849.0
"('07C', '07D', '07H', '07S', '08C')",112.08,7,999847.0
"('06C', '07C', '07D', '07H', '07S')",112.06,7,999846.0
"('05C', '07C', '07D', '07H', '07S')",112.05,7,999844.0
"('04C', '07C', '07D', '07H', '07S')",112.04,7,999843.0
"('03C', '07C', '07D', '07H', '07S')",112.03,7,999841.0
"('02C', '07C', '07D', '07H', '07S')",112.02,7,999840.0
"('06C', '06D', '06H', '06S', '14C')",111.14,7,999838.0
"('06C', '06D', '06H', '06S', '13C')",111.13,7,999836.0
"('06C', '06D', '06H', '06S', '12C')",111.12,7,999835.0
"('06C', '06D', '06H', '06S', '11C')",111.11,7,999833.0
"('06C', '06D', '06H', '06S', '10C')",111.1,7,999832.0
"('06C', '06D', '06H', '06S', '09C')",111.09,7,999830.0
"('06C', '06D', '06H', '06S', '08C')",111.08,7,999829.0
"('06C', '06D', '06H', '06S', '07C')",111.07,7,999827.0
"('05C', '06C', '06D', '06H', '06S')",111.05,7,999826.0
"('04C', '06C', '06D', '06H', '06S')",111.04,7,999824.0
"('03C', '06C', '06D', '06H', '06S')",111.03,7,999823.0
"('02C', '06C', '06D', '06H', '06S')",111.02,7,999821.0
"('05C', '05D', '05H', '05S', '14C')",110.14,7,999820.0
"('05C', '05D', '05H', '05S', '13C')",110.13,7,999818.0
"('05C', '05D', '05H', '05S', '12C')",110.12,7,999816.0
"('05C', '05D', '05H', '05S', '11C')",110.11,7,999815.0
"('05C', '05D', '05H', '05S', '10C')",110.1,7,999813.0
"('05C', '05D', '05H', '05S', '09C')",110.09,7,999812.0
"('05C', '05D', '05H', '05S', '08C')",110.08,7,999810.0
"('05C', '05D', '05H', '05S', '07C')",110.07,7,999809.0
"('05C', '05D', '05H', '05S', '06C')",110.06,7,999807.0
"('04C', '05C', '05D', '05H', '05S')",110.04,7,999806.0
"('03C', '05C', '05D', '05H', '05S')",110.03,7,999804.0
"('02C', '05C', '05D', '05H', '05S')",110.02,7,999803.0
"('04C', '04D', '04H', '04S', '14C')",109.14,7,999801.0
"('04C', '04D', '04H', '04S', '13C')",109.13,7,999800.0
"('04C', '04D', '04H', '04S', '12C')",109.12,7,999798.0
"('04C', '04D', '04H', '04S', '11C')",109.11,7,999796.0
"('04C', '04D', '04H', '04S', '10C')",109.1,7,999795.0
"('04C', '04D', '04H', '04S', '09C')",109.09,7,999793.0
"('04C', '04D', '04H', '04S', '08C')",109.08,7,999792.0
"('04C', '04D', '04H', '04S', '07C')",109.07,7,999790.0
"('04C', '04D', '04H', '04S', '06C')",109.06,7,999789.0
"('04C', '04D', '04H', '04S', '05C')",109.05,7,999787.0
"('03C', '04C', '04D', '04H', '04S')",109.03,7,999786.0
"('02C', '04C', '04D', '04H', '04S')",109.02,7,999784.0
"('03C', '03D', '03H', '03S', '14C')",108.14,7,999783.0
"('03C', '03D', '03H', '03S', '13C')",108.13,7,999781.0
"('03C', '03D', '03H', '03S', '12C')",108.12,7,999780.0
"('03C', '03D', '03H', '03S', '11C')",108.11,7,999778.0
"('03C', '03D', '03H', '03S', '10C')",108.1,7,999776.0
"('03C', '03D', '03H', '03S', '09C')",108.09,7,999775.0
"('03C', '03D', '03H', '03S', '08C')",108.08,7,999773.0
"('03C', '03D', '03H', '03S', '07C')",108.07,7,999772.0
"('03C', '03D', '03H', '03S', '06C')",108.06,7,999770.0
"('03C', '03D', '03H', '03S', '05C')",108.05,7,999769.0
"('03C', '03D', '03H', '03S', '04C')",108.04,7,999767.0
"('02C', '03C', '03D', '03H', '03S')",108.02,7,999766.0
"('02C', '02D', '02H', '02S', '14C')",107.14,7,999764.0
"('02C', '02D', '02H', '02S', '13C')",107.13,7,999763.0
"('02C', '02D', '02H', '02S', '12C')",107.12,7,999761.0
"('02C', '02D', '02H', '02S', '11C')",107.11,7,999760.0
"('02C', '02D', '02H', '02S', '10C')",107.1,7,999758.0
"('02C', '02D', '02H', '02S', '09C')",107.09,7,999756.0
"('02C', '02D', '02H', '02S', '08C')",107.08,7,999755.0
"('02C', '02D', '02H', '02S', '07C')",107.07,7,999753.0
"('02C', '02D', '02H', '02S', '06C')",107.06,7,999752.0
"('02C', '02D', '02H', '02S', '05C')",107.05,7,999750.0
"('02C', '02D', '02H', '02S', '04C')",107.04,7,999749.0
"('02C', '02D', '02H', '02S', '03C')",107.03,7,999747.0
"('02C', '02D', '14C', '14D', '14H')",104.0,6,999746.0
"('02C', '02D', '13C', '13D', '13H')",103.0,6,999635.0
"('02C', '02D', '12C', '12D', '12H')",102.0,6,999524.0
"('02C', '02D', '11C', '11D', '11H')",101.0,6,999413.0
"('02C', '02D', '10C', '10D', '10H')",100.0,6,999302.0
"('02C', '02D', '09C', '09D', '09H')",99.0,6,999192.0
"('02C', '02D', '08C', '08D', '08H')",98.0,6,999081.0
"('02C', '02D', '07C', '07D', '07H')",97.0,6,998970.0
"('02C', '02D', '06C', '06D', '06H')",96.0,6,998859.0
"('02C', '02D', '05C', '05D', '05H')",95.0,6,998748.0
"('02C', '02D', '04C', '04D', '04H')",94.0,6,998638.0
"('02C', '02D', '03C', '03D', '03H')",93.0,6,998527.0
"('02C', '02D', '02H', '03C', '03D')",92.0,6,998416.0
"('09C', '11C', '12C', '13C', '14C')",89.14318999999999,5,998305.0
"('08C', '11C', '12C', '13C', '14C')",89.14317999999999,5,998304.0
"('07C', '11C', '12C', '13C', '14C')",89.14316999999998,5,998302.0
"('06C', '11C', '12C', '13C', '14C')",89.14316,5,998300.0
"('05C', '11C', '12C', '13C', '14C')",89.14314999999999,5,998299.0
"('04C', '11C', '12C', '13C', '14C')",89.14313999999999,5,998297.0
"('03C', '11C', '12C', '13C', '14C')",89.14312999999999,5,998296.0
"('02C', '11C', '12C', '13C', '14C')",89.14312,5,998294.0
"('09C', '10C', '12C', '13C', '14C')",89.14309,5,998293.0
"('08C', '10C', '12C', '13C', '14C')",89.14308,5,998291.0
"('07C', '10C', '12C', '13C', '14C')",89.14307,5,998290.0
"('06C', '10C', '12C', '13C', '14C')",89.14306,5,998288.0
"('05C', '10C', '12C', '13C', '14C')",89.14305,5,998287.0
"('04C', '10C', '12C', '13C', '14C')",89.14304,5,998285.0
"('03C', '10C', '12C', '13C', '14C')",89.14303,5,998284.0
"('02C', '10C', '12C', '13C', '14C')",89.14302,5,998282.0
"('08C', '09C', '12C', '13C', '14C')",89.14298,5,998280.0
"('07C', '09C', '12C', '13C', '14C')",89.14296999999999,5,998279.0
"('06C', '09C', '12C', '13C', '14C')",89.14296,5,998277.0
"('05C', '09C', '12C', '13C', '14C')",89.14295,5,998276.0
"('04C', '09C', '12C', '13C', '14C')",89.14294,5,998274.0
"('03C', '09C', '12C', '13C', '14C')",89.14292999999999,5,998273.0
"('02C', '09C', '12C', '13C', '14C')",89.14292,5,998271.0
"('07C', '08C', '12C', '13C', '14C')",89.14286999999999,5,998270.0
"('06C', '08C', '12C', '13C', '14C')",89.14286,5,998268.0
"('05C', '08C', '12C', '13C', '14C')",89.14285,5,998267.0
"('04C', '08C', '12C', '13C', '14C')",89.14283999999999,5,998265.0
"('03C', '08C', '12C', '13C', '14C')",89.14282999999999,5,998264.0
"('02C', '08C', '12C', '13C', '14C')",89.14282,5,998262.0
"('06C', '07C', '12C', '13C', '14C')",89.14276,5,998260.0
"('05C', '07C', '12C', '13C', '14C')",89.14274999999999,5,998259.0
"('04C', '07C', '12C', '13C', '14C')",89.14273999999999,5,998257.0
"('03C', '07C', '12C', '13C', '14C')",89.14272999999999,5,998256.0
"('02C', '07C', '12C', '13C', '14C')",89.14272,5,998254.0
"('05C', '06C', '12C', '13C', '14C')",89.14265,5,998253.0
"('04C', '06C', '12C', '13C', '14C')",89.14264,5,998251.0
"('03C', '06C', '12C', '13C', '14C')",89.14263,5,998250.0
"('02C', '06C', '12C', '13C', '14C')",89.14262000000001,5,998248.0
"('04C', '05C', '12C', '13C', '14C')",89.14254,5,998247.0
"('03C', '05C', '12C', '13C', '14C')",89.14253,5,998245.0
"('02C', '05C', '12C', '13C', '14C')",89.14252,5,998244.0
"('03C', '04C', '12C', '13C', '14C')",89.14242999999999,5,998242.0
"('02C', '04C', '12C', '13C', '14C')",89.14242,5,998240.0
"('02C', '03C', '12C', '13C', '14C')",89.14232,5,998239.0
"('09C', '10C', '11C', '13C', '14C')",89.14209,5,998237.0
"('08C', '10C', '11C', '13C', '14C')",89.14207999999999,5,998236.0
"('07C', '10C', '11C', '13C', '14C')",89.14206999999999,5,998234.0
"('06C', '10C', '11C', '13C', '14C')",89.14206,5,998233.0
"('05C', '10C', '11C', '13C', '14C')",89.14205,5,998231.0
"('04C', '10C', '11C', '13C', '14C')",89.14204,5,998230.0
"('03C', '10C', '11C', '13C', '14C')",89.14202999999999,5,998228.0
"('02C', '10C', '11C', '13C', '14C')",89.14202,5,998227.0
"('08C', '09C', '11C', '13C', '14C')",89.14197999999999,5,998225.0
"('07C', '09C', '11C', '13C', '14C')",89.14196999999999,5,998224.0
"('06C', '09C', '11C', '13C', '14C')",89.14196,5,998222.0
"('05C', '09C', '11C', '13C', '14C')",89.14195,5,998220.0
"('04C', '09C', '11C', '13C', '14C')",89.14193999999999,5,998219.0
"('03C', '09C', '11C', '13C', '14C')",89.14192999999999,5,998217.0
"('02C', '09C', '11C', '13C', '14C')",89.14192,5,998216.0
"('07C', '08C', '11C', '13C', '14C')",89.14186999999998,5,998214.0
"('06C', '08C', '11C', '13C', '14C')",89.14186,5,998213.0
"('05C', '08C', '11C', '13C', '14C')",89.14184999999999,5,998211.0
"('04C', '08C', '11C', '13C', '14C')",89.14183999999999,5,998210.0
"('03C', '08C', '11C', '13C', '14C')",89.14182999999998,5,998208.0
"('02C', '08C', '11C', '13C', '14C')",89.14182,5,998207.0
"('06C', '07C', '11C', '13C', '14C')",89.14175999999999,5,998205.0
"('05C', '07C', '11C', '13C', '14C')",89.14174999999999,5,998204.0
"('04C', '07C', '11C', '13C', '14C')",89.14173999999998,5,998202.0
"('03C', '07C', '11C', '13C', '14C')",89.14172999999998,5,998200.0
"('02C', '07C', '11C', '13C', '14C')",89.14171999999999,5,998199.0
"('05C', '06C', '11C', '13C', '14C')",89.14165,5,998197.0
"('04C', '06C', '11C', '13C', '14C')",89.14164,5,998196.0
"('03C', '06C', '11C', '13C', '14C')",89.14162999999999,5,998194.0
"('02C', '06C', '11C', '13C', '14C')",89.14162,5,998193.0
"('04C', '05C', '11C', '13C', '14C')",89.14153999999999,5,998191.0
"('03C', '05C', '11C', '13C', '14C')",89.14152999999999,5,998190.0
"('02C', '05C', '11C', '13C', '14C')",89.14152,5,998188.0
"('03C', '04C', '11C', '13C', '14C')",89.14142999999999,5,998187.0
"('02C', '04C', '11C', '13C', '14C')",89.14142,5,998185.0
"('02C', '03C', '11C', '13C', '14C')",89.14132,5,998184.0
"('08C', '09C', '10C', '13C', '14C')",89.14098,5,998182.0
"('07C', '09C', '10C', '13C', '14C')",89.14097,5,998180.0
"('06C', '09C', '10C', '13C', '14C')",89.14096,5,998179.0
"('05C', '09C', '10C', '13C', '14C')",89.14095,5,998177.0
"('04C', '09C', '10C', '13C', '14C')",89.14094,5,998176.0
"('03C', '09C', '10C', '13C', '14C')",89.14093,5,998174.0
"('02C', '09C', '10C', '13C', '14C')",89.14092000000001,5,998173.0
"('07C', '08C', '10C', '13C', '14C')",89.14086999999999,5,998171.0
"('06C', '08C', '10C', '13C', '14C')",89.14086,5,998170.0
"('05C', '08C', '10C', '13C', '14C')",89.14085,5,998168.0
"('04C', '08C', '10C', '13C', '14C')",89.14084,5,998167.0
"('03C', '08C', '10C', '13C', '14C')",89.14083,5,998165.0
"('02C', '08C', '10C', '13C', '14C')",89.14082,5,998163.0
"('06C', '07C', '10C', '13C', '14C')",89.14076,5,998162.0
"('05C', '07C', '10C', '13C', '14C')",89.14075,5,998160.0
"('04C', '07C', '10C', '13C', '14C')",89.14074,5,998159.0
"('03C', '07C', '10C', '13C', '14C')",89.14072999999999,5,998157.0
"('02C', '07C', '10C', '13C', '14C')",89.14072,5,998156.0
"('05C', '06C', '10C', '13C', '14C')",89.14065000000001,5,998154.0
"('04C', '06C', '10C', '13C', '14C')",89.14064,5,998153.0
"('03C', '06C', '10C', '13C', '14C')",89.14063,5,998151.0
"('02C', '06C', '10C', '13C', '14C')",89.14062000000001,5,998150.0
"('04C', '05C', '10C', '13C', '14C')",89.14054,5,998148.0
"('03C', '05C', '10C', '13C', '14C')",89.14053,5,998147.0
"('02C', '05C', '10C', '13C', '14C')",89.14052000000001,5,998145.0
"('03C', '04C', '10C', '13C', '14C')",89.14043,5,998143.0
"('02C', '04C', '10C', '13C', '14C')",89.14042,5,998142.0
"('02C', '03C', '10C', '13C', '14C')",89.14032,5,998140.0
"('07C', '08C', '09C', '13C', '14C')",89.13986999999999,5,998139.0
"('06C', '08C', '09C', '13C', '14C')",89.13986,5,998137.0
"('05C', '08C', '09C', '13C', '14C')",89.13985,5,998136.0
"('04C', '08C', '09C', '13C', '14C')",89.13983999999999,5,998134.0
"('03C', '08C', '09C', '13C', '14C')",89.13982999999999,5,998133.0
"('02C', '08C', '09C', '13C', '14C')",89.13982,5,998131.0
"('06C', '07C', '09C', '13C', '14C')",89.13976,5,998130.0
"('05C', '07C', '09C', '13C', '14C')",89.13974999999999,5,998128.0
"('04C', '07C', '09C', '13C', '14C')",89.13973999999999,5,998127.0
"('03C', '07C', '09C', '13C', '14C')",89.13972999999999,5,998125.0
"('02C', '07C', '09C', '13C', '14C')",89.13972,5,998123.0
"('05C', '06C', '09C', '13C', '14C')",89.13965,5,998122.0
"('04C', '06C', '09C', '13C', '14C')",89.13964,5,998120.0
"('03C', '06C', '09C', '13C', '14C')",89.13963,5,998119.0
"('02C', '06C', '09C', '13C', '14C')",89.13962000000001,5,998117.0
"('04C', '05C', '09C', '13C', '14C')",89.13954,5,998116.0
"('03C', '05C', '09C', '13C', '14C')",89.13953,5,998114.0
"('02C', '05C', '09C', '13C', '14C')",89.13952,5,998113.0
"('03C', '04C', '09C', '13C', '14C')",89.13942999999999,5,998111.0
"('02C', '04C', '09C', '13C', '14C')",89.13942,5,998110.0
"('02C', '03C', '09C', '13C', '14C')",89.13932,5,998108.0
"('06C', '07C', '08C', '13C', '14C')",89.13875999999999,5,998107.0
"('05C', '07C', '08C', '13C', '14C')",89.13874999999999,5,998105.0
"('04C', '07C', '08C', '13C', '14C')",89.13873999999998,5,998103.0
"('03C', '07C', '08C', '13C', '14C')",89.13872999999998,5,998102.0
"('02C', '07C', '08C', '13C', '14C')",89.13871999999999,5,998100.0
"('05C', '06C', '08C', '13C', '14C')",89.13865,5,998099.0
"('04C', '06C', '08C', '13C', '14C')",89.13864,5,998097.0
"('03C', '06C', '08C', '13C', '14C')",89.13862999999999,5,998096.0
"('02C', '06C', '08C', '13C', '14C')",89.13862,5,998094.0
"('04C', '05C', '08C', '13C', '14C')",89.13853999999999,5,998093.0
"('03C', '05C', '08C', '13C', '14C')",89.13852999999999,5,998091.0
"('02C', '05C', '08C', '13C', '14C')",89.13852,5,998090.0
"('03C', '04C', '08C', '13C', '14C')",89.13842999999999,5,998088.0
"('02C', '04C', '08C', '13C', '14C')",89.13842,5,998087.0
"('02C', '03C', '08C', '13C', '14C')",89.13832,5,998085.0
"('05C', '06C', '07C', '13C', '14C')",89.13765000000001,5,998083.0
"('04C', '06C', '07C', '13C', '14C')",89.13764,5,998082.0
"('03C', '06C', '07C', '13C', '14C')",89.13763,5,998080.0
"('02C', '06C', '07C', '13C', '14C')",89.13762000000001,5,998079.0
"('04C', '05C', '07C', '13C', '14C')",89.13754,5,998077.0
"('03C', '05C', '07C', '13C', '14C')",89.13753,5,998076.0
"('02C', '05C', '07C', '13C', '14C')",89.13752000000001,5,998074.0
"('03C', '04C', '07C', '13C', '14C')",89.13743,5,998073.0
"('02C', '04C', '07C', '13C', '14C')",89.13742,5,998071.0
"('02C', '03C', '07C', '13C', '14C')",89.13732,5,998070.0
"('04C', '05C', '06C', '13C', '14C')",89.13654,5,998068.0
"('03C', '05C', '06C', '13C', '14C')",89.13653,5,998067.0
"('02C', '05C', '06C', '13C', '14C')",89.13652,5,998065.0
"('03C', '04C', '06C', '13C', '14C')",89.13642999999999,5,998063.0
"('02C', '04C', '06C', '13C', '14C')",89.13642,5,998062.0
"('02C', '03C', '06C', '13C', '14C')",89.13632,5,998060.0
"('03C', '04C', '05C', '13C', '14C')",89.13542999999999,5,998059.0
"('02C', '04C', '05C', '13C', '14C')",89.13542,5,998057.0
"('02C', '03C', '05C', '13C', '14C')",89.13532,5,998056.0
"('02C', '03C', '04C', '13C', '14C')",89.13432,5,998054.0
"('09C', '10C', '11C', '12C', '14C')",89.13209,5,998053.0
"('08C', '10C', '11C', '12C', '14C')",89.13208,5,998051.0
"('07C', '10C', '11C', '12C', '14C')",89.13207,5,998050.0
"('06C', '10C', '11C', '12C', '14C')",89.13206000000001,5,998048.0
"('05C', '10C', '11C', '12C', '14C')",89.13205,5,998047.0
"('04C', '10C', '11C', '12C', '14C')",89.13204,5,998045.0
"('03C', '10C', '11C', '12C', '14C')",89.13203,5,998043.0
"('02C', '10C', '11C', '12C', '14C')",89.13202000000001,5,998042.0
"('08C', '09C', '11C', '12C', '14C')",89.13198,5,998040.0
"('07C', '09C', '11C', '12C', '14C')",89.13197,5,998039.0
"('06C', '09C', '11C', '12C', '14C')",89.13196,5,998037.0
"('05C', '09C', '11C', '12C', '14C')",89.13195,5,998036.0
"('04C', '09C', '11C', '12C', '14C')",89.13194,5,998034.0
"('03C', '09C', '11C', '12C', '14C')",89.13193,5,998033.0
"('02C', '09C', '11C', '12C', '14C')",89.13192000000001,5,998031.0
"('07C', '08C', '11C', '12C', '14C')",89.13186999999999,5,998030.0
"('06C', '08C', '11C', '12C', '14C')",89.13186,5,998028.0
"('05C', '08C', '11C', '12C', '14C')",89.13185,5,998027.0
"('04C', '08C', '11C', '12C', '14C')",89.13184,5,998025.0
"('03C', '08C', '11C', '12C', '14C')",89.13183,5,998023.0
"('02C', '08C', '11C', '12C', '14C')",89.13182,5,998022.0
"('06C', '07C', '11C', '12C', '14C')",89.13176,5,998020.0
"('05C', '07C', '11C', '12C', '14C')",89.13175,5,998019.0
"('04C', '07C', '11C', '12C', '14C')",89.13174,5,998017.0
"('03C', '07C', '11C', '12C', '14C')",89.13172999999999,5,998016.0
"('02C', '07C', '11C', '12C', '14C')",89.13172,5,998014.0
"('05C', '06C', '11C', '12C', '14C')",89.13165000000001,5,998013.0
"('04C', '06C', '11C', '12C', '14C')",89.13164,5,998011.0
"('03C', '06C', '11C', '12C', '14C')",89.13163,5,998010.0
"('02C', '06C', '11C', '12C', '14C')",89.13162000000001,5,998008.0
"('04C', '05C', '11C', '12C', '14C')",89.13154,5,998007.0
"('03C', '05C', '11C', '12C', '14C')",89.13153,5,998005.0
"('02C', '05C', '11C', '12C', '14C')",89.13152000000001,5,998003.0
"('03C', '04C', '11C', '12C', '14C')",89.13143,5,998002.0
"('02C', '04C', '11C', '12C', '14C')",89.13142,5,998000.0
"('02C', '03C', '11C', '12C', '14C')",89.13132,5,997999.0
"('08C', '09C', '10C', '12C', '14C')",89.13098000000001,5,997997.0
"('07C', '09C', '10C', '12C', '14C')",89.13097,5,997996.0
"('06C', '09C', '10C', '12C', '14C')",89.13096000000002,5,997994.0
"('05C', '09C', '10C', '12C', '14C')",89.13095000000001,5,997993.0
"('04C', '09C', '10C', '12C', '14C')",89.13094000000001,5,997991.0
"('03C', '09C', '10C', '12C', '14C')",89.13093,5,997990.0
"('02C', '09C', '10C', '12C', '14C')",89.13092000000002,5,997988.0
"('07C', '08C', '10C', '12C', '14C')",89.13087,5,997987.0
"('06C', '08C', '10C', '12C', '14C')",89.13086000000001,5,997985.0
"('05C', '08C', '10C', '12C', '14C')",89.13085000000001,5,997983.0
"('04C', '08C', '10C', '12C', '14C')",89.13084,5,997982.0
"('03C', '08C', '10C', '12C', '14C')",89.13083,5,997980.0
"('02C', '08C', '10C', '12C', '14C')",89.13082000000001,5,997979.0
"('06C', '07C', '10C', '12C', '14C')",89.13076000000001,5,997977.0
"('05C', '07C', '10C', '12C', '14C')",89.13075,5,997976.0
"('04C', '07C', '10C', '12C', '14C')",89.13074,5,997974.0
"('03C', '07C', '10C', '12C', '14C')",89.13073,5,997973.0
"('02C', '07C', '10C', '12C', '14C')",89.13072000000001,5,997971.0
"('05C', '06C', '10C', '12C', '14C')",89.13065000000002,5,997970.0
"('04C', '06C', '10C', '12C', '14C')",89.13064000000001,5,997968.0
"('03C', '06C', '10C', '12C', '14C')",89.13063000000001,5,997966.0
"('02C', '06C', '10C', '12C', '14C')",89.13062000000002,5,997965.0
"('04C', '05C', '10C', '12C', '14C')",89.13054000000001,5,997963.0
"('03C', '05C', '10C', '12C', '14C')",89.13053000000001,5,997962.0
"('02C', '05C', '10C', '12C', '14C')",89.13052000000002,5,997960.0
"('03C', '04C', '10C', '12C', '14C')",89.13043,5,997959.0
"('02C', '04C', '10C', '12C', '14C')",89.13042000000002,5,997957.0
"('02C', '03C', '10C', '12C', '14C')",89.13032000000001,5,997956.0
"('07C', '08C', '09C', '12C', '14C')",89.12987,5,997954.0
"('06C', '08C', '09C', '12C', '14C')",89.12986000000001,5,997953.0
"('05C', '08C', '09C', '12C', '14C')",89.12985,5,997951.0
"('04C', '08C', '09C', '12C', '14C')",89.12984,5,997950.0
"('03C', '08C', '09C', '12C', '14C')",89.12983,5,997948.0
"('02C', '08C', '09C', '12C', '14C')",89.12982000000001,5,997946.0
"('06C', '07C', '09C', '12C', '14C')",89.12976,5,997945.0
"('05C', '07C', '09C', '12C', '14C')",89.12975,5,997943.0
"('04C', '07C', '09C', '12C', '14C')",89.12974,5,997942.0
"('03C', '07C', '09C', '12C', '14C')",89.12973,5,997940.0
"('02C', '07C', '09C', '12C', '14C')",89.12972,5,997939.0
"('05C', '06C', '09C', '12C', '14C')",89.12965000000001,5,997937.0
"('04C', '06C', '09C', '12C', '14C')",89.12964000000001,5,997936.0
"('03C', '06C', '09C', '12C', '14C')",89.12963,5,997934.0
"('02C', '06C', '09C', '12C', '14C')",89.12962000000002,5,997933.0
"('04C', '05C', '09C', '12C', '14C')",89.12954,5,997931.0
"('03C', '05C', '09C', '12C', '14C')",89.12953,5,997930.0
"('02C', '05C', '09C', '12C', '14C')",89.12952000000001,5,997928.0
"('03C', '04C', '09C', '12C', '14C')",89.12943,5,997926.0
"('02C', '04C', '09C', '12C', '14C')",89.12942000000001,5,997925.0
"('02C', '03C', '09C', '12C', '14C')",89.12932,5,997923.0
"('06C', '07C', '08C', '12C', '14C')",89.12876,5,997922.0
"('05C', '07C', '08C', '12C', '14C')",89.12875,5,997920.0
"('04C', '07C', '08C', '12C', '14C')",89.12874,5,997919.0
"('03C', '07C', '08C', '12C', '14C')",89.12872999999999,5,997917.0
"('02C', '07C', '08C', '12C', '14C')",89.12872,5,997916.0
"('05C', '06C', '08C', '12C', '14C')",89.12865000000001,5,997914.0
"('04C', '06C', '08C', '12C', '14C')",89.12864,5,997913.0
"('03C', '06C', '08C', '12C', '14C')",89.12863,5,997911.0
"('02C', '06C', '08C', '12C', '14C')",89.12862000000001,5,997910.0
"('04C', '05C', '08C', '12C', '14C')",89.12854,5,997908.0
"('03C', '05C', '08C', '12C', '14C')",89.12853,5,997906.0
"('02C', '05C', '08C', '12C', '14C')",89.12852000000001,5,997905.0
"('03C', '04C', '08C', '12C', '14C')",89.12843,5,997903.0
"('02C', '04C', '08C', '12C', '14C')",89.12842,5,997902.0
"('02C', '03C', '08C', '12C', '14C')",89.12832,5,997900.0
"('05C', '06C', '07C', '12C', '14C')",89.12765000000002,5,997899.0
"('04C', '06C', '07C', '12C', '14C')",89.12764000000001,5,997897.0
"('03C', '06C', '07C', '12C', '14C')",89.12763000000001,5,997896.0
"('02C', '06C', '07C', '12C', '14C')",89.12762000000002,5,997894.0
"('04C', '05C', '07C', '12C', '14C')",89.12754000000001,5,997893.0
"('03C', '05C', '07C', '12C', '14C')",89.12753000000001,5,997891.0
"('02C', '05C', '07C', '12C', '14C')",89.12752000000002,5,997890.0
"('03C', '04C', '07C', '12C', '14C')",89.12743,5,997888.0
"('02C', '04C', '07C', '12C', '14C')",89.12742000000001,5,997886.0
"('02C', '03C', '07C', '12C', '14C')",89.12732000000001,5,997885.0
"('04C', '05C', '06C', '12C', '14C')",89.12654,5,997883.0
"('03C', '05C', '06C', '12C', '14C')",89.12653,5,997882.0
"('02C', '05C', '06C', '12C', '14C')",89.12652000000001,5,997880.0
"('03C', '04C', '06C', '12C', '14C')",89.12643,5,997879.0
"('02C', '04C', '06C', '12C', '14C')",89.12642000000001,5,997877.0
"('02C', '03C', '06C', '12C', '14C')",89.12632,5,997876.0
"('03C', '04C', '05C', '12C', '14C')",89.12543,5,997874.0
"('02C', '04C', '05C', '12C', '14C')",89.12542,5,997873.0
"('02C', '03C', '05C', '12C', '14C')",89.12532,5,997871.0
"('02C', '03C', '04C', '12C', '14C')",89.12432000000001,5,997870.0
"('08C', '09C', '10C', '11C', '14C')",89.12098,5,997868.0
"('07C', '09C', '10C', '11C', '14C')",89.12097,5,997866.0
"('06C', '09C', '10C', '11C', '14C')",89.12096000000001,5,997865.0
"('05C', '09C', '10C', '11C', '14C')",89.12095000000001,5,997863.0
"('04C', '09C', '10C', '11C', '14C')",89.12094,5,997862.0
"('03C', '09C', '10C', '11C', '14C')",89.12093,5,997860.0
"('02C', '09C', '10C', '11C', '14C')",89.12092000000001,5,997859.0
"('07C', '08C', '10C', '11C', '14C')",89.12087,5,997857.0
"('06C', '08C', '10C', '11C', '14C')",89.12086000000001,5,997856.0
"('05C', '08C', '10C', '11C', '14C')",89.12085,5,997854.0
"('04C', '08C', '10C', '11C', '14C')",89.12084,5,997853.0
"('03C', '08C', '10C', '11C', '14C')",89.12083,5,997851.0
"('02C', '08C', '10C', '11C', '14C')",89.12082000000001,5,997850.0
"('06C', '07C', '10C', '11C', '14C')",89.12076,5,997848.0
"('05C', '07C', '10C', '11C', '14C')",89.12075,5,997846.0
"('04C', '07C', '10C', '11C', '14C')",89.12074,5,997845.0
"('03C', '07C', '10C', '11C', '14C')",89.12073,5,997843.0
"('02C', '07C', '10C', '11C', '14C')",89.12072,5,997842.0
"('05C', '06C', '10C', '11C', '14C')",89.12065000000001,5,997840.0
"('04C', '06C', '10C', '11C', '14C')",89.12064000000001,5,997839.0
"('03C', '06C', '10C', '11C', '14C')",89.12063,5,997837.0
"('02C', '06C', '10C', '11C', '14C')",89.12062000000002,5,997836.0
"('04C', '05C', '10C', '11C', '14C')",89.12054,5,997834.0
"('03C', '05C', '10C', '11C', '14C')",89.12053,5,997833.0
"('02C', '05C', '10C', '11C', '14C')",89.12052000000001,5,997831.0
"('03C', '04C', '10C', '11C', '14C')",89.12043,5,997830.0
"('02C', '04C', '10C', '11C', '14C')",89.12042000000001,5,997828.0
"('02C', '03C', '10C', '11C', '14C')",89.12032,5,997826.0
"('07C', '08C', '09C', '11C', '14C')",89.11986999999999,5,997825.0
"('06C', '08C', '09C', '11C', '14C')",89.11986,5,997823.0
"('05C', '08C', '09C', '11C', '14C')",89.11985,5,997822.0
"('04C', '08C', '09C', '11C', '14C')",89.11984,5,997820.0
"('03C', '08C', '09C', '11C', '14C')",89.11983,5,997819.0
"('02C', '08C', '09C', '11C', '14C')",89.11982,5,997817.0
"('06C', '07C', '09C', '11C', '14C')",89.11976,5,997816.0
"('05C', '07C', '09C', '11C', '14C')",89.11975,5,997814.0
"('04C', '07C', '09C', '11C', '14C')",89.11974,5,997813.0
"('03C', '07C', '09C', '11C', '14C')",89.11972999999999,5,997811.0
"('02C', '07C', '09C', '11C', '14C')",89.11972,5,997810.0
"('05C', '06C', '09C', '11C', '14C')",89.11965000000001,5,997808.0
"('04C', '06C', '09C', '11C', '14C')",89.11964,5,997806.0
"('03C', '06C', '09C', '11C', '14C')",89.11963,5,997805.0
"('02C', '06C', '09C', '11C', '14C')",89.11962000000001,5,997803.0
"('04C', '05C', '09C', '11C', '14C')",89.11954,5,997802.0
"('03C', '05C', '09C', '11C', '14C')",89.11953,5,997800.0
"('02C', '05C', '09C', '11C', '14C')",89.11952000000001,5,997799.0
"('03C', '04C', '09C', '11C', '14C')",89.11943,5,997797.0
"('02C', '04C', '09C', '11C', '14C')",89.11942,5,997796.0
"('02C', '03C', '09C', '11C', '14C')",89.11932,5,997794.0
"('06C', '07C', '08C', '11C', '14C')",89.11876,5,997793.0
"('05C', '07C', '08C', '11C', '14C')",89.11874999999999,5,997791.0
"('04C', '07C', '08C', '11C', '14C')",89.11873999999999,5,997790.0
"('03C', '07C', '08C', '11C', '14C')",89.11872999999999,5,997788.0
"('02C', '07C', '08C', '11C', '14C')",89.11872,5,997786.0
"('05C', '06C', '08C', '11C', '14C')",89.11865,5,997785.0
"('04C', '06C', '08C', '11C', '14C')",89.11864,5,997783.0
"('03C', '06C', '08C', '11C', '14C')",89.11863,5,997782.0
"('02C', '06C', '08C', '11C', '14C')",89.11862,5,997780.0
"('04C', '05C', '08C', '11C', '14C')",89.11854,5,997779.0
"('03C', '05C', '08C', '11C', '14C')",89.11852999999999,5,997777.0
"('02C', '05C', '08C', '11C', '14C')",89.11852,5,997776.0
"('03C', '04C', '08C', '11C', '14C')",89.11842999999999,5,997774.0
"('02C', '04C', '08C', '11C', '14C')",89.11842,5,997773.0
"('02C', '03C', '08C', '11C', '14C')",89.11832,5,997771.0
"('05C', '06C', '07C', '11C', '14C')",89.11765000000001,5,997769.0
"('04C', '06C', '07C', '11C', '14C')",89.11764000000001,5,997768.0
"('03C', '06C', '07C', '11C', '14C')",89.11763,5,997766.0
"('02C', '06C', '07C', '11C', '14C')",89.11762000000002,5,997765.0
"('04C', '05C', '07C', '11C', '14C')",89.11754,5,997763.0
"('03C', '05C', '07C', '11C', '14C')",89.11753,5,997762.0
"('02C', '05C', '07C', '11C', '14C')",89.11752000000001,5,997760.0
"('03C', '04C', '07C', '11C', '14C')",89.11743,5,997759.0
"('02C', '04C', '07C', '11C', '14C')",89.11742000000001,5,997757.0
"('02C', '03C', '07C', '11C', '14C')",89.11732,5,997756.0
"('04C', '05C', '06C', '11C', '14C')",89.11654,5,997754.0
"('03C', '05C', '06C', '11C', '14C')",89.11653,5,997753.0
"('02C', '05C', '06C', '11C', '14C')",89.11652000000001,5,997751.0
"('03C', '04C', '06C', '11C', '14C')",89.11643,5,997749.0
"('02C', '04C', '06C', '11C', '14C')",89.11642,5,997748.0
"('02C', '03C', '06C', '11C', '14C')",89.11632,5,997746.0
"('03C', '04C', '05C', '11C', '14C')",89.11542999999999,5,997745.0
"('02C', '04C', '05C', '11C', '14C')",89.11542,5,997743.0
"('02C', '03C', '05C', '11C', '14C')",89.11532,5,997742.0
"('02C', '03C', '04C', '11C', '14C')",89.11432,5,997740.0
"('07C', '08C', '09C', '10C', '14C')",89.10986999999999,5,997739.0
"('06C', '08C', '09C', '10C', '14C')",89.10986,5,997737.0
"('05C', '08C', '09C', '10C', '14C')",89.10985,5,997736.0
"('04C', '08C', '09C', '10C', '14C')",89.10983999999999,5,997734.0
"('03C', '08C', '09C', '10C', '14C')",89.10982999999999,5,997733.0
"('02C', '08C', '09C', '10C', '14C')",89.10982,5,997731.0
"('06C', '07C', '09C', '10C', '14C')",89.10976,5,997729.0
"('05C', '07C', '09C', '10C', '14C')",89.10974999999999,5,997728.0
"('04C', '07C', '09C', '10C', '14C')",89.10973999999999,5,997726.0
"('03C', '07C', '09C', '10C', '14C')",89.10972999999998,5,997725.0
"('02C', '07C', '09C', '10C', '14C')",89.10972,5,997723.0
"('05C', '06C', '09C', '10C', '14C')",89.10965,5,997722.0
"('04C', '06C', '09C', '10C', '14C')",89.10964,5,997720.0
"('03C', '06C', '09C', '10C', '14C')",89.10963,5,997719.0
"('02C', '06C', '09C', '10C', '14C')",89.10962,5,997717.0
"('04C', '05C', '09C', '10C', '14C')",89.10954,5,997716.0
"('03C', '05C', '09C', '10C', '14C')",89.10952999999999,5,997714.0
"('02C', '05C', '09C', '10C', '14C')",89.10952,5,997713.0
"('03C', '04C', '09C', '10C', '14C')",89.10942999999999,5,997711.0
"('02C', '04C', '09C', '10C', '14C')",89.10942,5,997709.0
"('02C', '03C', '09C', '10C', '14C')",89.10932,5,997708.0
"('06C', '07C', '08C', '10C', '14C')",89.10875999999999,5,997706.0
"('05C', '07C', '08C', '10C', '14C')",89.10874999999999,5,997705.0
"('04C', '07C', '08C', '10C', '14C')",89.10873999999998,5,997703.0
"('03C', '07C', '08C', '10C', '14C')",89.10872999999998,5,997702.0
"('02C', '07C', '08C', '10C', '14C')",89.10871999999999,5,997700.0
"('05C', '06C', '08C', '10C', '14C')",89.10865,5,997699.0
"('04C', '06C', '08C', '10C', '14C')",89.10864,5,997697.0
"('03C', '06C', '08C', '10C', '14C')",89.10862999999999,5,997696.0
"('02C', '06C', '08C', '10C', '14C')",89.10862,5,997694.0
"('04C', '05C', '08C', '10C', '14C')",89.10853999999999,5,997693.0
"('03C', '05C', '08C', '10C', '14C')",89.10852999999999,5,997691.0
"('02C', '05C', '08C', '10C', '14C')",89.10852,5,997689.0
"('03C', '04C', '08C', '10C', '14C')",89.10842999999998,5,997688.0
"('02C', '04C', '08C', '10C', '14C')",89.10842,5,997686.0
"('02C', '03C', '08C', '10C', '14C')",89.10831999999999,5,997685.0
"('05C', '06C', '07C', '10C', '14C')",89.10765,5,997683.0
"('04C', '06C', '07C', '10C', '14C')",89.10764,5,997682.0
"('03C', '06C', '07C', '10C', '14C')",89.10763,5,997680.0
"('02C', '06C', '07C', '10C', '14C')",89.10762000000001,5,997679.0
"('04C', '05C', '07C', '10C', '14C')",89.10754,5,997677.0
"('03C', '05C', '07C', '10C', '14C')",89.10753,5,997676.0
"('02C', '05C', '07C', '10C', '14C')",89.10752000000001,5,997674.0
"('03C', '04C', '07C', '10C', '14C')",89.10743,5,997673.0
"('02C', '04C', '07C', '10C', '14C')",89.10742,5,997671.0
"('02C', '03C', '07C', '10C', '14C')",89.10732,5,997669.0
"('04C', '05C', '06C', '10C', '14C')",89.10654,5,997668.0
"('03C', '05C', '06C', '10C', '14C')",89.10652999999999,5,997666.0
"('02C', '05C', '06C', '10C', '14C')",89.10652,5,997665.0
"('03C', '04C', '06C', '10C', '14C')",89.10642999999999,5,997663.0
"('02C', '04C', '06C', '10C', '14C')",89.10642,5,997662.0
"('02C', '03C', '06C', '10C', '14C')",89.10632,5,997660.0
"('03C', '04C', '05C', '10C', '14C')",89.10542999999998,5,997659.0
"('02C', '04C', '05C', '10C', '14C')",89.10542,5,997657.0
"('02C', '03C', '05C', '10C', '14C')",89.10531999999999,5,997656.0
"('02C', '03C', '04C', '10C', '14C')",89.10432,5,997654.0
"('06C', '07C', '08C', '09C', '14C')",89.09876,5,997653.0
"('05C', '07C', '08C', '09C', '14C')",89.09875,5,997651.0
"('04C', '07C', '08C', '09C', '14C')",89.09873999999999,5,997649.0
"('03C', '07C', '08C', '09C', '14C')",89.09872999999999,5,997648.0
"('02C', '07C', '08C', '09C', '14C')",89.09872,5,997646.0
"('05C', '06C', '08C', '09C', '14C')",89.09865,5,997645.0
"('04C', '06C', '08C', '09C', '14C')",89.09864,5,997643.0
"('03C', '06C', '08C', '09C', '14C')",89.09863,5,997642.0
"('02C', '06C', '08C', '09C', '14C')",89.09862000000001,5,997640.0
"('04C', '05C', '08C', '09C', '14C')",89.09854,5,997639.0
"('03C', '05C', '08C', '09C', '14C')",89.09853,5,997637.0
"('02C', '05C', '08C', '09C', '14C')",89.09852000000001,5,997636.0
"('03C', '04C', '08C', '09C', '14C')",89.09843,5,997634.0
"('02C', '04C', '08C', '09C', '14C')",89.09842,5,997633.0
"('02C', '03C', '08C', '09C', '14C')",89.09832,5,997631.0
"('05C', '06C', '07C', '09C', '14C')",89.09765000000002,5,997629.0
"('04C', '06C', '07C', '09C', '14C')",89.09764000000001,5,997628.0
"('03C', '06C', '07C', '09C', '14C')",89.09763000000001,5,997626.0
"('02C', '06C', '07C', '09C', '14C')",89.09762000000002,5,997625.0
"('04C', '05C', '07C', '09C', '14C')",89.09754000000001,5,997623.0
"('03C', '05C', '07C', '09C', '14C')",89.09753,5,997622.0
"('02C', '05C', '07C', '09C', '14C')",89.09752000000002,5,997620.0
"('03C', '04C', '07C', '09C', '14C')",89.09743,5,997619.0
"('02C', '04C', '07C', '09C', '14C')",89.09742000000001,5,997617.0
"('02C', '03C', '07C', '09C', '14C')",89.09732000000001,5,997616.0
"('04C', '05C', '06C', '09C', '14C')",89.09654,5,997614.0
"('03C', '05C', '06C', '09C', '14C')",89.09653,5,997613.0
"('02C', '05C', '06C', '09C', '14C')",89.09652000000001,5,997611.0
"('03C', '04C', '06C', '09C', '14C')",89.09643,5,997609.0
"('02C', '04C', '06C', '09C', '14C')",89.09642000000001,5,997608.0
"('02C', '03C', '06C', '09C', '14C')",89.09632,5,997606.0
"('03C', '04C', '05C', '09C', '14C')",89.09543,5,997605.0
"('02C', '04C', '05C', '09C', '14C')",89.09542,5,997603.0
"('02C', '03C', '05C', '09C', '14C')",89.09532,5,997602.0
"('02C', '03C', '04C', '09C', '14C')",89.09432000000001,5,997600.0
"('05C', '06C', '07C', '08C', '14C')",89.08765000000001,5,997599.0
"('04C', '06C', '07C', '08C', '14C')",89.08764000000001,5,997597.0
"('03C', '06C', '07C', '08C', '14C')",89.08763,5,997596.0
"('02C', '06C', '07C', '08C', '14C')",89.08762000000002,5,997594.0
"('04C', '05C', '07C', '08C', '14C')",89.08754,5,997592.0
"('03C', '05C', '07C', '08C', '14C')",89.08753,5,997591.0
"('02C', '05C', '07C', '08C', '14C')",89.08752000000001,5,997589.0
"('03C', '04C', '07C', '08C', '14C')",89.08743,5,997588.0
"('02C', '04C', '07C', '08C', '14C')",89.08742000000001,5,997586.0
"('02C', '03C', '07C', '08C', '14C')",89.08732,5,997585.0
"('04C', '05C', '06C', '08C', '14C')",89.08654,5,997583.0
"('03C', '05C', '06C', '08C', '14C')",89.08653,5,997582.0
"('02C', '05C', '06C', '08C', '14C')",89.08652000000001,5,997580.0
"('03C', '04C', '06C', '08C', '14C')",89.08643,5,997579.0
"('02C', '04C', '06C', '08C', '14C')",89.08642,5,997577.0
"('02C', '03C', '06C', '08C', '14C')",89.08632,5,997576.0
"('03C', '04C', '05C', '08C', '14C')",89.08542999999999,5,997574.0
"('02C', '04C', '05C', '08C', '14C')",89.08542,5,997572.0
"('02C', '03C', '05C', '08C', '14C')",89.08532,5,997571.0
"('02C', '03C', '04C', '08C', '14C')",89.08432,5,997569.0
"('04C', '05C', '06C', '07C', '14C')",89.07654,5,997568.0
"('03C', '05C', '06C', '07C', '14C')",89.07652999999999,5,997566.0
"('02C', '05C', '06C', '07C', '14C')",89.07652,5,997565.0
"('03C', '04C', '06C', '07C', '14C')",89.07642999999999,5,997563.0
"('02C', '04C', '06C', '07C', '14C')",89.07642,5,997562.0
"('02C', '03C', '06C', '07C', '14C')",89.07632,5,997560.0
"('03C', '04C', '05C', '07C', '14C')",89.07542999999998,5,997559.0
"('02C', '04C', '05C', '07C', '14C')",89.07542,5,997557.0
"('02C', '03C', '05C', '07C', '14C')",89.07531999999999,5,997556.0
"('02C', '03C', '04C', '07C', '14C')",89.07432,5,997554.0
"('03C', '04C', '05C', '06C', '14C')",89.06542999999999,5,997552.0
"('02C', '04C', '05C', '06C', '14C')",89.06542,5,997551.0
"('02C', '03C', '05C', '06C', '14C')",89.06532,5,997549.0
"('02C', '03C', '04C', '06C', '14C')",89.06432000000001,5,997548.0
"('02C', '03C', '04C', '05C', '14C')",89.05432,5,997546.0
"('08C', '10C', '11C', '12C', '13C')",88.13208,5,997545.0
"('07C', '10C', '11C', '12C', '13C')",88.13207,5,997543.0
"('06C', '10C', '11C', '12C', '13C')",88.13206000000001,5,997542.0
"('05C', '10C', '11C', '12C', '13C')",88.13205,5,997540.0
"('04C', '10C', '11C', '12C', '13C')",88.13204,5,997539.0
"('03C', '10C', '11C', '12C', '13C')",88.13203,5,997537.0
"('02C', '10C', '11C', '12C', '13C')",88.13202000000001,5,997536.0
"('08C', '09C', '11C', '12C', '13C')",88.13198,5,997534.0
"('07C', '09C', '11C', '12C', '13C')",88.13197,5,997532.0
"('06C', '09C', '11C', '12C', '13C')",88.13196,5,997531.0
"('05C', '09C', '11C', '12C', '13C')",88.13195,5,997529.0
"('04C', '09C', '11C', '12C', '13C')",88.13194,5,997528.0
"('03C', '09C', '11C', '12C', '13C')",88.13193,5,997526.0
"('02C', '09C', '11C', '12C', '13C')",88.13192000000001,5,997525.0
"('07C', '08C', '11C', '12C', '13C')",88.13186999999999,5,997523.0
"('06C', '08C', '11C', '12C', '13C')",88.13186,5,997522.0
"('05C', '08C', '11C', '12C', '13C')",88.13185,5,997520.0
"('04C', '08C', '11C', '12C', '13C')",88.13184,5,997519.0
"('03C', '08C', '11C', '12C', '13C')",88.13183,5,997517.0
"('02C', '08C', '11C', '12C', '13C')",88.13182,5,997516.0
"('06C', '07C', '11C', '12C', '13C')",88.13176,5,997514.0
"('05C', '07C', '11C', '12C', '13C')",88.13175,5,997512.0
"('04C', '07C', '11C', '12C', '13C')",88.13174,5,997511.0
"('03C', '07C', '11C', '12C', '13C')",88.13172999999999,5,997509.0
"('02C', '07C', '11C', '12C', '13C')",88.13172,5,997508.0
"('05C', '06C', '11C', '12C', '13C')",88.13165000000001,5,997506.0
"('04C', '06C', '11C', '12C', '13C')",88.13164,5,997505.0
"('03C', '06C', '11C', '12C', '13C')",88.13163,5,997503.0
"('02C', '06C', '11C', '12C', '13C')",88.13162000000001,5,997502.0
"('04C', '05C', '11C', '12C', '13C')",88.13154,5,997500.0
"('03C', '05C', '11C', '12C', '13C')",88.13153,5,997499.0
"('02C', '05C', '11C', '12C', '13C')",88.13152000000001,5,997497.0
"('03C', '04C', '11C', '12C', '13C')",88.13143,5,997496.0
"('02C', '04C', '11C', '12C', '13C')",88.13142,5,997494.0
"('02C', '03C', '11C', '12C', '13C')",88.13132,5,997492.0
"('08C', '09C', '10C', '12C', '13C')",88.13098000000001,5,997491.0
"('07C', '09C', '10C', '12C', '13C')",88.13097,5,997489.0
"('06C', '09C', '10C', '12C', '13C')",88.13096000000002,5,997488.0
"('05C', '09C', '10C', '12C', '13C')",88.13095000000001,5,997486.0
"('04C', '09C', '10C', '12C', '13C')",88.13094000000001,5,997485.0
"('03C', '09C', '10C', '12C', '13C')",88.13093,5,997483.0
"('02C', '09C', '10C', '12C', '13C')",88.13092000000002,5,997482.0
"('07C', '08C', '10C', '12C', '13C')",88.13087,5,997480.0
"('06C', '08C', '10C', '12C', '13C')",88.13086000000001,5,997479.0
"('05C', '08C', '10C', '12C', '13C')",88.13085000000001,5,997477.0
"('04C', '08C', '10C', '12C', '13C')",88.13084,5,997476.0
"('03C', '08C', '10C', '12C', '13C')",88.13083,5,997474.0
"('02C', '08C', '10C', '12C', '13C')",88.13082000000001,5,997472.0
"('06C', '07C', '10C', '12C', '13C')",88.13076000000001,5,997471.0
"('05C', '07C', '10C', '12C', '13C')",88.13075,5,997469.0
"('04C', '07C', '10C', '12C', '13C')",88.13074,5,997468.0
"('03C', '07C', '10C', '12C', '13C')",88.13073,5,997466.0
"('02C', '07C', '10C', '12C', '13C')",88.13072000000001,5,997465.0
"('05C', '06C', '10C', '12C', '13C')",88.13065000000002,5,997463.0
"('04C', '06C', '10C', '12C', '13C')",88.13064000000001,5,997462.0
"('03C', '06C', '10C', '12C', '13C')",88.13063000000001,5,997460.0
"('02C', '06C', '10C', '12C', '13C')",88.13062000000002,5,997459.0
"('04C', '05C', '10C', '12C', '13C')",88.13054000000001,5,997457.0
"('03C', '05C', '10C', '12C', '13C')",88.13053000000001,5,997456.0
"('02C', '05C', '10C', '12C', '13C')",88.13052000000002,5,997454.0
"('03C', '04C', '10C', '12C', '13C')",88.13043,5,997452.0
"('02C', '04C', '10C', '12C', '13C')",88.13042000000002,5,997451.0
"('02C', '03C', '10C', '12C', '13C')",88.13032000000001,5,997449.0
"('07C', '08C', '09C', '12C', '13C')",88.12987,5,997448.0
"('06C', '08C', '09C', '12C', '13C')",88.12986000000001,5,997446.0
"('05C', '08C', '09C', '12C', '13C')",88.12985,5,997445.0
"('04C', '08C', '09C', '12C', '13C')",88.12984,5,997443.0
"('03C', '08C', '09C', '12C', '13C')",88.12983,5,997442.0
"('02C', '08C', '09C', '12C', '13C')",88.12982000000001,5,997440.0
"('06C', '07C', '09C', '12C', '13C')",88.12976,5,997439.0
"('05C', '07C', '09C', '12C', '13C')",88.12975,5,997437.0
"('04C', '07C', '09C', '12C', '13C')",88.12974,5,997436.0
"('03C', '07C', '09C', '12C', '13C')",88.12973,5,997434.0
"('02C', '07C', '09C', '12C', '13C')",88.12972,5,997432.0
"('05C', '06C', '09C', '12C', '13C')",88.12965000000001,5,997431.0
"('04C', '06C', '09C', '12C', '13C')",88.12964000000001,5,997429.0
"('03C', '06C', '09C', '12C', '13C')",88.12963,5,997428.0
"('02C', '06C', '09C', '12C', '13C')",88.12962000000002,5,997426.0
"('04C', '05C', '09C', '12C', '13C')",88.12954,5,997425.0
"('03C', '05C', '09C', '12C', '13C')",88.12953,5,997423.0
"('02C', '05C', '09C', '12C', '13C')",88.12952000000001,5,997422.0
"('03C', '04C', '09C', '12C', '13C')",88.12943,5,997420.0
"('02C', '04C', '09C', '12C', '13C')",88.12942000000001,5,997419.0
"('02C', '03C', '09C', '12C', '13C')",88.12932,5,997417.0
"('06C', '07C', '08C', '12C', '13C')",88.12876,5,997416.0
"('05C', '07C', '08C', '12C', '13C')",88.12875,5,997414.0
"('04C', '07C', '08C', '12C', '13C')",88.12874,5,997412.0
"('03C', '07C', '08C', '12C', '13C')",88.12872999999999,5,997411.0
"('02C', '07C', '08C', '12C', '13C')",88.12872,5,997409.0
"('05C', '06C', '08C', '12C', '13C')",88.12865000000001,5,997408.0
"('04C', '06C', '08C', '12C', '13C')",88.12864,5,997406.0
"('03C', '06C', '08C', '12C', '13C')",88.12863,5,997405.0
"('02C', '06C', '08C', '12C', '13C')",88.12862000000001,5,997403.0
"('04C', '05C', '08C', '12C', '13C')",88.12854,5,997402.0
"('03C', '05C', '08C', '12C', '13C')",88.12853,5,997400.0
"('02C', '05C', '08C', '12C', '13C')",88.12852000000001,5,997399.0
"('03C', '04C', '08C', '12C', '13C')",88.12843,5,997397.0
"('02C', '04C', '08C', '12C', '13C')",88.12842,5,997395.0
"('02C', '03C', '08C', '12C', '13C')",88.12832,5,997394.0
"('05C', '06C', '07C', '12C', '13C')",88.12765000000002,5,997392.0
"('04C', '06C', '07C', '12C', '13C')",88.12764000000001,5,997391.0
"('03C', '06C', '07C', '12C', '13C')",88.12763000000001,5,997389.0
"('02C', '06C', '07C', '12C', '13C')",88.12762000000002,5,997388.0
"('04C', '05C', '07C', '12C', '13C')",88.12754000000001,5,997386.0
"('03C', '05C', '07C', '12C', '13C')",88.12753000000001,5,997385.0
"('02C', '05C', '07C', '12C', '13C')",88.12752000000002,5,997383.0
"('03C', '04C', '07C', '12C', '13C')",88.12743,5,997382.0
"('02C', '04C', '07C', '12C', '13C')",88.12742000000001,5,997380.0
"('02C', '03C', '07C', '12C', '13C')",88.12732000000001,5,997379.0
"('04C', '05C', '06C', '12C', '13C')",88.12654,5,997377.0
"('03C', '05C', '06C', '12C', '13C')",88.12653,5,997375.0
"('02C', '05C', '06C', '12C', '13C')",88.12652000000001,5,997374.0
"('03C', '04C', '06C', '12C', '13C')",88.12643,5,997372.0
"('02C', '04C', '06C', '12C', '13C')",88.12642000000001,5,997371.0
"('02C', '03C', '06C', '12C', '13C')",88.12632,5,997369.0
"('03C', '04C', '05C', '12C', '13C')",88.12543,5,997368.0
"('02C', '04C', '05C', '12C', '13C')",88.12542,5,997366.0
"('02C', '03C', '05C', '12C', '13C')",88.12532,5,997365.0
"('02C', '03C', '04C', '12C', '13C')",88.12432000000001,5,997363.0
"('08C', '09C', '10C', '11C', '13C')",88.12098,5,997362.0
"('07C', '09C', '10C', '11C', '13C')",88.12097,5,997360.0
"('06C', '09C', '10C', '11C', '13C')",88.12096000000001,5,997359.0
"('05C', '09C', '10C', '11C', '13C')",88.12095000000001,5,997357.0
"('04C', '09C', '10C', '11C', '13C')",88.12094,5,997355.0
"('03C', '09C', '10C', '11C', '13C')",88.12093,5,997354.0
"('02C', '09C', '10C', '11C', '13C')",88.12092000000001,5,997352.0
"('07C', '08C', '10C', '11C', '13C')",88.12087,5,997351.0
"('06C', '08C', '10C', '11C', '13C')",88.12086000000001,5,997349.0
"('05C', '08C', '10C', '11C', '13C')",88.12085,5,997348.0
"('04C', '08C', '10C', '11C', '13C')",88.12084,5,997346.0
"('03C', '08C', '10C', '11C', '13C')",88.12083,5,997345.0
"('02C', '08C', '10C', '11C', '13C')",88.12082000000001,5,997343.0
"('06C', '07C', '10C', '11C', '13C')",88.12076,5,997342.0
"('05C', '07C', '10C', '11C', '13C')",88.12075,5,997340.0
"('04C', '07C', '10C', '11C', '13C')",88.12074,5,997339.0
"('03C', '07C', '10C', '11C', '13C')",88.12073,5,997337.0
"('02C', '07C', '10C', '11C', '13C')",88.12072,5,997335.0
"('05C', '06C', '10C', '11C', '13C')",88.12065000000001,5,997334.0
"('04C', '06C', '10C', '11C', '13C')",88.12064000000001,5,997332.0
"('03C', '06C', '10C', '11C', '13C')",88.12063,5,997331.0
"('02C', '06C', '10C', '11C', '13C')",88.12062000000002,5,997329.0
"('04C', '05C', '10C', '11C', '13C')",88.12054,5,997328.0
"('03C', '05C', '10C', '11C', '13C')",88.12053,5,997326.0
"('02C', '05C', '10C', '11C', '13C')",88.12052000000001,5,997325.0
"('03C', '04C', '10C', '11C', '13C')",88.12043,5,997323.0
"('02C', '04C', '10C', '11C', '13C')",88.12042000000001,5,997322.0
"('02C', '03C', '10C', '11C', '13C')",88.12032,5,997320.0
"('07C', '08C', '09C', '11C', '13C')",88.11986999999999,5,997319.0
"('06C', '08C', '09C', '11C', '13C')",88.11986,5,997317.0
"('05C', '08C', '09C', '11C', '13C')",88.11985,5,997315.0
"('04C', '08C', '09C', '11C', '13C')",88.11984,5,997314.0
"('03C', '08C', '09C', '11C', '13C')",88.11983,5,997312.0
"('02C', '08C', '09C', '11C', '13C')",88.11982,5,997311.0
"('06C', '07C', '09C', '11C', '13C')",88.11976,5,997309.0
"('05C', '07C', '09C', '11C', '13C')",88.11975,5,997308.0
"('04C', '07C', '09C', '11C', '13C')",88.11974,5,997306.0
"('03C', '07C', '09C', '11C', '13C')",88.11972999999999,5,997305.0
"('02C', '07C', '09C', '11C', '13C')",88.11972,5,997303.0
"('05C', '06C', '09C', '11C', '13C')",88.11965000000001,5,997302.0
"('04C', '06C', '09C', '11C', '13C')",88.11964,5,997300.0
"('03C', '06C', '09C', '11C', '13C')",88.11963,5,997299.0
"('02C', '06C', '09C', '11C', '13C')",88.11962000000001,5,997297.0
"('04C', '05C', '09C', '11C', '13C')",88.11954,5,997295.0
"('03C', '05C', '09C', '11C', '13C')",88.11953,5,997294.0
"('02C', '05C', '09C', '11C', '13C')",88.11952000000001,5,997292.0
"('03C', '04C', '09C', '11C', '13C')",88.11943,5,997291.0
"('02C', '04C', '09C', '11C', '13C')",88.11942,5,997289.0
"('02C', '03C', '09C', '11C', '13C')",88.11932,5,997288.0
"('06C', '07C', '08C', '11C', '13C')",88.11876,5,997286.0
"('05C', '07C', '08C', '11C', '13C')",88.11874999999999,5,997285.0
"('04C', '07C', '08C', '11C', '13C')",88.11873999999999,5,997283.0
"('03C', '07C', '08C', '11C', '13C')",88.11872999999999,5,997282.0
"('02C', '07C', '08C', '11C', '13C')",88.11872,5,997280.0
"('05C', '06C', '08C', '11C', '13C')",88.11865,5,997279.0
"('04C', '06C', '08C', '11C', '13C')",88.11864,5,997277.0
"('03C', '06C', '08C', '11C', '13C')",88.11863,5,997275.0
"('02C', '06C', '08C', '11C', '13C')",88.11862,5,997274.0
"('04C', '05C', '08C', '11C', '13C')",88.11854,5,997272.0
"('03C', '05C', '08C', '11C', '13C')",88.11852999999999,5,997271.0
"('02C', '05C', '08C', '11C', '13C')",88.11852,5,997269.0
"('03C', '04C', '08C', '11C', '13C')",88.11842999999999,5,997268.0
"('02C', '04C', '08C', '11C', '13C')",88.11842,5,997266.0
"('02C', '03C', '08C', '11C', '13C')",88.11832,5,997265.0
"('05C', '06C', '07C', '11C', '13C')",88.11765000000001,5,997263.0
"('04C', '06C', '07C', '11C', '13C')",88.11764000000001,5,997262.0
"('03C', '06C', '07C', '11C', '13C')",88.11763,5,997260.0
"('02C', '06C', '07C', '11C', '13C')",88.11762000000002,5,997259.0
"('04C', '05C', '07C', '11C', '13C')",88.11754,5,997257.0
"('03C', '05C', '07C', '11C', '13C')",88.11753,5,997255.0
"('02C', '05C', '07C', '11C', '13C')",88.11752000000001,5,997254.0
"('03C', '04C', '07C', '11C', '13C')",88.11743,5,997252.0
"('02C', '04C', '07C', '11C', '13C')",88.11742000000001,5,997251.0
"('02C', '03C', '07C', '11C', '13C')",88.11732,5,997249.0
"('04C', '05C', '06C', '11C', '13C')",88.11654,5,997248.0
"('03C', '05C', '06C', '11C', '13C')",88.11653,5,997246.0
"('02C', '05C', '06C', '11C', '13C')",88.11652000000001,5,997245.0
"('03C', '04C', '06C', '11C', '13C')",88.11643,5,997243.0
"('02C', '04C', '06C', '11C', '13C')",88.11642,5,997242.0
"('02C', '03C', '06C', '11C', '13C')",88.11632,5,997240.0
"('03C', '04C', '05C', '11C', '13C')",88.11542999999999,5,997239.0
"('02C', '04C', '05C', '11C', '13C')",88.11542,5,997237.0
"('02C', '03C', '05C', '11C', '13C')",88.11532,5,997235.0
"('02C', '03C', '04C', '11C', '13C')",88.11432,5,997234.0
"('07C', '08C', '09C', '10C', '13C')",88.10986999999999,5,997232.0
"('06C', '08C', '09C', '10C', '13C')",88.10986,5,997231.0
"('05C', '08C', '09C', '10C', '13C')",88.10985,5,997229.0
"('04C', '08C', '09C', '10C', '13C')",88.10983999999999,5,997228.0
"('03C', '08C', '09C', '10C', '13C')",88.10982999999999,5,997226.0
"('02C', '08C', '09C', '10C', '13C')",88.10982,5,997225.0
"('06C', '07C', '09C', '10C', '13C')",88.10976,5,997223.0
"('05C', '07C', '09C', '10C', '13C')",88.10974999999999,5,997222.0
"('04C', '07C', '09C', '10C', '13C')",88.10973999999999,5,997220.0
"('03C', '07C', '09C', '10C', '13C')",88.10972999999998,5,997219.0
"('02C', '07C', '09C', '10C', '13C')",88.10972,5,997217.0
"('05C', '06C', '09C', '10C', '13C')",88.10965,5,997215.0
"('04C', '06C', '09C', '10C', '13C')",88.10964,5,997214.0
"('03C', '06C', '09C', '10C', '13C')",88.10963,5,997212.0
"('02C', '06C', '09C', '10C', '13C')",88.10962,5,997211.0
"('04C', '05C', '09C', '10C', '13C')",88.10954,5,997209.0
"('03C', '05C', '09C', '10C', '13C')",88.10952999999999,5,997208.0
"('02C', '05C', '09C', '10C', '13C')",88.10952,5,997206.0
"('03C', '04C', '09C', '10C', '13C')",88.10942999999999,5,997205.0
"('02C', '04C', '09C', '10C', '13C')",88.10942,5,997203.0
"('02C', '03C', '09C', '10C', '13C')",88.10932,5,997202.0
"('06C', '07C', '08C', '10C', '13C')",88.10875999999999,5,997200.0
"('05C', '07C', '08C', '10C', '13C')",88.10874999999999,5,997198.0
"('04C', '07C', '08C', '10C', '13C')",88.10873999999998,5,997197.0
"('03C', '07C', '08C', '10C', '13C')",88.10872999999998,5,997195.0
"('02C', '07C', '08C', '10C', '13C')",88.10871999999999,5,997194.0
"('05C', '06C', '08C', '10C', '13C')",88.10865,5,997192.0
"('04C', '06C', '08C', '10C', '13C')",88.10864,5,997191.0
"('03C', '06C', '08C', '10C', '13C')",88.10862999999999,5,997189.0
"('02C', '06C', '08C', '10C', '13C')",88.10862,5,997188.0
"('04C', '05C', '08C', '10C', '13C')",88.10853999999999,5,997186.0
"('03C', '05C', '08C', '10C', '13C')",88.10852999999999,5,997185.0
"('02C', '05C', '08C', '10C', '13C')",88.10852,5,997183.0
"('03C', '04C', '08C', '10C', '13C')",88.10842999999998,5,997182.0
"('02C', '04C', '08C', '10C', '13C')",88.10842,5,997180.0
"('02C', '03C', '08C', '10C', '13C')",88.10831999999999,5,997178.0
"('05C', '06C', '07C', '10C', '13C')",88.10765,5,997177.0
"('04C', '06C', '07C', '10C', '13C')",88.10764,5,997175.0
"('03C', '06C', '07C', '10C', '13C')",88.10763,5,997174.0
"('02C', '06C', '07C', '10C', '13C')",88.10762000000001,5,997172.0
"('04C', '05C', '07C', '10C', '13C')",88.10754,5,997171.0
"('03C', '05C', '07C', '10C', '13C')",88.10753,5,997169.0
"('02C', '05C', '07C', '10C', '13C')",88.10752000000001,5,997168.0
"('03C', '04C', '07C', '10C', '13C')",88.10743,5,997166.0
"('02C', '04C', '07C', '10C', '13C')",88.10742,5,997165.0
"('02C', '03C', '07C', '10C', '13C')",88.10732,5,997163.0
"('04C', '05C', '06C', '10C', '13C')",88.10654,5,997162.0
"('03C', '05C', '06C', '10C', '13C')",88.10652999999999,5,997160.0
"('02C', '05C', '06C', '10C', '13C')",88.10652,5,997158.0
"('03C', '04C', '06C', '10C', '13C')",88.10642999999999,5,997157.0
"('02C', '04C', '06C', '10C', '13C')",88.10642,5,997155.0
"('02C', '03C', '06C', '10C', '13C')",88.10632,5,997154.0
"('03C', '04C', '05C', '10C', '13C')",88.10542999999998,5,997152.0
"('02C', '04C', '05C', '10C', '13C')",88.10542,5,997151.0
"('02C', '03C', '05C', '10C', '13C')",88.10531999999999,5,997149.0
"('02C', '03C', '04C', '10C', '13C')",88.10432,5,997148.0
"('06C', '07C', '08C', '09C', '13C')",88.09876,5,997146.0
"('05C', '07C', '08C', '09C', '13C')",88.09875,5,997145.0
"('04C', '07C', '08C', '09C', '13C')",88.09873999999999,5,997143.0
"('03C', '07C', '08C', '09C', '13C')",88.09872999999999,5,997142.0
"('02C', '07C', '08C', '09C', '13C')",88.09872,5,997140.0
"('05C', '06C', '08C', '09C', '13C')",88.09865,5,997138.0
"('04C', '06C', '08C', '09C', '13C')",88.09864,5,997137.0
"('03C', '06C', '08C', '09C', '13C')",88.09863,5,997135.0
"('02C', '06C', '08C', '09C', '13C')",88.09862000000001,5,997134.0
"('04C', '05C', '08C', '09C', '13C')",88.09854,5,997132.0
"('03C', '05C', '08C', '09C', '13C')",88.09853,5,997131.0
"('02C', '05C', '08C', '09C', '13C')",88.09852000000001,5,997129.0
"('03C', '04C', '08C', '09C', '13C')",88.09843,5,997128.0
"('02C', '04C', '08C', '09C', '13C')",88.09842,5,997126.0
"('02C', '03C', '08C', '09C', '13C')",88.09832,5,997125.0
"('05C', '06C', '07C', '09C', '13C')",88.09765000000002,5,997123.0
"('04C', '06C', '07C', '09C', '13C')",88.09764000000001,5,997122.0
"('03C', '06C', '07C', '09C', '13C')",88.09763000000001,5,997120.0
"('02C', '06C', '07C', '09C', '13C')",88.09762000000002,5,997118.0
"('04C', '05C', '07C', '09C', '13C')",88.09754000000001,5,997117.0
"('03C', '05C', '07C', '09C', '13C')",88.09753,5,997115.0
"('02C', '05C', '07C', '09C', '13C')",88.09752000000002,5,997114.0
"('03C', '04C', '07C', '09C', '13C')",88.09743,5,997112.0
"('02C', '04C', '07C', '09C', '13C')",88.09742000000001,5,997111.0
"('02C', '03C', '07C', '09C', '13C')",88.09732000000001,5,997109.0
"('04C', '05C', '06C', '09C', '13C')",88.09654,5,997108.0
"('03C', '05C', '06C', '09C', '13C')",88.09653,5,997106.0
"('02C', '05C', '06C', '09C', '13C')",88.09652000000001,5,997105.0
"('03C', '04C', '06C', '09C', '13C')",88.09643,5,997103.0
"('02C', '04C', '06C', '09C', '13C')",88.09642000000001,5,997102.0
"('02C', '03C', '06C', '09C', '13C')",88.09632,5,997100.0
"('03C', '04C', '05C', '09C', '13C')",88.09543,5,997098.0
"('02C', '04C', '05C', '09C', '13C')",88.09542,5,997097.0
"('02C', '03C', '05C', '09C', '13C')",88.09532,5,997095.0
"('02C', '03C', '04C', '09C', '13C')",88.09432000000001,5,997094.0
"('05C', '06C', '07C', '08C', '13C')",88.08765000000001,5,997092.0
"('04C', '06C', '07C', '08C', '13C')",88.08764000000001,5,997091.0
"('03C', '06C', '07C', '08C', '13C')",88.08763,5,997089.0
"('02C', '06C', '07C', '08C', '13C')",88.08762000000002,5,997088.0
"('04C', '05C', '07C', '08C', '13C')",88.08754,5,997086.0
"('03C', '05C', '07C', '08C', '13C')",88.08753,5,997085.0
"('02C', '05C', '07C', '08C', '13C')",88.08752000000001,5,997083.0
"('03C', '04C', '07C', '08C', '13C')",88.08743,5,997082.0
"('02C', '04C', '07C', '08C', '13C')",88.08742000000001,5,997080.0
"('02C', '03C', '07C', '08C', '13C')",88.08732,5,997078.0
"('04C', '05C', '06C', '08C', '13C')",88.08654,5,997077.0
"('03C', '05C', '06C', '08C', '13C')",88.08653,5,997075.0
"('02C', '05C', '06C', '08C', '13C')",88.08652000000001,5,997074.0
"('03C', '04C', '06C', '08C', '13C')",88.08643,5,997072.0
"('02C', '04C', '06C', '08C', '13C')",88.08642,5,997071.0
"('02C', '03C', '06C', '08C', '13C')",88.08632,5,997069.0
"('03C', '04C', '05C', '08C', '13C')",88.08542999999999,5,997068.0
"('02C', '04C', '05C', '08C', '13C')",88.08542,5,997066.0
"('02C', '03C', '05C', '08C', '13C')",88.08532,5,997065.0
"('02C', '03C', '04C', '08C', '13C')",88.08432,5,997063.0
"('04C', '05C', '06C', '07C', '13C')",88.07654,5,997062.0
"('03C', '05C', '06C', '07C', '13C')",88.07652999999999,5,997060.0
"('02C', '05C', '06C', '07C', '13C')",88.07652,5,997058.0
"('03C', '04C', '06C', '07C', '13C')",88.07642999999999,5,997057.0
"('02C', '04C', '06C', '07C', '13C')",88.07642,5,997055.0
"('02C', '03C', '06C', '07C', '13C')",88.07632,5,997054.0
"('03C', '04C', '05C', '07C', '13C')",88.07542999999998,5,997052.0
"('02C', '04C', '05C', '07C', '13C')",88.07542,5,997051.0
"('02C', '03C', '05C', '07C', '13C')",88.07531999999999,5,997049.0
"('02C', '03C', '04C', '07C', '13C')",88.07432,5,997048.0
"('03C', '04C', '05C', '06C', '13C')",88.06542999999999,5,997046.0
"('02C', '04C', '05C', '06C', '13C')",88.06542,5,997045.0
"('02C', '03C', '05C', '06C', '13C')",88.06532,5,997043.0
"('02C', '03C', '04C', '06C', '13C')",88.06432000000001,5,997042.0
"('02C', '03C', '04C', '05C', '13C')",88.05432,5,997040.0
"('07C', '09C', '10C', '11C', '12C')",87.12097,5,997038.0
"('06C', '09C', '10C', '11C', '12C')",87.12096000000001,5,997037.0
"('05C', '09C', '10C', '11C', '12C')",87.12095000000001,5,997035.0
"('04C', '09C', '10C', '11C', '12C')",87.12094,5,997034.0
"('03C', '09C', '10C', '11C', '12C')",87.12093,5,997032.0
"('02C', '09C', '10C', '11C', '12C')",87.12092000000001,5,997031.0
"('07C', '08C', '10C', '11C', '12C')",87.12087,5,997029.0
"('06C', '08C', '10C', '11C', '12C')",87.12086000000001,5,997028.0
"('05C', '08C', '10C', '11C', '12C')",87.12085,5,997026.0
"('04C', '08C', '10C', '11C', '12C')",87.12084,5,997025.0
"('03C', '08C', '10C', '11C', '12C')",87.12083,5,997023.0
"('02C', '08C', '10C', '11C', '12C')",87.12082000000001,5,997022.0
"('06C', '07C', '10C', '11C', '12C')",87.12076,5,997020.0
"('05C', '07C', '10C', '11C', '12C')",87.12075,5,997018.0
"('04C', '07C', '10C', '11C', '12C')",87.12074,5,997017.0
"('03C', '07C', '10C', '11C', '12C')",87.12073,5,997015.0
"('02C', '07C', '10C', '11C', '12C')",87.12072,5,997014.0
"('05C', '06C', '10C', '11C', '12C')",87.12065000000001,5,997012.0
"('04C', '06C', '10C', '11C', '12C')",87.12064000000001,5,997011.0
"('03C', '06C', '10C', '11C', '12C')",87.12063,5,997009.0
"('02C', '06C', '10C', '11C', '12C')",87.12062000000002,5,997008.0
"('04C', '05C', '10C', '11C', '12C')",87.12054,5,997006.0
"('03C', '05C', '10C', '11C', '12C')",87.12053,5,997005.0
"('02C', '05C', '10C', '11C', '12C')",87.12052000000001,5,997003.0
"('03C', '04C', '10C', '11C', '12C')",87.12043,5,997001.0
"('02C', '04C', '10C', '11C', '12C')",87.12042000000001,5,997000.0
"('02C', '03C', '10C', '11C', '12C')",87.12032,5,996998.0
"('07C', '08C', '09C', '11C', '12C')",87.11986999999999,5,996997.0
"('06C', '08C', '09C', '11C', '12C')",87.11986,5,996995.0
"('05C', '08C', '09C', '11C', '12C')",87.11985,5,996994.0
"('04C', '08C', '09C', '11C', '12C')",87.11984,5,996992.0
"('03C', '08C', '09C', '11C', '12C')",87.11983,5,996991.0
"('02C', '08C', '09C', '11C', '12C')",87.11982,5,996989.0
"('06C', '07C', '09C', '11C', '12C')",87.11976,5,996988.0
"('05C', '07C', '09C', '11C', '12C')",87.11975,5,996986.0
"('04C', '07C', '09C', '11C', '12C')",87.11974,5,996985.0
"('03C', '07C', '09C', '11C', '12C')",87.11972999999999,5,996983.0
"('02C', '07C', '09C', '11C', '12C')",87.11972,5,996981.0
"('05C', '06C', '09C', '11C', '12C')",87.11965000000001,5,996980.0
"('04C', '06C', '09C', '11C', '12C')",87.11964,5,996978.0
"('03C', '06C', '09C', '11C', '12C')",87.11963,5,996977.0
"('02C', '06C', '09C', '11C', '12C')",87.11962000000001,5,996975.0
"('04C', '05C', '09C', '11C', '12C')",87.11954,5,996974.0
"('03C', '05C', '09C', '11C', '12C')",87.11953,5,996972.0
"('02C', '05C', '09C', '11C', '12C')",87.11952000000001,5,996971.0
"('03C', '04C', '09C', '11C', '12C')",87.11943,5,996969.0
"('02C', '04C', '09C', '11C', '12C')",87.11942,5,996968.0
"('02C', '03C', '09C', '11C', '12C')",87.11932,5,996966.0
"('06C', '07C', '08C', '11C', '12C')",87.11876,5,996965.0
"('05C', '07C', '08C', '11C', '12C')",87.11874999999999,5,996963.0
"('04C', '07C', '08C', '11C', '12C')",87.11873999999999,5,996961.0
"('03C', '07C', '08C', '11C', '12C')",87.11872999999999,5,996960.0
"('02C', '07C', '08C', '11C', '12C')",87.11872,5,996958.0
"('05C', '06C', '08C', '11C', '12C')",87.11865,5,996957.0
"('04C', '06C', '08C', '11C', '12C')",87.11864,5,996955.0
"('03C', '06C', '08C', '11C', '12C')",87.11863,5,996954.0
"('02C', '06C', '08C', '11C', '12C')",87.11862,5,996952.0
"('04C', '05C', '08C', '11C', '12C')",87.11854,5,996951.0
"('03C', '05C', '08C', '11C', '12C')",87.11852999999999,5,996949.0
"('02C', '05C', '08C', '11C', '12C')",87.11852,5,996948.0
"('03C', '04C', '08C', '11C', '12C')",87.11842999999999,5,996946.0
"('02C', '04C', '08C', '11C', '12C')",87.11842,5,996945.0
"('02C', '03C', '08C', '11C', '12C')",87.11832,5,996943.0
"('05C', '06C', '07C', '11C', '12C')",87.11765000000001,5,996941.0
"('04C', '06C', '07C', '11C', '12C')",87.11764000000001,5,996940.0
"('03C', '06C', '07C', '11C', '12C')",87.11763,5,996938.0
"('02C', '06C', '07C', '11C', '12C')",87.11762000000002,5,996937.0
"('04C', '05C', '07C', '11C', '12C')",87.11754,5,996935.0
"('03C', '05C', '07C', '11C', '12C')",87.11753,5,996934.0
"('02C', '05C', '07C', '11C', '12C')",87.11752000000001,5,996932.0
"('03C', '04C', '07C', '11C', '12C')",87.11743,5,996931.0
"('02C', '04C', '07C', '11C', '12C')",87.11742000000001,5,996929.0
"('02C', '03C', '07C', '11C', '12C')",87.11732,5,996928.0
"('04C', '05C', '06C', '11C', '12C')",87.11654,5,996926.0
"('03C', '05C', '06C', '11C', '12C')",87.11653,5,996925.0
"('02C', '05C', '06C', '11C', '12C')",87.11652000000001,5,996923.0
"('03C', '04C', '06C', '11C', '12C')",87.11643,5,996921.0
"('02C', '04C', '06C', '11C', '12C')",87.11642,5,996920.0
"('02C', '03C', '06C', '11C', '12C')",87.11632,5,996918.0
"('03C', '04C', '05C', '11C', '12C')",87.11542999999999,5,996917.0
"('02C', '04C', '05C', '11C', '12C')",87.11542,5,996915.0
"('02C', '03C', '05C', '11C', '12C')",87.11532,5,996914.0
"('02C', '03C', '04C', '11C', '12C')",87.11432,5,996912.0
"('07C', '08C', '09C', '10C', '12C')",87.10986999999999,5,996911.0
"('06C', '08C', '09C', '10C', '12C')",87.10986,5,996909.0
"('05C', '08C', '09C', '10C', '12C')",87.10985,5,996908.0
"('04C', '08C', '09C', '10C', '12C')",87.10983999999999,5,996906.0
"('03C', '08C', '09C', '10C', '12C')",87.10982999999999,5,996905.0
"('02C', '08C', '09C', '10C', '12C')",87.10982,5,996903.0
"('06C', '07C', '09C', '10C', '12C')",87.10976,5,996901.0
"('05C', '07C', '09C', '10C', '12C')",87.10974999999999,5,996900.0
"('04C', '07C', '09C', '10C', '12C')",87.10973999999999,5,996898.0
"('03C', '07C', '09C', '10C', '12C')",87.10972999999998,5,996897.0
"('02C', '07C', '09C', '10C', '12C')",87.10972,5,996895.0
"('05C', '06C', '09C', '10C', '12C')",87.10965,5,996894.0
"('04C', '06C', '09C', '10C', '12C')",87.10964,5,996892.0
"('03C', '06C', '09C', '10C', '12C')",87.10963,5,996891.0
"('02C', '06C', '09C', '10C', '12C')",87.10962,5,996889.0
"('04C', '05C', '09C', '10C', '12C')",87.10954,5,996888.0
"('03C', '05C', '09C', '10C', '12C')",87.10952999999999,5,996886.0
"('02C', '05C', '09C', '10C', '12C')",87.10952,5,996885.0
"('03C', '04C', '09C', '10C', '12C')",87.10942999999999,5,996883.0
"('02C', '04C', '09C', '10C', '12C')",87.10942,5,996881.0
"('02C', '03C', '09C', '10C', '12C')",87.10932,5,996880.0
"('06C', '07C', '08C', '10C', '12C')",87.10875999999999,5,996878.0
"('05C', '07C', '08C', '10C', '12C')",87.10874999999999,5,996877.0
"('04C', '07C', '08C', '10C', '12C')",87.10873999999998,5,996875.0
"('03C', '07C', '08C', '10C', '12C')",87.10872999999998,5,996874.0
"('02C', '07C', '08C', '10C', '12C')",87.10871999999999,5,996872.0
"('05C', '06C', '08C', '10C', '12C')",87.10865,5,996871.0
"('04C', '06C', '08C', '10C', '12C')",87.10864,5,996869.0
"('03C', '06C', '08C', '10C', '12C')",87.10862999999999,5,996868.0
"('02C', '06C', '08C', '10C', '12C')",87.10862,5,996866.0
"('04C', '05C', '08C', '10C', '12C')",87.10853999999999,5,996865.0
"('03C', '05C', '08C', '10C', '12C')",87.10852999999999,5,996863.0
"('02C', '05C', '08C', '10C', '12C')",87.10852,5,996861.0
"('03C', '04C', '08C', '10C', '12C')",87.10842999999998,5,996860.0
"('02C', '04C', '08C', '10C', '12C')",87.10842,5,996858.0
"('02C', '03C', '08C', '10C', '12C')",87.10831999999999,5,996857.0
"('05C', '06C', '07C', '10C', '12C')",87.10765,5,996855.0
"('04C', '06C', '07C', '10C', '12C')",87.10764,5,996854.0
"('03C', '06C', '07C', '10C', '12C')",87.10763,5,996852.0
"('02C', '06C', '07C', '10C', '12C')",87.10762000000001,5,996851.0
"('04C', '05C', '07C', '10C', '12C')",87.10754,5,996849.0
"('03C', '05C', '07C', '10C', '12C')",87.10753,5,996848.0
"('02C', '05C', '07C', '10C', '12C')",87.10752000000001,5,996846.0
"('03C', '04C', '07C', '10C', '12C')",87.10743,5,996845.0
"('02C', '04C', '07C', '10C', '12C')",87.10742,5,996843.0
"('02C', '03C', '07C', '10C', '12C')",87.10732,5,996841.0
"('04C', '05C', '06C', '10C', '12C')",87.10654,5,996840.0
"('03C', '05C', '06C', '10C', '12C')",87.10652999999999,5,996838.0
"('02C', '05C', '06C', '10C', '12C')",87.10652,5,996837.0
"('03C', '04C', '06C', '10C', '12C')",87.10642999999999,5,996835.0
"('02C', '04C', '06C', '10C', '12C')",87.10642,5,996834.0
"('02C', '03C', '06C', '10C', '12C')",87.10632,5,996832.0
"('03C', '04C', '05C', '10C', '12C')",87.10542999999998,5,996831.0
"('02C', '04C', '05C', '10C', '12C')",87.10542,5,996829.0
"('02C', '03C', '05C', '10C', '12C')",87.10531999999999,5,996828.0
"('02C', '03C', '04C', '10C', '12C')",87.10432,5,996826.0
"('06C', '07C', '08C', '09C', '12C')",87.09876,5,996824.0
"('05C', '07C', '08C', '09C', '12C')",87.09875,5,996823.0
"('04C', '07C', '08C', '09C', '12C')",87.09873999999999,5,996821.0
"('03C', '07C', '08C', '09C', '12C')",87.09872999999999,5,996820.0
"('02C', '07C', '08C', '09C', '12C')",87.09872,5,996818.0
"('05C', '06C', '08C', '09C', '12C')",87.09865,5,996817.0
"('04C', '06C', '08C', '09C', '12C')",87.09864,5,996815.0
"('03C', '06C', '08C', '09C', '12C')",87.09863,5,996814.0
"('02C', '06C', '08C', '09C', '12C')",87.09862000000001,5,996812.0
"('04C', '05C', '08C', '09C', '12C')",87.09854,5,996811.0
"('03C', '05C', '08C', '09C', '12C')",87.09853,5,996809.0
"('02C', '05C', '08C', '09C', '12C')",87.09852000000001,5,996808.0
"('03C', '04C', '08C', '09C', '12C')",87.09843,5,996806.0
"('02C', '04C', '08C', '09C', '12C')",87.09842,5,996804.0
"('02C', '03C', '08C', '09C', '12C')",87.09832,5,996803.0
"('05C', '06C', '07C', '09C', '12C')",87.09765000000002,5,996801.0
"('04C', '06C', '07C', '09C', '12C')",87.09764000000001,5,996800.0
"('03C', '06C', '07C', '09C', '12C')",87.09763000000001,5,996798.0
"('02C', '06C', '07C', '09C', '12C')",87.09762000000002,5,996797.0
"('04C', '05C', '07C', '09C', '12C')",87.09754000000001,5,996795.0
"('03C', '05C', '07C', '09C', '12C')",87.09753,5,996794.0
"('02C', '05C', '07C', '09C', '12C')",87.09752000000002,5,996792.0
"('03C', '04C', '07C', '09C', '12C')",87.09743,5,996791.0
"('02C', '04C', '07C', '09C', '12C')",87.09742000000001,5,996789.0
"('02C', '03C', '07C', '09C', '12C')",87.09732000000001,5,996788.0
"('04C', '05C', '06C', '09C', '12C')",87.09654,5,996786.0
"('03C', '05C', '06C', '09C', '12C')",87.09653,5,996784.0
"('02C', '05C', '06C', '09C', '12C')",87.09652000000001,5,996783.0
"('03C', '04C', '06C', '09C', '12C')",87.09643,5,996781.0
"('02C', '04C', '06C', '09C', '12C')",87.09642000000001,5,996780.0
"('02C', '03C', '06C', '09C', '12C')",87.09632,5,996778.0
"('03C', '04C', '05C', '09C', '12C')",87.09543,5,996777.0
"('02C', '04C', '05C', '09C', '12C')",87.09542,5,996775.0
"('02C', '03C', '05C', '09C', '12C')",87.09532,5,996774.0
"('02C', '03C', '04C', '09C', '12C')",87.09432000000001,5,996772.0
"('05C', '06C', '07C', '08C', '12C')",87.08765000000001,5,996771.0
"('04C', '06C', '07C', '08C', '12C')",87.08764000000001,5,996769.0
"('03C', '06C', '07C', '08C', '12C')",87.08763,5,996768.0
"('02C', '06C', '07C', '08C', '12C')",87.08762000000002,5,996766.0
"('04C', '05C', '07C', '08C', '12C')",87.08754,5,996764.0
"('03C', '05C', '07C', '08C', '12C')",87.08753,5,996763.0
"('02C', '05C', '07C', '08C', '12C')",87.08752000000001,5,996761.0
"('03C', '04C', '07C', '08C', '12C')",87.08743,5,996760.0
"('02C', '04C', '07C', '08C', '12C')",87.08742000000001,5,996758.0
"('02C', '03C', '07C', '08C', '12C')",87.08732,5,996757.0
"('04C', '05C', '06C', '08C', '12C')",87.08654,5,996755.0
"('03C', '05C', '06C', '08C', '12C')",87.08653,5,996754.0
"('02C', '05C', '06C', '08C', '12C')",87.08652000000001,5,996752.0
"('03C', '04C', '06C', '08C', '12C')",87.08643,5,996751.0
"('02C', '04C', '06C', '08C', '12C')",87.08642,5,996749.0
"('02C', '03C', '06C', '08C', '12C')",87.08632,5,996748.0
"('03C', '04C', '05C', '08C', '12C')",87.08542999999999,5,996746.0
"('02C', '04C', '05C', '08C', '12C')",87.08542,5,996744.0
"('02C', '03C', '05C', '08C', '12C')",87.08532,5,996743.0
"('02C', '03C', '04C', '08C', '12C')",87.08432,5,996741.0
"('04C', '05C', '06C', '07C', '12C')",87.07654,5,996740.0
"('03C', '05C', '06C', '07C', '12C')",87.07652999999999,5,996738.0
"('02C', '05C', '06C', '07C', '12C')",87.07652,5,996737.0
"('03C', '04C', '06C', '07C', '12C')",87.07642999999999,5,996735.0
"('02C', '04C', '06C', '07C', '12C')",87.07642,5,996734.0
"('02C', '03C', '06C', '07C', '12C')",87.07632,5,996732.0
"('03C', '04C', '05C', '07C', '12C')",87.07542999999998,5,996731.0
"('02C', '04C', '05C', '07C', '12C')",87.07542,5,996729.0
"('02C', '03C', '05C', '07C', '12C')",87.07531999999999,5,996728.0
"('02C', '03C', '04C', '07C', '12C')",87.07432,5,996726.0
"('03C', '04C', '05C', '06C', '12C')",87.06542999999999,5,996724.0
"('02C', '04C', '05C', '06C', '12C')",87.06542,5,996723.0
"('02C', '03C', '05C', '06C', '12C')",87.06532,5,996721.0
"('02C', '03C', '04C', '06C', '12C')",87.06432000000001,5,996720.0
"('02C', '03C', '04C', '05C', '12C')",87.05432,5,996718.0
"('06C', '08C', '09C', '10C', '11C')",86.10986,5,996717.0
"('05C', '08C', '09C', '10C', '11C')",86.10985,5,996715.0
"('04C', '08C', '09C', '10C', '11C')",86.10983999999999,5,996714.0
"('03C', '08C', '09C', '10C', '11C')",86.10982999999999,5,996712.0
"('02C', '08C', '09C', '10C', '11C')",86.10982,5,996711.0
"('06C', '07C', '09C', '10C', '11C')",86.10976,5,996709.0
"('05C', '07C', '09C', '10C', '11C')",86.10974999999999,5,996708.0
"('04C', '07C', '09C', '10C', '11C')",86.10973999999999,5,996706.0
"('03C', '07C', '09C', '10C', '11C')",86.10972999999998,5,996704.0
"('02C', '07C', '09C', '10C', '11C')",86.10972,5,996703.0
"('05C', '06C', '09C', '10C', '11C')",86.10965,5,996701.0
"('04C', '06C', '09C', '10C', '11C')",86.10964,5,996700.0
"('03C', '06C', '09C', '10C', '11C')",86.10963,5,996698.0
"('02C', '06C', '09C', '10C', '11C')",86.10962,5,996697.0
"('04C', '05C', '09C', '10C', '11C')",86.10954,5,996695.0
"('03C', '05C', '09C', '10C', '11C')",86.10952999999999,5,996694.0
"('02C', '05C', '09C', '10C', '11C')",86.10952,5,996692.0
"('03C', '04C', '09C', '10C', '11C')",86.10942999999999,5,996691.0
"('02C', '04C', '09C', '10C', '11C')",86.10942,5,996689.0
"('02C', '03C', '09C', '10C', '11C')",86.10932,5,996688.0
"('06C', '07C', '08C', '10C', '11C')",86.10875999999999,5,996686.0
"('05C', '07C', '08C', '10C', '11C')",86.10874999999999,5,996684.0
"('04C', '07C', '08C', '10C', '11C')",86.10873999999998,5,996683.0
"('03C', '07C', '08C', '10C', '11C')",86.10872999999998,5,996681.0
"('02C', '07C', '08C', '10C', '11C')",86.10871999999999,5,996680.0
"('05C', '06C', '08C', '10C', '11C')",86.10865,5,996678.0
"('04C', '06C', '08C', '10C', '11C')",86.10864,5,996677.0
"('03C', '06C', '08C', '10C', '11C')",86.10862999999999,5,996675.0
"('02C', '06C', '08C', '10C', '11C')",86.10862,5,996674.0
"('04C', '05C', '08C', '10C', '11C')",86.10853999999999,5,996672.0
"('03C', '05C', '08C', '10C', '11C')",86.10852999999999,5,996671.0
"('02C', '05C', '08C', '10C', '11C')",86.10852,5,996669.0
"('03C', '04C', '08C', '10C', '11C')",86.10842999999998,5,996668.0
"('02C', '04C', '08C', '10C', '11C')",86.10842,5,996666.0
"('02C', '03C', '08C', '10C', '11C')",86.10831999999999,5,996664.0
"('05C', '06C', '07C', '10C', '11C')",86.10765,5,996663.0
"('04C', '06C', '07C', '10C', '11C')",86.10764,5,996661.0
"('03C', '06C', '07C', '10C', '11C')",86.10763,5,996660.0
"('02C', '06C', '07C', '10C', '11C')",86.10762000000001,5,996658.0
"('04C', '05C', '07C', '10C', '11C')",86.10754,5,996657.0
"('03C', '05C', '07C', '10C', '11C')",86.10753,5,996655.0
"('02C', '05C', '07C', '10C', '11C')",86.10752000000001,5,996654.0
"('03C', '04C', '07C', '10C', '11C')",86.10743,5,996652.0
"('02C', '04C', '07C', '10C', '11C')",86.10742,5,996651.0
"('02C', '03C', '07C', '10C', '11C')",86.10732,5,996649.0
"('04C', '05C', '06C', '10C', '11C')",86.10654,5,996648.0
"('03C', '05C', '06C', '10C', '11C')",86.10652999999999,5,996646.0
"('02C', '05C', '06C', '10C', '11C')",86.10652,5,996644.0
"('03C', '04C', '06C', '10C', '11C')",86.10642999999999,5,996643.0
"('02C', '04C', '06C', '10C', '11C')",86.10642,5,996641.0
"('02C', '03C', '06C', '10C', '11C')",86.10632,5,996640.0
"('03C', '04C', '05C', '10C', '11C')",86.10542999999998,5,996638.0
"('02C', '04C', '05C', '10C', '11C')",86.10542,5,996637.0
"('02C', '03C', '05C', '10C', '11C')",86.10531999999999,5,996635.0
"('02C', '03C', '04C', '10C', '11C')",86.10432,5,996634.0
"('06C', '07C', '08C', '09C', '11C')",86.09876,5,996632.0
"('05C', '07C', '08C', '09C', '11C')",86.09875,5,996631.0
"('04C', '07C', '08C', '09C', '11C')",86.09873999999999,5,996629.0
"('03C', '07C', '08C', '09C', '11C')",86.09872999999999,5,996627.0
"('02C', '07C', '08C', '09C', '11C')",86.09872,5,996626.0
"('05C', '06C', '08C', '09C', '11C')",86.09865,5,996624.0
"('04C', '06C', '08C', '09C', '11C')",86.09864,5,996623.0
"('03C', '06C', '08C', '09C', '11C')",86.09863,5,996621.0
"('02C', '06C', '08C', '09C', '11C')",86.09862000000001,5,996620.0
"('04C', '05C', '08C', '09C', '11C')",86.09854,5,996618.0
"('03C', '05C', '08C', '09C', '11C')",86.09853,5,996617.0
"('02C', '05C', '08C', '09C', '11C')",86.09852000000001,5,996615.0
"('03C', '04C', '08C', '09C', '11C')",86.09843,5,996614.0
"('02C', '04C', '08C', '09C', '11C')",86.09842,5,996612.0
"('02C', '03C', '08C', '09C', '11C')",86.09832,5,996611.0
"('05C', '06C', '07C', '09C', '11C')",86.09765000000002,5,996609.0
"('04C', '06C', '07C', '09C', '11C')",86.09764000000001,5,996607.0
"('03C', '06C', '07C', '09C', '11C')",86.09763000000001,5,996606.0
"('02C', '06C', '07C', '09C', '11C')",86.09762000000002,5,996604.0
"('04C', '05C', '07C', '09C', '11C')",86.09754000000001,5,996603.0
"('03C', '05C', '07C', '09C', '11C')",86.09753,5,996601.0
"('02C', '05C', '07C', '09C', '11C')",86.09752000000002,5,996600.0
"('03C', '04C', '07C', '09C', '11C')",86.09743,5,996598.0
"('02C', '04C', '07C', '09C', '11C')",86.09742000000001,5,996597.0
"('02C', '03C', '07C', '09C', '11C')",86.09732000000001,5,996595.0
"('04C', '05C', '06C', '09C', '11C')",86.09654,5,996594.0
"('03C', '05C', '06C', '09C', '11C')",86.09653,5,996592.0
"('02C', '05C', '06C', '09C', '11C')",86.09652000000001,5,996591.0
"('03C', '04C', '06C', '09C', '11C')",86.09643,5,996589.0
"('02C', '04C', '06C', '09C', '11C')",86.09642000000001,5,996587.0
"('02C', '03C', '06C', '09C', '11C')",86.09632,5,996586.0
"('03C', '04C', '05C', '09C', '11C')",86.09543,5,996584.0
"('02C', '04C', '05C', '09C', '11C')",86.09542,5,996583.0
"('02C', '03C', '05C', '09C', '11C')",86.09532,5,996581.0
"('02C', '03C', '04C', '09C', '11C')",86.09432000000001,5,996580.0
"('05C', '06C', '07C', '08C', '11C')",86.08765000000001,5,996578.0
"('04C', '06C', '07C', '08C', '11C')",86.08764000000001,5,996577.0
"('03C', '06C', '07C', '08C', '11C')",86.08763,5,996575.0
"('02C', '06C', '07C', '08C', '11C')",86.08762000000002,5,996574.0
"('04C', '05C', '07C', '08C', '11C')",86.08754,5,996572.0
"('03C', '05C', '07C', '08C', '11C')",86.08753,5,996571.0
"('02C', '05C', '07C', '08C', '11C')",86.08752000000001,5,996569.0
"('03C', '04C', '07C', '08C', '11C')",86.08743,5,996567.0
"('02C', '04C', '07C', '08C', '11C')",86.08742000000001,5,996566.0
"('02C', '03C', '07C', '08C', '11C')",86.08732,5,996564.0
"('04C', '05C', '06C', '08C', '11C')",86.08654,5,996563.0
"('03C', '05C', '06C', '08C', '11C')",86.08653,5,996561.0
"('02C', '05C', '06C', '08C', '11C')",86.08652000000001,5,996560.0
"('03C', '04C', '06C', '08C', '11C')",86.08643,5,996558.0
"('02C', '04C', '06C', '08C', '11C')",86.08642,5,996557.0
"('02C', '03C', '06C', '08C', '11C')",86.08632,5,996555.0
"('03C', '04C', '05C', '08C', '11C')",86.08542999999999,5,996554.0
"('02C', '04C', '05C', '08C', '11C')",86.08542,5,996552.0
"('02C', '03C', '05C', '08C', '11C')",86.08532,5,996551.0
"('02C', '03C', '04C', '08C', '11C')",86.08432,5,996549.0
"('04C', '05C', '06C', '07C', '11C')",86.07654,5,996547.0
"('03C', '05C', '06C', '07C', '11C')",86.07652999999999,5,996546.0
"('02C', '05C', '06C', '07C', '11C')",86.07652,5,996544.0
"('03C', '04C', '06C', '07C', '11C')",86.07642999999999,5,996543.0
"('02C', '04C', '06C', '07C', '11C')",86.07642,5,996541.0
"('02C', '03C', '06C', '07C', '11C')",86.07632,5,996540.0
"('03C', '04C', '05C', '07C', '11C')",86.07542999999998,5,996538.0
"('02C', '04C', '05C', '07C', '11C')",86.07542,5,996537.0
"('02C', '03C', '05C', '07C', '11C')",86.07531999999999,5,996535.0
"('02C', '03C', '04C', '07C', '11C')",86.07432,5,996534.0
"('03C', '04C', '05C', '06C', '11C')",86.06542999999999,5,996532.0
"('02C', '04C', '05C', '06C', '11C')",86.06542,5,996531.0
"('02C', '03C', '05C', '06C', '11C')",86.06532,5,996529.0
"('02C', '03C', '04C', '06C', '11C')",86.06432000000001,5,996527.0
"('02C', '03C', '04C', '05C', '11C')",86.05432,5,996526.0
"('05C', '07C', '08C', '09C', '10C')",85.09875,5,996524.0
"('04C', '07C', '08C', '09C', '10C')",85.09873999999999,5,996523.0
"('03C', '07C', '08C', '09C', '10C')",85.09872999999999,5,996521.0
"('02C', '07C', '08C', '09C', '10C')",85.09872,5,996520.0
"('05C', '06C', '08C', '09C', '10C')",85.09865,5,996518.0
"('04C', '06C', '08C', '09C', '10C')",85.09864,5,996517.0
"('03C', '06C', '08C', '09C', '10C')",85.09863,5,996515.0
"('02C', '06C', '08C', '09C', '10C')",85.09862000000001,5,996514.0
"('04C', '05C', '08C', '09C', '10C')",85.09854,5,996512.0
"('03C', '05C', '08C', '09C', '10C')",85.09853,5,996511.0
"('02C', '05C', '08C', '09C', '10C')",85.09852000000001,5,996509.0
"('03C', '04C', '08C', '09C', '10C')",85.09843,5,996507.0
"('02C', '04C', '08C', '09C', '10C')",85.09842,5,996506.0
"('02C', '03C', '08C', '09C', '10C')",85.09832,5,996504.0
"('05C', '06C', '07C', '09C', '10C')",85.09765000000002,5,996503.0
"('04C', '06C', '07C', '09C', '10C')",85.09764000000001,5,996501.0
"('03C', '06C', '07C', '09C', '10C')",85.09763000000001,5,996500.0
"('02C', '06C', '07C', '09C', '10C')",85.09762000000002,5,996498.0
"('04C', '05C', '07C', '09C', '10C')",85.09754000000001,5,996497.0
"('03C', '05C', '07C', '09C', '10C')",85.09753,5,996495.0
"('02C', '05C', '07C', '09C', '10C')",85.09752000000002,5,996494.0
"('03C', '04C', '07C', '09C', '10C')",85.09743,5,996492.0
"('02C', '04C', '07C', '09C', '10C')",85.09742000000001,5,996491.0
"('02C', '03C', '07C', '09C', '10C')",85.09732000000001,5,996489.0
"('04C', '05C', '06C', '09C', '10C')",85.09654,5,996487.0
"('03C', '05C', '06C', '09C', '10C')",85.09653,5,996486.0
"('02C', '05C', '06C', '09C', '10C')",85.09652000000001,5,996484.0
"('03C', '04C', '06C', '09C', '10C')",85.09643,5,996483.0
"('02C', '04C', '06C', '09C', '10C')",85.09642000000001,5,996481.0
"('02C', '03C', '06C', '09C', '10C')",85.09632,5,996480.0
"('03C', '04C', '05C', '09C', '10C')",85.09543,5,996478.0
"('02C', '04C', '05C', '09C', '10C')",85.09542,5,996477.0
"('02C', '03C', '05C', '09C', '10C')",85.09532,5,996475.0
"('02C', '03C', '04C', '09C', '10C')",85.09432000000001,5,996474.0
"('05C', '06C', '07C', '08C', '10C')",85.08765000000001,5,996472.0
"('04C', '06C', '07C', '08C', '10C')",85.08764000000001,5,996471.0
"('03C', '06C', '07C', '08C', '10C')",85.08763,5,996469.0
"('02C', '06C', '07C', '08C', '10C')",85.08762000000002,5,996467.0
"('04C', '05C', '07C', '08C', '10C')",85.08754,5,996466.0
"('03C', '05C', '07C', '08C', '10C')",85.08753,5,996464.0
"('02C', '05C', '07C', '08C', '10C')",85.08752000000001,5,996463.0
"('03C', '04C', '07C', '08C', '10C')",85.08743,5,996461.0
"('02C', '04C', '07C', '08C', '10C')",85.08742000000001,5,996460.0
"('02C', '03C', '07C', '08C', '10C')",85.08732,5,996458.0
"('04C', '05C', '06C', '08C', '10C')",85.08654,5,996457.0
"('03C', '05C', '06C', '08C', '10C')",85.08653,5,996455.0
"('02C', '05C', '06C', '08C', '10C')",85.08652000000001,5,996454.0
"('03C', '04C', '06C', '08C', '10C')",85.08643,5,996452.0
"('02C', '04C', '06C', '08C', '10C')",85.08642,5,996451.0
"('02C', '03C', '06C', '08C', '10C')",85.08632,5,996449.0
"('03C', '04C', '05C', '08C', '10C')",85.08542999999999,5,996447.0
"('02C', '04C', '05C', '08C', '10C')",85.08542,5,996446.0
"('02C', '03C', '05C', '08C', '10C')",85.08532,5,996444.0
"('02C', '03C', '04C', '08C', '10C')",85.08432,5,996443.0
"('04C', '05C', '06C', '07C', '10C')",85.07654,5,996441.0
"('03C', '05C', '06C', '07C', '10C')",85.07652999999999,5,996440.0
"('02C', '05C', '06C', '07C', '10C')",85.07652,5,996438.0
"('03C', '04C', '06C', '07C', '10C')",85.07642999999999,5,996437.0
"('02C', '04C', '06C', '07C', '10C')",85.07642,5,996435.0
"('02C', '03C', '06C', '07C', '10C')",85.07632,5,996434.0
"('03C', '04C', '05C', '07C', '10C')",85.07542999999998,5,996432.0
"('02C', '04C', '05C', '07C', '10C')",85.07542,5,996430.0
"('02C', '03C', '05C', '07C', '10C')",85.07531999999999,5,996429.0
"('02C', '03C', '04C', '07C', '10C')",85.07432,5,996427.0
"('03C', '04C', '05C', '06C', '10C')",85.06542999999999,5,996426.0
"('02C', '04C', '05C', '06C', '10C')",85.06542,5,996424.0
"('02C', '03C', '05C', '06C', '10C')",85.06532,5,996423.0
"('02C', '03C', '04C', '06C', '10C')",85.06432000000001,5,996421.0
"('02C', '03C', '04C', '05C', '10C')",85.05432,5,996420.0
"('04C', '06C', '07C', '08C', '09C')",84.08764000000001,5,996418.0
"('03C', '06C', '07C', '08C', '09C')",84.08763,5,996417.0
"('02C', '06C', '07C', '08C', '09C')",84.08762000000002,5,996415.0
"('04C', '05C', '07C', '08C', '09C')",84.08754,5,996414.0
"('03C', '05C', '07C', '08C', '09C')",84.08753,5,996412.0
"('02C', '05C', '07C', '08C', '09C')",84.08752000000001,5,996410.0
"('03C', '04C', '07C', '08C', '09C')",84.08743,5,996409.0
"('02C', '04C', '07C', '08C', '09C')",84.08742000000001,5,996407.0
"('02C', '03C', '07C', '08C', '09C')",84.08732,5,996406.0
"('04C', '05C', '06C', '08C', '09C')",84.08654,5,996404.0
"('03C', '05C', '06C', '08C', '09C')",84.08653,5,996403.0
"('02C', '05C', '06C', '08C', '09C')",84.08652000000001,5,996401.0
"('03C', '04C', '06C', '08C', '09C')",84.08643,5,996400.0
"('02C', '04C', '06C', '08C', '09C')",84.08642,5,996398.0
"('02C', '03C', '06C', '08C', '09C')",84.08632,5,996397.0
"('03C', '04C', '05C', '08C', '09C')",84.08542999999999,5,996395.0
"('02C', '04C', '05C', '08C', '09C')",84.08542,5,996394.0
"('02C', '03C', '05C', '08C', '09C')",84.08532,5,996392.0
"('02C', '03C', '04C', '08C', '09C')",84.08432,5,996390.0
"('04C', '05C', '06C', '07C', '09C')",84.07654,5,996389.0
"('03C', '05C', '06C', '07C', '09C')",84.07652999999999,5,996387.0
"('02C', '05C', '06C', '07C', '09C')",84.07652,5,996386.0
"('03C', '04C', '06C', '07C', '09C')",84.07642999999999,5,996384.0
"('02C', '04C', '06C', '07C', '09C')",84.07642,5,996383.0
"('02C', '03C', '06C', '07C', '09C')",84.07632,5,996381.0
"('03C', '04C', '05C', '07C', '09C')",84.07542999999998,5,996380.0
"('02C', '04C', '05C', '07C', '09C')",84.07542,5,996378.0
"('02C', '03C', '05C', '07C', '09C')",84.07531999999999,5,996377.0
"('02C', '03C', '04C', '07C', '09C')",84.07432,5,996375.0
"('03C', '04C', '05C', '06C', '09C')",84.06542999999999,5,996374.0
"('02C', '04C', '05C', '06C', '09C')",84.06542,5,996372.0
"('02C', '03C', '05C', '06C', '09C')",84.06532,5,996370.0
"('02C', '03C', '04C', '06C', '09C')",84.06432000000001,5,996369.0
"('02C', '03C', '04C', '05C', '09C')",84.05432,5,996367.0
"('03C', '05C', '06C', '07C', '08C')",83.07652999999999,5,996366.0
"('02C', '05C', '06C', '07C', '08C')",83.07652,5,996364.0
"('03C', '04C', '06C', '07C', '08C')",83.07642999999999,5,996363.0
"('02C', '04C', '06C', '07C', '08C')",83.07642,5,996361.0
"('02C', '03C', '06C', '07C', '08C')",83.07632,5,996360.0
"('03C', '04C', '05C', '07C', '08C')",83.07542999999998,5,996358.0
"('02C', '04C', '05C', '07C', '08C')",83.07542,5,996357.0
"('02C', '03C', '05C', '07C', '08C')",83.07531999999999,5,996355.0
"('02C', '03C', '04C', '07C', '08C')",83.07432,5,996354.0
"('03C', '04C', '05C', '06C', '08C')",83.06542999999999,5,996352.0
"('02C', '04C', '05C', '06C', '08C')",83.06542,5,996350.0
"('02C', '03C', '05C', '06C', '08C')",83.06532,5,996349.0
"('02C', '03C', '04C', '06C', '08C')",83.06432000000001,5,996347.0
"('02C', '03C', '04C', '05C', '08C')",83.05432,5,996346.0
"('02C', '04C', '05C', '06C', '07C')",82.06542,5,996344.0
"('02C', '03C', '05C', '06C', '07C')",82.06532,5,996343.0
"('02C', '03C', '04C', '06C', '07C')",82.06432000000001,5,996341.0
"('02C', '03C', '04C', '05C', '07C')",82.05432,5,996340.0
"('10C', '11C', '12C', '13C', '14D')",79.0,4,996338.0
"('09C', '10C', '11C', '12C', '13D')",78.0,4,995946.0
"('08C', '09C', '10C', '11C', '12D')",77.0,4,995553.0
"('07C', '08C', '09C', '10C', '11D')",76.0,4,995161.0
"('06C', '07C', '08C', '09C', '10D')",75.0,4,994768.0
"('05C', '06C', '07C', '08C', '09D')",74.0,4,994376.0
"('04C', '05C', '06C', '07C', '08D')",73.0,4,993983.0
"('03C', '04C', '05C', '06C', '07D')",72.0,4,993591.0
"('02C', '03C', '04C', '05C', '06D')",71.0,4,993198.0
"('12C', '13C', '14C', '14D', '14H')",59.142,3,992806.0
"('11C', '13C', '14C', '14D', '14H')",59.141000000000005,3,992781.0
"('10C', '13C', '14C', '14D', '14H')",59.14,3,992757.0
"('09C', '13C', '14C', '14D', '14H')",59.139,3,992732.0
"('08C', '13C', '14C', '14D', '14H')",59.138000000000005,3,992707.0
"('07C', '13C', '14C', '14D', '14H')",59.137,3,992683.0
"('06C', '13C', '14C', '14D', '14H')",59.136,3,992658.0
"('05C', '13C', '14C', '14D', '14H')",59.135000000000005,3,992634.0
"('04C', '13C', '14C', '14D', '14H')",59.134,3,992609.0
"('03C', '13C', '14C', '14D', '14H')",59.133,3,992584.0
"('02C', '13C', '14C', '14D', '14H')",59.132000000000005,3,992560.0
"('11C', '12C', '14C', '14D', '14H')",59.131,3,992535.0
"('10C', '12C', '14C', '14D', '14H')",59.129999999999995,3,992510.0
"('09C', '12C', '14C', '14D', '14H')",59.129,3,992486.0
"('08C', '12C', '14C', '14D', '14H')",59.128,3,992461.0
"('07C', '12C', '14C', '14D', '14H')",59.126999999999995,3,992437.0
"('06C', '12C', '14C', '14D', '14H')",59.126,3,992412.0
"('05C', '12C', '14C', '14D', '14H')",59.125,3,992387.0
"('04C', '12C', '14C', '14D', '14H')",59.123999999999995,3,992363.0
"('03C', '12C', '14C', '14D', '14H')",59.123,3,992338.0
"('02C', '12C', '14C', '14D', '14H')",59.122,3,992313.0
"('10C', '11C', '14C', '14D', '14H')",59.12,3,992289.0
"('09C', '11C', '14C', '14D', '14H')",59.119,3,992264.0
"('08C', '11C', '14C', '14D', '14H')",59.118,3,992240.0
"('07C', '11C', '14C', '14D', '14H')",59.117,3,992215.0
"('06C', '11C', '14C', '14D', '14H')",59.116,3,992190.0
"('05C', '11C', '14C', '14D', '14H')",59.115,3,992166.0
"('04C', '11C', '14C', '14D', '14H')",59.114,3,992141.0
"('03C', '11C', '14C', '14D', '14H')",59.113,3,992116.0
"('02C', '11C', '14C', '14D', '14H')",59.112,3,992092.0
"('09C', '10C', '14C', '14D', '14H')",59.109,3,992067.0
"('08C', '10C', '14C', '14D', '14H')",59.108000000000004,3,992043.0
"('07C', '10C', '14C', '14D', '14H')",59.107,3,992018.0
"('06C', '10C', '14C', '14D', '14H')",59.106,3,991993.0
"('05C', '10C', '14C', '14D', '14H')",59.105000000000004,3,991969.0
"('04C', '10C', '14C', '14D', '14H')",59.104,3,991944.0
"('03C', '10C', '14C', '14D', '14H')",59.103,3,991919.0
"('02C', '10C', '14C', '14D', '14H')",59.102000000000004,3,991895.0
"('08C', '09C', '14C', '14D', '14H')",59.098000000000006,3,991870.0
"('07C', '09C', '14C', '14D', '14H')",59.097,3,991846.0
"('06C', '09C', '14C', '14D', '14H')",59.096000000000004,3,991821.0
"('05C', '09C', '14C', '14D', '14H')",59.095000000000006,3,991796.0
"('04C', '09C', '14C', '14D', '14H')",59.094,3,991772.0
"('03C', '09C', '14C', '14D', '14H')",59.093,3,991747.0
"('02C', '09C', '14C', '14D', '14H')",59.092000000000006,3,991722.0
"('07C', '08C', '14C', '14D', '14H')",59.086999999999996,3,991698.0
"('06C', '08C', '14C', '14D', '14H')",59.086,3,991673.0
"('05C', '08C', '14C', '14D', '14H')",59.085,3,991649.0
"('04C', '08C', '14C', '14D', '14H')",59.083999999999996,3,991624.0
"('03C', '08C', '14C', '14D', '14H')",59.083,3,991599.0
"('02C', '08C', '14C', '14D', '14H')",59.082,3,991575.0
"('06C', '07C', '14C', '14D', '14H')",59.076,3,991550.0
"('05C', '07C', '14C', '14D', '14H')",59.075,3,991525.0
"('04C', '07C', '14C', '14D', '14H')",59.074,3,991501.0
"('03C', '07C', '14C', '14D', '14H')",59.073,3,991476.0
"('02C', '07C', '14C', '14D', '14H')",59.072,3,991452.0
"('05C', '06C', '14C', '14D', '14H')",59.065000000000005,3,991427.0
"('04C', '06C', '14C', '14D', '14H')",59.064,3,991402.0
"('03C', '06C', '14C', '14D', '14H')",59.063,3,991378.0
"('02C', '06C', '14C', '14D', '14H')",59.062000000000005,3,991353.0
"('04C', '05C', '14C', '14D', '14H')",59.053999999999995,3,991328.0
"('03C', '05C', '14C', '14D', '14H')",59.053,3,991304.0
"('02C', '05C', '14C', '14D', '14H')",59.052,3,991279.0
"('03C', '04C', '14C', '14D', '14H')",59.043,3,991255.0
"('02C', '04C', '14C', '14D', '14H')",59.042,3,991230.0
"('02C', '03C', '14C', '14D', '14H')",59.032000000000004,3,991205.0
"('12C', '13C', '13D', '13H', '14C')",58.152,3,991181.0
"('11C', '13C', '13D', '13H', '14C')",58.151,3,991156.0
"('10C', '13C', '13D', '13H', '14C')",58.15,3,991131.0
"('09C', '13C', '13D', '13H', '14C')",58.149,3,991107.0
"('08C', '13C', '13D', '13H', '14C')",58.148,3,991082.0
"('07C', '13C', '13D', '13H', '14C')",58.147,3,991058.0
"('06C', '13C', '13D', '13H', '14C')",58.146,3,991033.0
"('05C', '13C', '13D', '13H', '14C')",58.145,3,991008.0
"('04C', '13C', '13D', '13H', '14C')",58.144,3,990984.0
"('03C', '13C', '13D', '13H', '14C')",58.143,3,990959.0
"('02C', '13C', '13D', '13H', '14C')",58.142,3,990934.0
"('11C', '12C', '13C', '13D', '13H')",58.131,3,990910.0
"('10C', '12C', '13C', '13D', '13H')",58.129999999999995,3,990885.0
"('09C', '12C', '13C', '13D', '13H')",58.129,3,990861.0
"('08C', '12C', '13C', '13D', '13H')",58.128,3,990836.0
"('07C', '12C', '13C', '13D', '13H')",58.126999999999995,3,990811.0
"('06C', '12C', '13C', '13D', '13H')",58.126,3,990787.0
"('05C', '12C', '13C', '13D', '13H')",58.125,3,990762.0
"('04C', '12C', '13C', '13D', '13H')",58.123999999999995,3,990737.0
"('03C', '12C', '13C', '13D', '13H')",58.123,3,990713.0
"('02C', '12C', '13C', '13D', '13H')",58.122,3,990688.0
"('10C', '11C', '13C', '13D', '13H')",58.12,3,990664.0
"('09C', '11C', '13C', '13D', '13H')",58.119,3,990639.0
"('08C', '11C', '13C', '13D', '13H')",58.118,3,990614.0
"('07C', '11C', '13C', '13D', '13H')",58.117,3,990590.0
"('06C', '11C', '13C', '13D', '13H')",58.116,3,990565.0
"('05C', '11C', '13C', '13D', '13H')",58.115,3,990540.0
"('04C', '11C', '13C', '13D', '13H')",58.114,3,990516.0
"('03C', '11C', '13C', '13D', '13H')",58.113,3,990491.0
"('02C', '11C', '13C', '13D', '13H')",58.112,3,990467.0
"('09C', '10C', '13C', '13D', '13H')",58.109,3,990442.0
"('08C', '10C', '13C', '13D', '13H')",58.108000000000004,3,990417.0
"('07C', '10C', '13C', '13D', '13H')",58.107,3,990393.0
"('06C', '10C', '13C', '13D', '13H')",58.106,3,990368.0
"('05C', '10C', '13C', '13D', '13H')",58.105000000000004,3,990343.0
"('04C', '10C', '13C', '13D', '13H')",58.104,3,990319.0
"('03C', '10C', '13C', '13D', '13H')",58.103,3,990294.0
"('02C', '10C', '13C', '13D', '13H')",58.102000000000004,3,990270.0
"('08C', '09C', '13C', '13D', '13H')",58.098000000000006,3,990245.0
"('07C', '09C', '13C', '13D', '13H')",58.097,3,990220.0
"('06C', '09C', '13C', '13D', '13H')",58.096000000000004,3,990196.0
"('05C', '09C', '13C', '13D', '13H')",58.095000000000006,3,990171.0
"('04C', '09C', '13C', '13D', '13H')",58.094,3,990146.0
"('03C', '09C', '13C', '13D', '13H')",58.093,3,990122.0
"('02C', '09C', '13C', '13D', '13H')",58.092000000000006,3,990097.0
"('07C', '08C', '13C', '13D', '13H')",58.086999999999996,3,990073.0
"('06C', '08C', '13C', '13D', '13H')",58.086,3,990048.0
"('05C', '08C', '13C', '13D', '13H')",58.085,3,990023.0
"('04C', '08C', '13C', '13D', '13H')",58.083999999999996,3,989999.0
"('03C', '08C', '13C', '13D', '13H')",58.083,3,989974.0
"('02C', '08C', '13C', '13D', '13H')",58.082,3,989949.0
"('06C', '07C', '13C', '13D', '13H')",58.076,3,989925.0
"('05C', '07C', '13C', '13D', '13H')",58.075,3,989900.0
"('04C', '07C', '13C', '13D', '13H')",58.074,3,989876.0
"('03C', '07C', '13C', '13D', '13H')",58.073,3,989851.0
"('02C', '07C', '13C', '13D', '13H')",58.072,3,989826.0
"('05C', '06C', '13C', '13D', '13H')",58.065000000000005,3,989802.0
"('04C', '06C', '13C', '13D', '13H')",58.064,3,989777.0
"('03C', '06C', '13C', '13D', '13H')",58.063,3,989752.0
"('02C', '06C', '13C', '13D', '13H')",58.062000000000005,3,989728.0
"('04C', '05C', '13C', '13D', '13H')",58.053999999999995,3,989703.0
"('03C', '05C', '13C', '13D', '13H')",58.053,3,989679.0
"('02C', '05C', '13C', '13D', '13H')",58.052,3,989654.0
"('03C', '04C', '13C', '13D', '13H')",58.043,3,989629.0
"('02C', '04C', '13C', '13D', '13H')",58.042,3,989605.0
"('02C', '03C', '13C', '13D', '13H')",58.032000000000004,3,989580.0
"('12C', '12D', '12H', '13C', '14C')",57.153,3,989555.0
"('11C', '12C', '12D', '12H', '14C')",57.151,3,989531.0
"('10C', '12C', '12D', '12H', '14C')",57.15,3,989506.0
"('09C', '12C', '12D', '12H', '14C')",57.149,3,989482.0
"('08C', '12C', '12D', '12H', '14C')",57.148,3,989457.0
"('07C', '12C', '12D', '12H', '14C')",57.147,3,989432.0
"('06C', '12C', '12D', '12H', '14C')",57.146,3,989408.0
"('05C', '12C', '12D', '12H', '14C')",57.145,3,989383.0
"('04C', '12C', '12D', '12H', '14C')",57.144,3,989358.0
"('03C', '12C', '12D', '12H', '14C')",57.143,3,989334.0
"('02C', '12C', '12D', '12H', '14C')",57.142,3,989309.0
"('11C', '12C', '12D', '12H', '13C')",57.141000000000005,3,989285.0
"('10C', '12C', '12D', '12H', '13C')",57.14,3,989260.0
"('09C', '12C', '12D', '12H', '13C')",57.139,3,989235.0
"('08C', '12C', '12D', '12H', '13C')",57.138000000000005,3,989211.0
"('07C', '12C', '12D', '12H', '13C')",57.137,3,989186.0
"('06C', '12C', '12D', '12H', '13C')",57.136,3,989161.0
"('05C', '12C', '12D', '12H', '13C')",57.135000000000005,3,989137.0
"('04C', '12C', '12D', '12H', '13C')",57.134,3,989112.0
"('03C', '12C', '12D', '12H', '13C')",57.133,3,989088.0
"('02C', '12C', '12D', '12H', '13C')",57.132000000000005,3,989063.0
"('10C', '11C', '12C', '12D', '12H')",57.12,3,989038.0
"('09C', '11C', '12C', '12D', '12H')",57.119,3,989014.0
"('08C', '11C', '12C', '12D', '12H')",57.118,3,988989.0
"('07C', '11C', '12C', '12D', '12H')",57.117,3,988964.0
"('06C', '11C', '12C', '12D', '12H')",57.116,3,988940.0
"('05C', '11C', '12C', '12D', '12H')",57.115,3,988915.0
"('04C', '11C', '12C', '12D', '12H')",57.114,3,988891.0
"('03C', '11C', '12C', '12D', '12H')",57.113,3,988866.0
"('02C', '11C', '12C', '12D', '12H')",57.112,3,988841.0
"('09C', '10C', '12C', '12D', '12H')",57.109,3,988817.0
"('08C', '10C', '12C', '12D', '12H')",57.108000000000004,3,988792.0
"('07C', '10C', '12C', '12D', '12H')",57.107,3,988767.0
"('06C', '10C', '12C', '12D', '12H')",57.106,3,988743.0
"('05C', '10C', '12C', '12D', '12H')",57.105000000000004,3,988718.0
"('04C', '10C', '12C', '12D', '12H')",57.104,3,988694.0
"('03C', '10C', '12C', '12D', '12H')",57.103,3,988669.0
"('02C', '10C', '12C', '12D', '12H')",57.102000000000004,3,988644.0
"('08C', '09C', '12C', '12D', '12H')",57.098000000000006,3,988620.0
"('07C', '09C', '12C', '12D', '12H')",57.097,3,988595.0
"('06C', '09C', '12C', '12D', '12H')",57.096000000000004,3,988570.0
"('05C', '09C', '12C', '12D', '12H')",57.095000000000006,3,988546.0
"('04C', '09C', '12C', '12D', '12H')",57.094,3,988521.0
"('03C', '09C', '12C', '12D', '12H')",57.093,3,988497.0
"('02C', '09C', '12C', '12D', '12H')",57.092000000000006,3,988472.0
"('07C', '08C', '12C', '12D', '12H')",57.086999999999996,3,988447.0
"('06C', '08C', '12C', '12D', '12H')",57.086,3,988423.0
"('05C', '08C', '12C', '12D', '12H')",57.085,3,988398.0
"('04C', '08C', '12C', '12D', '12H')",57.083999999999996,3,988373.0
"('03C', '08C', '12C', '12D', '12H')",57.083,3,988349.0
"('02C', '08C', '12C', '12D', '12H')",57.082,3,988324.0
"('06C', '07C', '12C', '12D', '12H')",57.076,3,988300.0
"('05C', '07C', '12C', '12D', '12H')",57.075,3,988275.0
"('04C', '07C', '12C', '12D', '12H')",57.074,3,988250.0
"('03C', '07C', '12C', '12D', '12H')",57.073,3,988226.0
"('02C', '07C', '12C', '12D', '12H')",57.072,3,988201.0
"('05C', '06C', '12C', '12D', '12H')",57.065000000000005,3,988176.0
"('04C', '06C', '12C', '12D', '12H')",57.064,3,988152.0
"('03C', '06C', '12C', '12D', '12H')",57.063,3,988127.0
"('02C', '06C', '12C', '12D', '12H')",57.062000000000005,3,988103.0
"('04C', '05C', '12C', '12D', '12H')",57.053999999999995,3,988078.0
"('03C', '05C', '12C', '12D', '12H')",57.053,3,988053.0
"('02C', '05C', '12C', '12D', '12H')",57.052,3,988029.0
"('03C', '04C', '12C', '12D', '12H')",57.043,3,988004.0
"('02C', '04C', '12C', '12D', '12H')",57.042,3,987979.0
"('02C', '03C', '12C', '12D', '12H')",57.032000000000004,3,987955.0
"('11C', '11D', '11H', '13C', '14C')",56.153,3,987930.0
"('11C', '11D', '11H', '12C', '14C')",56.152,3,987906.0
"('10C', '11C', '11D', '11H', '14C')",56.15,3,987881.0
"('09C', '11C', '11D', '11H', '14C')",56.149,3,987856.0
"('08C', '11C', '11D', '11H', '14C')",56.148,3,987832.0
"('07C', '11C', '11D', '11H', '14C')",56.147,3,987807.0
"('06C', '11C', '11D', '11H', '14C')",56.146,3,987782.0
"('05C', '11C', '11D', '11H', '14C')",56.145,3,987758.0
"('04C', '11C', '11D', '11H', '14C')",56.144,3,987733.0
"('03C', '11C', '11D', '11H', '14C')",56.143,3,987709.0
"('02C', '11C', '11D', '11H', '14C')",56.142,3,987684.0
"('10C', '11C', '11D', '11H', '13C')",56.14,3,987635.0
"('09C', '11C', '11D', '11H', '13C')",56.139,3,987610.0
"('08C', '11C', '11D', '11H', '13C')",56.138000000000005,3,987585.0
"('07C', '11C', '11D', '11H', '13C')",56.137,3,987561.0
"('06C', '11C', '11D', '11H', '13C')",56.136,3,987536.0
"('05C', '11C', '11D', '11H', '13C')",56.135000000000005,3,987512.0
"('04C', '11C', '11D', '11H', '13C')",56.134,3,987487.0
"('03C', '11C', '11D', '11H', '13C')",56.133,3,987462.0
"('02C', '11C', '11D', '11H', '13C')",56.132000000000005,3,987438.0
"('10C', '11C', '11D', '11H', '12C')",56.129999999999995,3,987413.0
"('09C', '11C', '11D', '11H', '12C')",56.129,3,987388.0
"('08C', '11C', '11D', '11H', '12C')",56.128,3,987364.0
"('07C', '11C', '11D', '11H', '12C')",56.126999999999995,3,987339.0
"('06C', '11C', '11D', '11H', '12C')",56.126,3,987315.0
"('05C', '11C', '11D', '11H', '12C')",56.125,3,987290.0
"('04C', '11C', '11D', '11H', '12C')",56.123999999999995,3,987265.0
"('03C', '11C', '11D', '11H', '12C')",56.123,3,987241.0
"('02C', '11C', '11D', '11H', '12C')",56.122,3,987216.0
"('09C', '10C', '11C', '11D', '11H')",56.109,3,987191.0
"('08C', '10C', '11C', '11D', '11H')",56.108000000000004,3,987167.0
"('07C', '10C', '11C', '11D', '11H')",56.107,3,987142.0
"('06C', '10C', '11C', '11D', '11H')",56.106,3,987118.0
"('05C', '10C', '11C', '11D', '11H')",56.105000000000004,3,987093.0
"('04C', '10C', '11C', '11D', '11H')",56.104,3,987068.0
"('03C', '10C', '11C', '11D', '11H')",56.103,3,987044.0
"('02C', '10C', '11C', '11D', '11H')",56.102000000000004,3,987019.0
"('08C', '09C', '11C', '11D', '11H')",56.098000000000006,3,986994.0
"('07C', '09C', '11C', '11D', '11H')",56.097,3,986970.0
"('06C', '09C', '11C', '11D', '11H')",56.096000000000004,3,986945.0
"('05C', '09C', '11C', '11D', '11H')",56.095000000000006,3,986921.0
"('04C', '09C', '11C', '11D', '11H')",56.094,3,986896.0
"('03C', '09C', '11C', '11D', '11H')",56.093,3,986871.0
"('02C', '09C', '11C', '11D', '11H')",56.092000000000006,3,986847.0
"('07C', '08C', '11C', '11D', '11H')",56.086999999999996,3,986822.0
"('06C', '08C', '11C', '11D', '11H')",56.086,3,986797.0
"('05C', '08C', '11C', '11D', '11H')",56.085,3,986773.0
"('04C', '08C', '11C', '11D', '11H')",56.083999999999996,3,986748.0
"('03C', '08C', '11C', '11D', '11H')",56.083,3,986724.0
"('02C', '08C', '11C', '11D', '11H')",56.082,3,986699.0
"('06C', '07C', '11C', '11D', '11H')",56.076,3,986674.0
"('05C', '07C', '11C', '11D', '11H')",56.075,3,986650.0
"('04C', '07C', '11C', '11D', '11H')",56.074,3,986625.0
"('03C', '07C', '11C', '11D', '11H')",56.073,3,986600.0
"('02C', '07C', '11C', '11D', '11H')",56.072,3,986576.0
"('05C', '06C', '11C', '11D', '11H')",56.065000000000005,3,986551.0
"('04C', '06C', '11C', '11D', '11H')",56.064,3,986527.0
"('03C', '06C', '11C', '11D', '11H')",56.063,3,986502.0
"('02C', '06C', '11C', '11D', '11H')",56.062000000000005,3,986477.0
"('04C', '05C', '11C', '11D', '11H')",56.053999999999995,3,986453.0
"('03C', '05C', '11C', '11D', '11H')",56.053,3,986428.0
"('02C', '05C', '11C', '11D', '11H')",56.052,3,986403.0
"('03C', '04C', '11C', '11D', '11H')",56.043,3,986379.0
"('02C', '04C', '11C', '11D', '11H')",56.042,3,986354.0
"('02C', '03C', '11C', '11D', '11H')",56.032000000000004,3,986330.0
"('10C', '10D', '10H', '13C', '14C')",55.153,3,986305.0
"('10C', '10D', '10H', '12C', '14C')",55.152,3,986280.0
"('10C', '10D', '10H', '11C', '14C')",55.151,3,986256.0
"('09C', '10C', '10D', '10H', '14C')",55.149,3,986231.0
"('08C', '10C', '10D', '10H', '14C')",55.148,3,986206.0
"('07C', '10C', '10D', '10H', '14C')",55.147,3,986182.0
"('06C', '10C', '10D', '10H', '14C')",55.146,3,986157.0
"('05C', '10C', '10D', '10H', '14C')",55.145,3,986133.0
"('04C', '10C', '10D', '10H', '14C')",55.144,3,986108.0
"('03C', '10C', '10D', '10H', '14C')",55.143,3,986083.0
"('02C', '10C', '10D', '10H', '14C')",55.142,3,986059.0
"('10C', '10D', '10H', '11C', '13C')",55.141000000000005,3,986009.0
"('09C', '10C', '10D', '10H', '13C')",55.139,3,985985.0
"('08C', '10C', '10D', '10H', '13C')",55.138000000000005,3,985960.0
"('07C', '10C', '10D', '10H', '13C')",55.137,3,985936.0
"('06C', '10C', '10D', '10H', '13C')",55.136,3,985911.0
"('05C', '10C', '10D', '10H', '13C')",55.135000000000005,3,985886.0
"('04C', '10C', '10D', '10H', '13C')",55.134,3,985862.0
"('03C', '10C', '10D', '10H', '13C')",55.133,3,985837.0
"('02C', '10C', '10D', '10H', '13C')",55.132000000000005,3,985812.0
"('10C', '10D', '10H', '11C', '12C')",55.131,3,985788.0
"('09C', '10C', '10D', '10H', '12C')",55.129,3,985763.0
"('08C', '10C', '10D', '10H', '12C')",55.128,3,985739.0
"('07C', '10C', '10D', '10H', '12C')",55.126999999999995,3,985714.0
"('06C', '10C', '10D', '10H', '12C')",55.126,3,985689.0
"('05C', '10C', '10D', '10H', '12C')",55.125,3,985665.0
"('04C', '10C', '10D', '10H', '12C')",55.123999999999995,3,985640.0
"('03C', '10C', '10D', '10H', '12C')",55.123,3,985615.0
"('02C', '10C', '10D', '10H', '12C')",55.122,3,985591.0
"('09C', '10C', '10D', '10H', '11C')",55.119,3,985566.0
"('08C', '10C', '10D', '10H', '11C')",55.118,3,985542.0
"('07C', '10C', '10D', '10H', '11C')",55.117,3,985517.0
"('06C', '10C', '10D', '10H', '11C')",55.116,3,985492.0
"('05C', '10C', '10D', '10H', '11C')",55.115,3,985468.0
"('04C', '10C', '10D', '10H', '11C')",55.114,3,985443.0
"('03C', '10C', '10D', '10H', '11C')",55.113,3,985418.0
"('02C', '10C', '10D', '10H', '11C')",55.112,3,985394.0
"('08C', '09C', '10C', '10D', '10H')",55.098000000000006,3,985369.0
"('07C', '09C', '10C', '10D', '10H')",55.097,3,985345.0
"('06C', '09C', '10C', '10D', '10H')",55.096000000000004,3,985320.0
"('05C', '09C', '10C', '10D', '10H')",55.095000000000006,3,985295.0
"('04C', '09C', '10C', '10D', '10H')",55.094,3,985271.0
"('03C', '09C', '10C', '10D', '10H')",55.093,3,985246.0
"('02C', '09C', '10C', '10D', '10H')",55.092000000000006,3,985221.0
"('07C', '08C', '10C', '10D', '10H')",55.086999999999996,3,985197.0
"('06C', '08C', '10C', '10D', '10H')",55.086,3,985172.0
"('05C', '08C', '10C', '10D', '10H')",55.085,3,985148.0
"('04C', '08C', '10C', '10D', '10H')",55.083999999999996,3,985123.0
"('03C', '08C', '10C', '10D', '10H')",55.083,3,985098.0
"('02C', '08C', '10C', '10D', '10H')",55.082,3,985074.0
"('06C', '07C', '10C', '10D', '10H')",55.076,3,985049.0
"('05C', '07C', '10C', '10D', '10H')",55.075,3,985024.0
"('04C', '07C', '10C', '10D', '10H')",55.074,3,985000.0
"('03C', '07C', '10C', '10D', '10H')",55.073,3,984975.0
"('02C', '07C', '10C', '10D', '10H')",55.072,3,984951.0
"('05C', '06C', '10C', '10D', '10H')",55.065000000000005,3,984926.0
"('04C', '06C', '10C', '10D', '10H')",55.064,3,984901.0
"('03C', '06C', '10C', '10D', '10H')",55.063,3,984877.0
"('02C', '06C', '10C', '10D', '10H')",55.062000000000005,3,984852.0
"('04C', '05C', '10C', '10D', '10H')",55.053999999999995,3,984827.0
"('03C', '05C', '10C', '10D', '10H')",55.053,3,984803.0
"('02C', '05C', '10C', '10D', '10H')",55.052,3,984778.0
"('03C', '04C', '10C', '10D', '10H')",55.043,3,984754.0
"('02C', '04C', '10C', '10D', '10H')",55.042,3,984729.0
"('02C', '03C', '10C', '10D', '10H')",55.032000000000004,3,984704.0
"('09C', '09D', '09H', '13C', '14C')",54.153,3,984680.0
"('09C', '09D', '09H', '12C', '14C')",54.152,3,984655.0
"('09C', '09D', '09H', '11C', '14C')",54.151,3,984630.0
"('09C', '09D', '09H', '10C', '14C')",54.15,3,984606.0
"('08C', '09C', '09D', '09H', '14C')",54.148,3,984581.0
"('07C', '09C', '09D', '09H', '14C')",54.147,3,984557.0
"('06C', '09C', '09D', '09H', '14C')",54.146,3,984532.0
"('05C', '09C', '09D', '09H', '14C')",54.145,3,984507.0
"('04C', '09C', '09D', '09H', '14C')",54.144,3,984483.0
"('03C', '09C', '09D', '09H', '14C')",54.143,3,984458.0
"('02C', '09C', '09D', '09H', '14C')",54.142,3,984433.0
"('09C', '09D', '09H', '11C', '13C')",54.141000000000005,3,984384.0
"('09C', '09D', '09H', '10C', '13C')",54.14,3,984360.0
"('08C', '09C', '09D', '09H', '13C')",54.138000000000005,3,984335.0
"('07C', '09C', '09D', '09H', '13C')",54.137,3,984310.0
"('06C', '09C', '09D', '09H', '13C')",54.136,3,984286.0
"('05C', '09C', '09D', '09H', '13C')",54.135000000000005,3,984261.0
"('04C', '09C', '09D', '09H', '13C')",54.134,3,984236.0
"('03C', '09C', '09D', '09H', '13C')",54.133,3,984212.0
"('02C', '09C', '09D', '09H', '13C')",54.132000000000005,3,984187.0
"('09C', '09D', '09H', '11C', '12C')",54.131,3,984163.0
"('09C', '09D', '09H', '10C', '12C')",54.129999999999995,3,984138.0
"('08C', '09C', '09D', '09H', '12C')",54.128,3,984113.0
"('07C', '09C', '09D', '09H', '12C')",54.126999999999995,3,984089.0
"('06C', '09C', '09D', '09H', '12C')",54.126,3,984064.0
"('05C', '09C', '09D', '09H', '12C')",54.125,3,984039.0
"('04C', '09C', '09D', '09H', '12C')",54.123999999999995,3,984015.0
"('03C', '09C', '09D', '09H', '12C')",54.123,3,983990.0
"('02C', '09C', '09D', '09H', '12C')",54.122,3,983966.0
"('09C', '09D', '09H', '10C', '11C')",54.12,3,983941.0
"('08C', '09C', '09D', '09H', '11C')",54.118,3,983916.0
"('07C', '09C', '09D', '09H', '11C')",54.117,3,983892.0
"('06C', '09C', '09D', '09H', '11C')",54.116,3,983867.0
"('05C', '09C', '09D', '09H', '11C')",54.115,3,983842.0
"('04C', '09C', '09D', '09H', '11C')",54.114,3,983818.0
"('03C', '09C', '09D', '09H', '11C')",54.113,3,983793.0
"('02C', '09C', '09D', '09H', '11C')",54.112,3,983769.0
"('08C', '09C', '09D', '09H', '10C')",54.108000000000004,3,983744.0
"('07C', '09C', '09D', '09H', '10C')",54.107,3,983719.0
"('06C', '09C', '09D', '09H', '10C')",54.106,3,983695.0
"('05C', '09C', '09D', '09H', '10C')",54.105000000000004,3,983670.0
"('04C', '09C', '09D', '09H', '10C')",54.104,3,983645.0
"('03C', '09C', '09D', '09H', '10C')",54.103,3,983621.0
"('02C', '09C', '09D', '09H', '10C')",54.102000000000004,3,983596.0
"('07C', '08C', '09C', '09D', '09H')",54.086999999999996,3,983572.0
"('06C', '08C', '09C', '09D', '09H')",54.086,3,983547.0
"('05C', '08C', '09C', '09D', '09H')",54.085,3,983522.0
"('04C', '08C', '09C', '09D', '09H')",54.083999999999996,3,983498.0
"('03C', '08C', '09C', '09D', '09H')",54.083,3,983473.0
"('02C', '08C', '09C', '09D', '09H')",54.082,3,983448.0
"('06C', '07C', '09C', '09D', '09H')",54.076,3,983424.0
"('05C', '07C', '09C', '09D', '09H')",54.075,3,983399.0
"('04C', '07C', '09C', '09D', '09H')",54.074,3,983375.0
"('03C', '07C', '09C', '09D', '09H')",54.073,3,983350.0
"('02C', '07C', '09C', '09D', '09H')",54.072,3,983325.0
"('05C', '06C', '09C', '09D', '09H')",54.065000000000005,3,983301.0
"('04C', '06C', '09C', '09D', '09H')",54.064,3,983276.0
"('03C', '06C', '09C', '09D', '09H')",54.063,3,983251.0
"('02C', '06C', '09C', '09D', '09H')",54.062000000000005,3,983227.0
"('04C', '05C', '09C', '09D', '09H')",54.053999999999995,3,983202.0
"('03C', '05C', '09C', '09D', '09H')",54.053,3,983178.0
"('02C', '05C', '09C', '09D', '09H')",54.052,3,983153.0
"('03C', '04C', '09C', '09D', '09H')",54.043,3,983128.0
"('02C', '04C', '09C', '09D', '09H')",54.042,3,983104.0
"('02C', '03C', '09C', '09D', '09H')",54.032000000000004,3,983079.0
"('08C', '08D', '08H', '13C', '14C')",53.153,3,983054.0
"('08C', '08D', '08H', '12C', '14C')",53.152,3,983030.0
"('08C', '08D', '08H', '11C', '14C')",53.151,3,983005.0
"('08C', '08D', '08H', '10C', '14C')",53.15,3,982980.0
"('08C', '08D', '08H', '09C', '14C')",53.149,3,982956.0
"('07C', '08C', '08D', '08H', '14C')",53.147,3,982931.0
"('06C', '08C', '08D', '08H', '14C')",53.146,3,982907.0
"('05C', '08C', '08D', '08H', '14C')",53.145,3,982882.0
"('04C', '08C', '08D', '08H', '14C')",53.144,3,982857.0
"('03C', '08C', '08D', '08H', '14C')",53.143,3,982833.0
"('02C', '08C', '08D', '08H', '14C')",53.142,3,982808.0
"('08C', '08D', '08H', '11C', '13C')",53.141000000000005,3,982759.0
"('08C', '08D', '08H', '10C', '13C')",53.14,3,982734.0
"('08C', '08D', '08H', '09C', '13C')",53.139,3,982710.0
"('07C', '08C', '08D', '08H', '13C')",53.137,3,982685.0
"('06C', '08C', '08D', '08H', '13C')",53.136,3,982660.0
"('05C', '08C', '08D', '08H', '13C')",53.135000000000005,3,982636.0
"('04C', '08C', '08D', '08H', '13C')",53.134,3,982611.0
"('03C', '08C', '08D', '08H', '13C')",53.133,3,982586.0
"('02C', '08C', '08D', '08H', '13C')",53.132000000000005,3,982562.0
"('08C', '08D', '08H', '11C', '12C')",53.131,3,982537.0
"('08C', '08D', '08H', '10C', '12C')",53.129999999999995,3,982513.0
"('08C', '08D', '08H', '09C', '12C')",53.129,3,982488.0
"('07C', '08C', '08D', '08H', '12C')",53.126999999999995,3,982463.0
"('06C', '08C', '08D', '08H', '12C')",53.126,3,982439.0
"('05C', '08C', '08D', '08H', '12C')",53.125,3,982414.0
"('04C', '08C', '08D', '08H', '12C')",53.123999999999995,3,982389.0
"('03C', '08C', '08D', '08H', '12C')",53.123,3,982365.0
"('02C', '08C', '08D', '08H', '12C')",53.122,3,982340.0
"('08C', '08D', '08H', '10C', '11C')",53.12,3,982316.0
"('08C', '08D', '08H', '09C', '11C')",53.119,3,982291.0
"('07C', '08C', '08D', '08H', '11C')",53.117,3,982266.0
"('06C', '08C', '08D', '08H', '11C')",53.116,3,982242.0
"('05C', '08C', '08D', '08H', '11C')",53.115,3,982217.0
"('04C', '08C', '08D', '08H', '11C')",53.114,3,982192.0
"('03C', '08C', '08D', '08H', '11C')",53.113,3,982168.0
"('02C', '08C', '08D', '08H', '11C')",53.112,3,982143.0
"('08C', '08D', '08H', '09C', '10C')",53.109,3,982119.0
"('07C', '08C', '08D', '08H', '10C')",53.107,3,982094.0
"('06C', '08C', '08D', '08H', '10C')",53.106,3,982069.0
"('05C', '08C', '08D', '08H', '10C')",53.105000000000004,3,982045.0
"('04C', '08C', '08D', '08H', '10C')",53.104,3,982020.0
"('03C', '08C', '08D', '08H', '10C')",53.103,3,981995.0
"('02C', '08C', '08D', '08H', '10C')",53.102000000000004,3,981971.0
"('07C', '08C', '08D', '08H', '09C')",53.097,3,981946.0
"('06C', '08C', '08D', '08H', '09C')",53.096000000000004,3,981922.0
"('05C', '08C', '08D', '08H', '09C')",53.095000000000006,3,981897.0
"('04C', '08C', '08D', '08H', '09C')",53.094,3,981872.0
"('03C', '08C', '08D', '08H', '09C')",53.093,3,981848.0
"('02C', '08C', '08D', '08H', '09C')",53.092000000000006,3,981823.0
"('06C', '07C', '08C', '08D', '08H')",53.076,3,981798.0
"('05C', '07C', '08C', '08D', '08H')",53.075,3,981774.0
"('04C', '07C', '08C', '08D', '08H')",53.074,3,981749.0
"('03C', '07C', '08C', '08D', '08H')",53.073,3,981725.0
"('02C', '07C', '08C', '08D', '08H')",53.072,3,981700.0
"('05C', '06C', '08C', '08D', '08H')",53.065000000000005,3,981675.0
"('04C', '06C', '08C', '08D', '08H')",53.064,3,981651.0
"('03C', '06C', '08C', '08D', '08H')",53.063,3,981626.0
"('02C', '06C', '08C', '08D', '08H')",53.062000000000005,3,981601.0
"('04C', '05C', '08C', '08D', '08H')",53.053999999999995,3,981577.0
"('03C', '05C', '08C', '08D', '08H')",53.053,3,981552.0
"('02C', '05C', '08C', '08D', '08H')",53.052,3,981528.0
"('03C', '04C', '08C', '08D', '08H')",53.043,3,981503.0
"('02C', '04C', '08C', '08D', '08H')",53.042,3,981478.0
"('02C', '03C', '08C', '08D', '08H')",53.032000000000004,3,981454.0
"('07C', '07D', '07H', '13C', '14C')",52.153,3,981429.0
"('07C', '07D', '07H', '12C', '14C')",52.152,3,981404.0
"('07C', '07D', '07H', '11C', '14C')",52.151,3,981380.0
"('07C', '07D', '07H', '10C', '14C')",52.15,3,981355.0
"('07C', '07D', '07H', '09C', '14C')",52.149,3,981331.0
"('07C', '07D', '07H', '08C', '14C')",52.148,3,981306.0
"('06C', '07C', '07D', '07H', '14C')",52.146,3,981281.0
"('05C', '07C', '07D', '07H', '14C')",52.145,3,981257.0
"('04C', '07C', '07D', '07H', '14C')",52.144,3,981232.0
"('03C', '07C', '07D', '07H', '14C')",52.143,3,981207.0
"('02C', '07C', '07D', '07H', '14C')",52.142,3,981183.0
"('07C', '07D', '07H', '11C', '13C')",52.141000000000005,3,981134.0
"('07C', '07D', '07H', '10C', '13C')",52.14,3,981109.0
"('07C', '07D', '07H', '09C', '13C')",52.139,3,981084.0
"('07C', '07D', '07H', '08C', '13C')",52.138000000000005,3,981060.0
"('06C', '07C', '07D', '07H', '13C')",52.136,3,981035.0
"('05C', '07C', '07D', '07H', '13C')",52.135000000000005,3,981010.0
"('04C', '07C', '07D', '07H', '13C')",52.134,3,980986.0
"('03C', '07C', '07D', '07H', '13C')",52.133,3,980961.0
"('02C', '07C', '07D', '07H', '13C')",52.132000000000005,3,980937.0
"('07C', '07D', '07H', '11C', '12C')",52.131,3,980912.0
"('07C', '07D', '07H', '10C', '12C')",52.129999999999995,3,980887.0
"('07C', '07D', '07H', '09C', '12C')",52.129,3,980863.0
"('07C', '07D', '07H', '08C', '12C')",52.128,3,980838.0
"('06C', '07C', '07D', '07H', '12C')",52.126,3,980813.0
"('05C', '07C', '07D', '07H', '12C')",52.125,3,980789.0
"('04C', '07C', '07D', '07H', '12C')",52.123999999999995,3,980764.0
"('03C', '07C', '07D', '07H', '12C')",52.123,3,980740.0
"('02C', '07C', '07D', '07H', '12C')",52.122,3,980715.0
"('07C', '07D', '07H', '10C', '11C')",52.12,3,980690.0
"('07C', '07D', '07H', '09C', '11C')",52.119,3,980666.0
"('07C', '07D', '07H', '08C', '11C')",52.118,3,980641.0
"('06C', '07C', '07D', '07H', '11C')",52.116,3,980616.0
"('05C', '07C', '07D', '07H', '11C')",52.115,3,980592.0
"('04C', '07C', '07D', '07H', '11C')",52.114,3,980567.0
"('03C', '07C', '07D', '07H', '11C')",52.113,3,980543.0
"('02C', '07C', '07D', '07H', '11C')",52.112,3,980518.0
"('07C', '07D', '07H', '09C', '10C')",52.109,3,980493.0
"('07C', '07D', '07H', '08C', '10C')",52.108000000000004,3,980469.0
"('06C', '07C', '07D', '07H', '10C')",52.106,3,980444.0
"('05C', '07C', '07D', '07H', '10C')",52.105000000000004,3,980419.0
"('04C', '07C', '07D', '07H', '10C')",52.104,3,980395.0
"('03C', '07C', '07D', '07H', '10C')",52.103,3,980370.0
"('02C', '07C', '07D', '07H', '10C')",52.102000000000004,3,980346.0
"('07C', '07D', '07H', '08C', '09C')",52.098000000000006,3,980321.0
"('06C', '07C', '07D', '07H', '09C')",52.096000000000004,3,980296.0
"('05C', '07C', '07D', '07H', '09C')",52.095000000000006,3,980272.0
"('04C', '07C', '07D', '07H', '09C')",52.094,3,980247.0
"('03C', '07C', '07D', '07H', '09C')",52.093,3,980222.0
"('02C', '07C', '07D', '07H', '09C')",52.092000000000006,3,980198.0
"('06C', '07C', '07D', '07H', '08C')",52.086,3,980173.0
"('05C', '07C', '07D', '07H', '08C')",52.085,3,980149.0
"('04C', '07C', '07D', '07H', '08C')",52.083999999999996,3,980124.0
"('03C', '07C', '07D', '07H', '08C')",52.083,3,980099.0
"('02C', '07C', '07D', '07H', '08C')",52.082,3,980075.0
"('05C', '06C', '07C', '07D', '07H')",52.065000000000005,3,980050.0
"('04C', '06C', '07C', '07D', '07H')",52.064,3,980025.0
"('03C', '06C', '07C', '07D', '07H')",52.063,3,980001.0
"('02C', '06C', '07C', '07D', '07H')",52.062000000000005,3,979976.0
"('04C', '05C', '07C', '07D', '07H')",52.053999999999995,3,979952.0
"('03C', '05C', '07C', '07D', '07H')",52.053,3,979927.0
"('02C', '05C', '07C', '07D', '07H')",52.052,3,979902.0
"('03C', '04C', '07C', '07D', '07H')",52.043,3,979878.0
"('02C', '04C', '07C', '07D', '07H')",52.042,3,979853.0
"('02C', '03C', '07C', '07D', '07H')",52.032000000000004,3,979828.0
"('06C', '06D', '06H', '13C', '14C')",51.153,3,979804.0
"('06C', '06D', '06H', '12C', '14C')",51.152,3,979779.0
"('06C', '06D', '06H', '11C', '14C')",51.151,3,979755.0
"('06C', '06D', '06H', '10C', '14C')",51.15,3,979730.0
"('06C', '06D', '06H', '09C', '14C')",51.149,3,979705.0
"('06C', '06D', '06H', '08C', '14C')",51.148,3,979681.0
"('06C', '06D', '06H', '07C', '14C')",51.147,3,979656.0
"('05C', '06C', '06D', '06H', '14C')",51.145,3,979631.0
"('04C', '06C', '06D', '06H', '14C')",51.144,3,979607.0
"('03C', '06C', '06D', '06H', '14C')",51.143,3,979582.0
"('02C', '06C', '06D', '06H', '14C')",51.142,3,979558.0
"('06C', '06D', '06H', '11C', '13C')",51.141000000000005,3,979508.0
"('06C', '06D', '06H', '10C', '13C')",51.14,3,979484.0
"('06C', '06D', '06H', '09C', '13C')",51.139,3,979459.0
"('06C', '06D', '06H', '08C', '13C')",51.138000000000005,3,979434.0
"('06C', '06D', '06H', '07C', '13C')",51.137,3,979410.0
"('05C', '06C', '06D', '06H', '13C')",51.135000000000005,3,979385.0
"('04C', '06C', '06D', '06H', '13C')",51.134,3,979361.0
"('03C', '06C', '06D', '06H', '13C')",51.133,3,979336.0
"('02C', '06C', '06D', '06H', '13C')",51.132000000000005,3,979311.0
"('06C', '06D', '06H', '11C', '12C')",51.131,3,979287.0
"('06C', '06D', '06H', '10C', '12C')",51.129999999999995,3,979262.0
"('06C', '06D', '06H', '09C', '12C')",51.129,3,979237.0
"('06C', '06D', '06H', '08C', '12C')",51.128,3,979213.0
"('06C', '06D', '06H', '07C', '12C')",51.126999999999995,3,979188.0
"('05C', '06C', '06D', '06H', '12C')",51.125,3,979164.0
"('04C', '06C', '06D', '06H', '12C')",51.123999999999995,3,979139.0
"('03C', '06C', '06D', '06H', '12C')",51.123,3,979114.0
"('02C', '06C', '06D', '06H', '12C')",51.122,3,979090.0
"('06C', '06D', '06H', '10C', '11C')",51.12,3,979065.0
"('06C', '06D', '06H', '09C', '11C')",51.119,3,979040.0
"('06C', '06D', '06H', '08C', '11C')",51.118,3,979016.0
"('06C', '06D', '06H', '07C', '11C')",51.117,3,978991.0
"('05C', '06C', '06D', '06H', '11C')",51.115,3,978967.0
"('04C', '06C', '06D', '06H', '11C')",51.114,3,978942.0
"('03C', '06C', '06D', '06H', '11C')",51.113,3,978917.0
"('02C', '06C', '06D', '06H', '11C')",51.112,3,978893.0
"('06C', '06D', '06H', '09C', '10C')",51.109,3,978868.0
"('06C', '06D', '06H', '08C', '10C')",51.108000000000004,3,978843.0
"('06C', '06D', '06H', '07C', '10C')",51.107,3,978819.0
"('05C', '06C', '06D', '06H', '10C')",51.105000000000004,3,978794.0
"('04C', '06C', '06D', '06H', '10C')",51.104,3,978770.0
"('03C', '06C', '06D', '06H', '10C')",51.103,3,978745.0
"('02C', '06C', '06D', '06H', '10C')",51.102000000000004,3,978720.0
"('06C', '06D', '06H', '08C', '09C')",51.098000000000006,3,978696.0
"('06C', '06D', '06H', '07C', '09C')",51.097,3,978671.0
"('05C', '06C', '06D', '06H', '09C')",51.095000000000006,3,978646.0
"('04C', '06C', '06D', '06H', '09C')",51.094,3,978622.0
"('03C', '06C', '06D', '06H', '09C')",51.093,3,978597.0
"('02C', '06C', '06D', '06H', '09C')",51.092000000000006,3,978573.0
"('06C', '06D', '06H', '07C', '08C')",51.086999999999996,3,978548.0
"('05C', '06C', '06D', '06H', '08C')",51.085,3,978523.0
"('04C', '06C', '06D', '06H', '08C')",51.083999999999996,3,978499.0
"('03C', '06C', '06D', '06H', '08C')",51.083,3,978474.0
"('02C', '06C', '06D', '06H', '08C')",51.082,3,978449.0
"('05C', '06C', '06D', '06H', '07C')",51.075,3,978425.0
"('04C', '06C', '06D', '06H', '07C')",51.074,3,978400.0
"('03C', '06C', '06D', '06H', '07C')",51.073,3,978376.0
"('02C', '06C', '06D', '06H', '07C')",51.072,3,978351.0
"('04C', '05C', '06C', '06D', '06H')",51.053999999999995,3,978326.0
"('03C', '05C', '06C', '06D', '06H')",51.053,3,978302.0
"('02C', '05C', '06C', '06D', '06H')",51.052,3,978277.0
"('03C', '04C', '06C', '06D', '06H')",51.043,3,978252.0
"('02C', '04C', '06C', '06D', '06H')",51.042,3,978228.0
"('02C', '03C', '06C', '06D', '06H')",51.032000000000004,3,978203.0
"('05C', '05D', '05H', '13C', '14C')",50.153,3,978179.0
"('05C', '05D', '05H', '12C', '14C')",50.152,3,978154.0
"('05C', '05D', '05H', '11C', '14C')",50.151,3,978129.0
"('05C', '05D', '05H', '10C', '14C')",50.15,3,978105.0
"('05C', '05D', '05H', '09C', '14C')",50.149,3,978080.0
"('05C', '05D', '05H', '08C', '14C')",50.148,3,978055.0
"('05C', '05D', '05H', '07C', '14C')",50.147,3,978031.0
"('05C', '05D', '05H', '06C', '14C')",50.146,3,978006.0
"('04C', '05C', '05D', '05H', '14C')",50.144,3,977982.0
"('03C', '05C', '05D', '05H', '14C')",50.143,3,977957.0
"('02C', '05C', '05D', '05H', '14C')",50.142,3,977932.0
"('05C', '05D', '05H', '11C', '13C')",50.141000000000005,3,977883.0
"('05C', '05D', '05H', '10C', '13C')",50.14,3,977858.0
"('05C', '05D', '05H', '09C', '13C')",50.139,3,977834.0
"('05C', '05D', '05H', '08C', '13C')",50.138000000000005,3,977809.0
"('05C', '05D', '05H', '07C', '13C')",50.137,3,977785.0
"('05C', '05D', '05H', '06C', '13C')",50.136,3,977760.0
"('04C', '05C', '05D', '05H', '13C')",50.134,3,977735.0
"('03C', '05C', '05D', '05H', '13C')",50.133,3,977711.0
"('02C', '05C', '05D', '05H', '13C')",50.132000000000005,3,977686.0
"('05C', '05D', '05H', '11C', '12C')",50.131,3,977661.0
"('05C', '05D', '05H', '10C', '12C')",50.129999999999995,3,977637.0
"('05C', '05D', '05H', '09C', '12C')",50.129,3,977612.0
"('05C', '05D', '05H', '08C', '12C')",50.128,3,977588.0
"('05C', '05D', '05H', '07C', '12C')",50.126999999999995,3,977563.0
"('05C', '05D', '05H', '06C', '12C')",50.126,3,977538.0
"('04C', '05C', '05D', '05H', '12C')",50.123999999999995,3,977514.0
"('03C', '05C', '05D', '05H', '12C')",50.123,3,977489.0
"('02C', '05C', '05D', '05H', '12C')",50.122,3,977464.0
"('05C', '05D', '05H', '10C', '11C')",50.12,3,977440.0
"('05C', '05D', '05H', '09C', '11C')",50.119,3,977415.0
"('05C', '05D', '05H', '08C', '11C')",50.118,3,977391.0
"('05C', '05D', '05H', '07C', '11C')",50.117,3,977366.0
"('05C', '05D', '05H', '06C', '11C')",50.116,3,977341.0
"('04C', '05C', '05D', '05H', '11C')",50.114,3,977317.0
"('03C', '05C', '05D', '05H', '11C')",50.113,3,977292.0
"('02C', '05C', '05D', '05H', '11C')",50.112,3,977267.0
"('05C', '05D', '05H', '09C', '10C')",50.109,3,977243.0
"('05C', '05D', '05H', '08C', '10C')",50.108000000000004,3,977218.0
"('05C', '05D', '05H', '07C', '10C')",50.107,3,977194.0
"('05C', '05D', '05H', '06C', '10C')",50.106,3,977169.0
"('04C', '05C', '05D', '05H', '10C')",50.104,3,977144.0
"('03C', '05C', '05D', '05H', '10C')",50.103,3,977120.0
"('02C', '05C', '05D', '05H', '10C')",50.102000000000004,3,977095.0
"('05C', '05D', '05H', '08C', '09C')",50.098000000000006,3,977070.0
"('05C', '05D', '05H', '07C', '09C')",50.097,3,977046.0
"('05C', '05D', '05H', '06C', '09C')",50.096000000000004,3,977021.0
"('04C', '05C', '05D', '05H', '09C')",50.094,3,976997.0
"('03C', '05C', '05D', '05H', '09C')",50.093,3,976972.0
"('02C', '05C', '05D', '05H', '09C')",50.092000000000006,3,976947.0
"('05C', '05D', '05H', '07C', '08C')",50.086999999999996,3,976923.0
"('05C', '05D', '05H', '06C', '08C')",50.086,3,976898.0
"('04C', '05C', '05D', '05H', '08C')",50.083999999999996,3,976873.0
"('03C', '05C', '05D', '05H', '08C')",50.083,3,976849.0
"('02C', '05C', '05D', '05H', '08C')",50.082,3,976824.0
"('05C', '05D', '05H', '06C', '07C')",50.076,3,976800.0
"('04C', '05C', '05D', '05H', '07C')",50.074,3,976775.0
"('03C', '05C', '05D', '05H', '07C')",50.073,3,976750.0
"('02C', '05C', '05D', '05H', '07C')",50.072,3,976726.0
"('04C', '05C', '05D', '05H', '06C')",50.064,3,976701.0
"('03C', '05C', '05D', '05H', '06C')",50.063,3,976676.0
"('02C', '05C', '05D', '05H', '06C')",50.062000000000005,3,976652.0
"('03C', '04C', '05C', '05D', '05H')",50.043,3,976627.0
"('02C', '04C', '05C', '05D', '05H')",50.042,3,976603.0
"('02C', '03C', '05C', '05D', '05H')",50.032000000000004,3,976578.0
"('04C', '04D', '04H', '13C', '14C')",49.153,3,976553.0
"('04C', '04D', '04H', '12C', '14C')",49.152,3,976529.0
"('04C', '04D', '04H', '11C', '14C')",49.151,3,976504.0
"('04C', '04D', '04H', '10C', '14C')",49.15,3,976479.0
"('04C', '04D', '04H', '09C', '14C')",49.149,3,976455.0
"('04C', '04D', '04H', '08C', '14C')",49.148,3,976430.0
"('04C', '04D', '04H', '07C', '14C')",49.147,3,976406.0
"('04C', '04D', '04H', '06C', '14C')",49.146,3,976381.0
"('04C', '04D', '04H', '05C', '14C')",49.145,3,976356.0
"('03C', '04C', '04D', '04H', '14C')",49.143,3,976332.0
"('02C', '04C', '04D', '04H', '14C')",49.142,3,976307.0
"('04C', '04D', '04H', '11C', '13C')",49.141000000000005,3,976258.0
"('04C', '04D', '04H', '10C', '13C')",49.14,3,976233.0
"('04C', '04D', '04H', '09C', '13C')",49.139,3,976209.0
"('04C', '04D', '04H', '08C', '13C')",49.138000000000005,3,976184.0
"('04C', '04D', '04H', '07C', '13C')",49.137,3,976159.0
"('04C', '04D', '04H', '06C', '13C')",49.136,3,976135.0
"('04C', '04D', '04H', '05C', '13C')",49.135000000000005,3,976110.0
"('03C', '04C', '04D', '04H', '13C')",49.133,3,976085.0
"('02C', '04C', '04D', '04H', '13C')",49.132000000000005,3,976061.0
"('04C', '04D', '04H', '11C', '12C')",49.131,3,976036.0
"('04C', '04D', '04H', '10C', '12C')",49.129999999999995,3,976012.0
"('04C', '04D', '04H', '09C', '12C')",49.129,3,975987.0
"('04C', '04D', '04H', '08C', '12C')",49.128,3,975962.0
"('04C', '04D', '04H', '07C', '12C')",49.126999999999995,3,975938.0
"('04C', '04D', '04H', '06C', '12C')",49.126,3,975913.0
"('04C', '04D', '04H', '05C', '12C')",49.125,3,975888.0
"('03C', '04C', '04D', '04H', '12C')",49.123,3,975864.0
"('02C', '04C', '04D', '04H', '12C')",49.122,3,975839.0
"('04C', '04D', '04H', '10C', '11C')",49.12,3,975815.0
"('04C', '04D', '04H', '09C', '11C')",49.119,3,975790.0
"('04C', '04D', '04H', '08C', '11C')",49.118,3,975765.0
"('04C', '04D', '04H', '07C', '11C')",49.117,3,975741.0
"('04C', '04D', '04H', '06C', '11C')",49.116,3,975716.0
"('04C', '04D', '04H', '05C', '11C')",49.115,3,975691.0
"('03C', '04C', '04D', '04H', '11C')",49.113,3,975667.0
"('02C', '04C', '04D', '04H', '11C')",49.112,3,975642.0
"('04C', '04D', '04H', '09C', '10C')",49.109,3,975618.0
"('04C', '04D', '04H', '08C', '10C')",49.108000000000004,3,975593.0
"('04C', '04D', '04H', '07C', '10C')",49.107,3,975568.0
"('04C', '04D', '04H', '06C', '10C')",49.106,3,975544.0
"('04C', '04D', '04H', '05C', '10C')",49.105000000000004,3,975519.0
"('03C', '04C', '04D', '04H', '10C')",49.103,3,975494.0
"('02C', '04C', '04D', '04H', '10C')",49.102000000000004,3,975470.0
"('04C', '04D', '04H', '08C', '09C')",49.098000000000006,3,975445.0
"('04C', '04D', '04H', '07C', '09C')",49.097,3,975421.0
"('04C', '04D', '04H', '06C', '09C')",49.096000000000004,3,975396.0
"('04C', '04D', '04H', '05C', '09C')",49.095000000000006,3,975371.0
"('03C', '04C', '04D', '04H', '09C')",49.093,3,975347.0
"('02C', '04C', '04D', '04H', '09C')",49.092000000000006,3,975322.0
"('04C', '04D', '04H', '07C', '08C')",49.086999999999996,3,975297.0
"('04C', '04D', '04H', '06C', '08C')",49.086,3,975273.0
"('04C', '04D', '04H', '05C', '08C')",49.085,3,975248.0
"('03C', '04C', '04D', '04H', '08C')",49.083,3,975224.0
"('02C', '04C', '04D', '04H', '08C')",49.082,3,975199.0
"('04C', '04D', '04H', '06C', '07C')",49.076,3,975174.0
"('04C', '04D', '04H', '05C', '07C')",49.075,3,975150.0
"('03C', '04C', '04D', '04H', '07C')",49.073,3,975125.0
"('02C', '04C', '04D', '04H', '07C')",49.072,3,975100.0
"('04C', '04D', '04H', '05C', '06C')",49.065000000000005,3,975076.0
"('03C', '04C', '04D', '04H', '06C')",49.063,3,975051.0
"('02C', '04C', '04D', '04H', '06C')",49.062000000000005,3,975027.0
"('03C', '04C', '04D', '04H', '05C')",49.053,3,975002.0
"('02C', '04C', '04D', '04H', '05C')",49.052,3,974977.0
"('02C', '03C', '04C', '04D', '04H')",49.032000000000004,3,974953.0
"('03C', '03D', '03H', '13C', '14C')",48.153,3,974928.0
"('03C', '03D', '03H', '12C', '14C')",48.152,3,974903.0
"('03C', '03D', '03H', '11C', '14C')",48.151,3,974879.0
"('03C', '03D', '03H', '10C', '14C')",48.15,3,974854.0
"('03C', '03D', '03H', '09C', '14C')",48.149,3,974830.0
"('03C', '03D', '03H', '08C', '14C')",48.148,3,974805.0
"('03C', '03D', '03H', '07C', '14C')",48.147,3,974780.0
"('03C', '03D', '03H', '06C', '14C')",48.146,3,974756.0
"('03C', '03D', '03H', '05C', '14C')",48.145,3,974731.0
"('03C', '03D', '03H', '04C', '14C')",48.144,3,974706.0
"('02C', '03C', '03D', '03H', '14C')",48.142,3,974682.0
"('03C', '03D', '03H', '11C', '13C')",48.141000000000005,3,974633.0
"('03C', '03D', '03H', '10C', '13C')",48.14,3,974608.0
"('03C', '03D', '03H', '09C', '13C')",48.139,3,974583.0
"('03C', '03D', '03H', '08C', '13C')",48.138000000000005,3,974559.0
"('03C', '03D', '03H', '07C', '13C')",48.137,3,974534.0
"('03C', '03D', '03H', '06C', '13C')",48.136,3,974509.0
"('03C', '03D', '03H', '05C', '13C')",48.135000000000005,3,974485.0
"('03C', '03D', '03H', '04C', '13C')",48.134,3,974460.0
"('02C', '03C', '03D', '03H', '13C')",48.132000000000005,3,974436.0
"('03C', '03D', '03H', '11C', '12C')",48.131,3,974411.0
"('03C', '03D', '03H', '10C', '12C')",48.129999999999995,3,974386.0
"('03C', '03D', '03H', '09C', '12C')",48.129,3,974362.0
"('03C', '03D', '03H', '08C', '12C')",48.128,3,974337.0
"('03C', '03D', '03H', '07C', '12C')",48.126999999999995,3,974312.0
"('03C', '03D', '03H', '06C', '12C')",48.126,3,974288.0
"('03C', '03D', '03H', '05C', '12C')",48.125,3,974263.0
"('03C', '03D', '03H', '04C', '12C')",48.123999999999995,3,974239.0
"('02C', '03C', '03D', '03H', '12C')",48.122,3,974214.0
"('03C', '03D', '03H', '10C', '11C')",48.12,3,974189.0
"('03C', '03D', '03H', '09C', '11C')",48.119,3,974165.0
"('03C', '03D', '03H', '08C', '11C')",48.118,3,974140.0
"('03C', '03D', '03H', '07C', '11C')",48.117,3,974115.0
"('03C', '03D', '03H', '06C', '11C')",48.116,3,974091.0
"('03C', '03D', '03H', '05C', '11C')",48.115,3,974066.0
"('03C', '03D', '03H', '04C', '11C')",48.114,3,974042.0
"('02C', '03C', '03D', '03H', '11C')",48.112,3,974017.0
"('03C', '03D', '03H', '09C', '10C')",48.109,3,973992.0
"('03C', '03D', '03H', '08C', '10C')",48.108000000000004,3,973968.0
"('03C', '03D', '03H', '07C', '10C')",48.107,3,973943.0
"('03C', '03D', '03H', '06C', '10C')",48.106,3,973918.0
"('03C', '03D', '03H', '05C', '10C')",48.105000000000004,3,973894.0
"('03C', '03D', '03H', '04C', '10C')",48.104,3,973869.0
"('02C', '03C', '03D', '03H', '10C')",48.102000000000004,3,973845.0
"('03C', '03D', '03H', '08C', '09C')",48.098000000000006,3,973820.0
"('03C', '03D', '03H', '07C', '09C')",48.097,3,973795.0
"('03C', '03D', '03H', '06C', '09C')",48.096000000000004,3,973771.0
"('03C', '03D', '03H', '05C', '09C')",48.095000000000006,3,973746.0
"('03C', '03D', '03H', '04C', '09C')",48.094,3,973721.0
"('02C', '03C', '03D', '03H', '09C')",48.092000000000006,3,973697.0
"('03C', '03D', '03H', '07C', '08C')",48.086999999999996,3,973672.0
"('03C', '03D', '03H', '06C', '08C')",48.086,3,973648.0
"('03C', '03D', '03H', '05C', '08C')",48.085,3,973623.0
"('03C', '03D', '03H', '04C', '08C')",48.083999999999996,3,973598.0
"('02C', '03C', '03D', '03H', '08C')",48.082,3,973574.0
"('03C', '03D', '03H', '06C', '07C')",48.076,3,973549.0
"('03C', '03D', '03H', '05C', '07C')",48.075,3,973524.0
"('03C', '03D', '03H', '04C', '07C')",48.074,3,973500.0
"('02C', '03C', '03D', '03H', '07C')",48.072,3,973475.0
"('03C', '03D', '03H', '05C', '06C')",48.065000000000005,3,973451.0
"('03C', '03D', '03H', '04C', '06C')",48.064,3,973426.0
"('02C', '03C', '03D', '03H', '06C')",48.062000000000005,3,973401.0
"('03C', '03D', '03H', '04C', '05C')",48.053999999999995,3,973377.0
"('02C', '03C', '03D', '03H', '05C')",48.052,3,973352.0
"('02C', '03C', '03D', '03H', '04C')",48.042,3,973327.0
"('02C', '02D', '02H', '13C', '14C')",47.153,3,973303.0
"('02C', '02D', '02H', '12C', '14C')",47.152,3,973278.0
"('02C', '02D', '02H', '11C', '14C')",47.151,3,973254.0
"('02C', '02D', '02H', '10C', '14C')",47.15,3,973229.0
"('02C', '02D', '02H', '09C', '14C')",47.149,3,973204.0
"('02C', '02D', '02H', '08C', '14C')",47.148,3,973180.0
"('02C', '02D', '02H', '07C', '14C')",47.147,3,973155.0
"('02C', '02D', '02H', '06C', '14C')",47.146,3,973130.0
"('02C', '02D', '02H', '05C', '14C')",47.145,3,973106.0
"('02C', '02D', '02H', '04C', '14C')",47.144,3,973081.0
"('02C', '02D', '02H', '03C', '14C')",47.143,3,973057.0
"('02C', '02D', '02H', '12C', '13C')",47.142,3,973032.0
"('02C', '02D', '02H', '11C', '13C')",47.141000000000005,3,973007.0
"('02C', '02D', '02H', '10C', '13C')",47.14,3,972983.0
"('02C', '02D', '02H', '09C', '13C')",47.139,3,972958.0
"('02C', '02D', '02H', '08C', '13C')",47.138000000000005,3,972933.0
"('02C', '02D', '02H', '07C', '13C')",47.137,3,972909.0
"('02C', '02D', '02H', '06C', '13C')",47.136,3,972884.0
"('02C', '02D', '02H', '05C', '13C')",47.135000000000005,3,972860.0
"('02C', '02D', '02H', '04C', '13C')",47.134,3,972835.0
"('02C', '02D', '02H', '03C', '13C')",47.133,3,972810.0
"('02C', '02D', '02H', '11C', '12C')",47.131,3,972786.0
"('02C', '02D', '02H', '10C', '12C')",47.129999999999995,3,972761.0
"('02C', '02D', '02H', '09C', '12C')",47.129,3,972736.0
"('02C', '02D', '02H', '08C', '12C')",47.128,3,972712.0
"('02C', '02D', '02H', '07C', '12C')",47.126999999999995,3,972687.0
"('02C', '02D', '02H', '06C', '12C')",47.126,3,972663.0
"('02C', '02D', '02H', '05C', '12C')",47.125,3,972638.0
"('02C', '02D', '02H', '04C', '12C')",47.123999999999995,3,972613.0
"('02C', '02D', '02H', '03C', '12C')",47.123,3,972589.0
"('02C', '02D', '02H', '10C', '11C')",47.12,3,972564.0
"('02C', '02D', '02H', '09C', '11C')",47.119,3,972539.0
"('02C', '02D', '02H', '08C', '11C')",47.118,3,972515.0
"('02C', '02D', '02H', '07C', '11C')",47.117,3,972490.0
"('02C', '02D', '02H', '06C', '11C')",47.116,3,972466.0
"('02C', '02D', '02H', '05C', '11C')",47.115,3,972441.0
"('02C', '02D', '02H', '04C', '11C')",47.114,3,972416.0
"('02C', '02D', '02H', '03C', '11C')",47.113,3,972392.0
"('02C', '02D', '02H', '09C', '10C')",47.109,3,972367.0
"('02C', '02D', '02H', '08C', '10C')",47.108000000000004,3,972342.0
"('02C', '02D', '02H', '07C', '10C')",47.107,3,972318.0
"('02C', '02D', '02H', '06C', '10C')",47.106,3,972293.0
"('02C', '02D', '02H', '05C', '10C')",47.105000000000004,3,972269.0
"('02C', '02D', '02H', '04C', '10C')",47.104,3,972244.0
"('02C', '02D', '02H', '03C', '10C')",47.103,3,972219.0
"('02C', '02D', '02H', '08C', '09C')",47.098000000000006,3,972195.0
"('02C', '02D', '02H', '07C', '09C')",47.097,3,972170.0
"('02C', '02D', '02H', '06C', '09C')",47.096000000000004,3,972145.0
"('02C', '02D', '02H', '05C', '09C')",47.095000000000006,3,972121.0
"('02C', '02D', '02H', '04C', '09C')",47.094,3,972096.0
"('02C', '02D', '02H', '03C', '09C')",47.093,3,972072.0
"('02C', '02D', '02H', '07C', '08C')",47.086999999999996,3,972047.0
"('02C', '02D', '02H', '06C', '08C')",47.086,3,972022.0
"('02C', '02D', '02H', '05C', '08C')",47.085,3,971998.0
"('02C', '02D', '02H', '04C', '08C')",47.083999999999996,3,971973.0
"('02C', '02D', '02H', '03C', '08C')",47.083,3,971948.0
"('02C', '02D', '02H', '06C', '07C')",47.076,3,971924.0
"('02C', '02D', '02H', '05C', '07C')",47.075,3,971899.0
"('02C', '02D', '02H', '04C', '07C')",47.074,3,971875.0
"('02C', '02D', '02H', '03C', '07C')",47.073,3,971850.0
"('02C', '02D', '02H', '05C', '06C')",47.065000000000005,3,971825.0
"('02C', '02D', '02H', '04C', '06C')",47.064,3,971801.0
"('02C', '02D', '02H', '03C', '06C')",47.063,3,971776.0
"('02C', '02D', '02H', '04C', '05C')",47.053999999999995,3,971751.0
"('02C', '02D', '02H', '03C', '05C')",47.053,3,971727.0
"('02C', '02D', '02H', '03C', '04C')",47.043,3,971702.0
"('12C', '13C', '13D', '14C', '14D')",44.142,2,971678.0
"('11C', '13C', '13D', '14C', '14D')",44.141000000000005,2,971622.0
"('10C', '13C', '13D', '14C', '14D')",44.14,2,971567.0
"('09C', '13C', '13D', '14C', '14D')",44.139,2,971511.0
"('08C', '13C', '13D', '14C', '14D')",44.138000000000005,2,971456.0
"('07C', '13C', '13D', '14C', '14D')",44.137,2,971400.0
"('06C', '13C', '13D', '14C', '14D')",44.136,2,971345.0
"('05C', '13C', '13D', '14C', '14D')",44.135000000000005,2,971290.0
"('04C', '13C', '13D', '14C', '14D')",44.134,2,971234.0
"('03C', '13C', '13D', '14C', '14D')",44.133,2,971179.0
"('12C', '12D', '13C', '14C', '14D')",44.132999999999996,2,971123.0
"('02C', '13C', '13D', '14C', '14D')",44.132000000000005,2,971068.0
"('11C', '12C', '12D', '14C', '14D')",44.131,2,971013.0
"('10C', '12C', '12D', '14C', '14D')",44.129999999999995,2,970957.0
"('09C', '12C', '12D', '14C', '14D')",44.129,2,970902.0
"('08C', '12C', '12D', '14C', '14D')",44.128,2,970846.0
"('07C', '12C', '12D', '14C', '14D')",44.126999999999995,2,970791.0
"('06C', '12C', '12D', '14C', '14D')",44.126,2,970736.0
"('05C', '12C', '12D', '14C', '14D')",44.125,2,970680.0
"('04C', '12C', '12D', '14C', '14D')",44.123999999999995,2,970625.0
"('03C', '12C', '12D', '14C', '14D')",44.123,2,970569.0
"('02C', '12C', '12D', '14C', '14D')",44.122,2,970459.0
"('10C', '11C', '11D', '14C', '14D')",44.12,2,970348.0
"('09C', '11C', '11D', '14C', '14D')",44.119,2,970292.0
"('08C', '11C', '11D', '14C', '14D')",44.118,2,970237.0
"('07C', '11C', '11D', '14C', '14D')",44.117,2,970182.0
"('06C', '11C', '11D', '14C', '14D')",44.116,2,970126.0
"('05C', '11C', '11D', '14C', '14D')",44.115,2,970071.0
"('04C', '11C', '11D', '14C', '14D')",44.114,2,970015.0
"('03C', '11C', '11D', '14C', '14D')",44.113,2,969960.0
"('02C', '11C', '11D', '14C', '14D')",44.112,2,969849.0
"('10C', '10D', '11C', '14C', '14D')",44.111000000000004,2,969738.0
"('09C', '10C', '10D', '14C', '14D')",44.109,2,969683.0
"('08C', '10C', '10D', '14C', '14D')",44.108000000000004,2,969627.0
"('07C', '10C', '10D', '14C', '14D')",44.107,2,969572.0
"('06C', '10C', '10D', '14C', '14D')",44.106,2,969517.0
"('05C', '10C', '10D', '14C', '14D')",44.105000000000004,2,969461.0
"('04C', '10C', '10D', '14C', '14D')",44.104,2,969406.0
"('03C', '10C', '10D', '14C', '14D')",44.103,2,969350.0
"('02C', '10C', '10D', '14C', '14D')",44.102000000000004,2,969240.0
"('09C', '09D', '11C', '14C', '14D')",44.101000000000006,2,969129.0
"('09C', '09D', '10C', '14C', '14D')",44.1,2,969073.0
"('08C', '09C', '09D', '14C', '14D')",44.098000000000006,2,969018.0
"('07C', '09C', '09D', '14C', '14D')",44.097,2,968963.0
"('06C', '09C', '09D', '14C', '14D')",44.096000000000004,2,968907.0
"('05C', '09C', '09D', '14C', '14D')",44.095000000000006,2,968852.0
"('04C', '09C', '09D', '14C', '14D')",44.094,2,968796.0
"('03C', '09C', '09D', '14C', '14D')",44.093,2,968741.0
"('08C', '08D', '13C', '14C', '14D')",44.092999999999996,2,968686.0
"('02C', '09C', '09D', '14C', '14D')",44.092000000000006,2,968630.0
"('08C', '08D', '12C', '14C', '14D')",44.092,2,968575.0
"('08C', '08D', '11C', '14C', '14D')",44.091,2,968519.0
"('08C', '08D', '10C', '14C', '14D')",44.089999999999996,2,968464.0
"('08C', '08D', '09C', '14C', '14D')",44.089,2,968409.0
"('07C', '08C', '08D', '14C', '14D')",44.086999999999996,2,968353.0
"('06C', '08C', '08D', '14C', '14D')",44.086,2,968298.0
"('05C', '08C', '08D', '14C', '14D')",44.085,2,968242.0
"('04C', '08C', '08D', '14C', '14D')",44.083999999999996,2,968187.0
"('03C', '08C', '08D', '14C', '14D')",44.083,2,968131.0
"('02C', '08C', '08D', '14C', '14D')",44.082,2,968021.0
"('07C', '07D', '11C', '14C', '14D')",44.081,2,967910.0
"('07C', '07D', '10C', '14C', '14D')",44.08,2,967854.0
"('07C', '07D', '09C', '14C', '14D')",44.079,2,967799.0
"('07C', '07D', '08C', '14C', '14D')",44.078,2,967744.0
"('06C', '07C', '07D', '14C', '14D')",44.076,2,967688.0
"('05C', '07C', '07D', '14C', '14D')",44.075,2,967633.0
"('04C', '07C', '07D', '14C', '14D')",44.074,2,967577.0
"('03C', '07C', '07D', '14C', '14D')",44.073,2,967522.0
"('02C', '07C', '07D', '14C', '14D')",44.072,2,967411.0
"('06C', '06D', '11C', '14C', '14D')",44.071000000000005,2,967300.0
"('06C', '06D', '10C', '14C', '14D')",44.07,2,967245.0
"('06C', '06D', '09C', '14C', '14D')",44.069,2,967190.0
"('06C', '06D', '08C', '14C', '14D')",44.068000000000005,2,967134.0
"('06C', '06D', '07C', '14C', '14D')",44.067,2,967079.0
"('05C', '06C', '06D', '14C', '14D')",44.065000000000005,2,967023.0
"('04C', '06C', '06D', '14C', '14D')",44.064,2,966968.0
"('03C', '06C', '06D', '14C', '14D')",44.063,2,966913.0
"('05C', '05D', '13C', '14C', '14D')",44.062999999999995,2,966857.0
"('02C', '06C', '06D', '14C', '14D')",44.062000000000005,2,966802.0
"('05C', '05D', '12C', '14C', '14D')",44.062,2,966746.0
"('05C', '05D', '11C', '14C', '14D')",44.061,2,966691.0
"('05C', '05D', '10C', '14C', '14D')",44.059999999999995,2,966636.0
"('05C', '05D', '09C', '14C', '14D')",44.059,2,966580.0
"('05C', '05D', '08C', '14C', '14D')",44.058,2,966525.0
"('05C', '05D', '07C', '14C', '14D')",44.056999999999995,2,966469.0
"('05C', '05D', '06C', '14C', '14D')",44.056,2,966414.0
"('04C', '05C', '05D', '14C', '14D')",44.053999999999995,2,966358.0
"('03C', '05C', '05D', '14C', '14D')",44.053,2,966303.0
"('02C', '05C', '05D', '14C', '14D')",44.052,2,966192.0
"('04C', '04D', '11C', '14C', '14D')",44.051,2,966081.0
"('04C', '04D', '10C', '14C', '14D')",44.05,2,966026.0
"('04C', '04D', '09C', '14C', '14D')",44.049,2,965971.0
"('04C', '04D', '08C', '14C', '14D')",44.048,2,965915.0
"('04C', '04D', '07C', '14C', '14D')",44.047,2,965860.0
"('04C', '04D', '06C', '14C', '14D')",44.046,2,965804.0
"('04C', '04D', '05C', '14C', '14D')",44.045,2,965749.0
"('03C', '03D', '13C', '14C', '14D')",44.043,2,965694.0
"('02C', '04C', '04D', '14C', '14D')",44.042,2,965583.0
"('03C', '03D', '11C', '14C', '14D')",44.041000000000004,2,965472.0
"('03C', '03D', '10C', '14C', '14D')",44.04,2,965417.0
"('03C', '03D', '09C', '14C', '14D')",44.039,2,965361.0
"('03C', '03D', '08C', '14C', '14D')",44.038000000000004,2,965306.0
"('03C', '03D', '07C', '14C', '14D')",44.037,2,965250.0
"('03C', '03D', '06C', '14C', '14D')",44.036,2,965195.0
"('03C', '03D', '05C', '14C', '14D')",44.035000000000004,2,965140.0
"('03C', '03D', '04C', '14C', '14D')",44.034,2,965084.0
"('02C', '02D', '13C', '14C', '14D')",44.033,2,965029.0
"('02C', '02D', '12C', '14C', '14D')",44.032000000000004,2,964973.0
"('02C', '02D', '11C', '14C', '14D')",44.031000000000006,2,964862.0
"('02C', '02D', '10C', '14C', '14D')",44.03,2,964807.0
"('02C', '02D', '09C', '14C', '14D')",44.029,2,964752.0
"('02C', '02D', '08C', '14C', '14D')",44.028000000000006,2,964696.0
"('02C', '02D', '07C', '14C', '14D')",44.027,2,964641.0
"('02C', '02D', '06C', '14C', '14D')",44.026,2,964585.0
"('02C', '02D', '05C', '14C', '14D')",44.025000000000006,2,964530.0
"('02C', '02D', '04C', '14C', '14D')",44.024,2,964475.0
"('02C', '02D', '03C', '14C', '14D')",44.023,2,964419.0
"('12C', '12D', '13C', '13D', '14C')",43.134,2,964364.0
"('11C', '12C', '12D', '13C', '13D')",43.131,2,964308.0
"('10C', '12C', '12D', '13C', '13D')",43.129999999999995,2,964253.0
"('09C', '12C', '12D', '13C', '13D')",43.129,2,964198.0
"('08C', '12C', '12D', '13C', '13D')",43.128,2,964142.0
"('07C', '12C', '12D', '13C', '13D')",43.126999999999995,2,964087.0
"('06C', '12C', '12D', '13C', '13D')",43.126,2,964031.0
"('05C', '12C', '12D', '13C', '13D')",43.125,2,963976.0
"('11C', '11D', '13C', '13D', '14C')",43.124,2,963921.0
"('04C', '12C', '12D', '13C', '13D')",43.123999999999995,2,963865.0
"('03C', '12C', '12D', '13C', '13D')",43.123,2,963810.0
"('02C', '12C', '12D', '13C', '13D')",43.122,2,963754.0
"('10C', '11C', '11D', '13C', '13D')",43.12,2,963644.0
"('09C', '11C', '11D', '13C', '13D')",43.119,2,963588.0
"('08C', '11C', '11D', '13C', '13D')",43.118,2,963533.0
"('07C', '11C', '11D', '13C', '13D')",43.117,2,963477.0
"('06C', '11C', '11D', '13C', '13D')",43.116,2,963422.0
"('05C', '11C', '11D', '13C', '13D')",43.115,2,963367.0
"('10C', '10D', '13C', '13D', '14C')",43.114000000000004,2,963311.0
"('04C', '11C', '11D', '13C', '13D')",43.114,2,963256.0
"('03C', '11C', '11D', '13C', '13D')",43.113,2,963200.0
"('02C', '11C', '11D', '13C', '13D')",43.112,2,963145.0
"('10C', '10D', '11C', '13C', '13D')",43.111000000000004,2,963034.0
"('09C', '10C', '10D', '13C', '13D')",43.109,2,962979.0
"('08C', '10C', '10D', '13C', '13D')",43.108000000000004,2,962923.0
"('07C', '10C', '10D', '13C', '13D')",43.107,2,962868.0
"('06C', '10C', '10D', '13C', '13D')",43.106,2,962812.0
"('05C', '10C', '10D', '13C', '13D')",43.105000000000004,2,962757.0
"('09C', '09D', '13C', '13D', '14C')",43.104000000000006,2,962702.0
"('04C', '10C', '10D', '13C', '13D')",43.104,2,962646.0
"('03C', '10C', '10D', '13C', '13D')",43.103,2,962591.0
"('02C', '10C', '10D', '13C', '13D')",43.102000000000004,2,962535.0
"('09C', '09D', '11C', '13C', '13D')",43.101000000000006,2,962425.0
"('09C', '09D', '10C', '13C', '13D')",43.1,2,962369.0
"('08C', '09C', '09D', '13C', '13D')",43.098000000000006,2,962314.0
"('07C', '09C', '09D', '13C', '13D')",43.097,2,962258.0
"('06C', '09C', '09D', '13C', '13D')",43.096000000000004,2,962203.0
"('05C', '09C', '09D', '13C', '13D')",43.095000000000006,2,962148.0
"('04C', '09C', '09D', '13C', '13D')",43.094,2,962092.0
"('03C', '09C', '09D', '13C', '13D')",43.093,2,961981.0
"('02C', '09C', '09D', '13C', '13D')",43.092000000000006,2,961926.0
"('08C', '08D', '12C', '13C', '13D')",43.092,2,961871.0
"('08C', '08D', '11C', '13C', '13D')",43.091,2,961815.0
"('08C', '08D', '10C', '13C', '13D')",43.089999999999996,2,961760.0
"('08C', '08D', '09C', '13C', '13D')",43.089,2,961704.0
"('07C', '08C', '08D', '13C', '13D')",43.086999999999996,2,961649.0
"('06C', '08C', '08D', '13C', '13D')",43.086,2,961593.0
"('05C', '08C', '08D', '13C', '13D')",43.085,2,961538.0
"('07C', '07D', '13C', '13D', '14C')",43.084,2,961483.0
"('04C', '08C', '08D', '13C', '13D')",43.083999999999996,2,961427.0
"('03C', '08C', '08D', '13C', '13D')",43.083,2,961372.0
"('02C', '08C', '08D', '13C', '13D')",43.082,2,961316.0
"('07C', '07D', '11C', '13C', '13D')",43.081,2,961206.0
"('07C', '07D', '10C', '13C', '13D')",43.08,2,961150.0
"('07C', '07D', '09C', '13C', '13D')",43.079,2,961095.0
"('07C', '07D', '08C', '13C', '13D')",43.078,2,961039.0
"('06C', '07C', '07D', '13C', '13D')",43.076,2,960984.0
"('05C', '07C', '07D', '13C', '13D')",43.075,2,960929.0
"('06C', '06D', '13C', '13D', '14C')",43.074000000000005,2,960873.0
"('04C', '07C', '07D', '13C', '13D')",43.074,2,960818.0
"('03C', '07C', '07D', '13C', '13D')",43.073,2,960762.0
"('02C', '07C', '07D', '13C', '13D')",43.072,2,960707.0
"('06C', '06D', '11C', '13C', '13D')",43.071000000000005,2,960596.0
"('06C', '06D', '10C', '13C', '13D')",43.07,2,960541.0
"('06C', '06D', '09C', '13C', '13D')",43.069,2,960485.0
"('06C', '06D', '08C', '13C', '13D')",43.068000000000005,2,960430.0
"('06C', '06D', '07C', '13C', '13D')",43.067,2,960375.0
"('05C', '06C', '06D', '13C', '13D')",43.065000000000005,2,960319.0
"('04C', '06C', '06D', '13C', '13D')",43.064,2,960264.0
"('03C', '06C', '06D', '13C', '13D')",43.063,2,960153.0
"('02C', '06C', '06D', '13C', '13D')",43.062000000000005,2,960098.0
"('05C', '05D', '12C', '13C', '13D')",43.062,2,960042.0
"('05C', '05D', '11C', '13C', '13D')",43.061,2,959987.0
"('05C', '05D', '10C', '13C', '13D')",43.059999999999995,2,959931.0
"('05C', '05D', '09C', '13C', '13D')",43.059,2,959876.0
"('05C', '05D', '08C', '13C', '13D')",43.058,2,959820.0
"('05C', '05D', '07C', '13C', '13D')",43.056999999999995,2,959765.0
"('05C', '05D', '06C', '13C', '13D')",43.056,2,959710.0
"('04C', '04D', '13C', '13D', '14C')",43.054,2,959654.0
"('04C', '05C', '05D', '13C', '13D')",43.053999999999995,2,959599.0
"('03C', '05C', '05D', '13C', '13D')",43.053,2,959543.0
"('02C', '05C', '05D', '13C', '13D')",43.052,2,959488.0
"('04C', '04D', '11C', '13C', '13D')",43.051,2,959377.0
"('04C', '04D', '10C', '13C', '13D')",43.05,2,959322.0
"('04C', '04D', '09C', '13C', '13D')",43.049,2,959266.0
"('04C', '04D', '08C', '13C', '13D')",43.048,2,959211.0
"('04C', '04D', '07C', '13C', '13D')",43.047,2,959156.0
"('04C', '04D', '06C', '13C', '13D')",43.046,2,959100.0
"('04C', '04D', '05C', '13C', '13D')",43.045,2,959045.0
"('03C', '03D', '13C', '13D', '14C')",43.044000000000004,2,958989.0
"('03C', '04C', '04D', '13C', '13D')",43.043,2,958934.0
"('02C', '04C', '04D', '13C', '13D')",43.042,2,958879.0
"('03C', '03D', '11C', '13C', '13D')",43.041000000000004,2,958768.0
"('03C', '03D', '10C', '13C', '13D')",43.04,2,958712.0
"('03C', '03D', '09C', '13C', '13D')",43.039,2,958657.0
"('03C', '03D', '08C', '13C', '13D')",43.038000000000004,2,958602.0
"('03C', '03D', '07C', '13C', '13D')",43.037,2,958546.0
"('03C', '03D', '06C', '13C', '13D')",43.036,2,958491.0
"('03C', '03D', '05C', '13C', '13D')",43.035000000000004,2,958435.0
"('02C', '02D', '13C', '13D', '14C')",43.034000000000006,2,958380.0
"('03C', '03D', '04C', '13C', '13D')",43.034,2,958324.0
"('02C', '02D', '12C', '13C', '13D')",43.032000000000004,2,958269.0
"('02C', '02D', '11C', '13C', '13D')",43.031000000000006,2,958158.0
"('02C', '02D', '10C', '13C', '13D')",43.03,2,958103.0
"('02C', '02D', '09C', '13C', '13D')",43.029,2,958047.0
"('02C', '02D', '08C', '13C', '13D')",43.028000000000006,2,957992.0
"('02C', '02D', '07C', '13C', '13D')",43.027,2,957937.0
"('02C', '02D', '06C', '13C', '13D')",43.026,2,957881.0
"('02C', '02D', '05C', '13C', '13D')",43.025000000000006,2,957826.0
"('02C', '02D', '04C', '13C', '13D')",43.024,2,957770.0
"('02C', '02D', '03C', '13C', '13D')",43.023,2,957715.0
"('11C', '11D', '12C', '12D', '14C')",42.124,2,957660.0
"('11C', '11D', '12C', '12D', '13C')",42.123,2,957604.0
"('10C', '11C', '11D', '12C', '12D')",42.12,2,957549.0
"('09C', '11C', '11D', '12C', '12D')",42.119,2,957493.0
"('08C', '11C', '11D', '12C', '12D')",42.118,2,957438.0
"('07C', '11C', '11D', '12C', '12D')",42.117,2,957383.0
"('06C', '11C', '11D', '12C', '12D')",42.116,2,957327.0
"('05C', '11C', '11D', '12C', '12D')",42.115,2,957272.0
"('10C', '10D', '12C', '12D', '14C')",42.114000000000004,2,957216.0
"('04C', '11C', '11D', '12C', '12D')",42.114,2,957161.0
"('03C', '11C', '11D', '12C', '12D')",42.113,2,957106.0
"('02C', '11C', '11D', '12C', '12D')",42.112,2,956995.0
"('10C', '10D', '11C', '12C', '12D')",42.111000000000004,2,956939.0
"('09C', '10C', '10D', '12C', '12D')",42.109,2,956884.0
"('08C', '10C', '10D', '12C', '12D')",42.108000000000004,2,956829.0
"('07C', '10C', '10D', '12C', '12D')",42.107,2,956773.0
"('06C', '10C', '10D', '12C', '12D')",42.106,2,956718.0
"('05C', '10C', '10D', '12C', '12D')",42.105000000000004,2,956662.0
"('09C', '09D', '12C', '12D', '14C')",42.104000000000006,2,956607.0
"('04C', '10C', '10D', '12C', '12D')",42.104,2,956551.0
"('03C', '10C', '10D', '12C', '12D')",42.103,2,956496.0
"('02C', '10C', '10D', '12C', '12D')",42.102000000000004,2,956385.0
"('09C', '09D', '11C', '12C', '12D')",42.101000000000006,2,956330.0
"('09C', '09D', '10C', '12C', '12D')",42.1,2,956274.0
"('08C', '09C', '09D', '12C', '12D')",42.098000000000006,2,956219.0
"('07C', '09C', '09D', '12C', '12D')",42.097,2,956164.0
"('06C', '09C', '09D', '12C', '12D')",42.096000000000004,2,956108.0
"('05C', '09C', '09D', '12C', '12D')",42.095000000000006,2,956053.0
"('04C', '09C', '09D', '12C', '12D')",42.094,2,955997.0
"('03C', '09C', '09D', '12C', '12D')",42.093,2,955887.0
"('08C', '08D', '12C', '12D', '13C')",42.092999999999996,2,955831.0
"('02C', '09C', '09D', '12C', '12D')",42.092000000000006,2,955776.0
"('08C', '08D', '11C', '12C', '12D')",42.091,2,955720.0
"('08C', '08D', '10C', '12C', '12D')",42.089999999999996,2,955665.0
"('08C', '08D', '09C', '12C', '12D')",42.089,2,955610.0
"('07C', '08C', '08D', '12C', '12D')",42.086999999999996,2,955554.0
"('06C', '08C', '08D', '12C', '12D')",42.086,2,955499.0
"('05C', '08C', '08D', '12C', '12D')",42.085,2,955443.0
"('07C', '07D', '12C', '12D', '14C')",42.084,2,955388.0
"('04C', '08C', '08D', '12C', '12D')",42.083999999999996,2,955333.0
"('03C', '08C', '08D', '12C', '12D')",42.083,2,955277.0
"('02C', '08C', '08D', '12C', '12D')",42.082,2,955166.0
"('07C', '07D', '11C', '12C', '12D')",42.081,2,955111.0
"('07C', '07D', '10C', '12C', '12D')",42.08,2,955055.0
"('07C', '07D', '09C', '12C', '12D')",42.079,2,955000.0
"('07C', '07D', '08C', '12C', '12D')",42.078,2,954945.0
"('06C', '07C', '07D', '12C', '12D')",42.076,2,954889.0
"('05C', '07C', '07D', '12C', '12D')",42.075,2,954834.0
"('06C', '06D', '12C', '12D', '14C')",42.074000000000005,2,954778.0
"('04C', '07C', '07D', '12C', '12D')",42.074,2,954723.0
"('03C', '07C', '07D', '12C', '12D')",42.073,2,954668.0
"('02C', '07C', '07D', '12C', '12D')",42.072,2,954557.0
"('06C', '06D', '11C', '12C', '12D')",42.071000000000005,2,954501.0
"('06C', '06D', '10C', '12C', '12D')",42.07,2,954446.0
"('06C', '06D', '09C', '12C', '12D')",42.069,2,954391.0
"('06C', '06D', '08C', '12C', '12D')",42.068000000000005,2,954335.0
"('06C', '06D', '07C', '12C', '12D')",42.067,2,954280.0
"('05C', '06C', '06D', '12C', '12D')",42.065000000000005,2,954224.0
"('04C', '06C', '06D', '12C', '12D')",42.064,2,954169.0
"('03C', '06C', '06D', '12C', '12D')",42.063,2,954058.0
"('05C', '05D', '12C', '12D', '13C')",42.062999999999995,2,954003.0
"('02C', '06C', '06D', '12C', '12D')",42.062000000000005,2,953947.0
"('05C', '05D', '11C', '12C', '12D')",42.061,2,953892.0
"('05C', '05D', '10C', '12C', '12D')",42.059999999999995,2,953837.0
"('05C', '05D', '09C', '12C', '12D')",42.059,2,953781.0
"('05C', '05D', '08C', '12C', '12D')",42.058,2,953726.0
"('05C', '05D', '07C', '12C', '12D')",42.056999999999995,2,953670.0
"('05C', '05D', '06C', '12C', '12D')",42.056,2,953615.0
"('04C', '04D', '12C', '12D', '14C')",42.054,2,953560.0
"('04C', '05C', '05D', '12C', '12D')",42.053999999999995,2,953504.0
"('03C', '05C', '05D', '12C', '12D')",42.053,2,953449.0
"('02C', '05C', '05D', '12C', '12D')",42.052,2,953338.0
"('04C', '04D', '11C', '12C', '12D')",42.051,2,953282.0
"('04C', '04D', '10C', '12C', '12D')",42.05,2,953227.0
"('04C', '04D', '09C', '12C', '12D')",42.049,2,953172.0
"('04C', '04D', '08C', '12C', '12D')",42.048,2,953116.0
"('04C', '04D', '07C', '12C', '12D')",42.047,2,953061.0
"('04C', '04D', '06C', '12C', '12D')",42.046,2,953005.0
"('04C', '04D', '05C', '12C', '12D')",42.045,2,952950.0
"('03C', '03D', '12C', '12D', '14C')",42.044000000000004,2,952895.0
"('03C', '03D', '12C', '12D', '13C')",42.043,2,952839.0
"('02C', '04C', '04D', '12C', '12D')",42.042,2,952728.0
"('03C', '03D', '11C', '12C', '12D')",42.041000000000004,2,952673.0
"('03C', '03D', '10C', '12C', '12D')",42.04,2,952618.0
"('03C', '03D', '09C', '12C', '12D')",42.039,2,952562.0
"('03C', '03D', '08C', '12C', '12D')",42.038000000000004,2,952507.0
"('03C', '03D', '07C', '12C', '12D')",42.037,2,952451.0
"('03C', '03D', '06C', '12C', '12D')",42.036,2,952396.0
"('03C', '03D', '05C', '12C', '12D')",42.035000000000004,2,952341.0
"('02C', '02D', '12C', '12D', '14C')",42.034000000000006,2,952285.0
"('03C', '03D', '04C', '12C', '12D')",42.034,2,952230.0
"('02C', '02D', '12C', '12D', '13C')",42.033,2,952174.0
"('02C', '03C', '03D', '12C', '12D')",42.032000000000004,2,952119.0
"('02C', '02D', '11C', '12C', '12D')",42.031000000000006,2,952064.0
"('02C', '02D', '10C', '12C', '12D')",42.03,2,952008.0
"('02C', '02D', '09C', '12C', '12D')",42.029,2,951953.0
"('02C', '02D', '08C', '12C', '12D')",42.028000000000006,2,951897.0
"('02C', '02D', '07C', '12C', '12D')",42.027,2,951842.0
"('02C', '02D', '06C', '12C', '12D')",42.026,2,951786.0
"('02C', '02D', '05C', '12C', '12D')",42.025000000000006,2,951731.0
"('02C', '02D', '04C', '12C', '12D')",42.024,2,951676.0
"('02C', '02D', '03C', '12C', '12D')",42.023,2,951620.0
"('10C', '10D', '11C', '11D', '14C')",41.114000000000004,2,951565.0
"('10C', '10D', '11C', '11D', '13C')",41.113,2,951509.0
"('10C', '10D', '11C', '11D', '12C')",41.112,2,951454.0
"('09C', '10C', '10D', '11C', '11D')",41.109,2,951399.0
"('08C', '10C', '10D', '11C', '11D')",41.108000000000004,2,951343.0
"('07C', '10C', '10D', '11C', '11D')",41.107,2,951288.0
"('06C', '10C', '10D', '11C', '11D')",41.106,2,951232.0
"('05C', '10C', '10D', '11C', '11D')",41.105000000000004,2,951177.0
"('09C', '09D', '11C', '11D', '14C')",41.104000000000006,2,951122.0
"('04C', '10C', '10D', '11C', '11D')",41.104,2,951066.0
"('03C', '10C', '10D', '11C', '11D')",41.103,2,951011.0
"('02C', '10C', '10D', '11C', '11D')",41.102000000000004,2,950900.0
"('09C', '09D', '10C', '11C', '11D')",41.1,2,950789.0
"('08C', '09C', '09D', '11C', '11D')",41.098000000000006,2,950734.0
"('07C', '09C', '09D', '11C', '11D')",41.097,2,950678.0
"('06C', '09C', '09D', '11C', '11D')",41.096000000000004,2,950623.0
"('05C', '09C', '09D', '11C', '11D')",41.095000000000006,2,950568.0
"('04C', '09C', '09D', '11C', '11D')",41.094,2,950512.0
"('03C', '09C', '09D', '11C', '11D')",41.093,2,950401.0
"('08C', '08D', '11C', '11D', '13C')",41.092999999999996,2,950346.0
"('02C', '09C', '09D', '11C', '11D')",41.092000000000006,2,950291.0
"('08C', '08D', '11C', '11D', '12C')",41.092,2,950235.0
"('08C', '08D', '10C', '11C', '11D')",41.089999999999996,2,950180.0
"('08C', '08D', '09C', '11C', '11D')",41.089,2,950124.0
"('07C', '08C', '08D', '11C', '11D')",41.086999999999996,2,950069.0
"('06C', '08C', '08D', '11C', '11D')",41.086,2,950013.0
"('05C', '08C', '08D', '11C', '11D')",41.085,2,949958.0
"('07C', '07D', '11C', '11D', '14C')",41.084,2,949903.0
"('04C', '08C', '08D', '11C', '11D')",41.083999999999996,2,949847.0
"('03C', '08C', '08D', '11C', '11D')",41.083,2,949792.0
"('02C', '08C', '08D', '11C', '11D')",41.082,2,949681.0
"('07C', '07D', '10C', '11C', '11D')",41.08,2,949570.0
"('07C', '07D', '09C', '11C', '11D')",41.079,2,949515.0
"('07C', '07D', '08C', '11C', '11D')",41.078,2,949459.0
"('06C', '07C', '07D', '11C', '11D')",41.076,2,949404.0
"('05C', '07C', '07D', '11C', '11D')",41.075,2,949349.0
"('06C', '06D', '11C', '11D', '14C')",41.074000000000005,2,949293.0
"('04C', '07C', '07D', '11C', '11D')",41.074,2,949238.0
"('03C', '07C', '07D', '11C', '11D')",41.073,2,949182.0
"('02C', '07C', '07D', '11C', '11D')",41.072,2,949072.0
"('06C', '06D', '10C', '11C', '11D')",41.07,2,948961.0
"('06C', '06D', '09C', '11C', '11D')",41.069,2,948905.0
"('06C', '06D', '08C', '11C', '11D')",41.068000000000005,2,948850.0
"('06C', '06D', '07C', '11C', '11D')",41.067,2,948795.0
"('05C', '06C', '06D', '11C', '11D')",41.065000000000005,2,948739.0
"('04C', '06C', '06D', '11C', '11D')",41.064,2,948684.0
"('03C', '06C', '06D', '11C', '11D')",41.063,2,948573.0
"('05C', '05D', '11C', '11D', '13C')",41.062999999999995,2,948517.0
"('02C', '06C', '06D', '11C', '11D')",41.062000000000005,2,948462.0
"('05C', '05D', '11C', '11D', '12C')",41.062,2,948407.0
"('05C', '05D', '10C', '11C', '11D')",41.059999999999995,2,948351.0
"('05C', '05D', '09C', '11C', '11D')",41.059,2,948296.0
"('05C', '05D', '08C', '11C', '11D')",41.058,2,948240.0
"('05C', '05D', '07C', '11C', '11D')",41.056999999999995,2,948185.0
"('05C', '05D', '06C', '11C', '11D')",41.056,2,948130.0
"('04C', '04D', '11C', '11D', '14C')",41.054,2,948074.0
"('04C', '05C', '05D', '11C', '11D')",41.053999999999995,2,948019.0
"('03C', '05C', '05D', '11C', '11D')",41.053,2,947963.0
"('02C', '05C', '05D', '11C', '11D')",41.052,2,947853.0
"('04C', '04D', '10C', '11C', '11D')",41.05,2,947742.0
"('04C', '04D', '09C', '11C', '11D')",41.049,2,947686.0
"('04C', '04D', '08C', '11C', '11D')",41.048,2,947631.0
"('04C', '04D', '07C', '11C', '11D')",41.047,2,947576.0
"('04C', '04D', '06C', '11C', '11D')",41.046,2,947520.0
"('04C', '04D', '05C', '11C', '11D')",41.045,2,947465.0
"('03C', '03D', '11C', '11D', '14C')",41.044000000000004,2,947409.0
"('03C', '03D', '11C', '11D', '13C')",41.043,2,947354.0
"('02C', '04C', '04D', '11C', '11D')",41.042,2,947243.0
"('03C', '03D', '10C', '11C', '11D')",41.04,2,947132.0
"('03C', '03D', '09C', '11C', '11D')",41.039,2,947077.0
"('03C', '03D', '08C', '11C', '11D')",41.038000000000004,2,947022.0
"('03C', '03D', '07C', '11C', '11D')",41.037,2,946966.0
"('03C', '03D', '06C', '11C', '11D')",41.036,2,946911.0
"('03C', '03D', '05C', '11C', '11D')",41.035000000000004,2,946855.0
"('02C', '02D', '11C', '11D', '14C')",41.034000000000006,2,946800.0
"('03C', '03D', '04C', '11C', '11D')",41.034,2,946744.0
"('02C', '02D', '11C', '11D', '13C')",41.033,2,946689.0
"('02C', '02D', '11C', '11D', '12C')",41.032000000000004,2,946634.0
"('02C', '02D', '10C', '11C', '11D')",41.03,2,946523.0
"('02C', '02D', '09C', '11C', '11D')",41.029,2,946467.0
"('02C', '02D', '08C', '11C', '11D')",41.028000000000006,2,946412.0
"('02C', '02D', '07C', '11C', '11D')",41.027,2,946357.0
"('02C', '02D', '06C', '11C', '11D')",41.026,2,946301.0
"('02C', '02D', '05C', '11C', '11D')",41.025000000000006,2,946246.0
"('02C', '02D', '04C', '11C', '11D')",41.024,2,946190.0
"('02C', '02D', '03C', '11C', '11D')",41.023,2,946135.0
"('09C', '09D', '10C', '10D', '14C')",40.104000000000006,2,946080.0
"('09C', '09D', '10C', '10D', '13C')",40.103,2,946024.0
"('09C', '09D', '10C', '10D', '12C')",40.102000000000004,2,945969.0
"('09C', '09D', '10C', '10D', '11C')",40.101000000000006,2,945913.0
"('08C', '09C', '09D', '10C', '10D')",40.098000000000006,2,945858.0
"('07C', '09C', '09D', '10C', '10D')",40.097,2,945803.0
"('06C', '09C', '09D', '10C', '10D')",40.096000000000004,2,945747.0
"('05C', '09C', '09D', '10C', '10D')",40.095000000000006,2,945692.0
"('04C', '09C', '09D', '10C', '10D')",40.094,2,945636.0
"('03C', '09C', '09D', '10C', '10D')",40.093,2,945526.0
"('08C', '08D', '10C', '10D', '13C')",40.092999999999996,2,945470.0
"('02C', '09C', '09D', '10C', '10D')",40.092000000000006,2,945415.0
"('08C', '08D', '10C', '10D', '12C')",40.092,2,945359.0
"('08C', '08D', '10C', '10D', '11C')",40.091,2,945304.0
"('08C', '08D', '09C', '10C', '10D')",40.089,2,945248.0
"('07C', '08C', '08D', '10C', '10D')",40.086999999999996,2,945193.0
"('06C', '08C', '08D', '10C', '10D')",40.086,2,945138.0
"('05C', '08C', '08D', '10C', '10D')",40.085,2,945082.0
"('07C', '07D', '10C', '10D', '14C')",40.084,2,945027.0
"('04C', '08C', '08D', '10C', '10D')",40.083999999999996,2,944971.0
"('03C', '08C', '08D', '10C', '10D')",40.083,2,944916.0
"('02C', '08C', '08D', '10C', '10D')",40.082,2,944805.0
"('07C', '07D', '10C', '10D', '11C')",40.081,2,944694.0
"('07C', '07D', '09C', '10C', '10D')",40.079,2,944639.0
"('07C', '07D', '08C', '10C', '10D')",40.078,2,944584.0
"('06C', '07C', '07D', '10C', '10D')",40.076,2,944528.0
"('05C', '07C', '07D', '10C', '10D')",40.075,2,944473.0
"('06C', '06D', '10C', '10D', '14C')",40.074000000000005,2,944417.0
"('04C', '07C', '07D', '10C', '10D')",40.074,2,944362.0
"('03C', '07C', '07D', '10C', '10D')",40.073,2,944307.0
"('02C', '07C', '07D', '10C', '10D')",40.072,2,944196.0
"('06C', '06D', '10C', '10D', '11C')",40.071000000000005,2,944085.0
"('06C', '06D', '09C', '10C', '10D')",40.069,2,944030.0
"('06C', '06D', '08C', '10C', '10D')",40.068000000000005,2,943974.0
"('06C', '06D', '07C', '10C', '10D')",40.067,2,943919.0
"('05C', '06C', '06D', '10C', '10D')",40.065000000000005,2,943863.0
"('04C', '06C', '06D', '10C', '10D')",40.064,2,943808.0
"('03C', '06C', '06D', '10C', '10D')",40.063,2,943697.0
"('05C', '05D', '10C', '10D', '13C')",40.062999999999995,2,943642.0
"('02C', '06C', '06D', '10C', '10D')",40.062000000000005,2,943586.0
"('05C', '05D', '10C', '10D', '12C')",40.062,2,943531.0
"('05C', '05D', '10C', '10D', '11C')",40.061,2,943475.0
"('05C', '05D', '09C', '10C', '10D')",40.059,2,943420.0
"('05C', '05D', '08C', '10C', '10D')",40.058,2,943365.0
"('05C', '05D', '07C', '10C', '10D')",40.056999999999995,2,943309.0
"('05C', '05D', '06C', '10C', '10D')",40.056,2,943254.0
"('04C', '04D', '10C', '10D', '14C')",40.054,2,943198.0
"('04C', '05C', '05D', '10C', '10D')",40.053999999999995,2,943143.0
"('03C', '05C', '05D', '10C', '10D')",40.053,2,943088.0
"('02C', '05C', '05D', '10C', '10D')",40.052,2,942977.0
"('04C', '04D', '10C', '10D', '11C')",40.051,2,942866.0
"('04C', '04D', '09C', '10C', '10D')",40.049,2,942811.0
"('04C', '04D', '08C', '10C', '10D')",40.048,2,942755.0
"('04C', '04D', '07C', '10C', '10D')",40.047,2,942700.0
"('04C', '04D', '06C', '10C', '10D')",40.046,2,942644.0
"('04C', '04D', '05C', '10C', '10D')",40.045,2,942589.0
"('03C', '03D', '10C', '10D', '14C')",40.044000000000004,2,942534.0
"('03C', '03D', '10C', '10D', '13C')",40.043,2,942478.0
"('02C', '04C', '04D', '10C', '10D')",40.042,2,942367.0
"('03C', '03D', '10C', '10D', '11C')",40.041000000000004,2,942257.0
"('03C', '03D', '09C', '10C', '10D')",40.039,2,942201.0
"('03C', '03D', '08C', '10C', '10D')",40.038000000000004,2,942146.0
"('03C', '03D', '07C', '10C', '10D')",40.037,2,942090.0
"('03C', '03D', '06C', '10C', '10D')",40.036,2,942035.0
"('03C', '03D', '05C', '10C', '10D')",40.035000000000004,2,941979.0
"('02C', '02D', '10C', '10D', '14C')",40.034000000000006,2,941924.0
"('03C', '03D', '04C', '10C', '10D')",40.034,2,941869.0
"('02C', '02D', '10C', '10D', '13C')",40.033,2,941813.0
"('02C', '02D', '10C', '10D', '12C')",40.032000000000004,2,941758.0
"('02C', '02D', '10C', '10D', '11C')",40.031000000000006,2,941647.0
"('02C', '02D', '09C', '10C', '10D')",40.029,2,941592.0
"('02C', '02D', '08C', '10C', '10D')",40.028000000000006,2,941536.0
"('02C', '02D', '07C', '10C', '10D')",40.027,2,941481.0
"('02C', '02D', '06C', '10C', '10D')",40.026,2,941425.0
"('02C', '02D', '05C', '10C', '10D')",40.025000000000006,2,941370.0
"('02C', '02D', '04C', '10C', '10D')",40.024,2,941315.0
"('02C', '02D', '03C', '10C', '10D')",40.023,2,941259.0
"('08C', '08D', '09C', '09D', '14C')",39.094,2,941204.0
"('08C', '08D', '09C', '09D', '13C')",39.092999999999996,2,941148.0
"('08C', '08D', '09C', '09D', '12C')",39.092,2,941093.0
"('08C', '08D', '09C', '09D', '11C')",39.091,2,941038.0
"('08C', '08D', '09C', '09D', '10C')",39.089999999999996,2,940982.0
"('07C', '08C', '08D', '09C', '09D')",39.086999999999996,2,940927.0
"('06C', '08C', '08D', '09C', '09D')",39.086,2,940871.0
"('05C', '08C', '08D', '09C', '09D')",39.085,2,940816.0
"('07C', '07D', '09C', '09D', '14C')",39.084,2,940761.0
"('04C', '08C', '08D', '09C', '09D')",39.083999999999996,2,940705.0
"('03C', '08C', '08D', '09C', '09D')",39.083,2,940650.0
"('02C', '08C', '08D', '09C', '09D')",39.082,2,940539.0
"('07C', '07D', '09C', '09D', '11C')",39.081,2,940428.0
"('07C', '07D', '09C', '09D', '10C')",39.08,2,940373.0
"('07C', '07D', '08C', '09C', '09D')",39.078,2,940317.0
"('06C', '07C', '07D', '09C', '09D')",39.076,2,940262.0
"('05C', '07C', '07D', '09C', '09D')",39.075,2,940206.0
"('06C', '06D', '09C', '09D', '14C')",39.074000000000005,2,940151.0
"('04C', '07C', '07D', '09C', '09D')",39.074,2,940096.0
"('03C', '07C', '07D', '09C', '09D')",39.073,2,940040.0
"('02C', '07C', '07D', '09C', '09D')",39.072,2,939929.0
"('06C', '06D', '09C', '09D', '11C')",39.071000000000005,2,939819.0
"('06C', '06D', '09C', '09D', '10C')",39.07,2,939763.0
"('06C', '06D', '08C', '09C', '09D')",39.068000000000005,2,939708.0
"('06C', '06D', '07C', '09C', '09D')",39.067,2,939652.0
"('05C', '06C', '06D', '09C', '09D')",39.065000000000005,2,939597.0
"('04C', '06C', '06D', '09C', '09D')",39.064,2,939542.0
"('03C', '06C', '06D', '09C', '09D')",39.063,2,939431.0
"('05C', '05D', '09C', '09D', '13C')",39.062999999999995,2,939375.0
"('02C', '06C', '06D', '09C', '09D')",39.062000000000005,2,939320.0
"('05C', '05D', '09C', '09D', '12C')",39.062,2,939265.0
"('05C', '05D', '09C', '09D', '11C')",39.061,2,939209.0
"('05C', '05D', '09C', '09D', '10C')",39.059999999999995,2,939154.0
"('05C', '05D', '08C', '09C', '09D')",39.058,2,939098.0
"('05C', '05D', '07C', '09C', '09D')",39.056999999999995,2,939043.0
"('05C', '05D', '06C', '09C', '09D')",39.056,2,938988.0
"('04C', '04D', '09C', '09D', '14C')",39.054,2,938932.0
"('04C', '05C', '05D', '09C', '09D')",39.053999999999995,2,938877.0
"('03C', '05C', '05D', '09C', '09D')",39.053,2,938821.0
"('02C', '05C', '05D', '09C', '09D')",39.052,2,938710.0
"('04C', '04D', '09C', '09D', '11C')",39.051,2,938600.0
"('04C', '04D', '09C', '09D', '10C')",39.05,2,938544.0
"('04C', '04D', '08C', '09C', '09D')",39.048,2,938489.0
"('04C', '04D', '07C', '09C', '09D')",39.047,2,938433.0
"('04C', '04D', '06C', '09C', '09D')",39.046,2,938378.0
"('04C', '04D', '05C', '09C', '09D')",39.045,2,938323.0
"('03C', '03D', '09C', '09D', '14C')",39.044000000000004,2,938267.0
"('03C', '03D', '09C', '09D', '13C')",39.043,2,938212.0
"('02C', '04C', '04D', '09C', '09D')",39.042,2,938101.0
"('03C', '03D', '09C', '09D', '11C')",39.041000000000004,2,937990.0
"('03C', '03D', '09C', '09D', '10C')",39.04,2,937935.0
"('03C', '03D', '08C', '09C', '09D')",39.038000000000004,2,937879.0
"('03C', '03D', '07C', '09C', '09D')",39.037,2,937824.0
"('03C', '03D', '06C', '09C', '09D')",39.036,2,937769.0
"('03C', '03D', '05C', '09C', '09D')",39.035000000000004,2,937713.0
"('02C', '02D', '09C', '09D', '14C')",39.034000000000006,2,937658.0
"('03C', '03D', '04C', '09C', '09D')",39.034,2,937602.0
"('02C', '02D', '09C', '09D', '13C')",39.033,2,937547.0
"('02C', '02D', '09C', '09D', '12C')",39.032000000000004,2,937492.0
"('02C', '02D', '09C', '09D', '11C')",39.031000000000006,2,937381.0
"('02C', '02D', '09C', '09D', '10C')",39.03,2,937325.0
"('02C', '02D', '08C', '09C', '09D')",39.028000000000006,2,937270.0
"('02C', '02D', '07C', '09C', '09D')",39.027,2,937215.0
"('02C', '02D', '06C', '09C', '09D')",39.026,2,937159.0
"('02C', '02D', '05C', '09C', '09D')",39.025000000000006,2,937104.0
"('02C', '02D', '04C', '09C', '09D')",39.024,2,937048.0
"('02C', '02D', '03C', '09C', '09D')",39.023,2,936993.0
"('07C', '07D', '08C', '08D', '14C')",38.084,2,936937.0
"('07C', '07D', '08C', '08D', '13C')",38.083,2,936882.0
"('07C', '07D', '08C', '08D', '12C')",38.082,2,936827.0
"('07C', '07D', '08C', '08D', '11C')",38.081,2,936771.0
"('07C', '07D', '08C', '08D', '10C')",38.08,2,936716.0
"('07C', '07D', '08C', '08D', '09C')",38.079,2,936660.0
"('06C', '07C', '07D', '08C', '08D')",38.076,2,936605.0
"('05C', '07C', '07D', '08C', '08D')",38.075,2,936550.0
"('06C', '06D', '08C', '08D', '14C')",38.074000000000005,2,936494.0
"('04C', '07C', '07D', '08C', '08D')",38.074,2,936439.0
"('03C', '07C', '07D', '08C', '08D')",38.073,2,936383.0
"('02C', '07C', '07D', '08C', '08D')",38.072,2,936273.0
"('06C', '06D', '08C', '08D', '11C')",38.071000000000005,2,936162.0
"('06C', '06D', '08C', '08D', '10C')",38.07,2,936106.0
"('06C', '06D', '08C', '08D', '09C')",38.069,2,936051.0
"('06C', '06D', '07C', '08C', '08D')",38.067,2,935996.0
"('05C', '06C', '06D', '08C', '08D')",38.065000000000005,2,935940.0
"('04C', '06C', '06D', '08C', '08D')",38.064,2,935885.0
"('03C', '06C', '06D', '08C', '08D')",38.063,2,935774.0
"('05C', '05D', '08C', '08D', '13C')",38.062999999999995,2,935719.0
"('02C', '06C', '06D', '08C', '08D')",38.062000000000005,2,935663.0
"('05C', '05D', '08C', '08D', '12C')",38.062,2,935608.0
"('05C', '05D', '08C', '08D', '11C')",38.061,2,935552.0
"('05C', '05D', '08C', '08D', '10C')",38.059999999999995,2,935497.0
"('05C', '05D', '08C', '08D', '09C')",38.059,2,935441.0
"('05C', '05D', '07C', '08C', '08D')",38.056999999999995,2,935386.0
"('05C', '05D', '06C', '08C', '08D')",38.056,2,935331.0
"('04C', '04D', '08C', '08D', '14C')",38.054,2,935275.0
"('04C', '05C', '05D', '08C', '08D')",38.053999999999995,2,935220.0
"('03C', '05C', '05D', '08C', '08D')",38.053,2,935164.0
"('02C', '05C', '05D', '08C', '08D')",38.052,2,935054.0
"('04C', '04D', '08C', '08D', '11C')",38.051,2,934943.0
"('04C', '04D', '08C', '08D', '10C')",38.05,2,934887.0
"('04C', '04D', '08C', '08D', '09C')",38.049,2,934832.0
"('04C', '04D', '07C', '08C', '08D')",38.047,2,934777.0
"('04C', '04D', '06C', '08C', '08D')",38.046,2,934721.0
"('04C', '04D', '05C', '08C', '08D')",38.045,2,934666.0
"('03C', '03D', '08C', '08D', '14C')",38.044000000000004,2,934610.0
"('03C', '03D', '08C', '08D', '13C')",38.043,2,934555.0
"('02C', '04C', '04D', '08C', '08D')",38.042,2,934444.0
"('03C', '03D', '08C', '08D', '11C')",38.041000000000004,2,934333.0
"('03C', '03D', '08C', '08D', '10C')",38.04,2,934278.0
"('03C', '03D', '08C', '08D', '09C')",38.039,2,934223.0
"('03C', '03D', '07C', '08C', '08D')",38.037,2,934167.0
"('03C', '03D', '06C', '08C', '08D')",38.036,2,934112.0
"('03C', '03D', '05C', '08C', '08D')",38.035000000000004,2,934056.0
"('02C', '02D', '08C', '08D', '14C')",38.034000000000006,2,934001.0
"('03C', '03D', '04C', '08C', '08D')",38.034,2,933946.0
"('02C', '02D', '08C', '08D', '13C')",38.033,2,933890.0
"('02C', '02D', '08C', '08D', '12C')",38.032000000000004,2,933835.0
"('02C', '02D', '08C', '08D', '11C')",38.031000000000006,2,933724.0
"('02C', '02D', '08C', '08D', '10C')",38.03,2,933668.0
"('02C', '02D', '08C', '08D', '09C')",38.029,2,933613.0
"('02C', '02D', '07C', '08C', '08D')",38.027,2,933558.0
"('02C', '02D', '06C', '08C', '08D')",38.026,2,933502.0
"('02C', '02D', '05C', '08C', '08D')",38.025000000000006,2,933447.0
"('02C', '02D', '04C', '08C', '08D')",38.024,2,933391.0
"('02C', '02D', '03C', '08C', '08D')",38.023,2,933336.0
"('06C', '06D', '07C', '07D', '14C')",37.074000000000005,2,933281.0
"('06C', '06D', '07C', '07D', '13C')",37.073,2,933225.0
"('06C', '06D', '07C', '07D', '12C')",37.072,2,933170.0
"('06C', '06D', '07C', '07D', '11C')",37.071000000000005,2,933114.0
"('06C', '06D', '07C', '07D', '10C')",37.07,2,933059.0
"('06C', '06D', '07C', '07D', '09C')",37.069,2,933004.0
"('06C', '06D', '07C', '07D', '08C')",37.068000000000005,2,932948.0
"('05C', '06C', '06D', '07C', '07D')",37.065000000000005,2,932893.0
"('04C', '06C', '06D', '07C', '07D')",37.064,2,932837.0
"('03C', '06C', '06D', '07C', '07D')",37.063,2,932727.0
"('05C', '05D', '07C', '07D', '13C')",37.062999999999995,2,932671.0
"('02C', '06C', '06D', '07C', '07D')",37.062000000000005,2,932616.0
"('05C', '05D', '07C', '07D', '12C')",37.062,2,932560.0
"('05C', '05D', '07C', '07D', '11C')",37.061,2,932505.0
"('05C', '05D', '07C', '07D', '10C')",37.059999999999995,2,932450.0
"('05C', '05D', '07C', '07D', '09C')",37.059,2,932394.0
"('05C', '05D', '07C', '07D', '08C')",37.058,2,932339.0
"('05C', '05D', '06C', '07C', '07D')",37.056,2,932283.0
"('04C', '04D', '07C', '07D', '14C')",37.054,2,932228.0
"('04C', '05C', '05D', '07C', '07D')",37.053999999999995,2,932172.0
"('03C', '05C', '05D', '07C', '07D')",37.053,2,932117.0
"('02C', '05C', '05D', '07C', '07D')",37.052,2,932006.0
"('04C', '04D', '07C', '07D', '11C')",37.051,2,931895.0
"('04C', '04D', '07C', '07D', '10C')",37.05,2,931840.0
"('04C', '04D', '07C', '07D', '09C')",37.049,2,931785.0
"('04C', '04D', '07C', '07D', '08C')",37.048,2,931729.0
"('04C', '04D', '06C', '07C', '07D')",37.046,2,931674.0
"('04C', '04D', '05C', '07C', '07D')",37.045,2,931618.0
"('03C', '03D', '07C', '07D', '14C')",37.044000000000004,2,931563.0
"('03C', '03D', '07C', '07D', '13C')",37.043,2,931508.0
"('02C', '04C', '04D', '07C', '07D')",37.042,2,931397.0
"('03C', '03D', '07C', '07D', '11C')",37.041000000000004,2,931286.0
"('03C', '03D', '07C', '07D', '10C')",37.04,2,931231.0
"('03C', '03D', '07C', '07D', '09C')",37.039,2,931175.0
"('03C', '03D', '07C', '07D', '08C')",37.038000000000004,2,931120.0
"('03C', '03D', '06C', '07C', '07D')",37.036,2,931064.0
"('03C', '03D', '05C', '07C', '07D')",37.035000000000004,2,931009.0
"('02C', '02D', '07C', '07D', '14C')",37.034000000000006,2,930954.0
"('03C', '03D', '04C', '07C', '07D')",37.034,2,930898.0
"('02C', '02D', '07C', '07D', '13C')",37.033,2,930843.0
"('02C', '02D', '07C', '07D', '12C')",37.032000000000004,2,930787.0
"('02C', '02D', '07C', '07D', '11C')",37.031000000000006,2,930677.0
"('02C', '02D', '07C', '07D', '10C')",37.03,2,930621.0
"('02C', '02D', '07C', '07D', '09C')",37.029,2,930566.0
"('02C', '02D', '07C', '07D', '08C')",37.028000000000006,2,930510.0
"('02C', '02D', '06C', '07C', '07D')",37.026,2,930455.0
"('02C', '02D', '05C', '07C', '07D')",37.025000000000006,2,930399.0
"('02C', '02D', '04C', '07C', '07D')",37.024,2,930344.0
"('02C', '02D', '03C', '07C', '07D')",37.023,2,930289.0
"('05C', '05D', '06C', '06D', '14C')",36.064,2,930233.0
"('05C', '05D', '06C', '06D', '13C')",36.062999999999995,2,930178.0
"('05C', '05D', '06C', '06D', '12C')",36.062,2,930122.0
"('05C', '05D', '06C', '06D', '11C')",36.061,2,930067.0
"('05C', '05D', '06C', '06D', '10C')",36.059999999999995,2,930012.0
"('05C', '05D', '06C', '06D', '09C')",36.059,2,929956.0
"('05C', '05D', '06C', '06D', '08C')",36.058,2,929901.0
"('05C', '05D', '06C', '06D', '07C')",36.056999999999995,2,929845.0
"('04C', '04D', '06C', '06D', '14C')",36.054,2,929790.0
"('04C', '05C', '05D', '06C', '06D')",36.053999999999995,2,929735.0
"('03C', '05C', '05D', '06C', '06D')",36.053,2,929679.0
"('02C', '05C', '05D', '06C', '06D')",36.052,2,929568.0
"('04C', '04D', '06C', '06D', '11C')",36.051,2,929458.0
"('04C', '04D', '06C', '06D', '10C')",36.05,2,929402.0
"('04C', '04D', '06C', '06D', '09C')",36.049,2,929347.0
"('04C', '04D', '06C', '06D', '08C')",36.048,2,929291.0
"('04C', '04D', '06C', '06D', '07C')",36.047,2,929236.0
"('04C', '04D', '05C', '06C', '06D')",36.045,2,929181.0
"('03C', '03D', '06C', '06D', '14C')",36.044000000000004,2,929125.0
"('03C', '03D', '06C', '06D', '13C')",36.043,2,929070.0
"('02C', '04C', '04D', '06C', '06D')",36.042,2,928959.0
"('03C', '03D', '06C', '06D', '11C')",36.041000000000004,2,928848.0
"('03C', '03D', '06C', '06D', '10C')",36.04,2,928793.0
"('03C', '03D', '06C', '06D', '09C')",36.039,2,928737.0
"('03C', '03D', '06C', '06D', '08C')",36.038000000000004,2,928682.0
"('03C', '03D', '06C', '06D', '07C')",36.037,2,928626.0
"('03C', '03D', '05C', '06C', '06D')",36.035000000000004,2,928571.0
"('02C', '02D', '06C', '06D', '14C')",36.034000000000006,2,928516.0
"('03C', '03D', '04C', '06C', '06D')",36.034,2,928460.0
"('02C', '02D', '06C', '06D', '13C')",36.033,2,928405.0
"('02C', '02D', '06C', '06D', '12C')",36.032000000000004,2,928349.0
"('02C', '02D', '06C', '06D', '11C')",36.031000000000006,2,928239.0
"('02C', '02D', '06C', '06D', '10C')",36.03,2,928183.0
"('02C', '02D', '06C', '06D', '09C')",36.029,2,928128.0
"('02C', '02D', '06C', '06D', '08C')",36.028000000000006,2,928072.0
"('02C', '02D', '06C', '06D', '07C')",36.027,2,928017.0
"('02C', '02D', '05C', '06C', '06D')",36.025000000000006,2,927962.0
"('02C', '02D', '04C', '06C', '06D')",36.024,2,927906.0
"('02C', '02D', '03C', '06C', '06D')",36.023,2,927851.0
"('04C', '04D', '05C', '05D', '14C')",35.054,2,927795.0
"('04C', '04D', '05C', '05D', '13C')",35.053,2,927740.0
"('04C', '04D', '05C', '05D', '12C')",35.052,2,927685.0
"('04C', '04D', '05C', '05D', '11C')",35.051,2,927629.0
"('04C', '04D', '05C', '05D', '10C')",35.05,2,927574.0
"('04C', '04D', '05C', '05D', '09C')",35.049,2,927518.0
"('04C', '04D', '05C', '05D', '08C')",35.048,2,927463.0
"('04C', '04D', '05C', '05D', '07C')",35.047,2,927408.0
"('04C', '04D', '05C', '05D', '06C')",35.046,2,927352.0
"('03C', '03D', '05C', '05D', '14C')",35.044000000000004,2,927297.0
"('03C', '03D', '05C', '05D', '13C')",35.043,2,927241.0
"('02C', '04C', '04D', '05C', '05D')",35.042,2,927130.0
"('03C', '03D', '05C', '05D', '11C')",35.041000000000004,2,927020.0
"('03C', '03D', '05C', '05D', '10C')",35.04,2,926964.0
"('03C', '03D', '05C', '05D', '09C')",35.039,2,926909.0
"('03C', '03D', '05C', '05D', '08C')",35.038000000000004,2,926853.0
"('03C', '03D', '05C', '05D', '07C')",35.037,2,926798.0
"('03C', '03D', '05C', '05D', '06C')",35.036,2,926743.0
"('02C', '02D', '05C', '05D', '14C')",35.034000000000006,2,926687.0
"('03C', '03D', '04C', '05C', '05D')",35.034,2,926632.0
"('02C', '02D', '05C', '05D', '13C')",35.033,2,926576.0
"('02C', '02D', '05C', '05D', '12C')",35.032000000000004,2,926521.0
"('02C', '02D', '05C', '05D', '11C')",35.031000000000006,2,926410.0
"('02C', '02D', '05C', '05D', '10C')",35.03,2,926355.0
"('02C', '02D', '05C', '05D', '09C')",35.029,2,926299.0
"('02C', '02D', '05C', '05D', '08C')",35.028000000000006,2,926244.0
"('02C', '02D', '05C', '05D', '07C')",35.027,2,926189.0
"('02C', '02D', '05C', '05D', '06C')",35.026,2,926133.0
"('02C', '02D', '04C', '05C', '05D')",35.024,2,926078.0
"('02C', '02D', '03C', '05C', '05D')",35.023,2,926022.0
"('03C', '03D', '04C', '04D', '14C')",34.044000000000004,2,925967.0
"('03C', '03D', '04C', '04D', '13C')",34.043,2,925912.0
"('03C', '03D', '04C', '04D', '12C')",34.042,2,925856.0
"('03C', '03D', '04C', '04D', '11C')",34.041000000000004,2,925801.0
"('03C', '03D', '04C', '04D', '10C')",34.04,2,925745.0
"('03C', '03D', '04C', '04D', '09C')",34.039,2,925690.0
"('03C', '03D', '04C', '04D', '08C')",34.038000000000004,2,925634.0
"('03C', '03D', '04C', '04D', '07C')",34.037,2,925579.0
"('03C', '03D', '04C', '04D', '06C')",34.036,2,925524.0
"('03C', '03D', '04C', '04D', '05C')",34.035000000000004,2,925468.0
"('02C', '02D', '04C', '04D', '14C')",34.034000000000006,2,925413.0
"('02C', '02D', '04C', '04D', '13C')",34.033,2,925357.0
"('02C', '02D', '04C', '04D', '12C')",34.032000000000004,2,925302.0
"('02C', '02D', '04C', '04D', '11C')",34.031000000000006,2,925191.0
"('02C', '02D', '04C', '04D', '10C')",34.03,2,925136.0
"('02C', '02D', '04C', '04D', '09C')",34.029,2,925080.0
"('02C', '02D', '04C', '04D', '08C')",34.028000000000006,2,925025.0
"('02C', '02D', '04C', '04D', '07C')",34.027,2,924970.0
"('02C', '02D', '04C', '04D', '06C')",34.026,2,924914.0
"('02C', '02D', '04C', '04D', '05C')",34.025000000000006,2,924859.0
"('02C', '02D', '03C', '04C', '04D')",34.023,2,924803.0
"('02C', '02D', '03C', '03D', '14C')",33.034000000000006,2,924748.0
"('02C', '02D', '03C', '03D', '13C')",33.033,2,924693.0
"('02C', '02D', '03C', '03D', '12C')",33.032000000000004,2,924637.0
"('02C', '02D', '03C', '03D', '11C')",33.031000000000006,2,924582.0
"('02C', '02D', '03C', '03D', '10C')",33.03,2,924526.0
"('02C', '02D', '03C', '03D', '09C')",33.029,2,924471.0
"('02C', '02D', '03C', '03D', '08C')",33.028000000000006,2,924416.0
"('02C', '02D', '03C', '03D', '07C')",33.027,2,924360.0
"('02C', '02D', '03C', '03D', '06C')",33.026,2,924305.0
"('02C', '02D', '03C', '03D', '05C')",33.025000000000006,2,924249.0
"('02C', '02D', '03C', '03D', '04C')",33.024,2,924194.0
"('11C', '12C', '13C', '14C', '14D')",29.1431,1,924139.0
"('10C', '12C', '13C', '14C', '14D')",29.143,1,923991.0
"('09C', '12C', '13C', '14C', '14D')",29.1429,1,923843.0
"('08C', '12C', '13C', '14C', '14D')",29.1428,1,923695.0
"('07C', '12C', '13C', '14C', '14D')",29.142699999999998,1,923547.0
"('06C', '12C', '13C', '14C', '14D')",29.142599999999998,1,923400.0
"('05C', '12C', '13C', '14C', '14D')",29.1425,1,923252.0
"('04C', '12C', '13C', '14C', '14D')",29.1424,1,923104.0
"('03C', '12C', '13C', '14C', '14D')",29.1423,1,922956.0
"('02C', '12C', '13C', '14C', '14D')",29.1422,1,922809.0
"('10C', '11C', '13C', '14C', '14D')",29.142,1,922661.0
"('09C', '11C', '13C', '14C', '14D')",29.1419,1,922513.0
"('08C', '11C', '13C', '14C', '14D')",29.1418,1,922365.0
"('07C', '11C', '13C', '14C', '14D')",29.141699999999997,1,922218.0
"('06C', '11C', '13C', '14C', '14D')",29.141599999999997,1,922070.0
"('05C', '11C', '13C', '14C', '14D')",29.141499999999997,1,921922.0
"('04C', '11C', '13C', '14C', '14D')",29.141399999999997,1,921774.0
"('03C', '11C', '13C', '14C', '14D')",29.141299999999998,1,921627.0
"('02C', '11C', '13C', '14C', '14D')",29.141199999999998,1,921479.0
"('09C', '10C', '13C', '14C', '14D')",29.140900000000002,1,921331.0
"('08C', '10C', '13C', '14C', '14D')",29.140800000000002,1,921183.0
"('07C', '10C', '13C', '14C', '14D')",29.1407,1,921036.0
"('06C', '10C', '13C', '14C', '14D')",29.1406,1,920888.0
"('05C', '10C', '13C', '14C', '14D')",29.1405,1,920740.0
"('04C', '10C', '13C', '14C', '14D')",29.1404,1,920592.0
"('03C', '10C', '13C', '14C', '14D')",29.1403,1,920445.0
"('02C', '10C', '13C', '14C', '14D')",29.1402,1,920297.0
"('08C', '09C', '13C', '14C', '14D')",29.1398,1,920149.0
"('07C', '09C', '13C', '14C', '14D')",29.139699999999998,1,920001.0
"('06C', '09C', '13C', '14C', '14D')",29.139599999999998,1,919854.0
"('05C', '09C', '13C', '14C', '14D')",29.139499999999998,1,919706.0
"('04C', '09C', '13C', '14C', '14D')",29.1394,1,919558.0
"('03C', '09C', '13C', '14C', '14D')",29.1393,1,919410.0
"('02C', '09C', '13C', '14C', '14D')",29.1392,1,919263.0
"('07C', '08C', '13C', '14C', '14D')",29.138699999999996,1,919115.0
"('06C', '08C', '13C', '14C', '14D')",29.138599999999997,1,918967.0
"('05C', '08C', '13C', '14C', '14D')",29.138499999999997,1,918819.0
"('04C', '08C', '13C', '14C', '14D')",29.138399999999997,1,918672.0
"('03C', '08C', '13C', '14C', '14D')",29.138299999999997,1,918524.0
"('02C', '08C', '13C', '14C', '14D')",29.138199999999998,1,918376.0
"('06C', '07C', '13C', '14C', '14D')",29.1376,1,918228.0
"('05C', '07C', '13C', '14C', '14D')",29.1375,1,918081.0
"('04C', '07C', '13C', '14C', '14D')",29.1374,1,917933.0
"('03C', '07C', '13C', '14C', '14D')",29.1373,1,917785.0
"('02C', '07C', '13C', '14C', '14D')",29.1372,1,917637.0
"('05C', '06C', '13C', '14C', '14D')",29.136499999999998,1,917490.0
"('04C', '06C', '13C', '14C', '14D')",29.1364,1,917342.0
"('03C', '06C', '13C', '14C', '14D')",29.1363,1,917194.0
"('02C', '06C', '13C', '14C', '14D')",29.1362,1,917046.0
"('04C', '05C', '13C', '14C', '14D')",29.135399999999997,1,916899.0
"('03C', '05C', '13C', '14C', '14D')",29.135299999999997,1,916751.0
"('02C', '05C', '13C', '14C', '14D')",29.135199999999998,1,916603.0
"('03C', '04C', '13C', '14C', '14D')",29.1343,1,916455.0
"('02C', '04C', '13C', '14C', '14D')",29.1342,1,916308.0
"('02C', '03C', '13C', '14C', '14D')",29.1332,1,916160.0
"('10C', '11C', '12C', '14C', '14D')",29.132,1,916012.0
"('09C', '11C', '12C', '14C', '14D')",29.1319,1,915864.0
"('08C', '11C', '12C', '14C', '14D')",29.131800000000002,1,915717.0
"('07C', '11C', '12C', '14C', '14D')",29.1317,1,915569.0
"('06C', '11C', '12C', '14C', '14D')",29.1316,1,915421.0
"('05C', '11C', '12C', '14C', '14D')",29.1315,1,915273.0
"('04C', '11C', '12C', '14C', '14D')",29.1314,1,915126.0
"('03C', '11C', '12C', '14C', '14D')",29.1313,1,914978.0
"('02C', '11C', '12C', '14C', '14D')",29.1312,1,914830.0
"('09C', '10C', '12C', '14C', '14D')",29.130900000000004,1,914682.0
"('08C', '10C', '12C', '14C', '14D')",29.130800000000004,1,914535.0
"('07C', '10C', '12C', '14C', '14D')",29.1307,1,914387.0
"('06C', '10C', '12C', '14C', '14D')",29.1306,1,914239.0
"('05C', '10C', '12C', '14C', '14D')",29.1305,1,914091.0
"('04C', '10C', '12C', '14C', '14D')",29.1304,1,913944.0
"('03C', '10C', '12C', '14C', '14D')",29.130300000000002,1,913796.0
"('02C', '10C', '12C', '14C', '14D')",29.130200000000002,1,913648.0
"('08C', '09C', '12C', '14C', '14D')",29.129800000000003,1,913500.0
"('07C', '09C', '12C', '14C', '14D')",29.1297,1,913353.0
"('06C', '09C', '12C', '14C', '14D')",29.1296,1,913205.0
"('05C', '09C', '12C', '14C', '14D')",29.1295,1,913057.0
"('04C', '09C', '12C', '14C', '14D')",29.1294,1,912909.0
"('03C', '09C', '12C', '14C', '14D')",29.1293,1,912762.0
"('02C', '09C', '12C', '14C', '14D')",29.1292,1,912614.0
"('07C', '08C', '12C', '14C', '14D')",29.1287,1,912466.0
"('06C', '08C', '12C', '14C', '14D')",29.1286,1,912318.0
"('05C', '08C', '12C', '14C', '14D')",29.1285,1,912171.0
"('04C', '08C', '12C', '14C', '14D')",29.1284,1,912023.0
"('03C', '08C', '12C', '14C', '14D')",29.1283,1,911875.0
"('02C', '08C', '12C', '14C', '14D')",29.1282,1,911727.0
"('06C', '07C', '12C', '14C', '14D')",29.1276,1,911580.0
"('05C', '07C', '12C', '14C', '14D')",29.1275,1,911432.0
"('04C', '07C', '12C', '14C', '14D')",29.1274,1,911284.0
"('03C', '07C', '12C', '14C', '14D')",29.1273,1,911136.0
"('02C', '07C', '12C', '14C', '14D')",29.127200000000002,1,910989.0
"('05C', '06C', '12C', '14C', '14D')",29.1265,1,910841.0
"('04C', '06C', '12C', '14C', '14D')",29.1264,1,910693.0
"('03C', '06C', '12C', '14C', '14D')",29.1263,1,910545.0
"('02C', '06C', '12C', '14C', '14D')",29.1262,1,910398.0
"('04C', '05C', '12C', '14C', '14D')",29.1254,1,910250.0
"('03C', '05C', '12C', '14C', '14D')",29.1253,1,910102.0
"('02C', '05C', '12C', '14C', '14D')",29.1252,1,909954.0
"('03C', '04C', '12C', '14C', '14D')",29.1243,1,909807.0
"('02C', '04C', '12C', '14C', '14D')",29.124200000000002,1,909659.0
"('02C', '03C', '12C', '14C', '14D')",29.1232,1,909511.0
"('09C', '10C', '11C', '14C', '14D')",29.120900000000002,1,909363.0
"('08C', '10C', '11C', '14C', '14D')",29.120800000000003,1,909216.0
"('07C', '10C', '11C', '14C', '14D')",29.1207,1,909068.0
"('06C', '10C', '11C', '14C', '14D')",29.1206,1,908920.0
"('05C', '10C', '11C', '14C', '14D')",29.1205,1,908772.0
"('04C', '10C', '11C', '14C', '14D')",29.1204,1,908625.0
"('03C', '10C', '11C', '14C', '14D')",29.1203,1,908477.0
"('02C', '10C', '11C', '14C', '14D')",29.1202,1,908329.0
"('08C', '09C', '11C', '14C', '14D')",29.1198,1,908181.0
"('07C', '09C', '11C', '14C', '14D')",29.119699999999998,1,908034.0
"('06C', '09C', '11C', '14C', '14D')",29.1196,1,907886.0
"('05C', '09C', '11C', '14C', '14D')",29.1195,1,907738.0
"('04C', '09C', '11C', '14C', '14D')",29.1194,1,907590.0
"('03C', '09C', '11C', '14C', '14D')",29.1193,1,907443.0
"('02C', '09C', '11C', '14C', '14D')",29.1192,1,907295.0
"('07C', '08C', '11C', '14C', '14D')",29.118699999999997,1,907147.0
"('06C', '08C', '11C', '14C', '14D')",29.118599999999997,1,906999.0
"('05C', '08C', '11C', '14C', '14D')",29.118499999999997,1,906852.0
"('04C', '08C', '11C', '14C', '14D')",29.118399999999998,1,906704.0
"('03C', '08C', '11C', '14C', '14D')",29.118299999999998,1,906556.0
"('02C', '08C', '11C', '14C', '14D')",29.118199999999998,1,906408.0
"('06C', '07C', '11C', '14C', '14D')",29.1176,1,906261.0
"('05C', '07C', '11C', '14C', '14D')",29.1175,1,906113.0
"('04C', '07C', '11C', '14C', '14D')",29.1174,1,905965.0
"('03C', '07C', '11C', '14C', '14D')",29.1173,1,905817.0
"('02C', '07C', '11C', '14C', '14D')",29.1172,1,905670.0
"('05C', '06C', '11C', '14C', '14D')",29.1165,1,905522.0
"('04C', '06C', '11C', '14C', '14D')",29.1164,1,905374.0
"('03C', '06C', '11C', '14C', '14D')",29.1163,1,905226.0
"('02C', '06C', '11C', '14C', '14D')",29.1162,1,905079.0
"('04C', '05C', '11C', '14C', '14D')",29.115399999999998,1,904931.0
"('03C', '05C', '11C', '14C', '14D')",29.115299999999998,1,904783.0
"('02C', '05C', '11C', '14C', '14D')",29.115199999999998,1,904635.0
"('03C', '04C', '11C', '14C', '14D')",29.1143,1,904488.0
"('02C', '04C', '11C', '14C', '14D')",29.1142,1,904340.0
"('02C', '03C', '11C', '14C', '14D')",29.1132,1,904192.0
"('08C', '09C', '10C', '14C', '14D')",29.109800000000003,1,904044.0
"('07C', '09C', '10C', '14C', '14D')",29.1097,1,903897.0
"('06C', '09C', '10C', '14C', '14D')",29.1096,1,903749.0
"('05C', '09C', '10C', '14C', '14D')",29.1095,1,903601.0
"('04C', '09C', '10C', '14C', '14D')",29.1094,1,903453.0
"('03C', '09C', '10C', '14C', '14D')",29.1093,1,903306.0
"('02C', '09C', '10C', '14C', '14D')",29.1092,1,903158.0
"('07C', '08C', '10C', '14C', '14D')",29.1087,1,903010.0
"('06C', '08C', '10C', '14C', '14D')",29.1086,1,902862.0
"('05C', '08C', '10C', '14C', '14D')",29.1085,1,902715.0
"('04C', '08C', '10C', '14C', '14D')",29.1084,1,902567.0
"('03C', '08C', '10C', '14C', '14D')",29.1083,1,902419.0
"('02C', '08C', '10C', '14C', '14D')",29.1082,1,902271.0
"('06C', '07C', '10C', '14C', '14D')",29.1076,1,902124.0
"('05C', '07C', '10C', '14C', '14D')",29.1075,1,901976.0
"('04C', '07C', '10C', '14C', '14D')",29.107400000000002,1,901828.0
"('03C', '07C', '10C', '14C', '14D')",29.107300000000002,1,901680.0
"('02C', '07C', '10C', '14C', '14D')",29.107200000000002,1,901533.0
"('05C', '06C', '10C', '14C', '14D')",29.1065,1,901385.0
"('04C', '06C', '10C', '14C', '14D')",29.1064,1,901237.0
"('03C', '06C', '10C', '14C', '14D')",29.1063,1,901089.0
"('02C', '06C', '10C', '14C', '14D')",29.1062,1,900942.0
"('04C', '05C', '10C', '14C', '14D')",29.1054,1,900794.0
"('03C', '05C', '10C', '14C', '14D')",29.1053,1,900646.0
"('02C', '05C', '10C', '14C', '14D')",29.1052,1,900498.0
"('03C', '04C', '10C', '14C', '14D')",29.104300000000002,1,900351.0
"('02C', '04C', '10C', '14C', '14D')",29.104200000000002,1,900203.0
"('02C', '03C', '10C', '14C', '14D')",29.1032,1,900055.0
"('07C', '08C', '09C', '14C', '14D')",29.098699999999997,1,899907.0
"('06C', '08C', '09C', '14C', '14D')",29.098599999999998,1,899760.0
"('05C', '08C', '09C', '14C', '14D')",29.098499999999998,1,899612.0
"('04C', '08C', '09C', '14C', '14D')",29.098399999999998,1,899464.0
"('03C', '08C', '09C', '14C', '14D')",29.0983,1,899316.0
"('02C', '08C', '09C', '14C', '14D')",29.0982,1,899169.0
"('06C', '07C', '09C', '14C', '14D')",29.0976,1,899021.0
"('05C', '07C', '09C', '14C', '14D')",29.0975,1,898873.0
"('04C', '07C', '09C', '14C', '14D')",29.0974,1,898725.0
"('03C', '07C', '09C', '14C', '14D')",29.0973,1,898578.0
"('02C', '07C', '09C', '14C', '14D')",29.0972,1,898430.0
"('05C', '06C', '09C', '14C', '14D')",29.0965,1,898282.0
"('04C', '06C', '09C', '14C', '14D')",29.0964,1,898134.0
"('03C', '06C', '09C', '14C', '14D')",29.0963,1,897987.0
"('02C', '06C', '09C', '14C', '14D')",29.0962,1,897839.0
"('04C', '05C', '09C', '14C', '14D')",29.095399999999998,1,897691.0
"('03C', '05C', '09C', '14C', '14D')",29.095299999999998,1,897543.0
"('02C', '05C', '09C', '14C', '14D')",29.0952,1,897395.0
"('03C', '04C', '09C', '14C', '14D')",29.0943,1,897248.0
"('02C', '04C', '09C', '14C', '14D')",29.0942,1,897100.0
"('02C', '03C', '09C', '14C', '14D')",29.0932,1,896952.0
"('06C', '07C', '08C', '14C', '14D')",29.0876,1,896804.0
"('05C', '07C', '08C', '14C', '14D')",29.0875,1,896657.0
"('04C', '07C', '08C', '14C', '14D')",29.0874,1,896509.0
"('03C', '07C', '08C', '14C', '14D')",29.0873,1,896361.0
"('02C', '07C', '08C', '14C', '14D')",29.0872,1,896213.0
"('05C', '06C', '08C', '14C', '14D')",29.086499999999997,1,896066.0
"('04C', '06C', '08C', '14C', '14D')",29.086399999999998,1,895918.0
"('03C', '06C', '08C', '14C', '14D')",29.086299999999998,1,895770.0
"('02C', '06C', '08C', '14C', '14D')",29.086199999999998,1,895622.0
"('04C', '05C', '08C', '14C', '14D')",29.085399999999996,1,895475.0
"('03C', '05C', '08C', '14C', '14D')",29.085299999999997,1,895327.0
"('02C', '05C', '08C', '14C', '14D')",29.085199999999997,1,895179.0
"('03C', '04C', '08C', '14C', '14D')",29.0843,1,895031.0
"('02C', '04C', '08C', '14C', '14D')",29.0842,1,894884.0
"('02C', '03C', '08C', '14C', '14D')",29.083199999999998,1,894736.0
"('05C', '06C', '07C', '14C', '14D')",29.0765,1,894588.0
"('04C', '06C', '07C', '14C', '14D')",29.0764,1,894440.0
"('03C', '06C', '07C', '14C', '14D')",29.0763,1,894293.0
"('02C', '06C', '07C', '14C', '14D')",29.0762,1,894145.0
"('04C', '05C', '07C', '14C', '14D')",29.0754,1,893997.0
"('03C', '05C', '07C', '14C', '14D')",29.0753,1,893849.0
"('02C', '05C', '07C', '14C', '14D')",29.0752,1,893702.0
"('03C', '04C', '07C', '14C', '14D')",29.0743,1,893554.0
"('02C', '04C', '07C', '14C', '14D')",29.0742,1,893406.0
"('02C', '03C', '07C', '14C', '14D')",29.0732,1,893258.0
"('04C', '05C', '06C', '14C', '14D')",29.065399999999997,1,893111.0
"('03C', '05C', '06C', '14C', '14D')",29.065299999999997,1,892963.0
"('02C', '05C', '06C', '14C', '14D')",29.065199999999997,1,892815.0
"('03C', '04C', '06C', '14C', '14D')",29.0643,1,892667.0
"('02C', '04C', '06C', '14C', '14D')",29.0642,1,892520.0
"('02C', '03C', '06C', '14C', '14D')",29.0632,1,892372.0
"('03C', '04C', '05C', '14C', '14D')",29.0543,1,892224.0
"('02C', '04C', '05C', '14C', '14D')",29.0542,1,892076.0
"('02C', '03C', '05C', '14C', '14D')",29.0532,1,891929.0
"('02C', '03C', '04C', '14C', '14D')",29.0432,1,891781.0
"('11C', '12C', '13C', '13D', '14C')",28.153100000000002,1,891633.0
"('10C', '12C', '13C', '13D', '14C')",28.153000000000002,1,891485.0
"('09C', '12C', '13C', '13D', '14C')",28.152900000000002,1,891338.0
"('08C', '12C', '13C', '13D', '14C')",28.152800000000003,1,891190.0
"('07C', '12C', '13C', '13D', '14C')",28.1527,1,891042.0
"('06C', '12C', '13C', '13D', '14C')",28.1526,1,890894.0
"('05C', '12C', '13C', '13D', '14C')",28.1525,1,890747.0
"('04C', '12C', '13C', '13D', '14C')",28.1524,1,890599.0
"('03C', '12C', '13C', '13D', '14C')",28.1523,1,890451.0
"('02C', '12C', '13C', '13D', '14C')",28.1522,1,890303.0
"('10C', '11C', '13C', '13D', '14C')",28.152,1,890156.0
"('09C', '11C', '13C', '13D', '14C')",28.1519,1,890008.0
"('08C', '11C', '13C', '13D', '14C')",28.1518,1,889860.0
"('07C', '11C', '13C', '13D', '14C')",28.151699999999998,1,889712.0
"('06C', '11C', '13C', '13D', '14C')",28.1516,1,889565.0
"('05C', '11C', '13C', '13D', '14C')",28.1515,1,889417.0
"('04C', '11C', '13C', '13D', '14C')",28.1514,1,889269.0
"('03C', '11C', '13C', '13D', '14C')",28.1513,1,889121.0
"('02C', '11C', '13C', '13D', '14C')",28.1512,1,888974.0
"('09C', '10C', '13C', '13D', '14C')",28.150900000000004,1,888826.0
"('08C', '10C', '13C', '13D', '14C')",28.150800000000004,1,888678.0
"('07C', '10C', '13C', '13D', '14C')",28.1507,1,888530.0
"('06C', '10C', '13C', '13D', '14C')",28.1506,1,888383.0
"('05C', '10C', '13C', '13D', '14C')",28.1505,1,888235.0
"('04C', '10C', '13C', '13D', '14C')",28.1504,1,888087.0
"('03C', '10C', '13C', '13D', '14C')",28.1503,1,887939.0
"('02C', '10C', '13C', '13D', '14C')",28.1502,1,887792.0
"('08C', '09C', '13C', '13D', '14C')",28.149800000000003,1,887644.0
"('07C', '09C', '13C', '13D', '14C')",28.1497,1,887496.0
"('06C', '09C', '13C', '13D', '14C')",28.1496,1,887348.0
"('05C', '09C', '13C', '13D', '14C')",28.1495,1,887201.0
"('04C', '09C', '13C', '13D', '14C')",28.1494,1,887053.0
"('03C', '09C', '13C', '13D', '14C')",28.1493,1,886905.0
"('02C', '09C', '13C', '13D', '14C')",28.1492,1,886757.0
"('07C', '08C', '13C', '13D', '14C')",28.148699999999998,1,886610.0
"('06C', '08C', '13C', '13D', '14C')",28.1486,1,886462.0
"('05C', '08C', '13C', '13D', '14C')",28.1485,1,886314.0
"('04C', '08C', '13C', '13D', '14C')",28.1484,1,886166.0
"('03C', '08C', '13C', '13D', '14C')",28.1483,1,886019.0
"('02C', '08C', '13C', '13D', '14C')",28.1482,1,885871.0
"('06C', '07C', '13C', '13D', '14C')",28.1476,1,885723.0
"('05C', '07C', '13C', '13D', '14C')",28.1475,1,885575.0
"('04C', '07C', '13C', '13D', '14C')",28.1474,1,885428.0
"('03C', '07C', '13C', '13D', '14C')",28.1473,1,885280.0
"('02C', '07C', '13C', '13D', '14C')",28.1472,1,885132.0
"('05C', '06C', '13C', '13D', '14C')",28.1465,1,884984.0
"('04C', '06C', '13C', '13D', '14C')",28.1464,1,884837.0
"('03C', '06C', '13C', '13D', '14C')",28.1463,1,884689.0
"('02C', '06C', '13C', '13D', '14C')",28.1462,1,884541.0
"('04C', '05C', '13C', '13D', '14C')",28.1454,1,884393.0
"('03C', '05C', '13C', '13D', '14C')",28.1453,1,884246.0
"('02C', '05C', '13C', '13D', '14C')",28.1452,1,884098.0
"('03C', '04C', '13C', '13D', '14C')",28.1443,1,883950.0
"('02C', '04C', '13C', '13D', '14C')",28.1442,1,883802.0
"('02C', '03C', '13C', '13D', '14C')",28.1432,1,883655.0
"('10C', '11C', '12C', '13C', '13D')",28.132,1,883507.0
"('09C', '11C', '12C', '13C', '13D')",28.1319,1,883359.0
"('08C', '11C', '12C', '13C', '13D')",28.131800000000002,1,883211.0
"('07C', '11C', '12C', '13C', '13D')",28.1317,1,883064.0
"('06C', '11C', '12C', '13C', '13D')",28.1316,1,882916.0
"('05C', '11C', '12C', '13C', '13D')",28.1315,1,882768.0
"('04C', '11C', '12C', '13C', '13D')",28.1314,1,882620.0
"('03C', '11C', '12C', '13C', '13D')",28.1313,1,882473.0
"('02C', '11C', '12C', '13C', '13D')",28.1312,1,882325.0
"('09C', '10C', '12C', '13C', '13D')",28.130900000000004,1,882177.0
"('08C', '10C', '12C', '13C', '13D')",28.130800000000004,1,882029.0
"('07C', '10C', '12C', '13C', '13D')",28.1307,1,881882.0
"('06C', '10C', '12C', '13C', '13D')",28.1306,1,881734.0
"('05C', '10C', '12C', '13C', '13D')",28.1305,1,881586.0
"('04C', '10C', '12C', '13C', '13D')",28.1304,1,881438.0
"('03C', '10C', '12C', '13C', '13D')",28.130300000000002,1,881291.0
"('02C', '10C', '12C', '13C', '13D')",28.130200000000002,1,881143.0
"('08C', '09C', '12C', '13C', '13D')",28.129800000000003,1,880995.0
"('07C', '09C', '12C', '13C', '13D')",28.1297,1,880847.0
"('06C', '09C', '12C', '13C', '13D')",28.1296,1,880700.0
"('05C', '09C', '12C', '13C', '13D')",28.1295,1,880552.0
"('04C', '09C', '12C', '13C', '13D')",28.1294,1,880404.0
"('03C', '09C', '12C', '13C', '13D')",28.1293,1,880256.0
"('02C', '09C', '12C', '13C', '13D')",28.1292,1,880109.0
"('07C', '08C', '12C', '13C', '13D')",28.1287,1,879961.0
"('06C', '08C', '12C', '13C', '13D')",28.1286,1,879813.0
"('05C', '08C', '12C', '13C', '13D')",28.1285,1,879665.0
"('04C', '08C', '12C', '13C', '13D')",28.1284,1,879518.0
"('03C', '08C', '12C', '13C', '13D')",28.1283,1,879370.0
"('02C', '08C', '12C', '13C', '13D')",28.1282,1,879222.0
"('06C', '07C', '12C', '13C', '13D')",28.1276,1,879074.0
"('05C', '07C', '12C', '13C', '13D')",28.1275,1,878927.0
"('04C', '07C', '12C', '13C', '13D')",28.1274,1,878779.0
"('03C', '07C', '12C', '13C', '13D')",28.1273,1,878631.0
"('02C', '07C', '12C', '13C', '13D')",28.127200000000002,1,878483.0
"('05C', '06C', '12C', '13C', '13D')",28.1265,1,878336.0
"('04C', '06C', '12C', '13C', '13D')",28.1264,1,878188.0
"('03C', '06C', '12C', '13C', '13D')",28.1263,1,878040.0
"('02C', '06C', '12C', '13C', '13D')",28.1262,1,877892.0
"('04C', '05C', '12C', '13C', '13D')",28.1254,1,877745.0
"('03C', '05C', '12C', '13C', '13D')",28.1253,1,877597.0
"('02C', '05C', '12C', '13C', '13D')",28.1252,1,877449.0
"('03C', '04C', '12C', '13C', '13D')",28.1243,1,877301.0
"('02C', '04C', '12C', '13C', '13D')",28.124200000000002,1,877154.0
"('02C', '03C', '12C', '13C', '13D')",28.1232,1,877006.0
"('09C', '10C', '11C', '13C', '13D')",28.120900000000002,1,876858.0
"('08C', '10C', '11C', '13C', '13D')",28.120800000000003,1,876710.0
"('07C', '10C', '11C', '13C', '13D')",28.1207,1,876563.0
"('06C', '10C', '11C', '13C', '13D')",28.1206,1,876415.0
"('05C', '10C', '11C', '13C', '13D')",28.1205,1,876267.0
"('04C', '10C', '11C', '13C', '13D')",28.1204,1,876119.0
"('03C', '10C', '11C', '13C', '13D')",28.1203,1,875972.0
"('02C', '10C', '11C', '13C', '13D')",28.1202,1,875824.0
"('08C', '09C', '11C', '13C', '13D')",28.1198,1,875676.0
"('07C', '09C', '11C', '13C', '13D')",28.119699999999998,1,875528.0
"('06C', '09C', '11C', '13C', '13D')",28.1196,1,875381.0
"('05C', '09C', '11C', '13C', '13D')",28.1195,1,875233.0
"('04C', '09C', '11C', '13C', '13D')",28.1194,1,875085.0
"('03C', '09C', '11C', '13C', '13D')",28.1193,1,874937.0
"('02C', '09C', '11C', '13C', '13D')",28.1192,1,874790.0
"('07C', '08C', '11C', '13C', '13D')",28.118699999999997,1,874642.0
"('06C', '08C', '11C', '13C', '13D')",28.118599999999997,1,874494.0
"('05C', '08C', '11C', '13C', '13D')",28.118499999999997,1,874346.0
"('04C', '08C', '11C', '13C', '13D')",28.118399999999998,1,874199.0
"('03C', '08C', '11C', '13C', '13D')",28.118299999999998,1,874051.0
"('02C', '08C', '11C', '13C', '13D')",28.118199999999998,1,873903.0
"('06C', '07C', '11C', '13C', '13D')",28.1176,1,873755.0
"('05C', '07C', '11C', '13C', '13D')",28.1175,1,873608.0
"('04C', '07C', '11C', '13C', '13D')",28.1174,1,873460.0
"('03C', '07C', '11C', '13C', '13D')",28.1173,1,873312.0
"('02C', '07C', '11C', '13C', '13D')",28.1172,1,873164.0
"('05C', '06C', '11C', '13C', '13D')",28.1165,1,873017.0
"('04C', '06C', '11C', '13C', '13D')",28.1164,1,872869.0
"('03C', '06C', '11C', '13C', '13D')",28.1163,1,872721.0
"('02C', '06C', '11C', '13C', '13D')",28.1162,1,872573.0
"('04C', '05C', '11C', '13C', '13D')",28.115399999999998,1,872426.0
"('03C', '05C', '11C', '13C', '13D')",28.115299999999998,1,872278.0
"('02C', '05C', '11C', '13C', '13D')",28.115199999999998,1,872130.0
"('03C', '04C', '11C', '13C', '13D')",28.1143,1,871982.0
"('02C', '04C', '11C', '13C', '13D')",28.1142,1,871835.0
"('02C', '03C', '11C', '13C', '13D')",28.1132,1,871687.0
"('08C', '09C', '10C', '13C', '13D')",28.109800000000003,1,871539.0
"('07C', '09C', '10C', '13C', '13D')",28.1097,1,871391.0
"('06C', '09C', '10C', '13C', '13D')",28.1096,1,871243.0
"('05C', '09C', '10C', '13C', '13D')",28.1095,1,871096.0
"('04C', '09C', '10C', '13C', '13D')",28.1094,1,870948.0
"('03C', '09C', '10C', '13C', '13D')",28.1093,1,870800.0
"('02C', '09C', '10C', '13C', '13D')",28.1092,1,870652.0
"('07C', '08C', '10C', '13C', '13D')",28.1087,1,870505.0
"('06C', '08C', '10C', '13C', '13D')",28.1086,1,870357.0
"('05C', '08C', '10C', '13C', '13D')",28.1085,1,870209.0
"('04C', '08C', '10C', '13C', '13D')",28.1084,1,870061.0
"('03C', '08C', '10C', '13C', '13D')",28.1083,1,869914.0
"('02C', '08C', '10C', '13C', '13D')",28.1082,1,869766.0
"('06C', '07C', '10C', '13C', '13D')",28.1076,1,869618.0
"('05C', '07C', '10C', '13C', '13D')",28.1075,1,869470.0
"('04C', '07C', '10C', '13C', '13D')",28.107400000000002,1,869323.0
"('03C', '07C', '10C', '13C', '13D')",28.107300000000002,1,869175.0
"('02C', '07C', '10C', '13C', '13D')",28.107200000000002,1,869027.0
"('05C', '06C', '10C', '13C', '13D')",28.1065,1,868879.0
"('04C', '06C', '10C', '13C', '13D')",28.1064,1,868732.0
"('03C', '06C', '10C', '13C', '13D')",28.1063,1,868584.0
"('02C', '06C', '10C', '13C', '13D')",28.1062,1,868436.0
"('04C', '05C', '10C', '13C', '13D')",28.1054,1,868288.0
"('03C', '05C', '10C', '13C', '13D')",28.1053,1,868141.0
"('02C', '05C', '10C', '13C', '13D')",28.1052,1,867993.0
"('03C', '04C', '10C', '13C', '13D')",28.104300000000002,1,867845.0
"('02C', '04C', '10C', '13C', '13D')",28.104200000000002,1,867697.0
"('02C', '03C', '10C', '13C', '13D')",28.1032,1,867550.0
"('07C', '08C', '09C', '13C', '13D')",28.098699999999997,1,867402.0
"('06C', '08C', '09C', '13C', '13D')",28.098599999999998,1,867254.0
"('05C', '08C', '09C', '13C', '13D')",28.098499999999998,1,867106.0
"('04C', '08C', '09C', '13C', '13D')",28.098399999999998,1,866959.0
"('03C', '08C', '09C', '13C', '13D')",28.0983,1,866811.0
"('02C', '08C', '09C', '13C', '13D')",28.0982,1,866663.0
"('06C', '07C', '09C', '13C', '13D')",28.0976,1,866515.0
"('05C', '07C', '09C', '13C', '13D')",28.0975,1,866368.0
"('04C', '07C', '09C', '13C', '13D')",28.0974,1,866220.0
"('03C', '07C', '09C', '13C', '13D')",28.0973,1,866072.0
"('02C', '07C', '09C', '13C', '13D')",28.0972,1,865924.0
"('05C', '06C', '09C', '13C', '13D')",28.0965,1,865777.0
"('04C', '06C', '09C', '13C', '13D')",28.0964,1,865629.0
"('03C', '06C', '09C', '13C', '13D')",28.0963,1,865481.0
"('02C', '06C', '09C', '13C', '13D')",28.0962,1,865333.0
"('04C', '05C', '09C', '13C', '13D')",28.095399999999998,1,865186.0
"('03C', '05C', '09C', '13C', '13D')",28.095299999999998,1,865038.0
"('02C', '05C', '09C', '13C', '13D')",28.0952,1,864890.0
"('03C', '04C', '09C', '13C', '13D')",28.0943,1,864742.0
"('02C', '04C', '09C', '13C', '13D')",28.0942,1,864595.0
"('02C', '03C', '09C', '13C', '13D')",28.0932,1,864447.0
"('06C', '07C', '08C', '13C', '13D')",28.0876,1,864299.0
"('05C', '07C', '08C', '13C', '13D')",28.0875,1,864151.0
"('04C', '07C', '08C', '13C', '13D')",28.0874,1,864004.0
"('03C', '07C', '08C', '13C', '13D')",28.0873,1,863856.0
"('02C', '07C', '08C', '13C', '13D')",28.0872,1,863708.0
"('05C', '06C', '08C', '13C', '13D')",28.086499999999997,1,863560.0
"('04C', '06C', '08C', '13C', '13D')",28.086399999999998,1,863413.0
"('03C', '06C', '08C', '13C', '13D')",28.086299999999998,1,863265.0
"('02C', '06C', '08C', '13C', '13D')",28.086199999999998,1,863117.0
"('04C', '05C', '08C', '13C', '13D')",28.085399999999996,1,862969.0
"('03C', '05C', '08C', '13C', '13D')",28.085299999999997,1,862822.0
"('02C', '05C', '08C', '13C', '13D')",28.085199999999997,1,862674.0
"('03C', '04C', '08C', '13C', '13D')",28.0843,1,862526.0
"('02C', '04C', '08C', '13C', '13D')",28.0842,1,862378.0
"('02C', '03C', '08C', '13C', '13D')",28.083199999999998,1,862231.0
"('05C', '06C', '07C', '13C', '13D')",28.0765,1,862083.0
"('04C', '06C', '07C', '13C', '13D')",28.0764,1,861935.0
"('03C', '06C', '07C', '13C', '13D')",28.0763,1,861787.0
"('02C', '06C', '07C', '13C', '13D')",28.0762,1,861640.0
"('04C', '05C', '07C', '13C', '13D')",28.0754,1,861492.0
"('03C', '05C', '07C', '13C', '13D')",28.0753,1,861344.0
"('02C', '05C', '07C', '13C', '13D')",28.0752,1,861196.0
"('03C', '04C', '07C', '13C', '13D')",28.0743,1,861049.0
"('02C', '04C', '07C', '13C', '13D')",28.0742,1,860901.0
"('02C', '03C', '07C', '13C', '13D')",28.0732,1,860753.0
"('04C', '05C', '06C', '13C', '13D')",28.065399999999997,1,860605.0
"('03C', '05C', '06C', '13C', '13D')",28.065299999999997,1,860458.0
"('02C', '05C', '06C', '13C', '13D')",28.065199999999997,1,860310.0
"('03C', '04C', '06C', '13C', '13D')",28.0643,1,860162.0
"('02C', '04C', '06C', '13C', '13D')",28.0642,1,860014.0
"('02C', '03C', '06C', '13C', '13D')",28.0632,1,859867.0
"('03C', '04C', '05C', '13C', '13D')",28.0543,1,859719.0
"('02C', '04C', '05C', '13C', '13D')",28.0542,1,859571.0
"('02C', '03C', '05C', '13C', '13D')",28.0532,1,859423.0
"('02C', '03C', '04C', '13C', '13D')",28.0432,1,859276.0
"('11C', '12C', '12D', '13C', '14C')",27.154100000000003,1,859128.0
"('10C', '12C', '12D', '13C', '14C')",27.154000000000003,1,858980.0
"('09C', '12C', '12D', '13C', '14C')",27.153900000000004,1,858832.0
"('08C', '12C', '12D', '13C', '14C')",27.153800000000004,1,858685.0
"('07C', '12C', '12D', '13C', '14C')",27.1537,1,858537.0
"('06C', '12C', '12D', '13C', '14C')",27.1536,1,858389.0
"('05C', '12C', '12D', '13C', '14C')",27.1535,1,858241.0
"('04C', '12C', '12D', '13C', '14C')",27.1534,1,858094.0
"('03C', '12C', '12D', '13C', '14C')",27.1533,1,857946.0
"('02C', '12C', '12D', '13C', '14C')",27.153200000000002,1,857798.0
"('10C', '11C', '12C', '12D', '14C')",27.152,1,857650.0
"('09C', '11C', '12C', '12D', '14C')",27.1519,1,857503.0
"('08C', '11C', '12C', '12D', '14C')",27.1518,1,857355.0
"('07C', '11C', '12C', '12D', '14C')",27.151699999999998,1,857207.0
"('06C', '11C', '12C', '12D', '14C')",27.1516,1,857059.0
"('05C', '11C', '12C', '12D', '14C')",27.1515,1,856912.0
"('04C', '11C', '12C', '12D', '14C')",27.1514,1,856764.0
"('03C', '11C', '12C', '12D', '14C')",27.1513,1,856616.0
"('02C', '11C', '12C', '12D', '14C')",27.1512,1,856468.0
"('09C', '10C', '12C', '12D', '14C')",27.150900000000004,1,856321.0
"('08C', '10C', '12C', '12D', '14C')",27.150800000000004,1,856173.0
"('07C', '10C', '12C', '12D', '14C')",27.1507,1,856025.0
"('06C', '10C', '12C', '12D', '14C')",27.1506,1,855877.0
"('05C', '10C', '12C', '12D', '14C')",27.1505,1,855730.0
"('04C', '10C', '12C', '12D', '14C')",27.1504,1,855582.0
"('03C', '10C', '12C', '12D', '14C')",27.1503,1,855434.0
"('02C', '10C', '12C', '12D', '14C')",27.1502,1,855286.0
"('08C', '09C', '12C', '12D', '14C')",27.149800000000003,1,855139.0
"('07C', '09C', '12C', '12D', '14C')",27.1497,1,854991.0
"('06C', '09C', '12C', '12D', '14C')",27.1496,1,854843.0
"('05C', '09C', '12C', '12D', '14C')",27.1495,1,854695.0
"('04C', '09C', '12C', '12D', '14C')",27.1494,1,854548.0
"('03C', '09C', '12C', '12D', '14C')",27.1493,1,854400.0
"('02C', '09C', '12C', '12D', '14C')",27.1492,1,854252.0
"('07C', '08C', '12C', '12D', '14C')",27.148699999999998,1,854104.0
"('06C', '08C', '12C', '12D', '14C')",27.1486,1,853957.0
"('05C', '08C', '12C', '12D', '14C')",27.1485,1,853809.0
"('04C', '08C', '12C', '12D', '14C')",27.1484,1,853661.0
"('03C', '08C', '12C', '12D', '14C')",27.1483,1,853513.0
"('02C', '08C', '12C', '12D', '14C')",27.1482,1,853366.0
"('06C', '07C', '12C', '12D', '14C')",27.1476,1,853218.0
"('05C', '07C', '12C', '12D', '14C')",27.1475,1,853070.0
"('04C', '07C', '12C', '12D', '14C')",27.1474,1,852922.0
"('03C', '07C', '12C', '12D', '14C')",27.1473,1,852775.0
"('02C', '07C', '12C', '12D', '14C')",27.1472,1,852627.0
"('05C', '06C', '12C', '12D', '14C')",27.1465,1,852479.0
"('04C', '06C', '12C', '12D', '14C')",27.1464,1,852331.0
"('03C', '06C', '12C', '12D', '14C')",27.1463,1,852184.0
"('02C', '06C', '12C', '12D', '14C')",27.1462,1,852036.0
"('04C', '05C', '12C', '12D', '14C')",27.1454,1,851888.0
"('03C', '05C', '12C', '12D', '14C')",27.1453,1,851740.0
"('02C', '05C', '12C', '12D', '14C')",27.1452,1,851593.0
"('03C', '04C', '12C', '12D', '14C')",27.1443,1,851445.0
"('02C', '04C', '12C', '12D', '14C')",27.1442,1,851297.0
"('02C', '03C', '12C', '12D', '14C')",27.1432,1,851149.0
"('10C', '11C', '12C', '12D', '13C')",27.142,1,851002.0
"('09C', '11C', '12C', '12D', '13C')",27.1419,1,850854.0
"('08C', '11C', '12C', '12D', '13C')",27.1418,1,850706.0
"('07C', '11C', '12C', '12D', '13C')",27.141699999999997,1,850558.0
"('06C', '11C', '12C', '12D', '13C')",27.141599999999997,1,850411.0
"('05C', '11C', '12C', '12D', '13C')",27.141499999999997,1,850263.0
"('04C', '11C', '12C', '12D', '13C')",27.141399999999997,1,850115.0
"('03C', '11C', '12C', '12D', '13C')",27.141299999999998,1,849967.0
"('02C', '11C', '12C', '12D', '13C')",27.141199999999998,1,849820.0
"('09C', '10C', '12C', '12D', '13C')",27.140900000000002,1,849672.0
"('08C', '10C', '12C', '12D', '13C')",27.140800000000002,1,849524.0
"('07C', '10C', '12C', '12D', '13C')",27.1407,1,849376.0
"('06C', '10C', '12C', '12D', '13C')",27.1406,1,849229.0
"('05C', '10C', '12C', '12D', '13C')",27.1405,1,849081.0
"('04C', '10C', '12C', '12D', '13C')",27.1404,1,848933.0
"('03C', '10C', '12C', '12D', '13C')",27.1403,1,848785.0
"('02C', '10C', '12C', '12D', '13C')",27.1402,1,848638.0
"('08C', '09C', '12C', '12D', '13C')",27.1398,1,848490.0
"('07C', '09C', '12C', '12D', '13C')",27.139699999999998,1,848342.0
"('06C', '09C', '12C', '12D', '13C')",27.139599999999998,1,848194.0
"('05C', '09C', '12C', '12D', '13C')",27.139499999999998,1,848047.0
"('04C', '09C', '12C', '12D', '13C')",27.1394,1,847899.0
"('03C', '09C', '12C', '12D', '13C')",27.1393,1,847751.0
"('02C', '09C', '12C', '12D', '13C')",27.1392,1,847603.0
"('07C', '08C', '12C', '12D', '13C')",27.138699999999996,1,847456.0
"('06C', '08C', '12C', '12D', '13C')",27.138599999999997,1,847308.0
"('05C', '08C', '12C', '12D', '13C')",27.138499999999997,1,847160.0
"('04C', '08C', '12C', '12D', '13C')",27.138399999999997,1,847012.0
"('03C', '08C', '12C', '12D', '13C')",27.138299999999997,1,846865.0
"('02C', '08C', '12C', '12D', '13C')",27.138199999999998,1,846717.0
"('06C', '07C', '12C', '12D', '13C')",27.1376,1,846569.0
"('05C', '07C', '12C', '12D', '13C')",27.1375,1,846421.0
"('04C', '07C', '12C', '12D', '13C')",27.1374,1,846274.0
"('03C', '07C', '12C', '12D', '13C')",27.1373,1,846126.0
"('02C', '07C', '12C', '12D', '13C')",27.1372,1,845978.0
"('05C', '06C', '12C', '12D', '13C')",27.136499999999998,1,845830.0
"('04C', '06C', '12C', '12D', '13C')",27.1364,1,845683.0
"('03C', '06C', '12C', '12D', '13C')",27.1363,1,845535.0
"('02C', '06C', '12C', '12D', '13C')",27.1362,1,845387.0
"('04C', '05C', '12C', '12D', '13C')",27.135399999999997,1,845239.0
"('03C', '05C', '12C', '12D', '13C')",27.135299999999997,1,845091.0
"('02C', '05C', '12C', '12D', '13C')",27.135199999999998,1,844944.0
"('03C', '04C', '12C', '12D', '13C')",27.1343,1,844796.0
"('02C', '04C', '12C', '12D', '13C')",27.1342,1,844648.0
"('02C', '03C', '12C', '12D', '13C')",27.1332,1,844500.0
"('09C', '10C', '11C', '12C', '12D')",27.120900000000002,1,844353.0
"('08C', '10C', '11C', '12C', '12D')",27.120800000000003,1,844205.0
"('07C', '10C', '11C', '12C', '12D')",27.1207,1,844057.0
"('06C', '10C', '11C', '12C', '12D')",27.1206,1,843909.0
"('05C', '10C', '11C', '12C', '12D')",27.1205,1,843762.0
"('04C', '10C', '11C', '12C', '12D')",27.1204,1,843614.0
"('03C', '10C', '11C', '12C', '12D')",27.1203,1,843466.0
"('02C', '10C', '11C', '12C', '12D')",27.1202,1,843318.0
"('08C', '09C', '11C', '12C', '12D')",27.1198,1,843171.0
"('07C', '09C', '11C', '12C', '12D')",27.119699999999998,1,843023.0
"('06C', '09C', '11C', '12C', '12D')",27.1196,1,842875.0
"('05C', '09C', '11C', '12C', '12D')",27.1195,1,842727.0
"('04C', '09C', '11C', '12C', '12D')",27.1194,1,842580.0
"('03C', '09C', '11C', '12C', '12D')",27.1193,1,842432.0
"('02C', '09C', '11C', '12C', '12D')",27.1192,1,842284.0
"('07C', '08C', '11C', '12C', '12D')",27.118699999999997,1,842136.0
"('06C', '08C', '11C', '12C', '12D')",27.118599999999997,1,841989.0
"('05C', '08C', '11C', '12C', '12D')",27.118499999999997,1,841841.0
"('04C', '08C', '11C', '12C', '12D')",27.118399999999998,1,841693.0
"('03C', '08C', '11C', '12C', '12D')",27.118299999999998,1,841545.0
"('02C', '08C', '11C', '12C', '12D')",27.118199999999998,1,841398.0
"('06C', '07C', '11C', '12C', '12D')",27.1176,1,841250.0
"('05C', '07C', '11C', '12C', '12D')",27.1175,1,841102.0
"('04C', '07C', '11C', '12C', '12D')",27.1174,1,840954.0
"('03C', '07C', '11C', '12C', '12D')",27.1173,1,840807.0
"('02C', '07C', '11C', '12C', '12D')",27.1172,1,840659.0
"('05C', '06C', '11C', '12C', '12D')",27.1165,1,840511.0
"('04C', '06C', '11C', '12C', '12D')",27.1164,1,840363.0
"('03C', '06C', '11C', '12C', '12D')",27.1163,1,840216.0
"('02C', '06C', '11C', '12C', '12D')",27.1162,1,840068.0
"('04C', '05C', '11C', '12C', '12D')",27.115399999999998,1,839920.0
"('03C', '05C', '11C', '12C', '12D')",27.115299999999998,1,839772.0
"('02C', '05C', '11C', '12C', '12D')",27.115199999999998,1,839625.0
"('03C', '04C', '11C', '12C', '12D')",27.1143,1,839477.0
"('02C', '04C', '11C', '12C', '12D')",27.1142,1,839329.0
"('02C', '03C', '11C', '12C', '12D')",27.1132,1,839181.0
"('08C', '09C', '10C', '12C', '12D')",27.109800000000003,1,839034.0
"('07C', '09C', '10C', '12C', '12D')",27.1097,1,838886.0
"('06C', '09C', '10C', '12C', '12D')",27.1096,1,838738.0
"('05C', '09C', '10C', '12C', '12D')",27.1095,1,838590.0
"('04C', '09C', '10C', '12C', '12D')",27.1094,1,838443.0
"('03C', '09C', '10C', '12C', '12D')",27.1093,1,838295.0
"('02C', '09C', '10C', '12C', '12D')",27.1092,1,838147.0
"('07C', '08C', '10C', '12C', '12D')",27.1087,1,837999.0
"('06C', '08C', '10C', '12C', '12D')",27.1086,1,837852.0
"('05C', '08C', '10C', '12C', '12D')",27.1085,1,837704.0
"('04C', '08C', '10C', '12C', '12D')",27.1084,1,837556.0
"('03C', '08C', '10C', '12C', '12D')",27.1083,1,837408.0
"('02C', '08C', '10C', '12C', '12D')",27.1082,1,837261.0
"('06C', '07C', '10C', '12C', '12D')",27.1076,1,837113.0
"('05C', '07C', '10C', '12C', '12D')",27.1075,1,836965.0
"('04C', '07C', '10C', '12C', '12D')",27.107400000000002,1,836817.0
"('03C', '07C', '10C', '12C', '12D')",27.107300000000002,1,836670.0
"('02C', '07C', '10C', '12C', '12D')",27.107200000000002,1,836522.0
"('05C', '06C', '10C', '12C', '12D')",27.1065,1,836374.0
"('04C', '06C', '10C', '12C', '12D')",27.1064,1,836226.0
"('03C', '06C', '10C', '12C', '12D')",27.1063,1,836079.0
"('02C', '06C', '10C', '12C', '12D')",27.1062,1,835931.0
"('04C', '05C', '10C', '12C', '12D')",27.1054,1,835783.0
"('03C', '05C', '10C', '12C', '12D')",27.1053,1,835635.0
"('02C', '05C', '10C', '12C', '12D')",27.1052,1,835488.0
"('03C', '04C', '10C', '12C', '12D')",27.104300000000002,1,835340.0
"('02C', '04C', '10C', '12C', '12D')",27.104200000000002,1,835192.0
"('02C', '03C', '10C', '12C', '12D')",27.1032,1,835044.0
"('07C', '08C', '09C', '12C', '12D')",27.098699999999997,1,834897.0
"('06C', '08C', '09C', '12C', '12D')",27.098599999999998,1,834749.0
"('05C', '08C', '09C', '12C', '12D')",27.098499999999998,1,834601.0
"('04C', '08C', '09C', '12C', '12D')",27.098399999999998,1,834453.0
"('03C', '08C', '09C', '12C', '12D')",27.0983,1,834306.0
"('02C', '08C', '09C', '12C', '12D')",27.0982,1,834158.0
"('06C', '07C', '09C', '12C', '12D')",27.0976,1,834010.0
"('05C', '07C', '09C', '12C', '12D')",27.0975,1,833862.0
"('04C', '07C', '09C', '12C', '12D')",27.0974,1,833715.0
"('03C', '07C', '09C', '12C', '12D')",27.0973,1,833567.0
"('02C', '07C', '09C', '12C', '12D')",27.0972,1,833419.0
"('05C', '06C', '09C', '12C', '12D')",27.0965,1,833271.0
"('04C', '06C', '09C', '12C', '12D')",27.0964,1,833124.0
"('03C', '06C', '09C', '12C', '12D')",27.0963,1,832976.0
"('02C', '06C', '09C', '12C', '12D')",27.0962,1,832828.0
"('04C', '05C', '09C', '12C', '12D')",27.095399999999998,1,832680.0
"('03C', '05C', '09C', '12C', '12D')",27.095299999999998,1,832533.0
"('02C', '05C', '09C', '12C', '12D')",27.0952,1,832385.0
"('03C', '04C', '09C', '12C', '12D')",27.0943,1,832237.0
"('02C', '04C', '09C', '12C', '12D')",27.0942,1,832089.0
"('02C', '03C', '09C', '12C', '12D')",27.0932,1,831942.0
"('06C', '07C', '08C', '12C', '12D')",27.0876,1,831794.0
"('05C', '07C', '08C', '12C', '12D')",27.0875,1,831646.0
"('04C', '07C', '08C', '12C', '12D')",27.0874,1,831498.0
"('03C', '07C', '08C', '12C', '12D')",27.0873,1,831351.0
"('02C', '07C', '08C', '12C', '12D')",27.0872,1,831203.0
"('05C', '06C', '08C', '12C', '12D')",27.086499999999997,1,831055.0
"('04C', '06C', '08C', '12C', '12D')",27.086399999999998,1,830907.0
"('03C', '06C', '08C', '12C', '12D')",27.086299999999998,1,830760.0
"('02C', '06C', '08C', '12C', '12D')",27.086199999999998,1,830612.0
"('04C', '05C', '08C', '12C', '12D')",27.085399999999996,1,830464.0
"('03C', '05C', '08C', '12C', '12D')",27.085299999999997,1,830316.0
"('02C', '05C', '08C', '12C', '12D')",27.085199999999997,1,830169.0
"('03C', '04C', '08C', '12C', '12D')",27.0843,1,830021.0
"('02C', '04C', '08C', '12C', '12D')",27.0842,1,829873.0
"('02C', '03C', '08C', '12C', '12D')",27.083199999999998,1,829725.0
"('05C', '06C', '07C', '12C', '12D')",27.0765,1,829578.0
"('04C', '06C', '07C', '12C', '12D')",27.0764,1,829430.0
"('03C', '06C', '07C', '12C', '12D')",27.0763,1,829282.0
"('02C', '06C', '07C', '12C', '12D')",27.0762,1,829134.0
"('04C', '05C', '07C', '12C', '12D')",27.0754,1,828987.0
"('03C', '05C', '07C', '12C', '12D')",27.0753,1,828839.0
"('02C', '05C', '07C', '12C', '12D')",27.0752,1,828691.0
"('03C', '04C', '07C', '12C', '12D')",27.0743,1,828543.0
"('02C', '04C', '07C', '12C', '12D')",27.0742,1,828396.0
"('02C', '03C', '07C', '12C', '12D')",27.0732,1,828248.0
"('04C', '05C', '06C', '12C', '12D')",27.065399999999997,1,828100.0
"('03C', '05C', '06C', '12C', '12D')",27.065299999999997,1,827952.0
"('02C', '05C', '06C', '12C', '12D')",27.065199999999997,1,827805.0
"('03C', '04C', '06C', '12C', '12D')",27.0643,1,827657.0
"('02C', '04C', '06C', '12C', '12D')",27.0642,1,827509.0
"('02C', '03C', '06C', '12C', '12D')",27.0632,1,827361.0
"('03C', '04C', '05C', '12C', '12D')",27.0543,1,827214.0
"('02C', '04C', '05C', '12C', '12D')",27.0542,1,827066.0
"('02C', '03C', '05C', '12C', '12D')",27.0532,1,826918.0
"('02C', '03C', '04C', '12C', '12D')",27.0432,1,826770.0
"('11C', '11D', '12C', '13C', '14C')",26.154200000000003,1,826623.0
"('10C', '11C', '11D', '13C', '14C')",26.154000000000003,1,826475.0
"('09C', '11C', '11D', '13C', '14C')",26.153900000000004,1,826327.0
"('08C', '11C', '11D', '13C', '14C')",26.153800000000004,1,826179.0
"('07C', '11C', '11D', '13C', '14C')",26.1537,1,826032.0
"('06C', '11C', '11D', '13C', '14C')",26.1536,1,825884.0
"('05C', '11C', '11D', '13C', '14C')",26.1535,1,825736.0
"('04C', '11C', '11D', '13C', '14C')",26.1534,1,825588.0
"('03C', '11C', '11D', '13C', '14C')",26.1533,1,825441.0
"('02C', '11C', '11D', '13C', '14C')",26.153200000000002,1,825293.0
"('10C', '11C', '11D', '12C', '14C')",26.153000000000002,1,825145.0
"('09C', '11C', '11D', '12C', '14C')",26.152900000000002,1,824997.0
"('08C', '11C', '11D', '12C', '14C')",26.152800000000003,1,824850.0
"('07C', '11C', '11D', '12C', '14C')",26.1527,1,824702.0
"('06C', '11C', '11D', '12C', '14C')",26.1526,1,824554.0
"('05C', '11C', '11D', '12C', '14C')",26.1525,1,824406.0
"('04C', '11C', '11D', '12C', '14C')",26.1524,1,824259.0
"('03C', '11C', '11D', '12C', '14C')",26.1523,1,824111.0
"('02C', '11C', '11D', '12C', '14C')",26.1522,1,823963.0
"('09C', '10C', '11C', '11D', '14C')",26.150900000000004,1,823815.0
"('08C', '10C', '11C', '11D', '14C')",26.150800000000004,1,823668.0
"('07C', '10C', '11C', '11D', '14C')",26.1507,1,823520.0
"('06C', '10C', '11C', '11D', '14C')",26.1506,1,823372.0
"('05C', '10C', '11C', '11D', '14C')",26.1505,1,823224.0
"('04C', '10C', '11C', '11D', '14C')",26.1504,1,823077.0
"('03C', '10C', '11C', '11D', '14C')",26.1503,1,822929.0
"('02C', '10C', '11C', '11D', '14C')",26.1502,1,822781.0
"('08C', '09C', '11C', '11D', '14C')",26.149800000000003,1,822633.0
"('07C', '09C', '11C', '11D', '14C')",26.1497,1,822486.0
"('06C', '09C', '11C', '11D', '14C')",26.1496,1,822338.0
"('05C', '09C', '11C', '11D', '14C')",26.1495,1,822190.0
"('04C', '09C', '11C', '11D', '14C')",26.1494,1,822042.0
"('03C', '09C', '11C', '11D', '14C')",26.1493,1,821895.0
"('02C', '09C', '11C', '11D', '14C')",26.1492,1,821747.0
"('07C', '08C', '11C', '11D', '14C')",26.148699999999998,1,821599.0
"('06C', '08C', '11C', '11D', '14C')",26.1486,1,821451.0
"('05C', '08C', '11C', '11D', '14C')",26.1485,1,821304.0
"('04C', '08C', '11C', '11D', '14C')",26.1484,1,821156.0
"('03C', '08C', '11C', '11D', '14C')",26.1483,1,821008.0
"('02C', '08C', '11C', '11D', '14C')",26.1482,1,820860.0
"('06C', '07C', '11C', '11D', '14C')",26.1476,1,820713.0
"('05C', '07C', '11C', '11D', '14C')",26.1475,1,820565.0
"('04C', '07C', '11C', '11D', '14C')",26.1474,1,820417.0
"('03C', '07C', '11C', '11D', '14C')",26.1473,1,820269.0
"('02C', '07C', '11C', '11D', '14C')",26.1472,1,820122.0
"('05C', '06C', '11C', '11D', '14C')",26.1465,1,819974.0
"('04C', '06C', '11C', '11D', '14C')",26.1464,1,819826.0
"('03C', '06C', '11C', '11D', '14C')",26.1463,1,819678.0
"('02C', '06C', '11C', '11D', '14C')",26.1462,1,819531.0
"('04C', '05C', '11C', '11D', '14C')",26.1454,1,819383.0
"('03C', '05C', '11C', '11D', '14C')",26.1453,1,819235.0
"('02C', '05C', '11C', '11D', '14C')",26.1452,1,819087.0
"('03C', '04C', '11C', '11D', '14C')",26.1443,1,818939.0
"('02C', '04C', '11C', '11D', '14C')",26.1442,1,818792.0
"('02C', '03C', '11C', '11D', '14C')",26.1432,1,818644.0
"('10C', '11C', '11D', '12C', '13C')",26.143,1,818496.0
"('09C', '11C', '11D', '12C', '13C')",26.1429,1,818348.0
"('08C', '11C', '11D', '12C', '13C')",26.1428,1,818201.0
"('07C', '11C', '11D', '12C', '13C')",26.142699999999998,1,818053.0
"('06C', '11C', '11D', '12C', '13C')",26.142599999999998,1,817905.0
"('05C', '11C', '11D', '12C', '13C')",26.1425,1,817757.0
"('04C', '11C', '11D', '12C', '13C')",26.1424,1,817610.0
"('03C', '11C', '11D', '12C', '13C')",26.1423,1,817462.0
"('02C', '11C', '11D', '12C', '13C')",26.1422,1,817314.0
"('09C', '10C', '11C', '11D', '13C')",26.140900000000002,1,817166.0
"('08C', '10C', '11C', '11D', '13C')",26.140800000000002,1,817019.0
"('07C', '10C', '11C', '11D', '13C')",26.1407,1,816871.0
"('06C', '10C', '11C', '11D', '13C')",26.1406,1,816723.0
"('05C', '10C', '11C', '11D', '13C')",26.1405,1,816575.0
"('04C', '10C', '11C', '11D', '13C')",26.1404,1,816428.0
"('03C', '10C', '11C', '11D', '13C')",26.1403,1,816280.0
"('02C', '10C', '11C', '11D', '13C')",26.1402,1,816132.0
"('08C', '09C', '11C', '11D', '13C')",26.1398,1,815984.0
"('07C', '09C', '11C', '11D', '13C')",26.139699999999998,1,815837.0
"('06C', '09C', '11C', '11D', '13C')",26.139599999999998,1,815689.0
"('05C', '09C', '11C', '11D', '13C')",26.139499999999998,1,815541.0
"('04C', '09C', '11C', '11D', '13C')",26.1394,1,815393.0
"('03C', '09C', '11C', '11D', '13C')",26.1393,1,815246.0
"('02C', '09C', '11C', '11D', '13C')",26.1392,1,815098.0
"('07C', '08C', '11C', '11D', '13C')",26.138699999999996,1,814950.0
"('06C', '08C', '11C', '11D', '13C')",26.138599999999997,1,814802.0
"('05C', '08C', '11C', '11D', '13C')",26.138499999999997,1,814655.0
"('04C', '08C', '11C', '11D', '13C')",26.138399999999997,1,814507.0
"('03C', '08C', '11C', '11D', '13C')",26.138299999999997,1,814359.0
"('02C', '08C', '11C', '11D', '13C')",26.138199999999998,1,814211.0
"('06C', '07C', '11C', '11D', '13C')",26.1376,1,814064.0
"('05C', '07C', '11C', '11D', '13C')",26.1375,1,813916.0
"('04C', '07C', '11C', '11D', '13C')",26.1374,1,813768.0
"('03C', '07C', '11C', '11D', '13C')",26.1373,1,813620.0
"('02C', '07C', '11C', '11D', '13C')",26.1372,1,813473.0
"('05C', '06C', '11C', '11D', '13C')",26.136499999999998,1,813325.0
"('04C', '06C', '11C', '11D', '13C')",26.1364,1,813177.0
"('03C', '06C', '11C', '11D', '13C')",26.1363,1,813029.0
"('02C', '06C', '11C', '11D', '13C')",26.1362,1,812882.0
"('04C', '05C', '11C', '11D', '13C')",26.135399999999997,1,812734.0
"('03C', '05C', '11C', '11D', '13C')",26.135299999999997,1,812586.0
"('02C', '05C', '11C', '11D', '13C')",26.135199999999998,1,812438.0
"('03C', '04C', '11C', '11D', '13C')",26.1343,1,812291.0
"('02C', '04C', '11C', '11D', '13C')",26.1342,1,812143.0
"('02C', '03C', '11C', '11D', '13C')",26.1332,1,811995.0
"('09C', '10C', '11C', '11D', '12C')",26.130900000000004,1,811847.0
"('08C', '10C', '11C', '11D', '12C')",26.130800000000004,1,811700.0
"('07C', '10C', '11C', '11D', '12C')",26.1307,1,811552.0
"('06C', '10C', '11C', '11D', '12C')",26.1306,1,811404.0
"('05C', '10C', '11C', '11D', '12C')",26.1305,1,811256.0
"('04C', '10C', '11C', '11D', '12C')",26.1304,1,811109.0
"('03C', '10C', '11C', '11D', '12C')",26.130300000000002,1,810961.0
"('02C', '10C', '11C', '11D', '12C')",26.130200000000002,1,810813.0
"('08C', '09C', '11C', '11D', '12C')",26.129800000000003,1,810665.0
"('07C', '09C', '11C', '11D', '12C')",26.1297,1,810518.0
"('06C', '09C', '11C', '11D', '12C')",26.1296,1,810370.0
"('05C', '09C', '11C', '11D', '12C')",26.1295,1,810222.0
"('04C', '09C', '11C', '11D', '12C')",26.1294,1,810074.0
"('03C', '09C', '11C', '11D', '12C')",26.1293,1,809927.0
"('02C', '09C', '11C', '11D', '12C')",26.1292,1,809779.0
"('07C', '08C', '11C', '11D', '12C')",26.1287,1,809631.0
"('06C', '08C', '11C', '11D', '12C')",26.1286,1,809483.0
"('05C', '08C', '11C', '11D', '12C')",26.1285,1,809336.0
"('04C', '08C', '11C', '11D', '12C')",26.1284,1,809188.0
"('03C', '08C', '11C', '11D', '12C')",26.1283,1,809040.0
"('02C', '08C', '11C', '11D', '12C')",26.1282,1,808892.0
"('06C', '07C', '11C', '11D', '12C')",26.1276,1,808745.0
"('05C', '07C', '11C', '11D', '12C')",26.1275,1,808597.0
"('04C', '07C', '11C', '11D', '12C')",26.1274,1,808449.0
"('03C', '07C', '11C', '11D', '12C')",26.1273,1,808301.0
"('02C', '07C', '11C', '11D', '12C')",26.127200000000002,1,808154.0
"('05C', '06C', '11C', '11D', '12C')",26.1265,1,808006.0
"('04C', '06C', '11C', '11D', '12C')",26.1264,1,807858.0
"('03C', '06C', '11C', '11D', '12C')",26.1263,1,807710.0
"('02C', '06C', '11C', '11D', '12C')",26.1262,1,807563.0
"('04C', '05C', '11C', '11D', '12C')",26.1254,1,807415.0
"('03C', '05C', '11C', '11D', '12C')",26.1253,1,807267.0
"('02C', '05C', '11C', '11D', '12C')",26.1252,1,807119.0
"('03C', '04C', '11C', '11D', '12C')",26.1243,1,806972.0
"('02C', '04C', '11C', '11D', '12C')",26.124200000000002,1,806824.0
"('02C', '03C', '11C', '11D', '12C')",26.1232,1,806676.0
"('08C', '09C', '10C', '11C', '11D')",26.109800000000003,1,806528.0
"('07C', '09C', '10C', '11C', '11D')",26.1097,1,806381.0
"('06C', '09C', '10C', '11C', '11D')",26.1096,1,806233.0
"('05C', '09C', '10C', '11C', '11D')",26.1095,1,806085.0
"('04C', '09C', '10C', '11C', '11D')",26.1094,1,805937.0
"('03C', '09C', '10C', '11C', '11D')",26.1093,1,805790.0
"('02C', '09C', '10C', '11C', '11D')",26.1092,1,805642.0
"('07C', '08C', '10C', '11C', '11D')",26.1087,1,805494.0
"('06C', '08C', '10C', '11C', '11D')",26.1086,1,805346.0
"('05C', '08C', '10C', '11C', '11D')",26.1085,1,805199.0
"('04C', '08C', '10C', '11C', '11D')",26.1084,1,805051.0
"('03C', '08C', '10C', '11C', '11D')",26.1083,1,804903.0
"('02C', '08C', '10C', '11C', '11D')",26.1082,1,804755.0
"('06C', '07C', '10C', '11C', '11D')",26.1076,1,804608.0
"('05C', '07C', '10C', '11C', '11D')",26.1075,1,804460.0
"('04C', '07C', '10C', '11C', '11D')",26.107400000000002,1,804312.0
"('03C', '07C', '10C', '11C', '11D')",26.107300000000002,1,804164.0
"('02C', '07C', '10C', '11C', '11D')",26.107200000000002,1,804017.0
"('05C', '06C', '10C', '11C', '11D')",26.1065,1,803869.0
"('04C', '06C', '10C', '11C', '11D')",26.1064,1,803721.0
"('03C', '06C', '10C', '11C', '11D')",26.1063,1,803573.0
"('02C', '06C', '10C', '11C', '11D')",26.1062,1,803426.0
"('04C', '05C', '10C', '11C', '11D')",26.1054,1,803278.0
"('03C', '05C', '10C', '11C', '11D')",26.1053,1,803130.0
"('02C', '05C', '10C', '11C', '11D')",26.1052,1,802982.0
"('03C', '04C', '10C', '11C', '11D')",26.104300000000002,1,802835.0
"('02C', '04C', '10C', '11C', '11D')",26.104200000000002,1,802687.0
"('02C', '03C', '10C', '11C', '11D')",26.1032,1,802539.0
"('07C', '08C', '09C', '11C', '11D')",26.098699999999997,1,802391.0
"('06C', '08C', '09C', '11C', '11D')",26.098599999999998,1,802244.0
"('05C', '08C', '09C', '11C', '11D')",26.098499999999998,1,802096.0
"('04C', '08C', '09C', '11C', '11D')",26.098399999999998,1,801948.0
"('03C', '08C', '09C', '11C', '11D')",26.0983,1,801800.0
"('02C', '08C', '09C', '11C', '11D')",26.0982,1,801653.0
"('06C', '07C', '09C', '11C', '11D')",26.0976,1,801505.0
"('05C', '07C', '09C', '11C', '11D')",26.0975,1,801357.0
"('04C', '07C', '09C', '11C', '11D')",26.0974,1,801209.0
"('03C', '07C', '09C', '11C', '11D')",26.0973,1,801062.0
"('02C', '07C', '09C', '11C', '11D')",26.0972,1,800914.0
"('05C', '06C', '09C', '11C', '11D')",26.0965,1,800766.0
"('04C', '06C', '09C', '11C', '11D')",26.0964,1,800618.0
"('03C', '06C', '09C', '11C', '11D')",26.0963,1,800471.0
"('02C', '06C', '09C', '11C', '11D')",26.0962,1,800323.0
"('04C', '05C', '09C', '11C', '11D')",26.095399999999998,1,800175.0
"('03C', '05C', '09C', '11C', '11D')",26.095299999999998,1,800027.0
"('02C', '05C', '09C', '11C', '11D')",26.0952,1,799880.0
"('03C', '04C', '09C', '11C', '11D')",26.0943,1,799732.0
"('02C', '04C', '09C', '11C', '11D')",26.0942,1,799584.0
"('02C', '03C', '09C', '11C', '11D')",26.0932,1,799436.0
"('06C', '07C', '08C', '11C', '11D')",26.0876,1,799289.0
"('05C', '07C', '08C', '11C', '11D')",26.0875,1,799141.0
"('04C', '07C', '08C', '11C', '11D')",26.0874,1,798993.0
"('03C', '07C', '08C', '11C', '11D')",26.0873,1,798845.0
"('02C', '07C', '08C', '11C', '11D')",26.0872,1,798698.0
"('05C', '06C', '08C', '11C', '11D')",26.086499999999997,1,798550.0
"('04C', '06C', '08C', '11C', '11D')",26.086399999999998,1,798402.0
"('03C', '06C', '08C', '11C', '11D')",26.086299999999998,1,798254.0
"('02C', '06C', '08C', '11C', '11D')",26.086199999999998,1,798107.0
"('04C', '05C', '08C', '11C', '11D')",26.085399999999996,1,797959.0
"('03C', '05C', '08C', '11C', '11D')",26.085299999999997,1,797811.0
"('02C', '05C', '08C', '11C', '11D')",26.085199999999997,1,797663.0
"('03C', '04C', '08C', '11C', '11D')",26.0843,1,797516.0
"('02C', '04C', '08C', '11C', '11D')",26.0842,1,797368.0
"('02C', '03C', '08C', '11C', '11D')",26.083199999999998,1,797220.0
"('05C', '06C', '07C', '11C', '11D')",26.0765,1,797072.0
"('04C', '06C', '07C', '11C', '11D')",26.0764,1,796925.0
"('03C', '06C', '07C', '11C', '11D')",26.0763,1,796777.0
"('02C', '06C', '07C', '11C', '11D')",26.0762,1,796629.0
"('04C', '05C', '07C', '11C', '11D')",26.0754,1,796481.0
"('03C', '05C', '07C', '11C', '11D')",26.0753,1,796334.0
"('02C', '05C', '07C', '11C', '11D')",26.0752,1,796186.0
"('03C', '04C', '07C', '11C', '11D')",26.0743,1,796038.0
"('02C', '04C', '07C', '11C', '11D')",26.0742,1,795890.0
"('02C', '03C', '07C', '11C', '11D')",26.0732,1,795743.0
"('04C', '05C', '06C', '11C', '11D')",26.065399999999997,1,795595.0
"('03C', '05C', '06C', '11C', '11D')",26.065299999999997,1,795447.0
"('02C', '05C', '06C', '11C', '11D')",26.065199999999997,1,795299.0
"('03C', '04C', '06C', '11C', '11D')",26.0643,1,795152.0
"('02C', '04C', '06C', '11C', '11D')",26.0642,1,795004.0
"('02C', '03C', '06C', '11C', '11D')",26.0632,1,794856.0
"('03C', '04C', '05C', '11C', '11D')",26.0543,1,794708.0
"('02C', '04C', '05C', '11C', '11D')",26.0542,1,794561.0
"('02C', '03C', '05C', '11C', '11D')",26.0532,1,794413.0
"('02C', '03C', '04C', '11C', '11D')",26.0432,1,794265.0
"('10C', '10D', '12C', '13C', '14C')",25.154200000000003,1,794117.0
"('10C', '10D', '11C', '13C', '14C')",25.154100000000003,1,793970.0
"('09C', '10C', '10D', '13C', '14C')",25.153900000000004,1,793822.0
"('08C', '10C', '10D', '13C', '14C')",25.153800000000004,1,793674.0
"('07C', '10C', '10D', '13C', '14C')",25.1537,1,793526.0
"('06C', '10C', '10D', '13C', '14C')",25.1536,1,793379.0
"('05C', '10C', '10D', '13C', '14C')",25.1535,1,793231.0
"('04C', '10C', '10D', '13C', '14C')",25.1534,1,793083.0
"('03C', '10C', '10D', '13C', '14C')",25.1533,1,792935.0
"('02C', '10C', '10D', '13C', '14C')",25.153200000000002,1,792787.0
"('10C', '10D', '11C', '12C', '14C')",25.153100000000002,1,792640.0
"('09C', '10C', '10D', '12C', '14C')",25.152900000000002,1,792492.0
"('08C', '10C', '10D', '12C', '14C')",25.152800000000003,1,792344.0
"('07C', '10C', '10D', '12C', '14C')",25.1527,1,792196.0
"('06C', '10C', '10D', '12C', '14C')",25.1526,1,792049.0
"('05C', '10C', '10D', '12C', '14C')",25.1525,1,791901.0
"('04C', '10C', '10D', '12C', '14C')",25.1524,1,791753.0
"('03C', '10C', '10D', '12C', '14C')",25.1523,1,791605.0
"('02C', '10C', '10D', '12C', '14C')",25.1522,1,791458.0
"('09C', '10C', '10D', '11C', '14C')",25.1519,1,791310.0
"('08C', '10C', '10D', '11C', '14C')",25.1518,1,791162.0
"('07C', '10C', '10D', '11C', '14C')",25.151699999999998,1,791014.0
"('06C', '10C', '10D', '11C', '14C')",25.1516,1,790867.0
"('05C', '10C', '10D', '11C', '14C')",25.1515,1,790719.0
"('04C', '10C', '10D', '11C', '14C')",25.1514,1,790571.0
"('03C', '10C', '10D', '11C', '14C')",25.1513,1,790423.0
"('02C', '10C', '10D', '11C', '14C')",25.1512,1,790276.0
"('08C', '09C', '10C', '10D', '14C')",25.149800000000003,1,790128.0
"('07C', '09C', '10C', '10D', '14C')",25.1497,1,789980.0
"('06C', '09C', '10C', '10D', '14C')",25.1496,1,789832.0
"('05C', '09C', '10C', '10D', '14C')",25.1495,1,789685.0
"('04C', '09C', '10C', '10D', '14C')",25.1494,1,789537.0
"('03C', '09C', '10C', '10D', '14C')",25.1493,1,789389.0
"('02C', '09C', '10C', '10D', '14C')",25.1492,1,789241.0
"('07C', '08C', '10C', '10D', '14C')",25.148699999999998,1,789094.0
"('06C', '08C', '10C', '10D', '14C')",25.1486,1,788946.0
"('05C', '08C', '10C', '10D', '14C')",25.1485,1,788798.0
"('04C', '08C', '10C', '10D', '14C')",25.1484,1,788650.0
"('03C', '08C', '10C', '10D', '14C')",25.1483,1,788503.0
"('02C', '08C', '10C', '10D', '14C')",25.1482,1,788355.0
"('06C', '07C', '10C', '10D', '14C')",25.1476,1,788207.0
"('05C', '07C', '10C', '10D', '14C')",25.1475,1,788059.0
"('04C', '07C', '10C', '10D', '14C')",25.1474,1,787912.0
"('03C', '07C', '10C', '10D', '14C')",25.1473,1,787764.0
"('02C', '07C', '10C', '10D', '14C')",25.1472,1,787616.0
"('05C', '06C', '10C', '10D', '14C')",25.1465,1,787468.0
"('04C', '06C', '10C', '10D', '14C')",25.1464,1,787321.0
"('03C', '06C', '10C', '10D', '14C')",25.1463,1,787173.0
"('02C', '06C', '10C', '10D', '14C')",25.1462,1,787025.0
"('04C', '05C', '10C', '10D', '14C')",25.1454,1,786877.0
"('03C', '05C', '10C', '10D', '14C')",25.1453,1,786730.0
"('02C', '05C', '10C', '10D', '14C')",25.1452,1,786582.0
"('03C', '04C', '10C', '10D', '14C')",25.1443,1,786434.0
"('02C', '04C', '10C', '10D', '14C')",25.1442,1,786286.0
"('02C', '03C', '10C', '10D', '14C')",25.1432,1,786139.0
"('10C', '10D', '11C', '12C', '13C')",25.1431,1,785991.0
"('09C', '10C', '10D', '12C', '13C')",25.1429,1,785843.0
"('08C', '10C', '10D', '12C', '13C')",25.1428,1,785695.0
"('07C', '10C', '10D', '12C', '13C')",25.142699999999998,1,785548.0
"('06C', '10C', '10D', '12C', '13C')",25.142599999999998,1,785400.0
"('05C', '10C', '10D', '12C', '13C')",25.1425,1,785252.0
"('04C', '10C', '10D', '12C', '13C')",25.1424,1,785104.0
"('03C', '10C', '10D', '12C', '13C')",25.1423,1,784957.0
"('02C', '10C', '10D', '12C', '13C')",25.1422,1,784809.0
"('09C', '10C', '10D', '11C', '13C')",25.1419,1,784661.0
"('08C', '10C', '10D', '11C', '13C')",25.1418,1,784513.0
"('07C', '10C', '10D', '11C', '13C')",25.141699999999997,1,784366.0
"('06C', '10C', '10D', '11C', '13C')",25.141599999999997,1,784218.0
"('05C', '10C', '10D', '11C', '13C')",25.141499999999997,1,784070.0
"('04C', '10C', '10D', '11C', '13C')",25.141399999999997,1,783922.0
"('03C', '10C', '10D', '11C', '13C')",25.141299999999998,1,783775.0
"('02C', '10C', '10D', '11C', '13C')",25.141199999999998,1,783627.0
"('08C', '09C', '10C', '10D', '13C')",25.1398,1,783479.0
"('07C', '09C', '10C', '10D', '13C')",25.139699999999998,1,783331.0
"('06C', '09C', '10C', '10D', '13C')",25.139599999999998,1,783184.0
"('05C', '09C', '10C', '10D', '13C')",25.139499999999998,1,783036.0
"('04C', '09C', '10C', '10D', '13C')",25.1394,1,782888.0
"('03C', '09C', '10C', '10D', '13C')",25.1393,1,782740.0
"('02C', '09C', '10C', '10D', '13C')",25.1392,1,782593.0
"('07C', '08C', '10C', '10D', '13C')",25.138699999999996,1,782445.0
"('06C', '08C', '10C', '10D', '13C')",25.138599999999997,1,782297.0
"('05C', '08C', '10C', '10D', '13C')",25.138499999999997,1,782149.0
"('04C', '08C', '10C', '10D', '13C')",25.138399999999997,1,782002.0
"('03C', '08C', '10C', '10D', '13C')",25.138299999999997,1,781854.0
"('02C', '08C', '10C', '10D', '13C')",25.138199999999998,1,781706.0
"('06C', '07C', '10C', '10D', '13C')",25.1376,1,781558.0
"('05C', '07C', '10C', '10D', '13C')",25.1375,1,781411.0
"('04C', '07C', '10C', '10D', '13C')",25.1374,1,781263.0
"('03C', '07C', '10C', '10D', '13C')",25.1373,1,781115.0
"('02C', '07C', '10C', '10D', '13C')",25.1372,1,780967.0
"('05C', '06C', '10C', '10D', '13C')",25.136499999999998,1,780820.0
"('04C', '06C', '10C', '10D', '13C')",25.1364,1,780672.0
"('03C', '06C', '10C', '10D', '13C')",25.1363,1,780524.0
"('02C', '06C', '10C', '10D', '13C')",25.1362,1,780376.0
"('04C', '05C', '10C', '10D', '13C')",25.135399999999997,1,780229.0
"('03C', '05C', '10C', '10D', '13C')",25.135299999999997,1,780081.0
"('02C', '05C', '10C', '10D', '13C')",25.135199999999998,1,779933.0
"('03C', '04C', '10C', '10D', '13C')",25.1343,1,779785.0
"('02C', '04C', '10C', '10D', '13C')",25.1342,1,779638.0
"('02C', '03C', '10C', '10D', '13C')",25.1332,1,779490.0
"('09C', '10C', '10D', '11C', '12C')",25.1319,1,779342.0
"('08C', '10C', '10D', '11C', '12C')",25.131800000000002,1,779194.0
"('07C', '10C', '10D', '11C', '12C')",25.1317,1,779047.0
"('06C', '10C', '10D', '11C', '12C')",25.1316,1,778899.0
"('05C', '10C', '10D', '11C', '12C')",25.1315,1,778751.0
"('04C', '10C', '10D', '11C', '12C')",25.1314,1,778603.0
"('03C', '10C', '10D', '11C', '12C')",25.1313,1,778456.0
"('02C', '10C', '10D', '11C', '12C')",25.1312,1,778308.0
"('08C', '09C', '10C', '10D', '12C')",25.129800000000003,1,778160.0
"('07C', '09C', '10C', '10D', '12C')",25.1297,1,778012.0
"('06C', '09C', '10C', '10D', '12C')",25.1296,1,777865.0
"('05C', '09C', '10C', '10D', '12C')",25.1295,1,777717.0
"('04C', '09C', '10C', '10D', '12C')",25.1294,1,777569.0
"('03C', '09C', '10C', '10D', '12C')",25.1293,1,777421.0
"('02C', '09C', '10C', '10D', '12C')",25.1292,1,777274.0
"('07C', '08C', '10C', '10D', '12C')",25.1287,1,777126.0
"('06C', '08C', '10C', '10D', '12C')",25.1286,1,776978.0
"('05C', '08C', '10C', '10D', '12C')",25.1285,1,776830.0
"('04C', '08C', '10C', '10D', '12C')",25.1284,1,776683.0
"('03C', '08C', '10C', '10D', '12C')",25.1283,1,776535.0
"('02C', '08C', '10C', '10D', '12C')",25.1282,1,776387.0
"('06C', '07C', '10C', '10D', '12C')",25.1276,1,776239.0
"('05C', '07C', '10C', '10D', '12C')",25.1275,1,776092.0
"('04C', '07C', '10C', '10D', '12C')",25.1274,1,775944.0
"('03C', '07C', '10C', '10D', '12C')",25.1273,1,775796.0
"('02C', '07C', '10C', '10D', '12C')",25.127200000000002,1,775648.0
"('05C', '06C', '10C', '10D', '12C')",25.1265,1,775501.0
"('04C', '06C', '10C', '10D', '12C')",25.1264,1,775353.0
"('03C', '06C', '10C', '10D', '12C')",25.1263,1,775205.0
"('02C', '06C', '10C', '10D', '12C')",25.1262,1,775057.0
"('04C', '05C', '10C', '10D', '12C')",25.1254,1,774910.0
"('03C', '05C', '10C', '10D', '12C')",25.1253,1,774762.0
"('02C', '05C', '10C', '10D', '12C')",25.1252,1,774614.0
"('03C', '04C', '10C', '10D', '12C')",25.1243,1,774466.0
"('02C', '04C', '10C', '10D', '12C')",25.124200000000002,1,774319.0
"('02C', '03C', '10C', '10D', '12C')",25.1232,1,774171.0
"('08C', '09C', '10C', '10D', '11C')",25.1198,1,774023.0
"('07C', '09C', '10C', '10D', '11C')",25.119699999999998,1,773875.0
"('06C', '09C', '10C', '10D', '11C')",25.1196,1,773728.0
"('05C', '09C', '10C', '10D', '11C')",25.1195,1,773580.0
"('04C', '09C', '10C', '10D', '11C')",25.1194,1,773432.0
"('03C', '09C', '10C', '10D', '11C')",25.1193,1,773284.0
"('02C', '09C', '10C', '10D', '11C')",25.1192,1,773137.0
"('07C', '08C', '10C', '10D', '11C')",25.118699999999997,1,772989.0
"('06C', '08C', '10C', '10D', '11C')",25.118599999999997,1,772841.0
"('05C', '08C', '10C', '10D', '11C')",25.118499999999997,1,772693.0
"('04C', '08C', '10C', '10D', '11C')",25.118399999999998,1,772546.0
"('03C', '08C', '10C', '10D', '11C')",25.118299999999998,1,772398.0
"('02C', '08C', '10C', '10D', '11C')",25.118199999999998,1,772250.0
"('06C', '07C', '10C', '10D', '11C')",25.1176,1,772102.0
"('05C', '07C', '10C', '10D', '11C')",25.1175,1,771955.0
"('04C', '07C', '10C', '10D', '11C')",25.1174,1,771807.0
"('03C', '07C', '10C', '10D', '11C')",25.1173,1,771659.0
"('02C', '07C', '10C', '10D', '11C')",25.1172,1,771511.0
"('05C', '06C', '10C', '10D', '11C')",25.1165,1,771364.0
"('04C', '06C', '10C', '10D', '11C')",25.1164,1,771216.0
"('03C', '06C', '10C', '10D', '11C')",25.1163,1,771068.0
"('02C', '06C', '10C', '10D', '11C')",25.1162,1,770920.0
"('04C', '05C', '10C', '10D', '11C')",25.115399999999998,1,770773.0
"('03C', '05C', '10C', '10D', '11C')",25.115299999999998,1,770625.0
"('02C', '05C', '10C', '10D', '11C')",25.115199999999998,1,770477.0
"('03C', '04C', '10C', '10D', '11C')",25.1143,1,770329.0
"('02C', '04C', '10C', '10D', '11C')",25.1142,1,770182.0
"('02C', '03C', '10C', '10D', '11C')",25.1132,1,770034.0
"('07C', '08C', '09C', '10C', '10D')",25.098699999999997,1,769886.0
"('06C', '08C', '09C', '10C', '10D')",25.098599999999998,1,769738.0
"('05C', '08C', '09C', '10C', '10D')",25.098499999999998,1,769591.0
"('04C', '08C', '09C', '10C', '10D')",25.098399999999998,1,769443.0
"('03C', '08C', '09C', '10C', '10D')",25.0983,1,769295.0
"('02C', '08C', '09C', '10C', '10D')",25.0982,1,769147.0
"('06C', '07C', '09C', '10C', '10D')",25.0976,1,769000.0
"('05C', '07C', '09C', '10C', '10D')",25.0975,1,768852.0
"('04C', '07C', '09C', '10C', '10D')",25.0974,1,768704.0
"('03C', '07C', '09C', '10C', '10D')",25.0973,1,768556.0
"('02C', '07C', '09C', '10C', '10D')",25.0972,1,768409.0
"('05C', '06C', '09C', '10C', '10D')",25.0965,1,768261.0
"('04C', '06C', '09C', '10C', '10D')",25.0964,1,768113.0
"('03C', '06C', '09C', '10C', '10D')",25.0963,1,767965.0
"('02C', '06C', '09C', '10C', '10D')",25.0962,1,767818.0
"('04C', '05C', '09C', '10C', '10D')",25.095399999999998,1,767670.0
"('03C', '05C', '09C', '10C', '10D')",25.095299999999998,1,767522.0
"('02C', '05C', '09C', '10C', '10D')",25.0952,1,767374.0
"('03C', '04C', '09C', '10C', '10D')",25.0943,1,767227.0
"('02C', '04C', '09C', '10C', '10D')",25.0942,1,767079.0
"('02C', '03C', '09C', '10C', '10D')",25.0932,1,766931.0
"('06C', '07C', '08C', '10C', '10D')",25.0876,1,766783.0
"('05C', '07C', '08C', '10C', '10D')",25.0875,1,766636.0
"('04C', '07C', '08C', '10C', '10D')",25.0874,1,766488.0
"('03C', '07C', '08C', '10C', '10D')",25.0873,1,766340.0
"('02C', '07C', '08C', '10C', '10D')",25.0872,1,766192.0
"('05C', '06C', '08C', '10C', '10D')",25.086499999999997,1,766044.0
"('04C', '06C', '08C', '10C', '10D')",25.086399999999998,1,765897.0
"('03C', '06C', '08C', '10C', '10D')",25.086299999999998,1,765749.0
"('02C', '06C', '08C', '10C', '10D')",25.086199999999998,1,765601.0
"('04C', '05C', '08C', '10C', '10D')",25.085399999999996,1,765453.0
"('03C', '05C', '08C', '10C', '10D')",25.085299999999997,1,765306.0
"('02C', '05C', '08C', '10C', '10D')",25.085199999999997,1,765158.0
"('03C', '04C', '08C', '10C', '10D')",25.0843,1,765010.0
"('02C', '04C', '08C', '10C', '10D')",25.0842,1,764862.0
"('02C', '03C', '08C', '10C', '10D')",25.083199999999998,1,764715.0
"('05C', '06C', '07C', '10C', '10D')",25.0765,1,764567.0
"('04C', '06C', '07C', '10C', '10D')",25.0764,1,764419.0
"('03C', '06C', '07C', '10C', '10D')",25.0763,1,764271.0
"('02C', '06C', '07C', '10C', '10D')",25.0762,1,764124.0
"('04C', '05C', '07C', '10C', '10D')",25.0754,1,763976.0
"('03C', '05C', '07C', '10C', '10D')",25.0753,1,763828.0
"('02C', '05C', '07C', '10C', '10D')",25.0752,1,763680.0
"('03C', '04C', '07C', '10C', '10D')",25.0743,1,763533.0
"('02C', '04C', '07C', '10C', '10D')",25.0742,1,763385.0
"('02C', '03C', '07C', '10C', '10D')",25.0732,1,763237.0
"('04C', '05C', '06C', '10C', '10D')",25.065399999999997,1,763089.0
"('03C', '05C', '06C', '10C', '10D')",25.065299999999997,1,762942.0
"('02C', '05C', '06C', '10C', '10D')",25.065199999999997,1,762794.0
"('03C', '04C', '06C', '10C', '10D')",25.0643,1,762646.0
"('02C', '04C', '06C', '10C', '10D')",25.0642,1,762498.0
"('02C', '03C', '06C', '10C', '10D')",25.0632,1,762351.0
"('03C', '04C', '05C', '10C', '10D')",25.0543,1,762203.0
"('02C', '04C', '05C', '10C', '10D')",25.0542,1,762055.0
"('02C', '03C', '05C', '10C', '10D')",25.0532,1,761907.0
"('02C', '03C', '04C', '10C', '10D')",25.0432,1,761760.0
"('09C', '09D', '12C', '13C', '14C')",24.154200000000003,1,761612.0
"('09C', '09D', '11C', '13C', '14C')",24.154100000000003,1,761464.0
"('09C', '09D', '10C', '13C', '14C')",24.154000000000003,1,761316.0
"('08C', '09C', '09D', '13C', '14C')",24.153800000000004,1,761169.0
"('07C', '09C', '09D', '13C', '14C')",24.1537,1,761021.0
"('06C', '09C', '09D', '13C', '14C')",24.1536,1,760873.0
"('05C', '09C', '09D', '13C', '14C')",24.1535,1,760725.0
"('04C', '09C', '09D', '13C', '14C')",24.1534,1,760578.0
"('03C', '09C', '09D', '13C', '14C')",24.1533,1,760430.0
"('02C', '09C', '09D', '13C', '14C')",24.153200000000002,1,760282.0
"('09C', '09D', '11C', '12C', '14C')",24.153100000000002,1,760134.0
"('09C', '09D', '10C', '12C', '14C')",24.153000000000002,1,759987.0
"('08C', '09C', '09D', '12C', '14C')",24.152800000000003,1,759839.0
"('07C', '09C', '09D', '12C', '14C')",24.1527,1,759691.0
"('06C', '09C', '09D', '12C', '14C')",24.1526,1,759543.0
"('05C', '09C', '09D', '12C', '14C')",24.1525,1,759396.0
"('04C', '09C', '09D', '12C', '14C')",24.1524,1,759248.0
"('03C', '09C', '09D', '12C', '14C')",24.1523,1,759100.0
"('02C', '09C', '09D', '12C', '14C')",24.1522,1,758952.0
"('09C', '09D', '10C', '11C', '14C')",24.152,1,758805.0
"('08C', '09C', '09D', '11C', '14C')",24.1518,1,758657.0
"('07C', '09C', '09D', '11C', '14C')",24.151699999999998,1,758509.0
"('06C', '09C', '09D', '11C', '14C')",24.1516,1,758361.0
"('05C', '09C', '09D', '11C', '14C')",24.1515,1,758214.0
"('04C', '09C', '09D', '11C', '14C')",24.1514,1,758066.0
"('03C', '09C', '09D', '11C', '14C')",24.1513,1,757918.0
"('02C', '09C', '09D', '11C', '14C')",24.1512,1,757770.0
"('08C', '09C', '09D', '10C', '14C')",24.150800000000004,1,757623.0
"('07C', '09C', '09D', '10C', '14C')",24.1507,1,757475.0
"('06C', '09C', '09D', '10C', '14C')",24.1506,1,757327.0
"('05C', '09C', '09D', '10C', '14C')",24.1505,1,757179.0
"('04C', '09C', '09D', '10C', '14C')",24.1504,1,757032.0
"('03C', '09C', '09D', '10C', '14C')",24.1503,1,756884.0
"('02C', '09C', '09D', '10C', '14C')",24.1502,1,756736.0
"('07C', '08C', '09C', '09D', '14C')",24.148699999999998,1,756588.0
"('06C', '08C', '09C', '09D', '14C')",24.1486,1,756441.0
"('05C', '08C', '09C', '09D', '14C')",24.1485,1,756293.0
"('04C', '08C', '09C', '09D', '14C')",24.1484,1,756145.0
"('03C', '08C', '09C', '09D', '14C')",24.1483,1,755997.0
"('02C', '08C', '09C', '09D', '14C')",24.1482,1,755850.0
"('06C', '07C', '09C', '09D', '14C')",24.1476,1,755702.0
"('05C', '07C', '09C', '09D', '14C')",24.1475,1,755554.0
"('04C', '07C', '09C', '09D', '14C')",24.1474,1,755406.0
"('03C', '07C', '09C', '09D', '14C')",24.1473,1,755259.0
"('02C', '07C', '09C', '09D', '14C')",24.1472,1,755111.0
"('05C', '06C', '09C', '09D', '14C')",24.1465,1,754963.0
"('04C', '06C', '09C', '09D', '14C')",24.1464,1,754815.0
"('03C', '06C', '09C', '09D', '14C')",24.1463,1,754668.0
"('02C', '06C', '09C', '09D', '14C')",24.1462,1,754520.0
"('04C', '05C', '09C', '09D', '14C')",24.1454,1,754372.0
"('03C', '05C', '09C', '09D', '14C')",24.1453,1,754224.0
"('02C', '05C', '09C', '09D', '14C')",24.1452,1,754077.0
"('03C', '04C', '09C', '09D', '14C')",24.1443,1,753929.0
"('02C', '04C', '09C', '09D', '14C')",24.1442,1,753781.0
"('02C', '03C', '09C', '09D', '14C')",24.1432,1,753633.0
"('09C', '09D', '11C', '12C', '13C')",24.1431,1,753486.0
"('09C', '09D', '10C', '12C', '13C')",24.143,1,753338.0
"('08C', '09C', '09D', '12C', '13C')",24.1428,1,753190.0
"('07C', '09C', '09D', '12C', '13C')",24.142699999999998,1,753042.0
"('06C', '09C', '09D', '12C', '13C')",24.142599999999998,1,752895.0
"('05C', '09C', '09D', '12C', '13C')",24.1425,1,752747.0
"('04C', '09C', '09D', '12C', '13C')",24.1424,1,752599.0
"('03C', '09C', '09D', '12C', '13C')",24.1423,1,752451.0
"('02C', '09C', '09D', '12C', '13C')",24.1422,1,752304.0
"('09C', '09D', '10C', '11C', '13C')",24.142,1,752156.0
"('08C', '09C', '09D', '11C', '13C')",24.1418,1,752008.0
"('07C', '09C', '09D', '11C', '13C')",24.141699999999997,1,751860.0
"('06C', '09C', '09D', '11C', '13C')",24.141599999999997,1,751713.0
"('05C', '09C', '09D', '11C', '13C')",24.141499999999997,1,751565.0
"('04C', '09C', '09D', '11C', '13C')",24.141399999999997,1,751417.0
"('03C', '09C', '09D', '11C', '13C')",24.141299999999998,1,751269.0
"('02C', '09C', '09D', '11C', '13C')",24.141199999999998,1,751122.0
"('08C', '09C', '09D', '10C', '13C')",24.140800000000002,1,750974.0
"('07C', '09C', '09D', '10C', '13C')",24.1407,1,750826.0
"('06C', '09C', '09D', '10C', '13C')",24.1406,1,750678.0
"('05C', '09C', '09D', '10C', '13C')",24.1405,1,750531.0
"('04C', '09C', '09D', '10C', '13C')",24.1404,1,750383.0
"('03C', '09C', '09D', '10C', '13C')",24.1403,1,750235.0
"('02C', '09C', '09D', '10C', '13C')",24.1402,1,750087.0
"('07C', '08C', '09C', '09D', '13C')",24.138699999999996,1,749940.0
"('06C', '08C', '09C', '09D', '13C')",24.138599999999997,1,749792.0
"('05C', '08C', '09C', '09D', '13C')",24.138499999999997,1,749644.0
"('04C', '08C', '09C', '09D', '13C')",24.138399999999997,1,749496.0
"('03C', '08C', '09C', '09D', '13C')",24.138299999999997,1,749349.0
"('02C', '08C', '09C', '09D', '13C')",24.138199999999998,1,749201.0
"('06C', '07C', '09C', '09D', '13C')",24.1376,1,749053.0
"('05C', '07C', '09C', '09D', '13C')",24.1375,1,748905.0
"('04C', '07C', '09C', '09D', '13C')",24.1374,1,748758.0
"('03C', '07C', '09C', '09D', '13C')",24.1373,1,748610.0
"('02C', '07C', '09C', '09D', '13C')",24.1372,1,748462.0
"('05C', '06C', '09C', '09D', '13C')",24.136499999999998,1,748314.0
"('04C', '06C', '09C', '09D', '13C')",24.1364,1,748167.0
"('03C', '06C', '09C', '09D', '13C')",24.1363,1,748019.0
"('02C', '06C', '09C', '09D', '13C')",24.1362,1,747871.0
"('04C', '05C', '09C', '09D', '13C')",24.135399999999997,1,747723.0
"('03C', '05C', '09C', '09D', '13C')",24.135299999999997,1,747576.0
"('02C', '05C', '09C', '09D', '13C')",24.135199999999998,1,747428.0
"('03C', '04C', '09C', '09D', '13C')",24.1343,1,747280.0
"('02C', '04C', '09C', '09D', '13C')",24.1342,1,747132.0
"('02C', '03C', '09C', '09D', '13C')",24.1332,1,746985.0
"('09C', '09D', '10C', '11C', '12C')",24.132,1,746837.0
"('08C', '09C', '09D', '11C', '12C')",24.131800000000002,1,746689.0
"('07C', '09C', '09D', '11C', '12C')",24.1317,1,746541.0
"('06C', '09C', '09D', '11C', '12C')",24.1316,1,746394.0
"('05C', '09C', '09D', '11C', '12C')",24.1315,1,746246.0
"('04C', '09C', '09D', '11C', '12C')",24.1314,1,746098.0
"('03C', '09C', '09D', '11C', '12C')",24.1313,1,745950.0
"('02C', '09C', '09D', '11C', '12C')",24.1312,1,745803.0
"('08C', '09C', '09D', '10C', '12C')",24.130800000000004,1,745655.0
"('07C', '09C', '09D', '10C', '12C')",24.1307,1,745507.0
"('06C', '09C', '09D', '10C', '12C')",24.1306,1,745359.0
"('05C', '09C', '09D', '10C', '12C')",24.1305,1,745212.0
"('04C', '09C', '09D', '10C', '12C')",24.1304,1,745064.0
"('03C', '09C', '09D', '10C', '12C')",24.130300000000002,1,744916.0
"('02C', '09C', '09D', '10C', '12C')",24.130200000000002,1,744768.0
"('07C', '08C', '09C', '09D', '12C')",24.1287,1,744621.0
"('06C', '08C', '09C', '09D', '12C')",24.1286,1,744473.0
"('05C', '08C', '09C', '09D', '12C')",24.1285,1,744325.0
"('04C', '08C', '09C', '09D', '12C')",24.1284,1,744177.0
"('03C', '08C', '09C', '09D', '12C')",24.1283,1,744030.0
"('02C', '08C', '09C', '09D', '12C')",24.1282,1,743882.0
"('06C', '07C', '09C', '09D', '12C')",24.1276,1,743734.0
"('05C', '07C', '09C', '09D', '12C')",24.1275,1,743586.0
"('04C', '07C', '09C', '09D', '12C')",24.1274,1,743439.0
"('03C', '07C', '09C', '09D', '12C')",24.1273,1,743291.0
"('02C', '07C', '09C', '09D', '12C')",24.127200000000002,1,743143.0
"('05C', '06C', '09C', '09D', '12C')",24.1265,1,742995.0
"('04C', '06C', '09C', '09D', '12C')",24.1264,1,742848.0
"('03C', '06C', '09C', '09D', '12C')",24.1263,1,742700.0
"('02C', '06C', '09C', '09D', '12C')",24.1262,1,742552.0
"('04C', '05C', '09C', '09D', '12C')",24.1254,1,742404.0
"('03C', '05C', '09C', '09D', '12C')",24.1253,1,742257.0
"('02C', '05C', '09C', '09D', '12C')",24.1252,1,742109.0
"('03C', '04C', '09C', '09D', '12C')",24.1243,1,741961.0
"('02C', '04C', '09C', '09D', '12C')",24.124200000000002,1,741813.0
"('02C', '03C', '09C', '09D', '12C')",24.1232,1,741666.0
"('08C', '09C', '09D', '10C', '11C')",24.120800000000003,1,741518.0
"('07C', '09C', '09D', '10C', '11C')",24.1207,1,741370.0
"('06C', '09C', '09D', '10C', '11C')",24.1206,1,741222.0
"('05C', '09C', '09D', '10C', '11C')",24.1205,1,741075.0
"('04C', '09C', '09D', '10C', '11C')",24.1204,1,740927.0
"('03C', '09C', '09D', '10C', '11C')",24.1203,1,740779.0
"('02C', '09C', '09D', '10C', '11C')",24.1202,1,740631.0
"('07C', '08C', '09C', '09D', '11C')",24.118699999999997,1,740484.0
"('06C', '08C', '09C', '09D', '11C')",24.118599999999997,1,740336.0
"('05C', '08C', '09C', '09D', '11C')",24.118499999999997,1,740188.0
"('04C', '08C', '09C', '09D', '11C')",24.118399999999998,1,740040.0
"('03C', '08C', '09C', '09D', '11C')",24.118299999999998,1,739892.0
"('02C', '08C', '09C', '09D', '11C')",24.118199999999998,1,739745.0
"('06C', '07C', '09C', '09D', '11C')",24.1176,1,739597.0
"('05C', '07C', '09C', '09D', '11C')",24.1175,1,739449.0
"('04C', '07C', '09C', '09D', '11C')",24.1174,1,739301.0
"('03C', '07C', '09C', '09D', '11C')",24.1173,1,739154.0
"('02C', '07C', '09C', '09D', '11C')",24.1172,1,739006.0
"('05C', '06C', '09C', '09D', '11C')",24.1165,1,738858.0
"('04C', '06C', '09C', '09D', '11C')",24.1164,1,738710.0
"('03C', '06C', '09C', '09D', '11C')",24.1163,1,738563.0
"('02C', '06C', '09C', '09D', '11C')",24.1162,1,738415.0
"('04C', '05C', '09C', '09D', '11C')",24.115399999999998,1,738267.0
"('03C', '05C', '09C', '09D', '11C')",24.115299999999998,1,738119.0
"('02C', '05C', '09C', '09D', '11C')",24.115199999999998,1,737972.0
"('03C', '04C', '09C', '09D', '11C')",24.1143,1,737824.0
"('02C', '04C', '09C', '09D', '11C')",24.1142,1,737676.0
"('02C', '03C', '09C', '09D', '11C')",24.1132,1,737528.0
"('07C', '08C', '09C', '09D', '10C')",24.1087,1,737381.0
"('06C', '08C', '09C', '09D', '10C')",24.1086,1,737233.0
"('05C', '08C', '09C', '09D', '10C')",24.1085,1,737085.0
"('04C', '08C', '09C', '09D', '10C')",24.1084,1,736937.0
"('03C', '08C', '09C', '09D', '10C')",24.1083,1,736790.0
"('02C', '08C', '09C', '09D', '10C')",24.1082,1,736642.0
"('06C', '07C', '09C', '09D', '10C')",24.1076,1,736494.0
"('05C', '07C', '09C', '09D', '10C')",24.1075,1,736346.0
"('04C', '07C', '09C', '09D', '10C')",24.107400000000002,1,736199.0
"('03C', '07C', '09C', '09D', '10C')",24.107300000000002,1,736051.0
"('02C', '07C', '09C', '09D', '10C')",24.107200000000002,1,735903.0
"('05C', '06C', '09C', '09D', '10C')",24.1065,1,735755.0
"('04C', '06C', '09C', '09D', '10C')",24.1064,1,735608.0
"('03C', '06C', '09C', '09D', '10C')",24.1063,1,735460.0
"('02C', '06C', '09C', '09D', '10C')",24.1062,1,735312.0
"('04C', '05C', '09C', '09D', '10C')",24.1054,1,735164.0
"('03C', '05C', '09C', '09D', '10C')",24.1053,1,735017.0
"('02C', '05C', '09C', '09D', '10C')",24.1052,1,734869.0
"('03C', '04C', '09C', '09D', '10C')",24.104300000000002,1,734721.0
"('02C', '04C', '09C', '09D', '10C')",24.104200000000002,1,734573.0
"('02C', '03C', '09C', '09D', '10C')",24.1032,1,734426.0
"('06C', '07C', '08C', '09C', '09D')",24.0876,1,734278.0
"('05C', '07C', '08C', '09C', '09D')",24.0875,1,734130.0
"('04C', '07C', '08C', '09C', '09D')",24.0874,1,733982.0
"('03C', '07C', '08C', '09C', '09D')",24.0873,1,733835.0
"('02C', '07C', '08C', '09C', '09D')",24.0872,1,733687.0
"('05C', '06C', '08C', '09C', '09D')",24.086499999999997,1,733539.0
"('04C', '06C', '08C', '09C', '09D')",24.086399999999998,1,733391.0
"('03C', '06C', '08C', '09C', '09D')",24.086299999999998,1,733244.0
"('02C', '06C', '08C', '09C', '09D')",24.086199999999998,1,733096.0
"('04C', '05C', '08C', '09C', '09D')",24.085399999999996,1,732948.0
"('03C', '05C', '08C', '09C', '09D')",24.085299999999997,1,732800.0
"('02C', '05C', '08C', '09C', '09D')",24.085199999999997,1,732653.0
"('03C', '04C', '08C', '09C', '09D')",24.0843,1,732505.0
"('02C', '04C', '08C', '09C', '09D')",24.0842,1,732357.0
"('02C', '03C', '08C', '09C', '09D')",24.083199999999998,1,732209.0
"('05C', '06C', '07C', '09C', '09D')",24.0765,1,732062.0
"('04C', '06C', '07C', '09C', '09D')",24.0764,1,731914.0
"('03C', '06C', '07C', '09C', '09D')",24.0763,1,731766.0
"('02C', '06C', '07C', '09C', '09D')",24.0762,1,731618.0
"('04C', '05C', '07C', '09C', '09D')",24.0754,1,731471.0
"('03C', '05C', '07C', '09C', '09D')",24.0753,1,731323.0
"('02C', '05C', '07C', '09C', '09D')",24.0752,1,731175.0
"('03C', '04C', '07C', '09C', '09D')",24.0743,1,731027.0
"('02C', '04C', '07C', '09C', '09D')",24.0742,1,730880.0
"('02C', '03C', '07C', '09C', '09D')",24.0732,1,730732.0
"('04C', '05C', '06C', '09C', '09D')",24.065399999999997,1,730584.0
"('03C', '05C', '06C', '09C', '09D')",24.065299999999997,1,730436.0
"('02C', '05C', '06C', '09C', '09D')",24.065199999999997,1,730289.0
"('03C', '04C', '06C', '09C', '09D')",24.0643,1,730141.0
"('02C', '04C', '06C', '09C', '09D')",24.0642,1,729993.0
"('02C', '03C', '06C', '09C', '09D')",24.0632,1,729845.0
"('03C', '04C', '05C', '09C', '09D')",24.0543,1,729698.0
"('02C', '04C', '05C', '09C', '09D')",24.0542,1,729550.0
"('02C', '03C', '05C', '09C', '09D')",24.0532,1,729402.0
"('02C', '03C', '04C', '09C', '09D')",24.0432,1,729254.0
"('08C', '08D', '12C', '13C', '14C')",23.154200000000003,1,729107.0
"('08C', '08D', '11C', '13C', '14C')",23.154100000000003,1,728959.0
"('08C', '08D', '10C', '13C', '14C')",23.154000000000003,1,728811.0
"('08C', '08D', '09C', '13C', '14C')",23.153900000000004,1,728663.0
"('07C', '08C', '08D', '13C', '14C')",23.1537,1,728516.0
"('06C', '08C', '08D', '13C', '14C')",23.1536,1,728368.0
"('05C', '08C', '08D', '13C', '14C')",23.1535,1,728220.0
"('04C', '08C', '08D', '13C', '14C')",23.1534,1,728072.0
"('03C', '08C', '08D', '13C', '14C')",23.1533,1,727925.0
"('02C', '08C', '08D', '13C', '14C')",23.153200000000002,1,727777.0
"('08C', '08D', '11C', '12C', '14C')",23.153100000000002,1,727629.0
"('08C', '08D', '10C', '12C', '14C')",23.153000000000002,1,727481.0
"('08C', '08D', '09C', '12C', '14C')",23.152900000000002,1,727334.0
"('07C', '08C', '08D', '12C', '14C')",23.1527,1,727186.0
"('06C', '08C', '08D', '12C', '14C')",23.1526,1,727038.0
"('05C', '08C', '08D', '12C', '14C')",23.1525,1,726890.0
"('04C', '08C', '08D', '12C', '14C')",23.1524,1,726743.0
"('03C', '08C', '08D', '12C', '14C')",23.1523,1,726595.0
"('02C', '08C', '08D', '12C', '14C')",23.1522,1,726447.0
"('08C', '08D', '10C', '11C', '14C')",23.152,1,726299.0
"('08C', '08D', '09C', '11C', '14C')",23.1519,1,726152.0
"('07C', '08C', '08D', '11C', '14C')",23.151699999999998,1,726004.0
"('06C', '08C', '08D', '11C', '14C')",23.1516,1,725856.0
"('05C', '08C', '08D', '11C', '14C')",23.1515,1,725708.0
"('04C', '08C', '08D', '11C', '14C')",23.1514,1,725561.0
"('03C', '08C', '08D', '11C', '14C')",23.1513,1,725413.0
"('02C', '08C', '08D', '11C', '14C')",23.1512,1,725265.0
"('08C', '08D', '09C', '10C', '14C')",23.150900000000004,1,725117.0
"('07C', '08C', '08D', '10C', '14C')",23.1507,1,724970.0
"('06C', '08C', '08D', '10C', '14C')",23.1506,1,724822.0
"('05C', '08C', '08D', '10C', '14C')",23.1505,1,724674.0
"('04C', '08C', '08D', '10C', '14C')",23.1504,1,724526.0
"('03C', '08C', '08D', '10C', '14C')",23.1503,1,724379.0
"('02C', '08C', '08D', '10C', '14C')",23.1502,1,724231.0
"('07C', '08C', '08D', '09C', '14C')",23.1497,1,724083.0
"('06C', '08C', '08D', '09C', '14C')",23.1496,1,723935.0
"('05C', '08C', '08D', '09C', '14C')",23.1495,1,723788.0
"('04C', '08C', '08D', '09C', '14C')",23.1494,1,723640.0
"('03C', '08C', '08D', '09C', '14C')",23.1493,1,723492.0
"('02C', '08C', '08D', '09C', '14C')",23.1492,1,723344.0
"('06C', '07C', '08C', '08D', '14C')",23.1476,1,723197.0
"('05C', '07C', '08C', '08D', '14C')",23.1475,1,723049.0
"('04C', '07C', '08C', '08D', '14C')",23.1474,1,722901.0
"('03C', '07C', '08C', '08D', '14C')",23.1473,1,722753.0
"('02C', '07C', '08C', '08D', '14C')",23.1472,1,722606.0
"('05C', '06C', '08C', '08D', '14C')",23.1465,1,722458.0
"('04C', '06C', '08C', '08D', '14C')",23.1464,1,722310.0
"('03C', '06C', '08C', '08D', '14C')",23.1463,1,722162.0
"('02C', '06C', '08C', '08D', '14C')",23.1462,1,722015.0
"('04C', '05C', '08C', '08D', '14C')",23.1454,1,721867.0
"('03C', '05C', '08C', '08D', '14C')",23.1453,1,721719.0
"('02C', '05C', '08C', '08D', '14C')",23.1452,1,721571.0
"('03C', '04C', '08C', '08D', '14C')",23.1443,1,721424.0
"('02C', '04C', '08C', '08D', '14C')",23.1442,1,721276.0
"('02C', '03C', '08C', '08D', '14C')",23.1432,1,721128.0
"('08C', '08D', '11C', '12C', '13C')",23.1431,1,720980.0
"('08C', '08D', '10C', '12C', '13C')",23.143,1,720833.0
"('08C', '08D', '09C', '12C', '13C')",23.1429,1,720685.0
"('07C', '08C', '08D', '12C', '13C')",23.142699999999998,1,720537.0
"('06C', '08C', '08D', '12C', '13C')",23.142599999999998,1,720389.0
"('05C', '08C', '08D', '12C', '13C')",23.1425,1,720242.0
"('04C', '08C', '08D', '12C', '13C')",23.1424,1,720094.0
"('03C', '08C', '08D', '12C', '13C')",23.1423,1,719946.0
"('02C', '08C', '08D', '12C', '13C')",23.1422,1,719798.0
"('08C', '08D', '10C', '11C', '13C')",23.142,1,719651.0
"('08C', '08D', '09C', '11C', '13C')",23.1419,1,719503.0
"('07C', '08C', '08D', '11C', '13C')",23.141699999999997,1,719355.0
"('06C', '08C', '08D', '11C', '13C')",23.141599999999997,1,719207.0
"('05C', '08C', '08D', '11C', '13C')",23.141499999999997,1,719060.0
"('04C', '08C', '08D', '11C', '13C')",23.141399999999997,1,718912.0
"('03C', '08C', '08D', '11C', '13C')",23.141299999999998,1,718764.0
"('02C', '08C', '08D', '11C', '13C')",23.141199999999998,1,718616.0
"('08C', '08D', '09C', '10C', '13C')",23.140900000000002,1,718469.0
"('07C', '08C', '08D', '10C', '13C')",23.1407,1,718321.0
"('06C', '08C', '08D', '10C', '13C')",23.1406,1,718173.0
"('05C', '08C', '08D', '10C', '13C')",23.1405,1,718025.0
"('04C', '08C', '08D', '10C', '13C')",23.1404,1,717878.0
"('03C', '08C', '08D', '10C', '13C')",23.1403,1,717730.0
"('02C', '08C', '08D', '10C', '13C')",23.1402,1,717582.0
"('07C', '08C', '08D', '09C', '13C')",23.139699999999998,1,717434.0
"('06C', '08C', '08D', '09C', '13C')",23.139599999999998,1,717287.0
"('05C', '08C', '08D', '09C', '13C')",23.139499999999998,1,717139.0
"('04C', '08C', '08D', '09C', '13C')",23.1394,1,716991.0
"('03C', '08C', '08D', '09C', '13C')",23.1393,1,716843.0
"('02C', '08C', '08D', '09C', '13C')",23.1392,1,716696.0
"('06C', '07C', '08C', '08D', '13C')",23.1376,1,716548.0
"('05C', '07C', '08C', '08D', '13C')",23.1375,1,716400.0
"('04C', '07C', '08C', '08D', '13C')",23.1374,1,716252.0
"('03C', '07C', '08C', '08D', '13C')",23.1373,1,716105.0
"('02C', '07C', '08C', '08D', '13C')",23.1372,1,715957.0
"('05C', '06C', '08C', '08D', '13C')",23.136499999999998,1,715809.0
"('04C', '06C', '08C', '08D', '13C')",23.1364,1,715661.0
"('03C', '06C', '08C', '08D', '13C')",23.1363,1,715514.0
"('02C', '06C', '08C', '08D', '13C')",23.1362,1,715366.0
"('04C', '05C', '08C', '08D', '13C')",23.135399999999997,1,715218.0
"('03C', '05C', '08C', '08D', '13C')",23.135299999999997,1,715070.0
"('02C', '05C', '08C', '08D', '13C')",23.135199999999998,1,714923.0
"('03C', '04C', '08C', '08D', '13C')",23.1343,1,714775.0
"('02C', '04C', '08C', '08D', '13C')",23.1342,1,714627.0
"('02C', '03C', '08C', '08D', '13C')",23.1332,1,714479.0
"('08C', '08D', '10C', '11C', '12C')",23.132,1,714332.0
"('08C', '08D', '09C', '11C', '12C')",23.1319,1,714184.0
"('07C', '08C', '08D', '11C', '12C')",23.1317,1,714036.0
"('06C', '08C', '08D', '11C', '12C')",23.1316,1,713888.0
"('05C', '08C', '08D', '11C', '12C')",23.1315,1,713740.0
"('04C', '08C', '08D', '11C', '12C')",23.1314,1,713593.0
"('03C', '08C', '08D', '11C', '12C')",23.1313,1,713445.0
"('02C', '08C', '08D', '11C', '12C')",23.1312,1,713297.0
"('08C', '08D', '09C', '10C', '12C')",23.130900000000004,1,713149.0
"('07C', '08C', '08D', '10C', '12C')",23.1307,1,713002.0
"('06C', '08C', '08D', '10C', '12C')",23.1306,1,712854.0
"('05C', '08C', '08D', '10C', '12C')",23.1305,1,712706.0
"('04C', '08C', '08D', '10C', '12C')",23.1304,1,712558.0
"('03C', '08C', '08D', '10C', '12C')",23.130300000000002,1,712411.0
"('02C', '08C', '08D', '10C', '12C')",23.130200000000002,1,712263.0
"('07C', '08C', '08D', '09C', '12C')",23.1297,1,712115.0
"('06C', '08C', '08D', '09C', '12C')",23.1296,1,711967.0
"('05C', '08C', '08D', '09C', '12C')",23.1295,1,711820.0
"('04C', '08C', '08D', '09C', '12C')",23.1294,1,711672.0
"('03C', '08C', '08D', '09C', '12C')",23.1293,1,711524.0
"('02C', '08C', '08D', '09C', '12C')",23.1292,1,711376.0
"('06C', '07C', '08C', '08D', '12C')",23.1276,1,711229.0
"('05C', '07C', '08C', '08D', '12C')",23.1275,1,711081.0
"('04C', '07C', '08C', '08D', '12C')",23.1274,1,710933.0
"('03C', '07C', '08C', '08D', '12C')",23.1273,1,710785.0
"('02C', '07C', '08C', '08D', '12C')",23.127200000000002,1,710638.0
"('05C', '06C', '08C', '08D', '12C')",23.1265,1,710490.0
"('04C', '06C', '08C', '08D', '12C')",23.1264,1,710342.0
"('03C', '06C', '08C', '08D', '12C')",23.1263,1,710194.0
"('02C', '06C', '08C', '08D', '12C')",23.1262,1,710047.0
"('04C', '05C', '08C', '08D', '12C')",23.1254,1,709899.0
"('03C', '05C', '08C', '08D', '12C')",23.1253,1,709751.0
"('02C', '05C', '08C', '08D', '12C')",23.1252,1,709603.0
"('03C', '04C', '08C', '08D', '12C')",23.1243,1,709456.0
"('02C', '04C', '08C', '08D', '12C')",23.124200000000002,1,709308.0
"('02C', '03C', '08C', '08D', '12C')",23.1232,1,709160.0
"('08C', '08D', '09C', '10C', '11C')",23.120900000000002,1,709012.0
"('07C', '08C', '08D', '10C', '11C')",23.1207,1,708865.0
"('06C', '08C', '08D', '10C', '11C')",23.1206,1,708717.0
"('05C', '08C', '08D', '10C', '11C')",23.1205,1,708569.0
"('04C', '08C', '08D', '10C', '11C')",23.1204,1,708421.0
"('03C', '08C', '08D', '10C', '11C')",23.1203,1,708274.0
"('02C', '08C', '08D', '10C', '11C')",23.1202,1,708126.0
"('07C', '08C', '08D', '09C', '11C')",23.119699999999998,1,707978.0
"('06C', '08C', '08D', '09C', '11C')",23.1196,1,707830.0
"('05C', '08C', '08D', '09C', '11C')",23.1195,1,707683.0
"('04C', '08C', '08D', '09C', '11C')",23.1194,1,707535.0
"('03C', '08C', '08D', '09C', '11C')",23.1193,1,707387.0
"('02C', '08C', '08D', '09C', '11C')",23.1192,1,707239.0
"('06C', '07C', '08C', '08D', '11C')",23.1176,1,707092.0
"('05C', '07C', '08C', '08D', '11C')",23.1175,1,706944.0
"('04C', '07C', '08C', '08D', '11C')",23.1174,1,706796.0
"('03C', '07C', '08C', '08D', '11C')",23.1173,1,706648.0
"('02C', '07C', '08C', '08D', '11C')",23.1172,1,706501.0
"('05C', '06C', '08C', '08D', '11C')",23.1165,1,706353.0
"('04C', '06C', '08C', '08D', '11C')",23.1164,1,706205.0
"('03C', '06C', '08C', '08D', '11C')",23.1163,1,706057.0
"('02C', '06C', '08C', '08D', '11C')",23.1162,1,705910.0
"('04C', '05C', '08C', '08D', '11C')",23.115399999999998,1,705762.0
"('03C', '05C', '08C', '08D', '11C')",23.115299999999998,1,705614.0
"('02C', '05C', '08C', '08D', '11C')",23.115199999999998,1,705466.0
"('03C', '04C', '08C', '08D', '11C')",23.1143,1,705319.0
"('02C', '04C', '08C', '08D', '11C')",23.1142,1,705171.0
"('02C', '03C', '08C', '08D', '11C')",23.1132,1,705023.0
"('07C', '08C', '08D', '09C', '10C')",23.1097,1,704875.0
"('06C', '08C', '08D', '09C', '10C')",23.1096,1,704728.0
"('05C', '08C', '08D', '09C', '10C')",23.1095,1,704580.0
"('04C', '08C', '08D', '09C', '10C')",23.1094,1,704432.0
"('03C', '08C', '08D', '09C', '10C')",23.1093,1,704284.0
"('02C', '08C', '08D', '09C', '10C')",23.1092,1,704137.0
"('06C', '07C', '08C', '08D', '10C')",23.1076,1,703989.0
"('05C', '07C', '08C', '08D', '10C')",23.1075,1,703841.0
"('04C', '07C', '08C', '08D', '10C')",23.107400000000002,1,703693.0
"('03C', '07C', '08C', '08D', '10C')",23.107300000000002,1,703546.0
"('02C', '07C', '08C', '08D', '10C')",23.107200000000002,1,703398.0
"('05C', '06C', '08C', '08D', '10C')",23.1065,1,703250.0
"('04C', '06C', '08C', '08D', '10C')",23.1064,1,703102.0
"('03C', '06C', '08C', '08D', '10C')",23.1063,1,702955.0
"('02C', '06C', '08C', '08D', '10C')",23.1062,1,702807.0
"('04C', '05C', '08C', '08D', '10C')",23.1054,1,702659.0
"('03C', '05C', '08C', '08D', '10C')",23.1053,1,702511.0
"('02C', '05C', '08C', '08D', '10C')",23.1052,1,702364.0
"('03C', '04C', '08C', '08D', '10C')",23.104300000000002,1,702216.0
"('02C', '04C', '08C', '08D', '10C')",23.104200000000002,1,702068.0
"('02C', '03C', '08C', '08D', '10C')",23.1032,1,701920.0
"('06C', '07C', '08C', '08D', '09C')",23.0976,1,701773.0
"('05C', '07C', '08C', '08D', '09C')",23.0975,1,701625.0
"('04C', '07C', '08C', '08D', '09C')",23.0974,1,701477.0
"('03C', '07C', '08C', '08D', '09C')",23.0973,1,701329.0
"('02C', '07C', '08C', '08D', '09C')",23.0972,1,701182.0
"('05C', '06C', '08C', '08D', '09C')",23.0965,1,701034.0
"('04C', '06C', '08C', '08D', '09C')",23.0964,1,700886.0
"('03C', '06C', '08C', '08D', '09C')",23.0963,1,700738.0
"('02C', '06C', '08C', '08D', '09C')",23.0962,1,700591.0
"('04C', '05C', '08C', '08D', '09C')",23.095399999999998,1,700443.0
"('03C', '05C', '08C', '08D', '09C')",23.095299999999998,1,700295.0
"('02C', '05C', '08C', '08D', '09C')",23.0952,1,700147.0
"('03C', '04C', '08C', '08D', '09C')",23.0943,1,700000.0
"('02C', '04C', '08C', '08D', '09C')",23.0942,1,699852.0
"('02C', '03C', '08C', '08D', '09C')",23.0932,1,699704.0
"('05C', '06C', '07C', '08C', '08D')",23.0765,1,699556.0
"('04C', '06C', '07C', '08C', '08D')",23.0764,1,699409.0
"('03C', '06C', '07C', '08C', '08D')",23.0763,1,699261.0
"('02C', '06C', '07C', '08C', '08D')",23.0762,1,699113.0
"('04C', '05C', '07C', '08C', '08D')",23.0754,1,698965.0
"('03C', '05C', '07C', '08C', '08D')",23.0753,1,698818.0
"('02C', '05C', '07C', '08C', '08D')",23.0752,1,698670.0
"('03C', '04C', '07C', '08C', '08D')",23.0743,1,698522.0
"('02C', '04C', '07C', '08C', '08D')",23.0742,1,698374.0
"('02C', '03C', '07C', '08C', '08D')",23.0732,1,698227.0
"('04C', '05C', '06C', '08C', '08D')",23.065399999999997,1,698079.0
"('03C', '05C', '06C', '08C', '08D')",23.065299999999997,1,697931.0
"('02C', '05C', '06C', '08C', '08D')",23.065199999999997,1,697783.0
"('03C', '04C', '06C', '08C', '08D')",23.0643,1,697636.0
"('02C', '04C', '06C', '08C', '08D')",23.0642,1,697488.0
"('02C', '03C', '06C', '08C', '08D')",23.0632,1,697340.0
"('03C', '04C', '05C', '08C', '08D')",23.0543,1,697192.0
"('02C', '04C', '05C', '08C', '08D')",23.0542,1,697045.0
"('02C', '03C', '05C', '08C', '08D')",23.0532,1,696897.0
"('02C', '03C', '04C', '08C', '08D')",23.0432,1,696749.0
"('07C', '07D', '12C', '13C', '14C')",22.154200000000003,1,696601.0
"('07C', '07D', '11C', '13C', '14C')",22.154100000000003,1,696454.0
"('07C', '07D', '10C', '13C', '14C')",22.154000000000003,1,696306.0
"('07C', '07D', '09C', '13C', '14C')",22.153900000000004,1,696158.0
"('07C', '07D', '08C', '13C', '14C')",22.153800000000004,1,696010.0
"('06C', '07C', '07D', '13C', '14C')",22.1536,1,695863.0
"('05C', '07C', '07D', '13C', '14C')",22.1535,1,695715.0
"('04C', '07C', '07D', '13C', '14C')",22.1534,1,695567.0
"('03C', '07C', '07D', '13C', '14C')",22.1533,1,695419.0
"('02C', '07C', '07D', '13C', '14C')",22.153200000000002,1,695272.0
"('07C', '07D', '11C', '12C', '14C')",22.153100000000002,1,695124.0
"('07C', '07D', '10C', '12C', '14C')",22.153000000000002,1,694976.0
"('07C', '07D', '09C', '12C', '14C')",22.152900000000002,1,694828.0
"('07C', '07D', '08C', '12C', '14C')",22.152800000000003,1,694681.0
"('06C', '07C', '07D', '12C', '14C')",22.1526,1,694533.0
"('05C', '07C', '07D', '12C', '14C')",22.1525,1,694385.0
"('04C', '07C', '07D', '12C', '14C')",22.1524,1,694237.0
"('03C', '07C', '07D', '12C', '14C')",22.1523,1,694090.0
"('02C', '07C', '07D', '12C', '14C')",22.1522,1,693942.0
"('07C', '07D', '10C', '11C', '14C')",22.152,1,693794.0
"('07C', '07D', '09C', '11C', '14C')",22.1519,1,693646.0
"('07C', '07D', '08C', '11C', '14C')",22.1518,1,693499.0
"('06C', '07C', '07D', '11C', '14C')",22.1516,1,693351.0
"('05C', '07C', '07D', '11C', '14C')",22.1515,1,693203.0
"('04C', '07C', '07D', '11C', '14C')",22.1514,1,693055.0
"('03C', '07C', '07D', '11C', '14C')",22.1513,1,692908.0
"('02C', '07C', '07D', '11C', '14C')",22.1512,1,692760.0
"('07C', '07D', '09C', '10C', '14C')",22.150900000000004,1,692612.0
"('07C', '07D', '08C', '10C', '14C')",22.150800000000004,1,692464.0
"('06C', '07C', '07D', '10C', '14C')",22.1506,1,692317.0
"('05C', '07C', '07D', '10C', '14C')",22.1505,1,692169.0
"('04C', '07C', '07D', '10C', '14C')",22.1504,1,692021.0
"('03C', '07C', '07D', '10C', '14C')",22.1503,1,691873.0
"('02C', '07C', '07D', '10C', '14C')",22.1502,1,691726.0
"('07C', '07D', '08C', '09C', '14C')",22.149800000000003,1,691578.0
"('06C', '07C', '07D', '09C', '14C')",22.1496,1,691430.0
"('05C', '07C', '07D', '09C', '14C')",22.1495,1,691282.0
"('04C', '07C', '07D', '09C', '14C')",22.1494,1,691135.0
"('03C', '07C', '07D', '09C', '14C')",22.1493,1,690987.0
"('02C', '07C', '07D', '09C', '14C')",22.1492,1,690839.0
"('06C', '07C', '07D', '08C', '14C')",22.1486,1,690691.0
"('05C', '07C', '07D', '08C', '14C')",22.1485,1,690544.0
"('04C', '07C', '07D', '08C', '14C')",22.1484,1,690396.0
"('03C', '07C', '07D', '08C', '14C')",22.1483,1,690248.0
"('02C', '07C', '07D', '08C', '14C')",22.1482,1,690100.0
"('05C', '06C', '07C', '07D', '14C')",22.1465,1,689953.0
"('04C', '06C', '07C', '07D', '14C')",22.1464,1,689805.0
"('03C', '06C', '07C', '07D', '14C')",22.1463,1,689657.0
"('02C', '06C', '07C', '07D', '14C')",22.1462,1,689509.0
"('04C', '05C', '07C', '07D', '14C')",22.1454,1,689362.0
"('03C', '05C', '07C', '07D', '14C')",22.1453,1,689214.0
"('02C', '05C', '07C', '07D', '14C')",22.1452,1,689066.0
"('03C', '04C', '07C', '07D', '14C')",22.1443,1,688918.0
"('02C', '04C', '07C', '07D', '14C')",22.1442,1,688771.0
"('02C', '03C', '07C', '07D', '14C')",22.1432,1,688623.0
"('07C', '07D', '11C', '12C', '13C')",22.1431,1,688475.0
"('07C', '07D', '10C', '12C', '13C')",22.143,1,688327.0
"('07C', '07D', '09C', '12C', '13C')",22.1429,1,688180.0
"('07C', '07D', '08C', '12C', '13C')",22.1428,1,688032.0
"('06C', '07C', '07D', '12C', '13C')",22.142599999999998,1,687884.0
"('05C', '07C', '07D', '12C', '13C')",22.1425,1,687736.0
"('04C', '07C', '07D', '12C', '13C')",22.1424,1,687588.0
"('03C', '07C', '07D', '12C', '13C')",22.1423,1,687441.0
"('02C', '07C', '07D', '12C', '13C')",22.1422,1,687293.0
"('07C', '07D', '10C', '11C', '13C')",22.142,1,687145.0
"('07C', '07D', '09C', '11C', '13C')",22.1419,1,686997.0
"('07C', '07D', '08C', '11C', '13C')",22.1418,1,686850.0
"('06C', '07C', '07D', '11C', '13C')",22.141599999999997,1,686702.0
"('05C', '07C', '07D', '11C', '13C')",22.141499999999997,1,686554.0
"('04C', '07C', '07D', '11C', '13C')",22.141399999999997,1,686406.0
"('03C', '07C', '07D', '11C', '13C')",22.141299999999998,1,686259.0
"('02C', '07C', '07D', '11C', '13C')",22.141199999999998,1,686111.0
"('07C', '07D', '09C', '10C', '13C')",22.140900000000002,1,685963.0
"('07C', '07D', '08C', '10C', '13C')",22.140800000000002,1,685815.0
"('06C', '07C', '07D', '10C', '13C')",22.1406,1,685668.0
"('05C', '07C', '07D', '10C', '13C')",22.1405,1,685520.0
"('04C', '07C', '07D', '10C', '13C')",22.1404,1,685372.0
"('03C', '07C', '07D', '10C', '13C')",22.1403,1,685224.0
"('02C', '07C', '07D', '10C', '13C')",22.1402,1,685077.0
"('07C', '07D', '08C', '09C', '13C')",22.1398,1,684929.0
"('06C', '07C', '07D', '09C', '13C')",22.139599999999998,1,684781.0
"('05C', '07C', '07D', '09C', '13C')",22.139499999999998,1,684633.0
"('04C', '07C', '07D', '09C', '13C')",22.1394,1,684486.0
"('03C', '07C', '07D', '09C', '13C')",22.1393,1,684338.0
"('02C', '07C', '07D', '09C', '13C')",22.1392,1,684190.0
"('06C', '07C', '07D', '08C', '13C')",22.138599999999997,1,684042.0
"('05C', '07C', '07D', '08C', '13C')",22.138499999999997,1,683895.0
"('04C', '07C', '07D', '08C', '13C')",22.138399999999997,1,683747.0
"('03C', '07C', '07D', '08C', '13C')",22.138299999999997,1,683599.0
"('02C', '07C', '07D', '08C', '13C')",22.138199999999998,1,683451.0
"('05C', '06C', '07C', '07D', '13C')",22.136499999999998,1,683304.0
"('04C', '06C', '07C', '07D', '13C')",22.1364,1,683156.0
"('03C', '06C', '07C', '07D', '13C')",22.1363,1,683008.0
"('02C', '06C', '07C', '07D', '13C')",22.1362,1,682860.0
"('04C', '05C', '07C', '07D', '13C')",22.135399999999997,1,682713.0
"('03C', '05C', '07C', '07D', '13C')",22.135299999999997,1,682565.0
"('02C', '05C', '07C', '07D', '13C')",22.135199999999998,1,682417.0
"('03C', '04C', '07C', '07D', '13C')",22.1343,1,682269.0
"('02C', '04C', '07C', '07D', '13C')",22.1342,1,682122.0
"('02C', '03C', '07C', '07D', '13C')",22.1332,1,681974.0
"('07C', '07D', '10C', '11C', '12C')",22.132,1,681826.0
"('07C', '07D', '09C', '11C', '12C')",22.1319,1,681678.0
"('07C', '07D', '08C', '11C', '12C')",22.131800000000002,1,681531.0
"('06C', '07C', '07D', '11C', '12C')",22.1316,1,681383.0
"('05C', '07C', '07D', '11C', '12C')",22.1315,1,681235.0
"('04C', '07C', '07D', '11C', '12C')",22.1314,1,681087.0
"('03C', '07C', '07D', '11C', '12C')",22.1313,1,680940.0
"('02C', '07C', '07D', '11C', '12C')",22.1312,1,680792.0
"('07C', '07D', '09C', '10C', '12C')",22.130900000000004,1,680644.0
"('07C', '07D', '08C', '10C', '12C')",22.130800000000004,1,680496.0
"('06C', '07C', '07D', '10C', '12C')",22.1306,1,680349.0
"('05C', '07C', '07D', '10C', '12C')",22.1305,1,680201.0
"('04C', '07C', '07D', '10C', '12C')",22.1304,1,680053.0
"('03C', '07C', '07D', '10C', '12C')",22.130300000000002,1,679905.0
"('02C', '07C', '07D', '10C', '12C')",22.130200000000002,1,679758.0
"('07C', '07D', '08C', '09C', '12C')",22.129800000000003,1,679610.0
"('06C', '07C', '07D', '09C', '12C')",22.1296,1,679462.0
"('05C', '07C', '07D', '09C', '12C')",22.1295,1,679314.0
"('04C', '07C', '07D', '09C', '12C')",22.1294,1,679167.0
"('03C', '07C', '07D', '09C', '12C')",22.1293,1,679019.0
"('02C', '07C', '07D', '09C', '12C')",22.1292,1,678871.0
"('06C', '07C', '07D', '08C', '12C')",22.1286,1,678723.0
"('05C', '07C', '07D', '08C', '12C')",22.1285,1,678576.0
"('04C', '07C', '07D', '08C', '12C')",22.1284,1,678428.0
"('03C', '07C', '07D', '08C', '12C')",22.1283,1,678280.0
"('02C', '07C', '07D', '08C', '12C')",22.1282,1,678132.0
"('05C', '06C', '07C', '07D', '12C')",22.1265,1,677985.0
"('04C', '06C', '07C', '07D', '12C')",22.1264,1,677837.0
"('03C', '06C', '07C', '07D', '12C')",22.1263,1,677689.0
"('02C', '06C', '07C', '07D', '12C')",22.1262,1,677541.0
"('04C', '05C', '07C', '07D', '12C')",22.1254,1,677394.0
"('03C', '05C', '07C', '07D', '12C')",22.1253,1,677246.0
"('02C', '05C', '07C', '07D', '12C')",22.1252,1,677098.0
"('03C', '04C', '07C', '07D', '12C')",22.1243,1,676950.0
"('02C', '04C', '07C', '07D', '12C')",22.124200000000002,1,676803.0
"('02C', '03C', '07C', '07D', '12C')",22.1232,1,676655.0
"('07C', '07D', '09C', '10C', '11C')",22.120900000000002,1,676507.0
"('07C', '07D', '08C', '10C', '11C')",22.120800000000003,1,676359.0
"('06C', '07C', '07D', '10C', '11C')",22.1206,1,676212.0
"('05C', '07C', '07D', '10C', '11C')",22.1205,1,676064.0
"('04C', '07C', '07D', '10C', '11C')",22.1204,1,675916.0
"('03C', '07C', '07D', '10C', '11C')",22.1203,1,675768.0
"('02C', '07C', '07D', '10C', '11C')",22.1202,1,675621.0
"('07C', '07D', '08C', '09C', '11C')",22.1198,1,675473.0
"('06C', '07C', '07D', '09C', '11C')",22.1196,1,675325.0
"('05C', '07C', '07D', '09C', '11C')",22.1195,1,675177.0
"('04C', '07C', '07D', '09C', '11C')",22.1194,1,675030.0
"('03C', '07C', '07D', '09C', '11C')",22.1193,1,674882.0
"('02C', '07C', '07D', '09C', '11C')",22.1192,1,674734.0
"('06C', '07C', '07D', '08C', '11C')",22.118599999999997,1,674586.0
"('05C', '07C', '07D', '08C', '11C')",22.118499999999997,1,674439.0
"('04C', '07C', '07D', '08C', '11C')",22.118399999999998,1,674291.0
"('03C', '07C', '07D', '08C', '11C')",22.118299999999998,1,674143.0
"('02C', '07C', '07D', '08C', '11C')",22.118199999999998,1,673995.0
"('05C', '06C', '07C', '07D', '11C')",22.1165,1,673848.0
"('04C', '06C', '07C', '07D', '11C')",22.1164,1,673700.0
"('03C', '06C', '07C', '07D', '11C')",22.1163,1,673552.0
"('02C', '06C', '07C', '07D', '11C')",22.1162,1,673404.0
"('04C', '05C', '07C', '07D', '11C')",22.115399999999998,1,673257.0
"('03C', '05C', '07C', '07D', '11C')",22.115299999999998,1,673109.0
"('02C', '05C', '07C', '07D', '11C')",22.115199999999998,1,672961.0
"('03C', '04C', '07C', '07D', '11C')",22.1143,1,672813.0
"('02C', '04C', '07C', '07D', '11C')",22.1142,1,672666.0
"('02C', '03C', '07C', '07D', '11C')",22.1132,1,672518.0
"('07C', '07D', '08C', '09C', '10C')",22.109800000000003,1,672370.0
"('06C', '07C', '07D', '09C', '10C')",22.1096,1,672222.0
"('05C', '07C', '07D', '09C', '10C')",22.1095,1,672075.0
"('04C', '07C', '07D', '09C', '10C')",22.1094,1,671927.0
"('03C', '07C', '07D', '09C', '10C')",22.1093,1,671779.0
"('02C', '07C', '07D', '09C', '10C')",22.1092,1,671631.0
"('06C', '07C', '07D', '08C', '10C')",22.1086,1,671484.0
"('05C', '07C', '07D', '08C', '10C')",22.1085,1,671336.0
"('04C', '07C', '07D', '08C', '10C')",22.1084,1,671188.0
"('03C', '07C', '07D', '08C', '10C')",22.1083,1,671040.0
"('02C', '07C', '07D', '08C', '10C')",22.1082,1,670893.0
"('05C', '06C', '07C', '07D', '10C')",22.1065,1,670745.0
"('04C', '06C', '07C', '07D', '10C')",22.1064,1,670597.0
"('03C', '06C', '07C', '07D', '10C')",22.1063,1,670449.0
"('02C', '06C', '07C', '07D', '10C')",22.1062,1,670302.0
"('04C', '05C', '07C', '07D', '10C')",22.1054,1,670154.0
"('03C', '05C', '07C', '07D', '10C')",22.1053,1,670006.0
"('02C', '05C', '07C', '07D', '10C')",22.1052,1,669858.0
"('03C', '04C', '07C', '07D', '10C')",22.104300000000002,1,669711.0
"('02C', '04C', '07C', '07D', '10C')",22.104200000000002,1,669563.0
"('02C', '03C', '07C', '07D', '10C')",22.1032,1,669415.0
"('06C', '07C', '07D', '08C', '09C')",22.098599999999998,1,669267.0
"('05C', '07C', '07D', '08C', '09C')",22.098499999999998,1,669120.0
"('04C', '07C', '07D', '08C', '09C')",22.098399999999998,1,668972.0
"('03C', '07C', '07D', '08C', '09C')",22.0983,1,668824.0
"('02C', '07C', '07D', '08C', '09C')",22.0982,1,668676.0
"('05C', '06C', '07C', '07D', '09C')",22.0965,1,668529.0
"('04C', '06C', '07C', '07D', '09C')",22.0964,1,668381.0
"('03C', '06C', '07C', '07D', '09C')",22.0963,1,668233.0
"('02C', '06C', '07C', '07D', '09C')",22.0962,1,668085.0
"('04C', '05C', '07C', '07D', '09C')",22.095399999999998,1,667938.0
"('03C', '05C', '07C', '07D', '09C')",22.095299999999998,1,667790.0
"('02C', '05C', '07C', '07D', '09C')",22.0952,1,667642.0
"('03C', '04C', '07C', '07D', '09C')",22.0943,1,667494.0
"('02C', '04C', '07C', '07D', '09C')",22.0942,1,667347.0
"('02C', '03C', '07C', '07D', '09C')",22.0932,1,667199.0
"('05C', '06C', '07C', '07D', '08C')",22.086499999999997,1,667051.0
"('04C', '06C', '07C', '07D', '08C')",22.086399999999998,1,666903.0
"('03C', '06C', '07C', '07D', '08C')",22.086299999999998,1,666756.0
"('02C', '06C', '07C', '07D', '08C')",22.086199999999998,1,666608.0
"('04C', '05C', '07C', '07D', '08C')",22.085399999999996,1,666460.0
"('03C', '05C', '07C', '07D', '08C')",22.085299999999997,1,666312.0
"('02C', '05C', '07C', '07D', '08C')",22.085199999999997,1,666165.0
"('03C', '04C', '07C', '07D', '08C')",22.0843,1,666017.0
"('02C', '04C', '07C', '07D', '08C')",22.0842,1,665869.0
"('02C', '03C', '07C', '07D', '08C')",22.083199999999998,1,665721.0
"('04C', '05C', '06C', '07C', '07D')",22.065399999999997,1,665574.0
"('03C', '05C', '06C', '07C', '07D')",22.065299999999997,1,665426.0
"('02C', '05C', '06C', '07C', '07D')",22.065199999999997,1,665278.0
"('03C', '04C', '06C', '07C', '07D')",22.0643,1,665130.0
"('02C', '04C', '06C', '07C', '07D')",22.0642,1,664983.0
"('02C', '03C', '06C', '07C', '07D')",22.0632,1,664835.0
"('03C', '04C', '05C', '07C', '07D')",22.0543,1,664687.0
"('02C', '04C', '05C', '07C', '07D')",22.0542,1,664539.0
"('02C', '03C', '05C', '07C', '07D')",22.0532,1,664392.0
"('02C', '03C', '04C', '07C', '07D')",22.0432,1,664244.0
"('06C', '06D', '12C', '13C', '14C')",21.154200000000003,1,664096.0
"('06C', '06D', '11C', '13C', '14C')",21.154100000000003,1,663948.0
"('06C', '06D', '10C', '13C', '14C')",21.154000000000003,1,663801.0
"('06C', '06D', '09C', '13C', '14C')",21.153900000000004,1,663653.0
"('06C', '06D', '08C', '13C', '14C')",21.153800000000004,1,663505.0
"('06C', '06D', '07C', '13C', '14C')",21.1537,1,663357.0
"('05C', '06C', '06D', '13C', '14C')",21.1535,1,663210.0
"('04C', '06C', '06D', '13C', '14C')",21.1534,1,663062.0
"('03C', '06C', '06D', '13C', '14C')",21.1533,1,662914.0
"('02C', '06C', '06D', '13C', '14C')",21.153200000000002,1,662766.0
"('06C', '06D', '11C', '12C', '14C')",21.153100000000002,1,662619.0
"('06C', '06D', '10C', '12C', '14C')",21.153000000000002,1,662471.0
"('06C', '06D', '09C', '12C', '14C')",21.152900000000002,1,662323.0
"('06C', '06D', '08C', '12C', '14C')",21.152800000000003,1,662175.0
"('06C', '06D', '07C', '12C', '14C')",21.1527,1,662028.0
"('05C', '06C', '06D', '12C', '14C')",21.1525,1,661880.0
"('04C', '06C', '06D', '12C', '14C')",21.1524,1,661732.0
"('03C', '06C', '06D', '12C', '14C')",21.1523,1,661584.0
"('02C', '06C', '06D', '12C', '14C')",21.1522,1,661436.0
"('06C', '06D', '10C', '11C', '14C')",21.152,1,661289.0
"('06C', '06D', '09C', '11C', '14C')",21.1519,1,661141.0
"('06C', '06D', '08C', '11C', '14C')",21.1518,1,660993.0
"('06C', '06D', '07C', '11C', '14C')",21.151699999999998,1,660845.0
"('05C', '06C', '06D', '11C', '14C')",21.1515,1,660698.0
"('04C', '06C', '06D', '11C', '14C')",21.1514,1,660550.0
"('03C', '06C', '06D', '11C', '14C')",21.1513,1,660402.0
"('02C', '06C', '06D', '11C', '14C')",21.1512,1,660254.0
"('06C', '06D', '09C', '10C', '14C')",21.150900000000004,1,660107.0
"('06C', '06D', '08C', '10C', '14C')",21.150800000000004,1,659959.0
"('06C', '06D', '07C', '10C', '14C')",21.1507,1,659811.0
"('05C', '06C', '06D', '10C', '14C')",21.1505,1,659663.0
"('04C', '06C', '06D', '10C', '14C')",21.1504,1,659516.0
"('03C', '06C', '06D', '10C', '14C')",21.1503,1,659368.0
"('02C', '06C', '06D', '10C', '14C')",21.1502,1,659220.0
"('06C', '06D', '08C', '09C', '14C')",21.149800000000003,1,659072.0
"('06C', '06D', '07C', '09C', '14C')",21.1497,1,658925.0
"('05C', '06C', '06D', '09C', '14C')",21.1495,1,658777.0
"('04C', '06C', '06D', '09C', '14C')",21.1494,1,658629.0
"('03C', '06C', '06D', '09C', '14C')",21.1493,1,658481.0
"('02C', '06C', '06D', '09C', '14C')",21.1492,1,658334.0
"('06C', '06D', '07C', '08C', '14C')",21.148699999999998,1,658186.0
"('05C', '06C', '06D', '08C', '14C')",21.1485,1,658038.0
"('04C', '06C', '06D', '08C', '14C')",21.1484,1,657890.0
"('03C', '06C', '06D', '08C', '14C')",21.1483,1,657743.0
"('02C', '06C', '06D', '08C', '14C')",21.1482,1,657595.0
"('05C', '06C', '06D', '07C', '14C')",21.1475,1,657447.0
"('04C', '06C', '06D', '07C', '14C')",21.1474,1,657299.0
"('03C', '06C', '06D', '07C', '14C')",21.1473,1,657152.0
"('02C', '06C', '06D', '07C', '14C')",21.1472,1,657004.0
"('04C', '05C', '06C', '06D', '14C')",21.1454,1,656856.0
"('03C', '05C', '06C', '06D', '14C')",21.1453,1,656708.0
"('02C', '05C', '06C', '06D', '14C')",21.1452,1,656561.0
"('03C', '04C', '06C', '06D', '14C')",21.1443,1,656413.0
"('02C', '04C', '06C', '06D', '14C')",21.1442,1,656265.0
"('02C', '03C', '06C', '06D', '14C')",21.1432,1,656117.0
"('06C', '06D', '11C', '12C', '13C')",21.1431,1,655970.0
"('06C', '06D', '10C', '12C', '13C')",21.143,1,655822.0
"('06C', '06D', '09C', '12C', '13C')",21.1429,1,655674.0
"('06C', '06D', '08C', '12C', '13C')",21.1428,1,655526.0
"('06C', '06D', '07C', '12C', '13C')",21.142699999999998,1,655379.0
"('05C', '06C', '06D', '12C', '13C')",21.1425,1,655231.0
"('04C', '06C', '06D', '12C', '13C')",21.1424,1,655083.0
"('03C', '06C', '06D', '12C', '13C')",21.1423,1,654935.0
"('02C', '06C', '06D', '12C', '13C')",21.1422,1,654788.0
"('06C', '06D', '10C', '11C', '13C')",21.142,1,654640.0
"('06C', '06D', '09C', '11C', '13C')",21.1419,1,654492.0
"('06C', '06D', '08C', '11C', '13C')",21.1418,1,654344.0
"('06C', '06D', '07C', '11C', '13C')",21.141699999999997,1,654197.0
"('05C', '06C', '06D', '11C', '13C')",21.141499999999997,1,654049.0
"('04C', '06C', '06D', '11C', '13C')",21.141399999999997,1,653901.0
"('03C', '06C', '06D', '11C', '13C')",21.141299999999998,1,653753.0
"('02C', '06C', '06D', '11C', '13C')",21.141199999999998,1,653606.0
"('06C', '06D', '09C', '10C', '13C')",21.140900000000002,1,653458.0
"('06C', '06D', '08C', '10C', '13C')",21.140800000000002,1,653310.0
"('06C', '06D', '07C', '10C', '13C')",21.1407,1,653162.0
"('05C', '06C', '06D', '10C', '13C')",21.1405,1,653015.0
"('04C', '06C', '06D', '10C', '13C')",21.1404,1,652867.0
"('03C', '06C', '06D', '10C', '13C')",21.1403,1,652719.0
"('02C', '06C', '06D', '10C', '13C')",21.1402,1,652571.0
"('06C', '06D', '08C', '09C', '13C')",21.1398,1,652424.0
"('06C', '06D', '07C', '09C', '13C')",21.139699999999998,1,652276.0
"('05C', '06C', '06D', '09C', '13C')",21.139499999999998,1,652128.0
"('04C', '06C', '06D', '09C', '13C')",21.1394,1,651980.0
"('03C', '06C', '06D', '09C', '13C')",21.1393,1,651833.0
"('02C', '06C', '06D', '09C', '13C')",21.1392,1,651685.0
"('06C', '06D', '07C', '08C', '13C')",21.138699999999996,1,651537.0
"('05C', '06C', '06D', '08C', '13C')",21.138499999999997,1,651389.0
"('04C', '06C', '06D', '08C', '13C')",21.138399999999997,1,651242.0
"('03C', '06C', '06D', '08C', '13C')",21.138299999999997,1,651094.0
"('02C', '06C', '06D', '08C', '13C')",21.138199999999998,1,650946.0
"('05C', '06C', '06D', '07C', '13C')",21.1375,1,650798.0
"('04C', '06C', '06D', '07C', '13C')",21.1374,1,650651.0
"('03C', '06C', '06D', '07C', '13C')",21.1373,1,650503.0
"('02C', '06C', '06D', '07C', '13C')",21.1372,1,650355.0
"('04C', '05C', '06C', '06D', '13C')",21.135399999999997,1,650207.0
"('03C', '05C', '06C', '06D', '13C')",21.135299999999997,1,650060.0
"('02C', '05C', '06C', '06D', '13C')",21.135199999999998,1,649912.0
"('03C', '04C', '06C', '06D', '13C')",21.1343,1,649764.0
"('02C', '04C', '06C', '06D', '13C')",21.1342,1,649616.0
"('02C', '03C', '06C', '06D', '13C')",21.1332,1,649469.0
"('06C', '06D', '10C', '11C', '12C')",21.132,1,649321.0
"('06C', '06D', '09C', '11C', '12C')",21.1319,1,649173.0
"('06C', '06D', '08C', '11C', '12C')",21.131800000000002,1,649025.0
"('06C', '06D', '07C', '11C', '12C')",21.1317,1,648878.0
"('05C', '06C', '06D', '11C', '12C')",21.1315,1,648730.0
"('04C', '06C', '06D', '11C', '12C')",21.1314,1,648582.0
"('03C', '06C', '06D', '11C', '12C')",21.1313,1,648434.0
"('02C', '06C', '06D', '11C', '12C')",21.1312,1,648287.0
"('06C', '06D', '09C', '10C', '12C')",21.130900000000004,1,648139.0
"('06C', '06D', '08C', '10C', '12C')",21.130800000000004,1,647991.0
"('06C', '06D', '07C', '10C', '12C')",21.1307,1,647843.0
"('05C', '06C', '06D', '10C', '12C')",21.1305,1,647696.0
"('04C', '06C', '06D', '10C', '12C')",21.1304,1,647548.0
"('03C', '06C', '06D', '10C', '12C')",21.130300000000002,1,647400.0
"('02C', '06C', '06D', '10C', '12C')",21.130200000000002,1,647252.0
"('06C', '06D', '08C', '09C', '12C')",21.129800000000003,1,647105.0
"('06C', '06D', '07C', '09C', '12C')",21.1297,1,646957.0
"('05C', '06C', '06D', '09C', '12C')",21.1295,1,646809.0
"('04C', '06C', '06D', '09C', '12C')",21.1294,1,646661.0
"('03C', '06C', '06D', '09C', '12C')",21.1293,1,646514.0
"('02C', '06C', '06D', '09C', '12C')",21.1292,1,646366.0
"('06C', '06D', '07C', '08C', '12C')",21.1287,1,646218.0
"('05C', '06C', '06D', '08C', '12C')",21.1285,1,646070.0
"('04C', '06C', '06D', '08C', '12C')",21.1284,1,645923.0
"('03C', '06C', '06D', '08C', '12C')",21.1283,1,645775.0
"('02C', '06C', '06D', '08C', '12C')",21.1282,1,645627.0
"('05C', '06C', '06D', '07C', '12C')",21.1275,1,645479.0
"('04C', '06C', '06D', '07C', '12C')",21.1274,1,645332.0
"('03C', '06C', '06D', '07C', '12C')",21.1273,1,645184.0
"('02C', '06C', '06D', '07C', '12C')",21.127200000000002,1,645036.0
"('04C', '05C', '06C', '06D', '12C')",21.1254,1,644888.0
"('03C', '05C', '06C', '06D', '12C')",21.1253,1,644741.0
"('02C', '05C', '06C', '06D', '12C')",21.1252,1,644593.0
"('03C', '04C', '06C', '06D', '12C')",21.1243,1,644445.0
"('02C', '04C', '06C', '06D', '12C')",21.124200000000002,1,644297.0
"('02C', '03C', '06C', '06D', '12C')",21.1232,1,644150.0
"('06C', '06D', '09C', '10C', '11C')",21.120900000000002,1,644002.0
"('06C', '06D', '08C', '10C', '11C')",21.120800000000003,1,643854.0
"('06C', '06D', '07C', '10C', '11C')",21.1207,1,643706.0
"('05C', '06C', '06D', '10C', '11C')",21.1205,1,643559.0
"('04C', '06C', '06D', '10C', '11C')",21.1204,1,643411.0
"('03C', '06C', '06D', '10C', '11C')",21.1203,1,643263.0
"('02C', '06C', '06D', '10C', '11C')",21.1202,1,643115.0
"('06C', '06D', '08C', '09C', '11C')",21.1198,1,642968.0
"('06C', '06D', '07C', '09C', '11C')",21.119699999999998,1,642820.0
"('05C', '06C', '06D', '09C', '11C')",21.1195,1,642672.0
"('04C', '06C', '06D', '09C', '11C')",21.1194,1,642524.0
"('03C', '06C', '06D', '09C', '11C')",21.1193,1,642377.0
"('02C', '06C', '06D', '09C', '11C')",21.1192,1,642229.0
"('06C', '06D', '07C', '08C', '11C')",21.118699999999997,1,642081.0
"('05C', '06C', '06D', '08C', '11C')",21.118499999999997,1,641933.0
"('04C', '06C', '06D', '08C', '11C')",21.118399999999998,1,641786.0
"('03C', '06C', '06D', '08C', '11C')",21.118299999999998,1,641638.0
"('02C', '06C', '06D', '08C', '11C')",21.118199999999998,1,641490.0
"('05C', '06C', '06D', '07C', '11C')",21.1175,1,641342.0
"('04C', '06C', '06D', '07C', '11C')",21.1174,1,641195.0
"('03C', '06C', '06D', '07C', '11C')",21.1173,1,641047.0
"('02C', '06C', '06D', '07C', '11C')",21.1172,1,640899.0
"('04C', '05C', '06C', '06D', '11C')",21.115399999999998,1,640751.0
"('03C', '05C', '06C', '06D', '11C')",21.115299999999998,1,640604.0
"('02C', '05C', '06C', '06D', '11C')",21.115199999999998,1,640456.0
"('03C', '04C', '06C', '06D', '11C')",21.1143,1,640308.0
"('02C', '04C', '06C', '06D', '11C')",21.1142,1,640160.0
"('02C', '03C', '06C', '06D', '11C')",21.1132,1,640013.0
"('06C', '06D', '08C', '09C', '10C')",21.109800000000003,1,639865.0
"('06C', '06D', '07C', '09C', '10C')",21.1097,1,639717.0
"('05C', '06C', '06D', '09C', '10C')",21.1095,1,639569.0
"('04C', '06C', '06D', '09C', '10C')",21.1094,1,639422.0
"('03C', '06C', '06D', '09C', '10C')",21.1093,1,639274.0
"('02C', '06C', '06D', '09C', '10C')",21.1092,1,639126.0
"('06C', '06D', '07C', '08C', '10C')",21.1087,1,638978.0
"('05C', '06C', '06D', '08C', '10C')",21.1085,1,638831.0
"('04C', '06C', '06D', '08C', '10C')",21.1084,1,638683.0
"('03C', '06C', '06D', '08C', '10C')",21.1083,1,638535.0
"('02C', '06C', '06D', '08C', '10C')",21.1082,1,638387.0
"('05C', '06C', '06D', '07C', '10C')",21.1075,1,638240.0
"('04C', '06C', '06D', '07C', '10C')",21.107400000000002,1,638092.0
"('03C', '06C', '06D', '07C', '10C')",21.107300000000002,1,637944.0
"('02C', '06C', '06D', '07C', '10C')",21.107200000000002,1,637796.0
"('04C', '05C', '06C', '06D', '10C')",21.1054,1,637649.0
"('03C', '05C', '06C', '06D', '10C')",21.1053,1,637501.0
"('02C', '05C', '06C', '06D', '10C')",21.1052,1,637353.0
"('03C', '04C', '06C', '06D', '10C')",21.104300000000002,1,637205.0
"('02C', '04C', '06C', '06D', '10C')",21.104200000000002,1,637058.0
"('02C', '03C', '06C', '06D', '10C')",21.1032,1,636910.0
"('06C', '06D', '07C', '08C', '09C')",21.098699999999997,1,636762.0
"('05C', '06C', '06D', '08C', '09C')",21.098499999999998,1,636614.0
"('04C', '06C', '06D', '08C', '09C')",21.098399999999998,1,636467.0
"('03C', '06C', '06D', '08C', '09C')",21.0983,1,636319.0
"('02C', '06C', '06D', '08C', '09C')",21.0982,1,636171.0
"('05C', '06C', '06D', '07C', '09C')",21.0975,1,636023.0
"('04C', '06C', '06D', '07C', '09C')",21.0974,1,635876.0
"('03C', '06C', '06D', '07C', '09C')",21.0973,1,635728.0
"('02C', '06C', '06D', '07C', '09C')",21.0972,1,635580.0
"('04C', '05C', '06C', '06D', '09C')",21.095399999999998,1,635432.0
"('03C', '05C', '06C', '06D', '09C')",21.095299999999998,1,635284.0
"('02C', '05C', '06C', '06D', '09C')",21.0952,1,635137.0
"('03C', '04C', '06C', '06D', '09C')",21.0943,1,634989.0
"('02C', '04C', '06C', '06D', '09C')",21.0942,1,634841.0
"('02C', '03C', '06C', '06D', '09C')",21.0932,1,634693.0
"('05C', '06C', '06D', '07C', '08C')",21.0875,1,634546.0
"('04C', '06C', '06D', '07C', '08C')",21.0874,1,634398.0
"('03C', '06C', '06D', '07C', '08C')",21.0873,1,634250.0
"('02C', '06C', '06D', '07C', '08C')",21.0872,1,634102.0
"('04C', '05C', '06C', '06D', '08C')",21.085399999999996,1,633955.0
"('03C', '05C', '06C', '06D', '08C')",21.085299999999997,1,633807.0
"('02C', '05C', '06C', '06D', '08C')",21.085199999999997,1,633659.0
"('03C', '04C', '06C', '06D', '08C')",21.0843,1,633511.0
"('02C', '04C', '06C', '06D', '08C')",21.0842,1,633364.0
"('02C', '03C', '06C', '06D', '08C')",21.083199999999998,1,633216.0
"('04C', '05C', '06C', '06D', '07C')",21.0754,1,633068.0
"('03C', '05C', '06C', '06D', '07C')",21.0753,1,632920.0
"('02C', '05C', '06C', '06D', '07C')",21.0752,1,632773.0
"('03C', '04C', '06C', '06D', '07C')",21.0743,1,632625.0
"('02C', '04C', '06C', '06D', '07C')",21.0742,1,632477.0
"('02C', '03C', '06C', '06D', '07C')",21.0732,1,632329.0
"('03C', '04C', '05C', '06C', '06D')",21.0543,1,632182.0
"('02C', '04C', '05C', '06C', '06D')",21.0542,1,632034.0
"('02C', '03C', '05C', '06C', '06D')",21.0532,1,631886.0
"('02C', '03C', '04C', '06C', '06D')",21.0432,1,631738.0
"('05C', '05D', '12C', '13C', '14C')",20.154200000000003,1,631591.0
"('05C', '05D', '11C', '13C', '14C')",20.154100000000003,1,631443.0
"('05C', '05D', '10C', '13C', '14C')",20.154000000000003,1,631295.0
"('05C', '05D', '09C', '13C', '14C')",20.153900000000004,1,631147.0
"('05C', '05D', '08C', '13C', '14C')",20.153800000000004,1,631000.0
"('05C', '05D', '07C', '13C', '14C')",20.1537,1,630852.0
"('05C', '05D', '06C', '13C', '14C')",20.1536,1,630704.0
"('04C', '05C', '05D', '13C', '14C')",20.1534,1,630556.0
"('03C', '05C', '05D', '13C', '14C')",20.1533,1,630409.0
"('02C', '05C', '05D', '13C', '14C')",20.153200000000002,1,630261.0
"('05C', '05D', '11C', '12C', '14C')",20.153100000000002,1,630113.0
"('05C', '05D', '10C', '12C', '14C')",20.153000000000002,1,629965.0
"('05C', '05D', '09C', '12C', '14C')",20.152900000000002,1,629818.0
"('05C', '05D', '08C', '12C', '14C')",20.152800000000003,1,629670.0
"('05C', '05D', '07C', '12C', '14C')",20.1527,1,629522.0
"('05C', '05D', '06C', '12C', '14C')",20.1526,1,629374.0
"('04C', '05C', '05D', '12C', '14C')",20.1524,1,629227.0
"('03C', '05C', '05D', '12C', '14C')",20.1523,1,629079.0
"('02C', '05C', '05D', '12C', '14C')",20.1522,1,628931.0
"('05C', '05D', '10C', '11C', '14C')",20.152,1,628783.0
"('05C', '05D', '09C', '11C', '14C')",20.1519,1,628636.0
"('05C', '05D', '08C', '11C', '14C')",20.1518,1,628488.0
"('05C', '05D', '07C', '11C', '14C')",20.151699999999998,1,628340.0
"('05C', '05D', '06C', '11C', '14C')",20.1516,1,628192.0
"('04C', '05C', '05D', '11C', '14C')",20.1514,1,628045.0
"('03C', '05C', '05D', '11C', '14C')",20.1513,1,627897.0
"('02C', '05C', '05D', '11C', '14C')",20.1512,1,627749.0
"('05C', '05D', '09C', '10C', '14C')",20.150900000000004,1,627601.0
"('05C', '05D', '08C', '10C', '14C')",20.150800000000004,1,627454.0
"('05C', '05D', '07C', '10C', '14C')",20.1507,1,627306.0
"('05C', '05D', '06C', '10C', '14C')",20.1506,1,627158.0
"('04C', '05C', '05D', '10C', '14C')",20.1504,1,627010.0
"('03C', '05C', '05D', '10C', '14C')",20.1503,1,626863.0
"('02C', '05C', '05D', '10C', '14C')",20.1502,1,626715.0
"('05C', '05D', '08C', '09C', '14C')",20.149800000000003,1,626567.0
"('05C', '05D', '07C', '09C', '14C')",20.1497,1,626419.0
"('05C', '05D', '06C', '09C', '14C')",20.1496,1,626272.0
"('04C', '05C', '05D', '09C', '14C')",20.1494,1,626124.0
"('03C', '05C', '05D', '09C', '14C')",20.1493,1,625976.0
"('02C', '05C', '05D', '09C', '14C')",20.1492,1,625828.0
"('05C', '05D', '07C', '08C', '14C')",20.148699999999998,1,625681.0
"('05C', '05D', '06C', '08C', '14C')",20.1486,1,625533.0
"('04C', '05C', '05D', '08C', '14C')",20.1484,1,625385.0
"('03C', '05C', '05D', '08C', '14C')",20.1483,1,625237.0
"('02C', '05C', '05D', '08C', '14C')",20.1482,1,625090.0
"('05C', '05D', '06C', '07C', '14C')",20.1476,1,624942.0
"('04C', '05C', '05D', '07C', '14C')",20.1474,1,624794.0
"('03C', '05C', '05D', '07C', '14C')",20.1473,1,624646.0
"('02C', '05C', '05D', '07C', '14C')",20.1472,1,624499.0
"('04C', '05C', '05D', '06C', '14C')",20.1464,1,624351.0
"('03C', '05C', '05D', '06C', '14C')",20.1463,1,624203.0
"('02C', '05C', '05D', '06C', '14C')",20.1462,1,624055.0
"('03C', '04C', '05C', '05D', '14C')",20.1443,1,623908.0
"('02C', '04C', '05C', '05D', '14C')",20.1442,1,623760.0
"('02C', '03C', '05C', '05D', '14C')",20.1432,1,623612.0
"('05C', '05D', '11C', '12C', '13C')",20.1431,1,623464.0
"('05C', '05D', '10C', '12C', '13C')",20.143,1,623317.0
"('05C', '05D', '09C', '12C', '13C')",20.1429,1,623169.0
"('05C', '05D', '08C', '12C', '13C')",20.1428,1,623021.0
"('05C', '05D', '07C', '12C', '13C')",20.142699999999998,1,622873.0
"('05C', '05D', '06C', '12C', '13C')",20.142599999999998,1,622726.0
"('04C', '05C', '05D', '12C', '13C')",20.1424,1,622578.0
"('03C', '05C', '05D', '12C', '13C')",20.1423,1,622430.0
"('02C', '05C', '05D', '12C', '13C')",20.1422,1,622282.0
"('05C', '05D', '10C', '11C', '13C')",20.142,1,622135.0
"('05C', '05D', '09C', '11C', '13C')",20.1419,1,621987.0
"('05C', '05D', '08C', '11C', '13C')",20.1418,1,621839.0
"('05C', '05D', '07C', '11C', '13C')",20.141699999999997,1,621691.0
"('05C', '05D', '06C', '11C', '13C')",20.141599999999997,1,621544.0
"('04C', '05C', '05D', '11C', '13C')",20.141399999999997,1,621396.0
"('03C', '05C', '05D', '11C', '13C')",20.141299999999998,1,621248.0
"('02C', '05C', '05D', '11C', '13C')",20.141199999999998,1,621100.0
"('05C', '05D', '09C', '10C', '13C')",20.140900000000002,1,620953.0
"('05C', '05D', '08C', '10C', '13C')",20.140800000000002,1,620805.0
"('05C', '05D', '07C', '10C', '13C')",20.1407,1,620657.0
"('05C', '05D', '06C', '10C', '13C')",20.1406,1,620509.0
"('04C', '05C', '05D', '10C', '13C')",20.1404,1,620362.0
"('03C', '05C', '05D', '10C', '13C')",20.1403,1,620214.0
"('02C', '05C', '05D', '10C', '13C')",20.1402,1,620066.0
"('05C', '05D', '08C', '09C', '13C')",20.1398,1,619918.0
"('05C', '05D', '07C', '09C', '13C')",20.139699999999998,1,619771.0
"('05C', '05D', '06C', '09C', '13C')",20.139599999999998,1,619623.0
"('04C', '05C', '05D', '09C', '13C')",20.1394,1,619475.0
"('03C', '05C', '05D', '09C', '13C')",20.1393,1,619327.0
"('02C', '05C', '05D', '09C', '13C')",20.1392,1,619180.0
"('05C', '05D', '07C', '08C', '13C')",20.138699999999996,1,619032.0
"('05C', '05D', '06C', '08C', '13C')",20.138599999999997,1,618884.0
"('04C', '05C', '05D', '08C', '13C')",20.138399999999997,1,618736.0
"('03C', '05C', '05D', '08C', '13C')",20.138299999999997,1,618589.0
"('02C', '05C', '05D', '08C', '13C')",20.138199999999998,1,618441.0
"('05C', '05D', '06C', '07C', '13C')",20.1376,1,618293.0
"('04C', '05C', '05D', '07C', '13C')",20.1374,1,618145.0
"('03C', '05C', '05D', '07C', '13C')",20.1373,1,617998.0
"('02C', '05C', '05D', '07C', '13C')",20.1372,1,617850.0
"('04C', '05C', '05D', '06C', '13C')",20.1364,1,617702.0
"('03C', '05C', '05D', '06C', '13C')",20.1363,1,617554.0
"('02C', '05C', '05D', '06C', '13C')",20.1362,1,617407.0
"('03C', '04C', '05C', '05D', '13C')",20.1343,1,617259.0
"('02C', '04C', '05C', '05D', '13C')",20.1342,1,617111.0
"('02C', '03C', '05C', '05D', '13C')",20.1332,1,616963.0
"('05C', '05D', '10C', '11C', '12C')",20.132,1,616816.0
"('05C', '05D', '09C', '11C', '12C')",20.1319,1,616668.0
"('05C', '05D', '08C', '11C', '12C')",20.131800000000002,1,616520.0
"('05C', '05D', '07C', '11C', '12C')",20.1317,1,616372.0
"('05C', '05D', '06C', '11C', '12C')",20.1316,1,616225.0
"('04C', '05C', '05D', '11C', '12C')",20.1314,1,616077.0
"('03C', '05C', '05D', '11C', '12C')",20.1313,1,615929.0
"('02C', '05C', '05D', '11C', '12C')",20.1312,1,615781.0
"('05C', '05D', '09C', '10C', '12C')",20.130900000000004,1,615634.0
"('05C', '05D', '08C', '10C', '12C')",20.130800000000004,1,615486.0
"('05C', '05D', '07C', '10C', '12C')",20.1307,1,615338.0
"('05C', '05D', '06C', '10C', '12C')",20.1306,1,615190.0
"('04C', '05C', '05D', '10C', '12C')",20.1304,1,615043.0
"('03C', '05C', '05D', '10C', '12C')",20.130300000000002,1,614895.0
"('02C', '05C', '05D', '10C', '12C')",20.130200000000002,1,614747.0
"('05C', '05D', '08C', '09C', '12C')",20.129800000000003,1,614599.0
"('05C', '05D', '07C', '09C', '12C')",20.1297,1,614452.0
"('05C', '05D', '06C', '09C', '12C')",20.1296,1,614304.0
"('04C', '05C', '05D', '09C', '12C')",20.1294,1,614156.0
"('03C', '05C', '05D', '09C', '12C')",20.1293,1,614008.0
"('02C', '05C', '05D', '09C', '12C')",20.1292,1,613861.0
"('05C', '05D', '07C', '08C', '12C')",20.1287,1,613713.0
"('05C', '05D', '06C', '08C', '12C')",20.1286,1,613565.0
"('04C', '05C', '05D', '08C', '12C')",20.1284,1,613417.0
"('03C', '05C', '05D', '08C', '12C')",20.1283,1,613270.0
"('02C', '05C', '05D', '08C', '12C')",20.1282,1,613122.0
"('05C', '05D', '06C', '07C', '12C')",20.1276,1,612974.0
"('04C', '05C', '05D', '07C', '12C')",20.1274,1,612826.0
"('03C', '05C', '05D', '07C', '12C')",20.1273,1,612679.0
"('02C', '05C', '05D', '07C', '12C')",20.127200000000002,1,612531.0
"('04C', '05C', '05D', '06C', '12C')",20.1264,1,612383.0
"('03C', '05C', '05D', '06C', '12C')",20.1263,1,612235.0
"('02C', '05C', '05D', '06C', '12C')",20.1262,1,612088.0
"('03C', '04C', '05C', '05D', '12C')",20.1243,1,611940.0
"('02C', '04C', '05C', '05D', '12C')",20.124200000000002,1,611792.0
"('02C', '03C', '05C', '05D', '12C')",20.1232,1,611644.0
"('05C', '05D', '09C', '10C', '11C')",20.120900000000002,1,611497.0
"('05C', '05D', '08C', '10C', '11C')",20.120800000000003,1,611349.0
"('05C', '05D', '07C', '10C', '11C')",20.1207,1,611201.0
"('05C', '05D', '06C', '10C', '11C')",20.1206,1,611053.0
"('04C', '05C', '05D', '10C', '11C')",20.1204,1,610906.0
"('03C', '05C', '05D', '10C', '11C')",20.1203,1,610758.0
"('02C', '05C', '05D', '10C', '11C')",20.1202,1,610610.0
"('05C', '05D', '08C', '09C', '11C')",20.1198,1,610462.0
"('05C', '05D', '07C', '09C', '11C')",20.119699999999998,1,610315.0
"('05C', '05D', '06C', '09C', '11C')",20.1196,1,610167.0
"('04C', '05C', '05D', '09C', '11C')",20.1194,1,610019.0
"('03C', '05C', '05D', '09C', '11C')",20.1193,1,609871.0
"('02C', '05C', '05D', '09C', '11C')",20.1192,1,609724.0
"('05C', '05D', '07C', '08C', '11C')",20.118699999999997,1,609576.0
"('05C', '05D', '06C', '08C', '11C')",20.118599999999997,1,609428.0
"('04C', '05C', '05D', '08C', '11C')",20.118399999999998,1,609280.0
"('03C', '05C', '05D', '08C', '11C')",20.118299999999998,1,609132.0
"('02C', '05C', '05D', '08C', '11C')",20.118199999999998,1,608985.0
"('05C', '05D', '06C', '07C', '11C')",20.1176,1,608837.0
"('04C', '05C', '05D', '07C', '11C')",20.1174,1,608689.0
"('03C', '05C', '05D', '07C', '11C')",20.1173,1,608541.0
"('02C', '05C', '05D', '07C', '11C')",20.1172,1,608394.0
"('04C', '05C', '05D', '06C', '11C')",20.1164,1,608246.0
"('03C', '05C', '05D', '06C', '11C')",20.1163,1,608098.0
"('02C', '05C', '05D', '06C', '11C')",20.1162,1,607950.0
"('03C', '04C', '05C', '05D', '11C')",20.1143,1,607803.0
"('02C', '04C', '05C', '05D', '11C')",20.1142,1,607655.0
"('02C', '03C', '05C', '05D', '11C')",20.1132,1,607507.0
"('05C', '05D', '08C', '09C', '10C')",20.109800000000003,1,607359.0
"('05C', '05D', '07C', '09C', '10C')",20.1097,1,607212.0
"('05C', '05D', '06C', '09C', '10C')",20.1096,1,607064.0
"('04C', '05C', '05D', '09C', '10C')",20.1094,1,606916.0
"('03C', '05C', '05D', '09C', '10C')",20.1093,1,606768.0
"('02C', '05C', '05D', '09C', '10C')",20.1092,1,606621.0
"('05C', '05D', '07C', '08C', '10C')",20.1087,1,606473.0
"('05C', '05D', '06C', '08C', '10C')",20.1086,1,606325.0
"('04C', '05C', '05D', '08C', '10C')",20.1084,1,606177.0
"('03C', '05C', '05D', '08C', '10C')",20.1083,1,606030.0
"('02C', '05C', '05D', '08C', '10C')",20.1082,1,605882.0
"('05C', '05D', '06C', '07C', '10C')",20.1076,1,605734.0
"('04C', '05C', '05D', '07C', '10C')",20.107400000000002,1,605586.0
"('03C', '05C', '05D', '07C', '10C')",20.107300000000002,1,605439.0
"('02C', '05C', '05D', '07C', '10C')",20.107200000000002,1,605291.0
"('04C', '05C', '05D', '06C', '10C')",20.1064,1,605143.0
"('03C', '05C', '05D', '06C', '10C')",20.1063,1,604995.0
"('02C', '05C', '05D', '06C', '10C')",20.1062,1,604848.0
"('03C', '04C', '05C', '05D', '10C')",20.104300000000002,1,604700.0
"('02C', '04C', '05C', '05D', '10C')",20.104200000000002,1,604552.0
"('02C', '03C', '05C', '05D', '10C')",20.1032,1,604404.0
"('05C', '05D', '07C', '08C', '09C')",20.098699999999997,1,604257.0
"('05C', '05D', '06C', '08C', '09C')",20.098599999999998,1,604109.0
"('04C', '05C', '05D', '08C', '09C')",20.098399999999998,1,603961.0
"('03C', '05C', '05D', '08C', '09C')",20.0983,1,603813.0
"('02C', '05C', '05D', '08C', '09C')",20.0982,1,603666.0
"('05C', '05D', '06C', '07C', '09C')",20.0976,1,603518.0
"('04C', '05C', '05D', '07C', '09C')",20.0974,1,603370.0
"('03C', '05C', '05D', '07C', '09C')",20.0973,1,603222.0
"('02C', '05C', '05D', '07C', '09C')",20.0972,1,603075.0
"('04C', '05C', '05D', '06C', '09C')",20.0964,1,602927.0
"('03C', '05C', '05D', '06C', '09C')",20.0963,1,602779.0
"('02C', '05C', '05D', '06C', '09C')",20.0962,1,602631.0
"('03C', '04C', '05C', '05D', '09C')",20.0943,1,602484.0
"('02C', '04C', '05C', '05D', '09C')",20.0942,1,602336.0
"('02C', '03C', '05C', '05D', '09C')",20.0932,1,602188.0
"('05C', '05D', '06C', '07C', '08C')",20.0876,1,602040.0
"('04C', '05C', '05D', '07C', '08C')",20.0874,1,601893.0
"('03C', '05C', '05D', '07C', '08C')",20.0873,1,601745.0
"('02C', '05C', '05D', '07C', '08C')",20.0872,1,601597.0
"('04C', '05C', '05D', '06C', '08C')",20.086399999999998,1,601449.0
"('03C', '05C', '05D', '06C', '08C')",20.086299999999998,1,601302.0
"('02C', '05C', '05D', '06C', '08C')",20.086199999999998,1,601154.0
"('03C', '04C', '05C', '05D', '08C')",20.0843,1,601006.0
"('02C', '04C', '05C', '05D', '08C')",20.0842,1,600858.0
"('02C', '03C', '05C', '05D', '08C')",20.083199999999998,1,600711.0
"('04C', '05C', '05D', '06C', '07C')",20.0764,1,600563.0
"('03C', '05C', '05D', '06C', '07C')",20.0763,1,600415.0
"('02C', '05C', '05D', '06C', '07C')",20.0762,1,600267.0
"('03C', '04C', '05C', '05D', '07C')",20.0743,1,600120.0
"('02C', '04C', '05C', '05D', '07C')",20.0742,1,599972.0
"('02C', '03C', '05C', '05D', '07C')",20.0732,1,599824.0
"('03C', '04C', '05C', '05D', '06C')",20.0643,1,599676.0
"('02C', '04C', '05C', '05D', '06C')",20.0642,1,599529.0
"('02C', '03C', '05C', '05D', '06C')",20.0632,1,599381.0
"('02C', '03C', '04C', '05C', '05D')",20.0432,1,599233.0
"('04C', '04D', '12C', '13C', '14C')",19.154200000000003,1,599085.0
"('04C', '04D', '11C', '13C', '14C')",19.154100000000003,1,598938.0
"('04C', '04D', '10C', '13C', '14C')",19.154000000000003,1,598790.0
"('04C', '04D', '09C', '13C', '14C')",19.153900000000004,1,598642.0
"('04C', '04D', '08C', '13C', '14C')",19.153800000000004,1,598494.0
"('04C', '04D', '07C', '13C', '14C')",19.1537,1,598347.0
"('04C', '04D', '06C', '13C', '14C')",19.1536,1,598199.0
"('04C', '04D', '05C', '13C', '14C')",19.1535,1,598051.0
"('03C', '04C', '04D', '13C', '14C')",19.1533,1,597903.0
"('02C', '04C', '04D', '13C', '14C')",19.153200000000002,1,597756.0
"('04C', '04D', '11C', '12C', '14C')",19.153100000000002,1,597608.0
"('04C', '04D', '10C', '12C', '14C')",19.153000000000002,1,597460.0
"('04C', '04D', '09C', '12C', '14C')",19.152900000000002,1,597312.0
"('04C', '04D', '08C', '12C', '14C')",19.152800000000003,1,597165.0
"('04C', '04D', '07C', '12C', '14C')",19.1527,1,597017.0
"('04C', '04D', '06C', '12C', '14C')",19.1526,1,596869.0
"('04C', '04D', '05C', '12C', '14C')",19.1525,1,596721.0
"('03C', '04C', '04D', '12C', '14C')",19.1523,1,596574.0
"('02C', '04C', '04D', '12C', '14C')",19.1522,1,596426.0
"('04C', '04D', '10C', '11C', '14C')",19.152,1,596278.0
"('04C', '04D', '09C', '11C', '14C')",19.1519,1,596130.0
"('04C', '04D', '08C', '11C', '14C')",19.1518,1,595983.0
"('04C', '04D', '07C', '11C', '14C')",19.151699999999998,1,595835.0
"('04C', '04D', '06C', '11C', '14C')",19.1516,1,595687.0
"('04C', '04D', '05C', '11C', '14C')",19.1515,1,595539.0
"('03C', '04C', '04D', '11C', '14C')",19.1513,1,595392.0
"('02C', '04C', '04D', '11C', '14C')",19.1512,1,595244.0
"('04C', '04D', '09C', '10C', '14C')",19.150900000000004,1,595096.0
"('04C', '04D', '08C', '10C', '14C')",19.150800000000004,1,594948.0
"('04C', '04D', '07C', '10C', '14C')",19.1507,1,594801.0
"('04C', '04D', '06C', '10C', '14C')",19.1506,1,594653.0
"('04C', '04D', '05C', '10C', '14C')",19.1505,1,594505.0
"('03C', '04C', '04D', '10C', '14C')",19.1503,1,594357.0
"('02C', '04C', '04D', '10C', '14C')",19.1502,1,594210.0
"('04C', '04D', '08C', '09C', '14C')",19.149800000000003,1,594062.0
"('04C', '04D', '07C', '09C', '14C')",19.1497,1,593914.0
"('04C', '04D', '06C', '09C', '14C')",19.1496,1,593766.0
"('04C', '04D', '05C', '09C', '14C')",19.1495,1,593619.0
"('03C', '04C', '04D', '09C', '14C')",19.1493,1,593471.0
"('02C', '04C', '04D', '09C', '14C')",19.1492,1,593323.0
"('04C', '04D', '07C', '08C', '14C')",19.148699999999998,1,593175.0
"('04C', '04D', '06C', '08C', '14C')",19.1486,1,593028.0
"('04C', '04D', '05C', '08C', '14C')",19.1485,1,592880.0
"('03C', '04C', '04D', '08C', '14C')",19.1483,1,592732.0
"('02C', '04C', '04D', '08C', '14C')",19.1482,1,592584.0
"('04C', '04D', '06C', '07C', '14C')",19.1476,1,592437.0
"('04C', '04D', '05C', '07C', '14C')",19.1475,1,592289.0
"('03C', '04C', '04D', '07C', '14C')",19.1473,1,592141.0
"('02C', '04C', '04D', '07C', '14C')",19.1472,1,591993.0
"('04C', '04D', '05C', '06C', '14C')",19.1465,1,591846.0
"('03C', '04C', '04D', '06C', '14C')",19.1463,1,591698.0
"('02C', '04C', '04D', '06C', '14C')",19.1462,1,591550.0
"('03C', '04C', '04D', '05C', '14C')",19.1453,1,591402.0
"('02C', '04C', '04D', '05C', '14C')",19.1452,1,591255.0
"('02C', '03C', '04C', '04D', '14C')",19.1432,1,591107.0
"('04C', '04D', '11C', '12C', '13C')",19.1431,1,590959.0
"('04C', '04D', '10C', '12C', '13C')",19.143,1,590811.0
"('04C', '04D', '09C', '12C', '13C')",19.1429,1,590664.0
"('04C', '04D', '08C', '12C', '13C')",19.1428,1,590516.0
"('04C', '04D', '07C', '12C', '13C')",19.142699999999998,1,590368.0
"('04C', '04D', '06C', '12C', '13C')",19.142599999999998,1,590220.0
"('04C', '04D', '05C', '12C', '13C')",19.1425,1,590073.0
"('03C', '04C', '04D', '12C', '13C')",19.1423,1,589925.0
"('02C', '04C', '04D', '12C', '13C')",19.1422,1,589777.0
"('04C', '04D', '10C', '11C', '13C')",19.142,1,589629.0
"('04C', '04D', '09C', '11C', '13C')",19.1419,1,589482.0
"('04C', '04D', '08C', '11C', '13C')",19.1418,1,589334.0
"('04C', '04D', '07C', '11C', '13C')",19.141699999999997,1,589186.0
"('04C', '04D', '06C', '11C', '13C')",19.141599999999997,1,589038.0
"('04C', '04D', '05C', '11C', '13C')",19.141499999999997,1,588891.0
"('03C', '04C', '04D', '11C', '13C')",19.141299999999998,1,588743.0
"('02C', '04C', '04D', '11C', '13C')",19.141199999999998,1,588595.0
"('04C', '04D', '09C', '10C', '13C')",19.140900000000002,1,588447.0
"('04C', '04D', '08C', '10C', '13C')",19.140800000000002,1,588300.0
"('04C', '04D', '07C', '10C', '13C')",19.1407,1,588152.0
"('04C', '04D', '06C', '10C', '13C')",19.1406,1,588004.0
"('04C', '04D', '05C', '10C', '13C')",19.1405,1,587856.0
"('03C', '04C', '04D', '10C', '13C')",19.1403,1,587709.0
"('02C', '04C', '04D', '10C', '13C')",19.1402,1,587561.0
"('04C', '04D', '08C', '09C', '13C')",19.1398,1,587413.0
"('04C', '04D', '07C', '09C', '13C')",19.139699999999998,1,587265.0
"('04C', '04D', '06C', '09C', '13C')",19.139599999999998,1,587118.0
"('04C', '04D', '05C', '09C', '13C')",19.139499999999998,1,586970.0
"('03C', '04C', '04D', '09C', '13C')",19.1393,1,586822.0
"('02C', '04C', '04D', '09C', '13C')",19.1392,1,586674.0
"('04C', '04D', '07C', '08C', '13C')",19.138699999999996,1,586527.0
"('04C', '04D', '06C', '08C', '13C')",19.138599999999997,1,586379.0
"('04C', '04D', '05C', '08C', '13C')",19.138499999999997,1,586231.0
"('03C', '04C', '04D', '08C', '13C')",19.138299999999997,1,586083.0
"('02C', '04C', '04D', '08C', '13C')",19.138199999999998,1,585936.0
"('04C', '04D', '06C', '07C', '13C')",19.1376,1,585788.0
"('04C', '04D', '05C', '07C', '13C')",19.1375,1,585640.0
"('03C', '04C', '04D', '07C', '13C')",19.1373,1,585492.0
"('02C', '04C', '04D', '07C', '13C')",19.1372,1,585345.0
"('04C', '04D', '05C', '06C', '13C')",19.136499999999998,1,585197.0
"('03C', '04C', '04D', '06C', '13C')",19.1363,1,585049.0
"('02C', '04C', '04D', '06C', '13C')",19.1362,1,584901.0
"('03C', '04C', '04D', '05C', '13C')",19.135299999999997,1,584754.0
"('02C', '04C', '04D', '05C', '13C')",19.135199999999998,1,584606.0
"('02C', '03C', '04C', '04D', '13C')",19.1332,1,584458.0
"('04C', '04D', '10C', '11C', '12C')",19.132,1,584310.0
"('04C', '04D', '09C', '11C', '12C')",19.1319,1,584163.0
"('04C', '04D', '08C', '11C', '12C')",19.131800000000002,1,584015.0
"('04C', '04D', '07C', '11C', '12C')",19.1317,1,583867.0
"('04C', '04D', '06C', '11C', '12C')",19.1316,1,583719.0
"('04C', '04D', '05C', '11C', '12C')",19.1315,1,583572.0
"('03C', '04C', '04D', '11C', '12C')",19.1313,1,583424.0
"('02C', '04C', '04D', '11C', '12C')",19.1312,1,583276.0
"('04C', '04D', '09C', '10C', '12C')",19.130900000000004,1,583128.0
"('04C', '04D', '08C', '10C', '12C')",19.130800000000004,1,582980.0
"('04C', '04D', '07C', '10C', '12C')",19.1307,1,582833.0
"('04C', '04D', '06C', '10C', '12C')",19.1306,1,582685.0
"('04C', '04D', '05C', '10C', '12C')",19.1305,1,582537.0
"('03C', '04C', '04D', '10C', '12C')",19.130300000000002,1,582389.0
"('02C', '04C', '04D', '10C', '12C')",19.130200000000002,1,582242.0
"('04C', '04D', '08C', '09C', '12C')",19.129800000000003,1,582094.0
"('04C', '04D', '07C', '09C', '12C')",19.1297,1,581946.0
"('04C', '04D', '06C', '09C', '12C')",19.1296,1,581798.0
"('04C', '04D', '05C', '09C', '12C')",19.1295,1,581651.0
"('03C', '04C', '04D', '09C', '12C')",19.1293,1,581503.0
"('02C', '04C', '04D', '09C', '12C')",19.1292,1,581355.0
"('04C', '04D', '07C', '08C', '12C')",19.1287,1,581207.0
"('04C', '04D', '06C', '08C', '12C')",19.1286,1,581060.0
"('04C', '04D', '05C', '08C', '12C')",19.1285,1,580912.0
"('03C', '04C', '04D', '08C', '12C')",19.1283,1,580764.0
"('02C', '04C', '04D', '08C', '12C')",19.1282,1,580616.0
"('04C', '04D', '06C', '07C', '12C')",19.1276,1,580469.0
"('04C', '04D', '05C', '07C', '12C')",19.1275,1,580321.0
"('03C', '04C', '04D', '07C', '12C')",19.1273,1,580173.0
"('02C', '04C', '04D', '07C', '12C')",19.127200000000002,1,580025.0
"('04C', '04D', '05C', '06C', '12C')",19.1265,1,579878.0
"('03C', '04C', '04D', '06C', '12C')",19.1263,1,579730.0
"('02C', '04C', '04D', '06C', '12C')",19.1262,1,579582.0
"('03C', '04C', '04D', '05C', '12C')",19.1253,1,579434.0
"('02C', '04C', '04D', '05C', '12C')",19.1252,1,579287.0
"('02C', '03C', '04C', '04D', '12C')",19.1232,1,579139.0
"('04C', '04D', '09C', '10C', '11C')",19.120900000000002,1,578991.0
"('04C', '04D', '08C', '10C', '11C')",19.120800000000003,1,578843.0
"('04C', '04D', '07C', '10C', '11C')",19.1207,1,578696.0
"('04C', '04D', '06C', '10C', '11C')",19.1206,1,578548.0
"('04C', '04D', '05C', '10C', '11C')",19.1205,1,578400.0
"('03C', '04C', '04D', '10C', '11C')",19.1203,1,578252.0
"('02C', '04C', '04D', '10C', '11C')",19.1202,1,578105.0
"('04C', '04D', '08C', '09C', '11C')",19.1198,1,577957.0
"('04C', '04D', '07C', '09C', '11C')",19.119699999999998,1,577809.0
"('04C', '04D', '06C', '09C', '11C')",19.1196,1,577661.0
"('04C', '04D', '05C', '09C', '11C')",19.1195,1,577514.0
"('03C', '04C', '04D', '09C', '11C')",19.1193,1,577366.0
"('02C', '04C', '04D', '09C', '11C')",19.1192,1,577218.0
"('04C', '04D', '07C', '08C', '11C')",19.118699999999997,1,577070.0
"('04C', '04D', '06C', '08C', '11C')",19.118599999999997,1,576923.0
"('04C', '04D', '05C', '08C', '11C')",19.118499999999997,1,576775.0
"('03C', '04C', '04D', '08C', '11C')",19.118299999999998,1,576627.0
"('02C', '04C', '04D', '08C', '11C')",19.118199999999998,1,576479.0
"('04C', '04D', '06C', '07C', '11C')",19.1176,1,576332.0
"('04C', '04D', '05C', '07C', '11C')",19.1175,1,576184.0
"('03C', '04C', '04D', '07C', '11C')",19.1173,1,576036.0
"('02C', '04C', '04D', '07C', '11C')",19.1172,1,575888.0
"('04C', '04D', '05C', '06C', '11C')",19.1165,1,575741.0
"('03C', '04C', '04D', '06C', '11C')",19.1163,1,575593.0
"('02C', '04C', '04D', '06C', '11C')",19.1162,1,575445.0
"('03C', '04C', '04D', '05C', '11C')",19.115299999999998,1,575297.0
"('02C', '04C', '04D', '05C', '11C')",19.115199999999998,1,575150.0
"('02C', '03C', '04C', '04D', '11C')",19.1132,1,575002.0
"('04C', '04D', '08C', '09C', '10C')",19.109800000000003,1,574854.0
"('04C', '04D', '07C', '09C', '10C')",19.1097,1,574706.0
"('04C', '04D', '06C', '09C', '10C')",19.1096,1,574559.0
"('04C', '04D', '05C', '09C', '10C')",19.1095,1,574411.0
"('03C', '04C', '04D', '09C', '10C')",19.1093,1,574263.0
"('02C', '04C', '04D', '09C', '10C')",19.1092,1,574115.0
"('04C', '04D', '07C', '08C', '10C')",19.1087,1,573968.0
"('04C', '04D', '06C', '08C', '10C')",19.1086,1,573820.0
"('04C', '04D', '05C', '08C', '10C')",19.1085,1,573672.0
"('03C', '04C', '04D', '08C', '10C')",19.1083,1,573524.0
"('02C', '04C', '04D', '08C', '10C')",19.1082,1,573377.0
"('04C', '04D', '06C', '07C', '10C')",19.1076,1,573229.0
"('04C', '04D', '05C', '07C', '10C')",19.1075,1,573081.0
"('03C', '04C', '04D', '07C', '10C')",19.107300000000002,1,572933.0
"('02C', '04C', '04D', '07C', '10C')",19.107200000000002,1,572786.0
"('04C', '04D', '05C', '06C', '10C')",19.1065,1,572638.0
"('03C', '04C', '04D', '06C', '10C')",19.1063,1,572490.0
"('02C', '04C', '04D', '06C', '10C')",19.1062,1,572342.0
"('03C', '04C', '04D', '05C', '10C')",19.1053,1,572195.0
"('02C', '04C', '04D', '05C', '10C')",19.1052,1,572047.0
"('02C', '03C', '04C', '04D', '10C')",19.1032,1,571899.0
"('04C', '04D', '07C', '08C', '09C')",19.098699999999997,1,571751.0
"('04C', '04D', '06C', '08C', '09C')",19.098599999999998,1,571604.0
"('04C', '04D', '05C', '08C', '09C')",19.098499999999998,1,571456.0
"('03C', '04C', '04D', '08C', '09C')",19.0983,1,571308.0
"('02C', '04C', '04D', '08C', '09C')",19.0982,1,571160.0
"('04C', '04D', '06C', '07C', '09C')",19.0976,1,571013.0
"('04C', '04D', '05C', '07C', '09C')",19.0975,1,570865.0
"('03C', '04C', '04D', '07C', '09C')",19.0973,1,570717.0
"('02C', '04C', '04D', '07C', '09C')",19.0972,1,570569.0
"('04C', '04D', '05C', '06C', '09C')",19.0965,1,570422.0
"('03C', '04C', '04D', '06C', '09C')",19.0963,1,570274.0
"('02C', '04C', '04D', '06C', '09C')",19.0962,1,570126.0
"('03C', '04C', '04D', '05C', '09C')",19.095299999999998,1,569978.0
"('02C', '04C', '04D', '05C', '09C')",19.0952,1,569831.0
"('02C', '03C', '04C', '04D', '09C')",19.0932,1,569683.0
"('04C', '04D', '06C', '07C', '08C')",19.0876,1,569535.0
"('04C', '04D', '05C', '07C', '08C')",19.0875,1,569387.0
"('03C', '04C', '04D', '07C', '08C')",19.0873,1,569240.0
"('02C', '04C', '04D', '07C', '08C')",19.0872,1,569092.0
"('04C', '04D', '05C', '06C', '08C')",19.086499999999997,1,568944.0
"('03C', '04C', '04D', '06C', '08C')",19.086299999999998,1,568796.0
"('02C', '04C', '04D', '06C', '08C')",19.086199999999998,1,568649.0
"('03C', '04C', '04D', '05C', '08C')",19.085299999999997,1,568501.0
"('02C', '04C', '04D', '05C', '08C')",19.085199999999997,1,568353.0
"('02C', '03C', '04C', '04D', '08C')",19.083199999999998,1,568205.0
"('04C', '04D', '05C', '06C', '07C')",19.0765,1,568058.0
"('03C', '04C', '04D', '06C', '07C')",19.0763,1,567910.0
"('02C', '04C', '04D', '06C', '07C')",19.0762,1,567762.0
"('03C', '04C', '04D', '05C', '07C')",19.0753,1,567614.0
"('02C', '04C', '04D', '05C', '07C')",19.0752,1,567467.0
"('02C', '03C', '04C', '04D', '07C')",19.0732,1,567319.0
"('03C', '04C', '04D', '05C', '06C')",19.065299999999997,1,567171.0
"('02C', '04C', '04D', '05C', '06C')",19.065199999999997,1,567023.0
"('02C', '03C', '04C', '04D', '06C')",19.0632,1,566876.0
"('02C', '03C', '04C', '04D', '05C')",19.0532,1,566728.0
"('03C', '03D', '12C', '13C', '14C')",18.154200000000003,1,566580.0
"('03C', '03D', '11C', '13C', '14C')",18.154100000000003,1,566432.0
"('03C', '03D', '10C', '13C', '14C')",18.154000000000003,1,566285.0
"('03C', '03D', '09C', '13C', '14C')",18.153900000000004,1,566137.0
"('03C', '03D', '08C', '13C', '14C')",18.153800000000004,1,565989.0
"('03C', '03D', '07C', '13C', '14C')",18.1537,1,565841.0
"('03C', '03D', '06C', '13C', '14C')",18.1536,1,565694.0
"('03C', '03D', '05C', '13C', '14C')",18.1535,1,565546.0
"('03C', '03D', '04C', '13C', '14C')",18.1534,1,565398.0
"('02C', '03C', '03D', '13C', '14C')",18.153200000000002,1,565250.0
"('03C', '03D', '11C', '12C', '14C')",18.153100000000002,1,565103.0
"('03C', '03D', '10C', '12C', '14C')",18.153000000000002,1,564955.0
"('03C', '03D', '09C', '12C', '14C')",18.152900000000002,1,564807.0
"('03C', '03D', '08C', '12C', '14C')",18.152800000000003,1,564659.0
"('03C', '03D', '07C', '12C', '14C')",18.1527,1,564512.0
"('03C', '03D', '06C', '12C', '14C')",18.1526,1,564364.0
"('03C', '03D', '05C', '12C', '14C')",18.1525,1,564216.0
"('03C', '03D', '04C', '12C', '14C')",18.1524,1,564068.0
"('02C', '03C', '03D', '12C', '14C')",18.1522,1,563921.0
"('03C', '03D', '10C', '11C', '14C')",18.152,1,563773.0
"('03C', '03D', '09C', '11C', '14C')",18.1519,1,563625.0
"('03C', '03D', '08C', '11C', '14C')",18.1518,1,563477.0
"('03C', '03D', '07C', '11C', '14C')",18.151699999999998,1,563330.0
"('03C', '03D', '06C', '11C', '14C')",18.1516,1,563182.0
"('03C', '03D', '05C', '11C', '14C')",18.1515,1,563034.0
"('03C', '03D', '04C', '11C', '14C')",18.1514,1,562886.0
"('02C', '03C', '03D', '11C', '14C')",18.1512,1,562739.0
"('03C', '03D', '09C', '10C', '14C')",18.150900000000004,1,562591.0
"('03C', '03D', '08C', '10C', '14C')",18.150800000000004,1,562443.0
"('03C', '03D', '07C', '10C', '14C')",18.1507,1,562295.0
"('03C', '03D', '06C', '10C', '14C')",18.1506,1,562148.0
"('03C', '03D', '05C', '10C', '14C')",18.1505,1,562000.0
"('03C', '03D', '04C', '10C', '14C')",18.1504,1,561852.0
"('02C', '03C', '03D', '10C', '14C')",18.1502,1,561704.0
"('03C', '03D', '08C', '09C', '14C')",18.149800000000003,1,561557.0
"('03C', '03D', '07C', '09C', '14C')",18.1497,1,561409.0
"('03C', '03D', '06C', '09C', '14C')",18.1496,1,561261.0
"('03C', '03D', '05C', '09C', '14C')",18.1495,1,561113.0
"('03C', '03D', '04C', '09C', '14C')",18.1494,1,560966.0
"('02C', '03C', '03D', '09C', '14C')",18.1492,1,560818.0
"('03C', '03D', '07C', '08C', '14C')",18.148699999999998,1,560670.0
"('03C', '03D', '06C', '08C', '14C')",18.1486,1,560522.0
"('03C', '03D', '05C', '08C', '14C')",18.1485,1,560375.0
"('03C', '03D', '04C', '08C', '14C')",18.1484,1,560227.0
"('02C', '03C', '03D', '08C', '14C')",18.1482,1,560079.0
"('03C', '03D', '06C', '07C', '14C')",18.1476,1,559931.0
"('03C', '03D', '05C', '07C', '14C')",18.1475,1,559784.0
"('03C', '03D', '04C', '07C', '14C')",18.1474,1,559636.0
"('02C', '03C', '03D', '07C', '14C')",18.1472,1,559488.0
"('03C', '03D', '05C', '06C', '14C')",18.1465,1,559340.0
"('03C', '03D', '04C', '06C', '14C')",18.1464,1,559193.0
"('02C', '03C', '03D', '06C', '14C')",18.1462,1,559045.0
"('03C', '03D', '04C', '05C', '14C')",18.1454,1,558897.0
"('02C', '03C', '03D', '05C', '14C')",18.1452,1,558749.0
"('02C', '03C', '03D', '04C', '14C')",18.1442,1,558602.0
"('03C', '03D', '11C', '12C', '13C')",18.1431,1,558454.0
"('03C', '03D', '10C', '12C', '13C')",18.143,1,558306.0
"('03C', '03D', '09C', '12C', '13C')",18.1429,1,558158.0
"('03C', '03D', '08C', '12C', '13C')",18.1428,1,558011.0
"('03C', '03D', '07C', '12C', '13C')",18.142699999999998,1,557863.0
"('03C', '03D', '06C', '12C', '13C')",18.142599999999998,1,557715.0
"('03C', '03D', '05C', '12C', '13C')",18.1425,1,557567.0
"('03C', '03D', '04C', '12C', '13C')",18.1424,1,557420.0
"('02C', '03C', '03D', '12C', '13C')",18.1422,1,557272.0
"('03C', '03D', '10C', '11C', '13C')",18.142,1,557124.0
"('03C', '03D', '09C', '11C', '13C')",18.1419,1,556976.0
"('03C', '03D', '08C', '11C', '13C')",18.1418,1,556829.0
"('03C', '03D', '07C', '11C', '13C')",18.141699999999997,1,556681.0
"('03C', '03D', '06C', '11C', '13C')",18.141599999999997,1,556533.0
"('03C', '03D', '05C', '11C', '13C')",18.141499999999997,1,556385.0
"('03C', '03D', '04C', '11C', '13C')",18.141399999999997,1,556237.0
"('02C', '03C', '03D', '11C', '13C')",18.141199999999998,1,556090.0
"('03C', '03D', '09C', '10C', '13C')",18.140900000000002,1,555942.0
"('03C', '03D', '08C', '10C', '13C')",18.140800000000002,1,555794.0
"('03C', '03D', '07C', '10C', '13C')",18.1407,1,555646.0
"('03C', '03D', '06C', '10C', '13C')",18.1406,1,555499.0
"('03C', '03D', '05C', '10C', '13C')",18.1405,1,555351.0
"('03C', '03D', '04C', '10C', '13C')",18.1404,1,555203.0
"('02C', '03C', '03D', '10C', '13C')",18.1402,1,555055.0
"('03C', '03D', '08C', '09C', '13C')",18.1398,1,554908.0
"('03C', '03D', '07C', '09C', '13C')",18.139699999999998,1,554760.0
"('03C', '03D', '06C', '09C', '13C')",18.139599999999998,1,554612.0
"('03C', '03D', '05C', '09C', '13C')",18.139499999999998,1,554464.0
"('03C', '03D', '04C', '09C', '13C')",18.1394,1,554317.0
"('02C', '03C', '03D', '09C', '13C')",18.1392,1,554169.0
"('03C', '03D', '07C', '08C', '13C')",18.138699999999996,1,554021.0
"('03C', '03D', '06C', '08C', '13C')",18.138599999999997,1,553873.0
"('03C', '03D', '05C', '08C', '13C')",18.138499999999997,1,553726.0
"('03C', '03D', '04C', '08C', '13C')",18.138399999999997,1,553578.0
"('02C', '03C', '03D', '08C', '13C')",18.138199999999998,1,553430.0
"('03C', '03D', '06C', '07C', '13C')",18.1376,1,553282.0
"('03C', '03D', '05C', '07C', '13C')",18.1375,1,553135.0
"('03C', '03D', '04C', '07C', '13C')",18.1374,1,552987.0
"('02C', '03C', '03D', '07C', '13C')",18.1372,1,552839.0
"('03C', '03D', '05C', '06C', '13C')",18.136499999999998,1,552691.0
"('03C', '03D', '04C', '06C', '13C')",18.1364,1,552544.0
"('02C', '03C', '03D', '06C', '13C')",18.1362,1,552396.0
"('03C', '03D', '04C', '05C', '13C')",18.135399999999997,1,552248.0
"('02C', '03C', '03D', '05C', '13C')",18.135199999999998,1,552100.0
"('02C', '03C', '03D', '04C', '13C')",18.1342,1,551953.0
"('03C', '03D', '10C', '11C', '12C')",18.132,1,551805.0
"('03C', '03D', '09C', '11C', '12C')",18.1319,1,551657.0
"('03C', '03D', '08C', '11C', '12C')",18.131800000000002,1,551509.0
"('03C', '03D', '07C', '11C', '12C')",18.1317,1,551362.0
"('03C', '03D', '06C', '11C', '12C')",18.1316,1,551214.0
"('03C', '03D', '05C', '11C', '12C')",18.1315,1,551066.0
"('03C', '03D', '04C', '11C', '12C')",18.1314,1,550918.0
"('02C', '03C', '03D', '11C', '12C')",18.1312,1,550771.0
"('03C', '03D', '09C', '10C', '12C')",18.130900000000004,1,550623.0
"('03C', '03D', '08C', '10C', '12C')",18.130800000000004,1,550475.0
"('03C', '03D', '07C', '10C', '12C')",18.1307,1,550327.0
"('03C', '03D', '06C', '10C', '12C')",18.1306,1,550180.0
"('03C', '03D', '05C', '10C', '12C')",18.1305,1,550032.0
"('03C', '03D', '04C', '10C', '12C')",18.1304,1,549884.0
"('02C', '03C', '03D', '10C', '12C')",18.130200000000002,1,549736.0
"('03C', '03D', '08C', '09C', '12C')",18.129800000000003,1,549589.0
"('03C', '03D', '07C', '09C', '12C')",18.1297,1,549441.0
"('03C', '03D', '06C', '09C', '12C')",18.1296,1,549293.0
"('03C', '03D', '05C', '09C', '12C')",18.1295,1,549145.0
"('03C', '03D', '04C', '09C', '12C')",18.1294,1,548998.0
"('02C', '03C', '03D', '09C', '12C')",18.1292,1,548850.0
"('03C', '03D', '07C', '08C', '12C')",18.1287,1,548702.0
"('03C', '03D', '06C', '08C', '12C')",18.1286,1,548554.0
"('03C', '03D', '05C', '08C', '12C')",18.1285,1,548407.0
"('03C', '03D', '04C', '08C', '12C')",18.1284,1,548259.0
"('02C', '03C', '03D', '08C', '12C')",18.1282,1,548111.0
"('03C', '03D', '06C', '07C', '12C')",18.1276,1,547963.0
"('03C', '03D', '05C', '07C', '12C')",18.1275,1,547816.0
"('03C', '03D', '04C', '07C', '12C')",18.1274,1,547668.0
"('02C', '03C', '03D', '07C', '12C')",18.127200000000002,1,547520.0
"('03C', '03D', '05C', '06C', '12C')",18.1265,1,547372.0
"('03C', '03D', '04C', '06C', '12C')",18.1264,1,547225.0
"('02C', '03C', '03D', '06C', '12C')",18.1262,1,547077.0
"('03C', '03D', '04C', '05C', '12C')",18.1254,1,546929.0
"('02C', '03C', '03D', '05C', '12C')",18.1252,1,546781.0
"('02C', '03C', '03D', '04C', '12C')",18.124200000000002,1,546634.0
"('03C', '03D', '09C', '10C', '11C')",18.120900000000002,1,546486.0
"('03C', '03D', '08C', '10C', '11C')",18.120800000000003,1,546338.0
"('03C', '03D', '07C', '10C', '11C')",18.1207,1,546190.0
"('03C', '03D', '06C', '10C', '11C')",18.1206,1,546043.0
"('03C', '03D', '05C', '10C', '11C')",18.1205,1,545895.0
"('03C', '03D', '04C', '10C', '11C')",18.1204,1,545747.0
"('02C', '03C', '03D', '10C', '11C')",18.1202,1,545599.0
"('03C', '03D', '08C', '09C', '11C')",18.1198,1,545452.0
"('03C', '03D', '07C', '09C', '11C')",18.119699999999998,1,545304.0
"('03C', '03D', '06C', '09C', '11C')",18.1196,1,545156.0
"('03C', '03D', '05C', '09C', '11C')",18.1195,1,545008.0
"('03C', '03D', '04C', '09C', '11C')",18.1194,1,544861.0
"('02C', '03C', '03D', '09C', '11C')",18.1192,1,544713.0
"('03C', '03D', '07C', '08C', '11C')",18.118699999999997,1,544565.0
"('03C', '03D', '06C', '08C', '11C')",18.118599999999997,1,544417.0
"('03C', '03D', '05C', '08C', '11C')",18.118499999999997,1,544270.0
"('03C', '03D', '04C', '08C', '11C')",18.118399999999998,1,544122.0
"('02C', '03C', '03D', '08C', '11C')",18.118199999999998,1,543974.0
"('03C', '03D', '06C', '07C', '11C')",18.1176,1,543826.0
"('03C', '03D', '05C', '07C', '11C')",18.1175,1,543679.0
"('03C', '03D', '04C', '07C', '11C')",18.1174,1,543531.0
"('02C', '03C', '03D', '07C', '11C')",18.1172,1,543383.0
"('03C', '03D', '05C', '06C', '11C')",18.1165,1,543235.0
"('03C', '03D', '04C', '06C', '11C')",18.1164,1,543088.0
"('02C', '03C', '03D', '06C', '11C')",18.1162,1,542940.0
"('03C', '03D', '04C', '05C', '11C')",18.115399999999998,1,542792.0
"('02C', '03C', '03D', '05C', '11C')",18.115199999999998,1,542644.0
"('02C', '03C', '03D', '04C', '11C')",18.1142,1,542497.0
"('03C', '03D', '08C', '09C', '10C')",18.109800000000003,1,542349.0
"('03C', '03D', '07C', '09C', '10C')",18.1097,1,542201.0
"('03C', '03D', '06C', '09C', '10C')",18.1096,1,542053.0
"('03C', '03D', '05C', '09C', '10C')",18.1095,1,541906.0
"('03C', '03D', '04C', '09C', '10C')",18.1094,1,541758.0
"('02C', '03C', '03D', '09C', '10C')",18.1092,1,541610.0
"('03C', '03D', '07C', '08C', '10C')",18.1087,1,541462.0
"('03C', '03D', '06C', '08C', '10C')",18.1086,1,541315.0
"('03C', '03D', '05C', '08C', '10C')",18.1085,1,541167.0
"('03C', '03D', '04C', '08C', '10C')",18.1084,1,541019.0
"('02C', '03C', '03D', '08C', '10C')",18.1082,1,540871.0
"('03C', '03D', '06C', '07C', '10C')",18.1076,1,540724.0
"('03C', '03D', '05C', '07C', '10C')",18.1075,1,540576.0
"('03C', '03D', '04C', '07C', '10C')",18.107400000000002,1,540428.0
"('02C', '03C', '03D', '07C', '10C')",18.107200000000002,1,540280.0
"('03C', '03D', '05C', '06C', '10C')",18.1065,1,540133.0
"('03C', '03D', '04C', '06C', '10C')",18.1064,1,539985.0
"('02C', '03C', '03D', '06C', '10C')",18.1062,1,539837.0
"('03C', '03D', '04C', '05C', '10C')",18.1054,1,539689.0
"('02C', '03C', '03D', '05C', '10C')",18.1052,1,539542.0
"('02C', '03C', '03D', '04C', '10C')",18.104200000000002,1,539394.0
"('03C', '03D', '07C', '08C', '09C')",18.098699999999997,1,539246.0
"('03C', '03D', '06C', '08C', '09C')",18.098599999999998,1,539098.0
"('03C', '03D', '05C', '08C', '09C')",18.098499999999998,1,538951.0
"('03C', '03D', '04C', '08C', '09C')",18.098399999999998,1,538803.0
"('02C', '03C', '03D', '08C', '09C')",18.0982,1,538655.0
"('03C', '03D', '06C', '07C', '09C')",18.0976,1,538507.0
"('03C', '03D', '05C', '07C', '09C')",18.0975,1,538360.0
"('03C', '03D', '04C', '07C', '09C')",18.0974,1,538212.0
"('02C', '03C', '03D', '07C', '09C')",18.0972,1,538064.0
"('03C', '03D', '05C', '06C', '09C')",18.0965,1,537916.0
"('03C', '03D', '04C', '06C', '09C')",18.0964,1,537769.0
"('02C', '03C', '03D', '06C', '09C')",18.0962,1,537621.0
"('03C', '03D', '04C', '05C', '09C')",18.095399999999998,1,537473.0
"('02C', '03C', '03D', '05C', '09C')",18.0952,1,537325.0
"('02C', '03C', '03D', '04C', '09C')",18.0942,1,537178.0
"('03C', '03D', '06C', '07C', '08C')",18.0876,1,537030.0
"('03C', '03D', '05C', '07C', '08C')",18.0875,1,536882.0
"('03C', '03D', '04C', '07C', '08C')",18.0874,1,536734.0
"('02C', '03C', '03D', '07C', '08C')",18.0872,1,536587.0
"('03C', '03D', '05C', '06C', '08C')",18.086499999999997,1,536439.0
"('03C', '03D', '04C', '06C', '08C')",18.086399999999998,1,536291.0
"('02C', '03C', '03D', '06C', '08C')",18.086199999999998,1,536143.0
"('03C', '03D', '04C', '05C', '08C')",18.085399999999996,1,535996.0
"('02C', '03C', '03D', '05C', '08C')",18.085199999999997,1,535848.0
"('02C', '03C', '03D', '04C', '08C')",18.0842,1,535700.0
"('03C', '03D', '05C', '06C', '07C')",18.0765,1,535552.0
"('03C', '03D', '04C', '06C', '07C')",18.0764,1,535405.0
"('02C', '03C', '03D', '06C', '07C')",18.0762,1,535257.0
"('03C', '03D', '04C', '05C', '07C')",18.0754,1,535109.0
"('02C', '03C', '03D', '05C', '07C')",18.0752,1,534961.0
"('02C', '03C', '03D', '04C', '07C')",18.0742,1,534814.0
"('03C', '03D', '04C', '05C', '06C')",18.065399999999997,1,534666.0
"('02C', '03C', '03D', '05C', '06C')",18.065199999999997,1,534518.0
"('02C', '03C', '03D', '04C', '06C')",18.0642,1,534370.0
"('02C', '03C', '03D', '04C', '05C')",18.0542,1,534223.0
"('02C', '02D', '12C', '13C', '14C')",17.154200000000003,1,534075.0
"('02C', '02D', '11C', '13C', '14C')",17.154100000000003,1,533927.0
"('02C', '02D', '10C', '13C', '14C')",17.154000000000003,1,533779.0
"('02C', '02D', '09C', '13C', '14C')",17.153900000000004,1,533632.0
"('02C', '02D', '08C', '13C', '14C')",17.153800000000004,1,533484.0
"('02C', '02D', '07C', '13C', '14C')",17.1537,1,533336.0
"('02C', '02D', '06C', '13C', '14C')",17.1536,1,533188.0
"('02C', '02D', '05C', '13C', '14C')",17.1535,1,533041.0
"('02C', '02D', '04C', '13C', '14C')",17.1534,1,532893.0
"('02C', '02D', '03C', '13C', '14C')",17.1533,1,532745.0
"('02C', '02D', '11C', '12C', '14C')",17.153100000000002,1,532597.0
"('02C', '02D', '10C', '12C', '14C')",17.153000000000002,1,532450.0
"('02C', '02D', '09C', '12C', '14C')",17.152900000000002,1,532302.0
"('02C', '02D', '08C', '12C', '14C')",17.152800000000003,1,532154.0
"('02C', '02D', '07C', '12C', '14C')",17.1527,1,532006.0
"('02C', '02D', '06C', '12C', '14C')",17.1526,1,531859.0
"('02C', '02D', '05C', '12C', '14C')",17.1525,1,531711.0
"('02C', '02D', '04C', '12C', '14C')",17.1524,1,531563.0
"('02C', '02D', '03C', '12C', '14C')",17.1523,1,531415.0
"('02C', '02D', '10C', '11C', '14C')",17.152,1,531268.0
"('02C', '02D', '09C', '11C', '14C')",17.1519,1,531120.0
"('02C', '02D', '08C', '11C', '14C')",17.1518,1,530972.0
"('02C', '02D', '07C', '11C', '14C')",17.151699999999998,1,530824.0
"('02C', '02D', '06C', '11C', '14C')",17.1516,1,530677.0
"('02C', '02D', '05C', '11C', '14C')",17.1515,1,530529.0
"('02C', '02D', '04C', '11C', '14C')",17.1514,1,530381.0
"('02C', '02D', '03C', '11C', '14C')",17.1513,1,530233.0
"('02C', '02D', '09C', '10C', '14C')",17.150900000000004,1,530085.0
"('02C', '02D', '08C', '10C', '14C')",17.150800000000004,1,529938.0
"('02C', '02D', '07C', '10C', '14C')",17.1507,1,529790.0
"('02C', '02D', '06C', '10C', '14C')",17.1506,1,529642.0
"('02C', '02D', '05C', '10C', '14C')",17.1505,1,529494.0
"('02C', '02D', '04C', '10C', '14C')",17.1504,1,529347.0
"('02C', '02D', '03C', '10C', '14C')",17.1503,1,529199.0
"('02C', '02D', '08C', '09C', '14C')",17.149800000000003,1,529051.0
"('02C', '02D', '07C', '09C', '14C')",17.1497,1,528903.0
"('02C', '02D', '06C', '09C', '14C')",17.1496,1,528756.0
"('02C', '02D', '05C', '09C', '14C')",17.1495,1,528608.0
"('02C', '02D', '04C', '09C', '14C')",17.1494,1,528460.0
"('02C', '02D', '03C', '09C', '14C')",17.1493,1,528312.0
"('02C', '02D', '07C', '08C', '14C')",17.148699999999998,1,528165.0
"('02C', '02D', '06C', '08C', '14C')",17.1486,1,528017.0
"('02C', '02D', '05C', '08C', '14C')",17.1485,1,527869.0
"('02C', '02D', '04C', '08C', '14C')",17.1484,1,527721.0
"('02C', '02D', '03C', '08C', '14C')",17.1483,1,527574.0
"('02C', '02D', '06C', '07C', '14C')",17.1476,1,527426.0
"('02C', '02D', '05C', '07C', '14C')",17.1475,1,527278.0
"('02C', '02D', '04C', '07C', '14C')",17.1474,1,527130.0
"('02C', '02D', '03C', '07C', '14C')",17.1473,1,526983.0
"('02C', '02D', '05C', '06C', '14C')",17.1465,1,526835.0
"('02C', '02D', '04C', '06C', '14C')",17.1464,1,526687.0
"('02C', '02D', '03C', '06C', '14C')",17.1463,1,526539.0
"('02C', '02D', '04C', '05C', '14C')",17.1454,1,526392.0
"('02C', '02D', '03C', '05C', '14C')",17.1453,1,526244.0
"('02C', '02D', '03C', '04C', '14C')",17.1443,1,526096.0
"('02C', '02D', '11C', '12C', '13C')",17.1431,1,525948.0
"('02C', '02D', '10C', '12C', '13C')",17.143,1,525801.0
"('02C', '02D', '09C', '12C', '13C')",17.1429,1,525653.0
"('02C', '02D', '08C', '12C', '13C')",17.1428,1,525505.0
"('02C', '02D', '07C', '12C', '13C')",17.142699999999998,1,525357.0
"('02C', '02D', '06C', '12C', '13C')",17.142599999999998,1,525210.0
"('02C', '02D', '05C', '12C', '13C')",17.1425,1,525062.0
"('02C', '02D', '04C', '12C', '13C')",17.1424,1,524914.0
"('02C', '02D', '03C', '12C', '13C')",17.1423,1,524766.0
"('02C', '02D', '10C', '11C', '13C')",17.142,1,524619.0
"('02C', '02D', '09C', '11C', '13C')",17.1419,1,524471.0
"('02C', '02D', '08C', '11C', '13C')",17.1418,1,524323.0
"('02C', '02D', '07C', '11C', '13C')",17.141699999999997,1,524175.0
"('02C', '02D', '06C', '11C', '13C')",17.141599999999997,1,524028.0
"('02C', '02D', '05C', '11C', '13C')",17.141499999999997,1,523880.0
"('02C', '02D', '04C', '11C', '13C')",17.141399999999997,1,523732.0
"('02C', '02D', '03C', '11C', '13C')",17.141299999999998,1,523584.0
"('02C', '02D', '09C', '10C', '13C')",17.140900000000002,1,523437.0
"('02C', '02D', '08C', '10C', '13C')",17.140800000000002,1,523289.0
"('02C', '02D', '07C', '10C', '13C')",17.1407,1,523141.0
"('02C', '02D', '06C', '10C', '13C')",17.1406,1,522993.0
"('02C', '02D', '05C', '10C', '13C')",17.1405,1,522846.0
"('02C', '02D', '04C', '10C', '13C')",17.1404,1,522698.0
"('02C', '02D', '03C', '10C', '13C')",17.1403,1,522550.0
"('02C', '02D', '08C', '09C', '13C')",17.1398,1,522402.0
"('02C', '02D', '07C', '09C', '13C')",17.139699999999998,1,522255.0
"('02C', '02D', '06C', '09C', '13C')",17.139599999999998,1,522107.0
"('02C', '02D', '05C', '09C', '13C')",17.139499999999998,1,521959.0
"('02C', '02D', '04C', '09C', '13C')",17.1394,1,521811.0
"('02C', '02D', '03C', '09C', '13C')",17.1393,1,521664.0
"('02C', '02D', '07C', '08C', '13C')",17.138699999999996,1,521516.0
"('02C', '02D', '06C', '08C', '13C')",17.138599999999997,1,521368.0
"('02C', '02D', '05C', '08C', '13C')",17.138499999999997,1,521220.0
"('02C', '02D', '04C', '08C', '13C')",17.138399999999997,1,521073.0
"('02C', '02D', '03C', '08C', '13C')",17.138299999999997,1,520925.0
"('02C', '02D', '06C', '07C', '13C')",17.1376,1,520777.0
"('02C', '02D', '05C', '07C', '13C')",17.1375,1,520629.0
"('02C', '02D', '04C', '07C', '13C')",17.1374,1,520482.0
"('02C', '02D', '03C', '07C', '13C')",17.1373,1,520334.0
"('02C', '02D', '05C', '06C', '13C')",17.136499999999998,1,520186.0
"('02C', '02D', '04C', '06C', '13C')",17.1364,1,520038.0
"('02C', '02D', '03C', '06C', '13C')",17.1363,1,519891.0
"('02C', '02D', '04C', '05C', '13C')",17.135399999999997,1,519743.0
"('02C', '02D', '03C', '05C', '13C')",17.135299999999997,1,519595.0
"('02C', '02D', '03C', '04C', '13C')",17.1343,1,519447.0
"('02C', '02D', '10C', '11C', '12C')",17.132,1,519300.0
"('02C', '02D', '09C', '11C', '12C')",17.1319,1,519152.0
"('02C', '02D', '08C', '11C', '12C')",17.131800000000002,1,519004.0
"('02C', '02D', '07C', '11C', '12C')",17.1317,1,518856.0
"('02C', '02D', '06C', '11C', '12C')",17.1316,1,518709.0
"('02C', '02D', '05C', '11C', '12C')",17.1315,1,518561.0
"('02C', '02D', '04C', '11C', '12C')",17.1314,1,518413.0
"('02C', '02D', '03C', '11C', '12C')",17.1313,1,518265.0
"('02C', '02D', '09C', '10C', '12C')",17.130900000000004,1,518118.0
"('02C', '02D', '08C', '10C', '12C')",17.130800000000004,1,517970.0
"('02C', '02D', '07C', '10C', '12C')",17.1307,1,517822.0
"('02C', '02D', '06C', '10C', '12C')",17.1306,1,517674.0
"('02C', '02D', '05C', '10C', '12C')",17.1305,1,517527.0
"('02C', '02D', '04C', '10C', '12C')",17.1304,1,517379.0
"('02C', '02D', '03C', '10C', '12C')",17.130300000000002,1,517231.0
"('02C', '02D', '08C', '09C', '12C')",17.129800000000003,1,517083.0
"('02C', '02D', '07C', '09C', '12C')",17.1297,1,516936.0
"('02C', '02D', '06C', '09C', '12C')",17.1296,1,516788.0
"('02C', '02D', '05C', '09C', '12C')",17.1295,1,516640.0
"('02C', '02D', '04C', '09C', '12C')",17.1294,1,516492.0
"('02C', '02D', '03C', '09C', '12C')",17.1293,1,516345.0
"('02C', '02D', '07C', '08C', '12C')",17.1287,1,516197.0
"('02C', '02D', '06C', '08C', '12C')",17.1286,1,516049.0
"('02C', '02D', '05C', '08C', '12C')",17.1285,1,515901.0
"('02C', '02D', '04C', '08C', '12C')",17.1284,1,515754.0
"('02C', '02D', '03C', '08C', '12C')",17.1283,1,515606.0
"('02C', '02D', '06C', '07C', '12C')",17.1276,1,515458.0
"('02C', '02D', '05C', '07C', '12C')",17.1275,1,515310.0
"('02C', '02D', '04C', '07C', '12C')",17.1274,1,515163.0
"('02C', '02D', '03C', '07C', '12C')",17.1273,1,515015.0
"('02C', '02D', '05C', '06C', '12C')",17.1265,1,514867.0
"('02C', '02D', '04C', '06C', '12C')",17.1264,1,514719.0
"('02C', '02D', '03C', '06C', '12C')",17.1263,1,514572.0
"('02C', '02D', '04C', '05C', '12C')",17.1254,1,514424.0
"('02C', '02D', '03C', '05C', '12C')",17.1253,1,514276.0
"('02C', '02D', '03C', '04C', '12C')",17.1243,1,514128.0
"('02C', '02D', '09C', '10C', '11C')",17.120900000000002,1,513981.0
"('02C', '02D', '08C', '10C', '11C')",17.120800000000003,1,513833.0
"('02C', '02D', '07C', '10C', '11C')",17.1207,1,513685.0
"('02C', '02D', '06C', '10C', '11C')",17.1206,1,513537.0
"('02C', '02D', '05C', '10C', '11C')",17.1205,1,513390.0
"('02C', '02D', '04C', '10C', '11C')",17.1204,1,513242.0
"('02C', '02D', '03C', '10C', '11C')",17.1203,1,513094.0
"('02C', '02D', '08C', '09C', '11C')",17.1198,1,512946.0
"('02C', '02D', '07C', '09C', '11C')",17.119699999999998,1,512799.0
"('02C', '02D', '06C', '09C', '11C')",17.1196,1,512651.0
"('02C', '02D', '05C', '09C', '11C')",17.1195,1,512503.0
"('02C', '02D', '04C', '09C', '11C')",17.1194,1,512355.0
"('02C', '02D', '03C', '09C', '11C')",17.1193,1,512208.0
"('02C', '02D', '07C', '08C', '11C')",17.118699999999997,1,512060.0
"('02C', '02D', '06C', '08C', '11C')",17.118599999999997,1,511912.0
"('02C', '02D', '05C', '08C', '11C')",17.118499999999997,1,511764.0
"('02C', '02D', '04C', '08C', '11C')",17.118399999999998,1,511617.0
"('02C', '02D', '03C', '08C', '11C')",17.118299999999998,1,511469.0
"('02C', '02D', '06C', '07C', '11C')",17.1176,1,511321.0
"('02C', '02D', '05C', '07C', '11C')",17.1175,1,511173.0
"('02C', '02D', '04C', '07C', '11C')",17.1174,1,511026.0
"('02C', '02D', '03C', '07C', '11C')",17.1173,1,510878.0
"('02C', '02D', '05C', '06C', '11C')",17.1165,1,510730.0
"('02C', '02D', '04C', '06C', '11C')",17.1164,1,510582.0
"('02C', '02D', '03C', '06C', '11C')",17.1163,1,510435.0
"('02C', '02D', '04C', '05C', '11C')",17.115399999999998,1,510287.0
"('02C', '02D', '03C', '05C', '11C')",17.115299999999998,1,510139.0
"('02C', '02D', '03C', '04C', '11C')",17.1143,1,509991.0
"('02C', '02D', '08C', '09C', '10C')",17.109800000000003,1,509844.0
"('02C', '02D', '07C', '09C', '10C')",17.1097,1,509696.0
"('02C', '02D', '06C', '09C', '10C')",17.1096,1,509548.0
"('02C', '02D', '05C', '09C', '10C')",17.1095,1,509400.0
"('02C', '02D', '04C', '09C', '10C')",17.1094,1,509253.0
"('02C', '02D', '03C', '09C', '10C')",17.1093,1,509105.0
"('02C', '02D', '07C', '08C', '10C')",17.1087,1,508957.0
"('02C', '02D', '06C', '08C', '10C')",17.1086,1,508809.0
"('02C', '02D', '05C', '08C', '10C')",17.1085,1,508662.0
"('02C', '02D', '04C', '08C', '10C')",17.1084,1,508514.0
"('02C', '02D', '03C', '08C', '10C')",17.1083,1,508366.0
"('02C', '02D', '06C', '07C', '10C')",17.1076,1,508218.0
"('02C', '02D', '05C', '07C', '10C')",17.1075,1,508071.0
"('02C', '02D', '04C', '07C', '10C')",17.107400000000002,1,507923.0
"('02C', '02D', '03C', '07C', '10C')",17.107300000000002,1,507775.0
"('02C', '02D', '05C', '06C', '10C')",17.1065,1,507627.0
"('02C', '02D', '04C', '06C', '10C')",17.1064,1,507480.0
"('02C', '02D', '03C', '06C', '10C')",17.1063,1,507332.0
"('02C', '02D', '04C', '05C', '10C')",17.1054,1,507184.0
"('02C', '02D', '03C', '05C', '10C')",17.1053,1,507036.0
"('02C', '02D', '03C', '04C', '10C')",17.104300000000002,1,506889.0
"('02C', '02D', '07C', '08C', '09C')",17.098699999999997,1,506741.0
"('02C', '02D', '06C', '08C', '09C')",17.098599999999998,1,506593.0
"('02C', '02D', '05C', '08C', '09C')",17.098499999999998,1,506445.0
"('02C', '02D', '04C', '08C', '09C')",17.098399999999998,1,506298.0
"('02C', '02D', '03C', '08C', '09C')",17.0983,1,506150.0
"('02C', '02D', '06C', '07C', '09C')",17.0976,1,506002.0
"('02C', '02D', '05C', '07C', '09C')",17.0975,1,505854.0
"('02C', '02D', '04C', '07C', '09C')",17.0974,1,505707.0
"('02C', '02D', '03C', '07C', '09C')",17.0973,1,505559.0
"('02C', '02D', '05C', '06C', '09C')",17.0965,1,505411.0
"('02C', '02D', '04C', '06C', '09C')",17.0964,1,505263.0
"('02C', '02D', '03C', '06C', '09C')",17.0963,1,505116.0
"('02C', '02D', '04C', '05C', '09C')",17.095399999999998,1,504968.0
"('02C', '02D', '03C', '05C', '09C')",17.095299999999998,1,504820.0
"('02C', '02D', '03C', '04C', '09C')",17.0943,1,504672.0
"('02C', '02D', '06C', '07C', '08C')",17.0876,1,504525.0
"('02C', '02D', '05C', '07C', '08C')",17.0875,1,504377.0
"('02C', '02D', '04C', '07C', '08C')",17.0874,1,504229.0
"('02C', '02D', '03C', '07C', '08C')",17.0873,1,504081.0
"('02C', '02D', '05C', '06C', '08C')",17.086499999999997,1,503933.0
"('02C', '02D', '04C', '06C', '08C')",17.086399999999998,1,503786.0
"('02C', '02D', '03C', '06C', '08C')",17.086299999999998,1,503638.0
"('02C', '02D', '04C', '05C', '08C')",17.085399999999996,1,503490.0
"('02C', '02D', '03C', '05C', '08C')",17.085299999999997,1,503342.0
"('02C', '02D', '03C', '04C', '08C')",17.0843,1,503195.0
"('02C', '02D', '05C', '06C', '07C')",17.0765,1,503047.0
"('02C', '02D', '04C', '06C', '07C')",17.0764,1,502899.0
"('02C', '02D', '03C', '06C', '07C')",17.0763,1,502751.0
"('02C', '02D', '04C', '05C', '07C')",17.0754,1,502604.0
"('02C', '02D', '03C', '05C', '07C')",17.0753,1,502456.0
"('02C', '02D', '03C', '04C', '07C')",17.0743,1,502308.0
"('02C', '02D', '04C', '05C', '06C')",17.065399999999997,1,502160.0
"('02C', '02D', '03C', '05C', '06C')",17.065299999999997,1,502013.0
"('02C', '02D', '03C', '04C', '06C')",17.0643,1,501865.0
"('02C', '02D', '03C', '04C', '05C')",17.0543,1,501717.0
"('09C', '11C', '12C', '13C', '14D')",14.14319,0,501569.0
"('08C', '11C', '12C', '13C', '14D')",14.143180000000001,0,501177.0
"('07C', '11C', '12C', '13C', '14D')",14.14317,0,500785.0
"('06C', '11C', '12C', '13C', '14D')",14.14316,0,500392.0
"('05C', '11C', '12C', '13C', '14D')",14.14315,0,500000.0
"('04C', '11C', '12C', '13C', '14D')",14.14314,0,499607.0
"('03C', '11C', '12C', '13C', '14D')",14.143130000000001,0,499215.0
"('02C', '11C', '12C', '13C', '14D')",14.14312,0,498822.0
"('09C', '10C', '12C', '13C', '14D')",14.14309,0,498430.0
"('08C', '10C', '12C', '13C', '14D')",14.143080000000001,0,498037.0
"('07C', '10C', '12C', '13C', '14D')",14.14307,0,497645.0
"('06C', '10C', '12C', '13C', '14D')",14.14306,0,497252.0
"('05C', '10C', '12C', '13C', '14D')",14.14305,0,496860.0
"('04C', '10C', '12C', '13C', '14D')",14.143040000000001,0,496467.0
"('03C', '10C', '12C', '13C', '14D')",14.143030000000001,0,496075.0
"('02C', '10C', '12C', '13C', '14D')",14.14302,0,495683.0
"('08C', '09C', '12C', '13C', '14D')",14.142980000000001,0,495290.0
"('07C', '09C', '12C', '13C', '14D')",14.14297,0,494898.0
"('06C', '09C', '12C', '13C', '14D')",14.14296,0,494505.0
"('05C', '09C', '12C', '13C', '14D')",14.14295,0,494113.0
"('04C', '09C', '12C', '13C', '14D')",14.142940000000001,0,493720.0
"('03C', '09C', '12C', '13C', '14D')",14.142930000000002,0,493328.0
"('02C', '09C', '12C', '13C', '14D')",14.14292,0,492935.0
"('07C', '08C', '12C', '13C', '14D')",14.14287,0,492543.0
"('06C', '08C', '12C', '13C', '14D')",14.14286,0,492150.0
"('05C', '08C', '12C', '13C', '14D')",14.142850000000001,0,491758.0
"('04C', '08C', '12C', '13C', '14D')",14.142840000000001,0,491365.0
"('03C', '08C', '12C', '13C', '14D')",14.142830000000002,0,490973.0
"('02C', '08C', '12C', '13C', '14D')",14.14282,0,490580.0
"('06C', '07C', '12C', '13C', '14D')",14.14276,0,490188.0
"('05C', '07C', '12C', '13C', '14D')",14.142750000000001,0,489796.0
"('04C', '07C', '12C', '13C', '14D')",14.142740000000002,0,489403.0
"('03C', '07C', '12C', '13C', '14D')",14.142730000000002,0,489011.0
"('02C', '07C', '12C', '13C', '14D')",14.14272,0,488618.0
"('05C', '06C', '12C', '13C', '14D')",14.142650000000001,0,488226.0
"('04C', '06C', '12C', '13C', '14D')",14.142640000000002,0,487833.0
"('03C', '06C', '12C', '13C', '14D')",14.142630000000002,0,487441.0
"('02C', '06C', '12C', '13C', '14D')",14.14262,0,487048.0
"('04C', '05C', '12C', '13C', '14D')",14.142540000000002,0,486656.0
"('03C', '05C', '12C', '13C', '14D')",14.142530000000002,0,486263.0
"('02C', '05C', '12C', '13C', '14D')",14.142520000000001,0,485871.0
"('03C', '04C', '12C', '13C', '14D')",14.142430000000003,0,485478.0
"('02C', '04C', '12C', '13C', '14D')",14.142420000000001,0,485086.0
"('02C', '03C', '12C', '13C', '14D')",14.14232,0,484693.0
"('09C', '10C', '11C', '13C', '14D')",14.14209,0,484301.0
"('08C', '10C', '11C', '13C', '14D')",14.14208,0,483909.0
"('07C', '10C', '11C', '13C', '14D')",14.142069999999999,0,483516.0
"('06C', '10C', '11C', '13C', '14D')",14.142059999999999,0,483124.0
"('05C', '10C', '11C', '13C', '14D')",14.14205,0,482731.0
"('04C', '10C', '11C', '13C', '14D')",14.14204,0,482339.0
"('03C', '10C', '11C', '13C', '14D')",14.14203,0,481946.0
"('02C', '10C', '11C', '13C', '14D')",14.142019999999999,0,481554.0
"('08C', '09C', '11C', '13C', '14D')",14.14198,0,481161.0
"('07C', '09C', '11C', '13C', '14D')",14.141969999999999,0,480769.0
"('06C', '09C', '11C', '13C', '14D')",14.14196,0,480376.0
"('05C', '09C', '11C', '13C', '14D')",14.14195,0,479984.0
"('04C', '09C', '11C', '13C', '14D')",14.14194,0,479591.0
"('03C', '09C', '11C', '13C', '14D')",14.14193,0,479199.0
"('02C', '09C', '11C', '13C', '14D')",14.141919999999999,0,478807.0
"('07C', '08C', '11C', '13C', '14D')",14.141869999999999,0,478414.0
"('06C', '08C', '11C', '13C', '14D')",14.14186,0,478022.0
"('05C', '08C', '11C', '13C', '14D')",14.14185,0,477629.0
"('04C', '08C', '11C', '13C', '14D')",14.14184,0,477237.0
"('03C', '08C', '11C', '13C', '14D')",14.14183,0,476844.0
"('02C', '08C', '11C', '13C', '14D')",14.14182,0,476452.0
"('06C', '07C', '11C', '13C', '14D')",14.14176,0,476059.0
"('05C', '07C', '11C', '13C', '14D')",14.14175,0,475667.0
"('04C', '07C', '11C', '13C', '14D')",14.14174,0,475274.0
"('03C', '07C', '11C', '13C', '14D')",14.14173,0,474882.0
"('02C', '07C', '11C', '13C', '14D')",14.14172,0,474489.0
"('05C', '06C', '11C', '13C', '14D')",14.14165,0,474097.0
"('04C', '06C', '11C', '13C', '14D')",14.14164,0,473704.0
"('03C', '06C', '11C', '13C', '14D')",14.141630000000001,0,473312.0
"('02C', '06C', '11C', '13C', '14D')",14.14162,0,472920.0
"('04C', '05C', '11C', '13C', '14D')",14.14154,0,472527.0
"('03C', '05C', '11C', '13C', '14D')",14.141530000000001,0,472135.0
"('02C', '05C', '11C', '13C', '14D')",14.14152,0,471742.0
"('03C', '04C', '11C', '13C', '14D')",14.141430000000001,0,471350.0
"('02C', '04C', '11C', '13C', '14D')",14.14142,0,470957.0
"('02C', '03C', '11C', '13C', '14D')",14.141319999999999,0,470565.0
"('08C', '09C', '10C', '13C', '14D')",14.14098,0,470172.0
"('07C', '09C', '10C', '13C', '14D')",14.14097,0,469780.0
"('06C', '09C', '10C', '13C', '14D')",14.14096,0,469387.0
"('05C', '09C', '10C', '13C', '14D')",14.14095,0,468995.0
"('04C', '09C', '10C', '13C', '14D')",14.14094,0,468602.0
"('03C', '09C', '10C', '13C', '14D')",14.14093,0,468210.0
"('02C', '09C', '10C', '13C', '14D')",14.14092,0,467818.0
"('07C', '08C', '10C', '13C', '14D')",14.14087,0,467425.0
"('06C', '08C', '10C', '13C', '14D')",14.14086,0,467033.0
"('05C', '08C', '10C', '13C', '14D')",14.14085,0,466640.0
"('04C', '08C', '10C', '13C', '14D')",14.14084,0,466248.0
"('03C', '08C', '10C', '13C', '14D')",14.140830000000001,0,465855.0
"('02C', '08C', '10C', '13C', '14D')",14.14082,0,465463.0
"('06C', '07C', '10C', '13C', '14D')",14.14076,0,465070.0
"('05C', '07C', '10C', '13C', '14D')",14.14075,0,464678.0
"('04C', '07C', '10C', '13C', '14D')",14.140740000000001,0,464285.0
"('03C', '07C', '10C', '13C', '14D')",14.140730000000001,0,463893.0
"('02C', '07C', '10C', '13C', '14D')",14.14072,0,463500.0
"('05C', '06C', '10C', '13C', '14D')",14.14065,0,463108.0
"('04C', '06C', '10C', '13C', '14D')",14.140640000000001,0,462715.0
"('03C', '06C', '10C', '13C', '14D')",14.140630000000002,0,462323.0
"('02C', '06C', '10C', '13C', '14D')",14.14062,0,461931.0
"('04C', '05C', '10C', '13C', '14D')",14.140540000000001,0,461538.0
"('03C', '05C', '10C', '13C', '14D')",14.140530000000002,0,461146.0
"('02C', '05C', '10C', '13C', '14D')",14.14052,0,460753.0
"('03C', '04C', '10C', '13C', '14D')",14.140430000000002,0,460361.0
"('02C', '04C', '10C', '13C', '14D')",14.14042,0,459968.0
"('02C', '03C', '10C', '13C', '14D')",14.14032,0,459576.0
"('07C', '08C', '09C', '13C', '14D')",14.13987,0,459183.0
"('06C', '08C', '09C', '13C', '14D')",14.13986,0,458791.0
"('05C', '08C', '09C', '13C', '14D')",14.139850000000001,0,458398.0
"('04C', '08C', '09C', '13C', '14D')",14.139840000000001,0,458006.0
"('03C', '08C', '09C', '13C', '14D')",14.139830000000002,0,457613.0
"('02C', '08C', '09C', '13C', '14D')",14.13982,0,457221.0
"('06C', '07C', '09C', '13C', '14D')",14.13976,0,456829.0
"('05C', '07C', '09C', '13C', '14D')",14.139750000000001,0,456436.0
"('04C', '07C', '09C', '13C', '14D')",14.139740000000002,0,456044.0
"('03C', '07C', '09C', '13C', '14D')",14.139730000000002,0,455651.0
"('02C', '07C', '09C', '13C', '14D')",14.13972,0,455259.0
"('05C', '06C', '09C', '13C', '14D')",14.139650000000001,0,454866.0
"('04C', '06C', '09C', '13C', '14D')",14.139640000000002,0,454474.0
"('03C', '06C', '09C', '13C', '14D')",14.139630000000002,0,454081.0
"('02C', '06C', '09C', '13C', '14D')",14.13962,0,453689.0
"('04C', '05C', '09C', '13C', '14D')",14.139540000000002,0,453296.0
"('03C', '05C', '09C', '13C', '14D')",14.139530000000002,0,452904.0
"('02C', '05C', '09C', '13C', '14D')",14.139520000000001,0,452511.0
"('03C', '04C', '09C', '13C', '14D')",14.139430000000003,0,452119.0
"('02C', '04C', '09C', '13C', '14D')",14.139420000000001,0,451726.0
"('02C', '03C', '09C', '13C', '14D')",14.13932,0,451334.0
"('06C', '07C', '08C', '13C', '14D')",14.13876,0,450942.0
"('05C', '07C', '08C', '13C', '14D')",14.13875,0,450549.0
"('04C', '07C', '08C', '13C', '14D')",14.13874,0,450157.0
"('03C', '07C', '08C', '13C', '14D')",14.13873,0,449764.0
"('02C', '07C', '08C', '13C', '14D')",14.13872,0,449372.0
"('05C', '06C', '08C', '13C', '14D')",14.13865,0,448979.0
"('04C', '06C', '08C', '13C', '14D')",14.13864,0,448587.0
"('03C', '06C', '08C', '13C', '14D')",14.138630000000001,0,448194.0
"('02C', '06C', '08C', '13C', '14D')",14.13862,0,447802.0
"('04C', '05C', '08C', '13C', '14D')",14.13854,0,447409.0
"('03C', '05C', '08C', '13C', '14D')",14.138530000000001,0,447017.0
"('02C', '05C', '08C', '13C', '14D')",14.13852,0,446624.0
"('03C', '04C', '08C', '13C', '14D')",14.138430000000001,0,446232.0
"('02C', '04C', '08C', '13C', '14D')",14.13842,0,445839.0
"('02C', '03C', '08C', '13C', '14D')",14.138319999999998,0,445447.0
"('05C', '06C', '07C', '13C', '14D')",14.13765,0,445055.0
"('04C', '06C', '07C', '13C', '14D')",14.137640000000001,0,444662.0
"('03C', '06C', '07C', '13C', '14D')",14.137630000000001,0,444270.0
"('02C', '06C', '07C', '13C', '14D')",14.13762,0,443877.0
"('04C', '05C', '07C', '13C', '14D')",14.137540000000001,0,443485.0
"('03C', '05C', '07C', '13C', '14D')",14.137530000000002,0,443092.0
"('02C', '05C', '07C', '13C', '14D')",14.13752,0,442700.0
"('03C', '04C', '07C', '13C', '14D')",14.137430000000002,0,442307.0
"('02C', '04C', '07C', '13C', '14D')",14.13742,0,441915.0
"('02C', '03C', '07C', '13C', '14D')",14.137319999999999,0,441522.0
"('04C', '05C', '06C', '13C', '14D')",14.136540000000002,0,441130.0
"('03C', '05C', '06C', '13C', '14D')",14.136530000000002,0,440737.0
"('02C', '05C', '06C', '13C', '14D')",14.13652,0,440345.0
"('03C', '04C', '06C', '13C', '14D')",14.136430000000002,0,439953.0
"('02C', '04C', '06C', '13C', '14D')",14.136420000000001,0,439560.0
"('02C', '03C', '06C', '13C', '14D')",14.13632,0,439168.0
"('03C', '04C', '05C', '13C', '14D')",14.135430000000003,0,438775.0
"('02C', '04C', '05C', '13C', '14D')",14.135420000000002,0,438383.0
"('02C', '03C', '05C', '13C', '14D')",14.13532,0,437990.0
"('02C', '03C', '04C', '13C', '14D')",14.134319999999999,0,437598.0
"('09C', '10C', '11C', '12C', '14D')",14.132089999999998,0,437205.0
"('08C', '10C', '11C', '12C', '14D')",14.132079999999998,0,436813.0
"('07C', '10C', '11C', '12C', '14D')",14.132069999999997,0,436420.0
"('06C', '10C', '11C', '12C', '14D')",14.132059999999997,0,436028.0
"('05C', '10C', '11C', '12C', '14D')",14.132049999999998,0,435635.0
"('04C', '10C', '11C', '12C', '14D')",14.132039999999998,0,435243.0
"('03C', '10C', '11C', '12C', '14D')",14.132029999999999,0,434850.0
"('02C', '10C', '11C', '12C', '14D')",14.132019999999997,0,434458.0
"('08C', '09C', '11C', '12C', '14D')",14.131979999999999,0,434066.0
"('07C', '09C', '11C', '12C', '14D')",14.131969999999997,0,433673.0
"('06C', '09C', '11C', '12C', '14D')",14.131959999999998,0,433281.0
"('05C', '09C', '11C', '12C', '14D')",14.131949999999998,0,432888.0
"('04C', '09C', '11C', '12C', '14D')",14.131939999999998,0,432496.0
"('03C', '09C', '11C', '12C', '14D')",14.131929999999999,0,432103.0
"('02C', '09C', '11C', '12C', '14D')",14.131919999999997,0,431711.0
"('07C', '08C', '11C', '12C', '14D')",14.131869999999997,0,431318.0
"('06C', '08C', '11C', '12C', '14D')",14.131859999999998,0,430926.0
"('05C', '08C', '11C', '12C', '14D')",14.131849999999998,0,430533.0
"('04C', '08C', '11C', '12C', '14D')",14.131839999999999,0,430141.0
"('03C', '08C', '11C', '12C', '14D')",14.131829999999999,0,429748.0
"('02C', '08C', '11C', '12C', '14D')",14.131819999999998,0,429356.0
"('06C', '07C', '11C', '12C', '14D')",14.131759999999998,0,428964.0
"('05C', '07C', '11C', '12C', '14D')",14.131749999999998,0,428571.0
"('04C', '07C', '11C', '12C', '14D')",14.131739999999999,0,428179.0
"('03C', '07C', '11C', '12C', '14D')",14.13173,0,427786.0
"('02C', '07C', '11C', '12C', '14D')",14.131719999999998,0,427394.0
"('05C', '06C', '11C', '12C', '14D')",14.131649999999999,0,427001.0
"('04C', '06C', '11C', '12C', '14D')",14.131639999999999,0,426609.0
"('03C', '06C', '11C', '12C', '14D')",14.13163,0,426216.0
"('02C', '06C', '11C', '12C', '14D')",14.131619999999998,0,425824.0
"('04C', '05C', '11C', '12C', '14D')",14.13154,0,425431.0
"('03C', '05C', '11C', '12C', '14D')",14.13153,0,425039.0
"('02C', '05C', '11C', '12C', '14D')",14.131519999999998,0,424646.0
"('03C', '04C', '11C', '12C', '14D')",14.13143,0,424254.0
"('02C', '04C', '11C', '12C', '14D')",14.131419999999999,0,423861.0
"('02C', '03C', '11C', '12C', '14D')",14.131319999999997,0,423469.0
"('08C', '09C', '10C', '12C', '14D')",14.13098,0,423077.0
"('07C', '09C', '10C', '12C', '14D')",14.130969999999998,0,422684.0
"('06C', '09C', '10C', '12C', '14D')",14.130959999999998,0,422292.0
"('05C', '09C', '10C', '12C', '14D')",14.130949999999999,0,421899.0
"('04C', '09C', '10C', '12C', '14D')",14.130939999999999,0,421507.0
"('03C', '09C', '10C', '12C', '14D')",14.13093,0,421114.0
"('02C', '09C', '10C', '12C', '14D')",14.130919999999998,0,420722.0
"('07C', '08C', '10C', '12C', '14D')",14.130869999999998,0,420329.0
"('06C', '08C', '10C', '12C', '14D')",14.130859999999998,0,419937.0
"('05C', '08C', '10C', '12C', '14D')",14.130849999999999,0,419544.0
"('04C', '08C', '10C', '12C', '14D')",14.13084,0,419152.0
"('03C', '08C', '10C', '12C', '14D')",14.13083,0,418759.0
"('02C', '08C', '10C', '12C', '14D')",14.130819999999998,0,418367.0
"('06C', '07C', '10C', '12C', '14D')",14.130759999999999,0,417974.0
"('05C', '07C', '10C', '12C', '14D')",14.130749999999999,0,417582.0
"('04C', '07C', '10C', '12C', '14D')",14.13074,0,417190.0
"('03C', '07C', '10C', '12C', '14D')",14.13073,0,416797.0
"('02C', '07C', '10C', '12C', '14D')",14.130719999999998,0,416405.0
"('05C', '06C', '10C', '12C', '14D')",14.13065,0,416012.0
"('04C', '06C', '10C', '12C', '14D')",14.13064,0,415620.0
"('03C', '06C', '10C', '12C', '14D')",14.13063,0,415227.0
"('02C', '06C', '10C', '12C', '14D')",14.130619999999999,0,414835.0
"('04C', '05C', '10C', '12C', '14D')",14.13054,0,414442.0
"('03C', '05C', '10C', '12C', '14D')",14.13053,0,414050.0
"('02C', '05C', '10C', '12C', '14D')",14.130519999999999,0,413657.0
"('03C', '04C', '10C', '12C', '14D')",14.13043,0,413265.0
"('02C', '04C', '10C', '12C', '14D')",14.130419999999999,0,412872.0
"('02C', '03C', '10C', '12C', '14D')",14.130319999999998,0,412480.0
"('07C', '08C', '09C', '12C', '14D')",14.129869999999999,0,412088.0
"('06C', '08C', '09C', '12C', '14D')",14.129859999999999,0,411695.0
"('05C', '08C', '09C', '12C', '14D')",14.12985,0,411303.0
"('04C', '08C', '09C', '12C', '14D')",14.12984,0,410910.0
"('03C', '08C', '09C', '12C', '14D')",14.12983,0,410518.0
"('02C', '08C', '09C', '12C', '14D')",14.129819999999999,0,410125.0
"('06C', '07C', '09C', '12C', '14D')",14.12976,0,409733.0
"('05C', '07C', '09C', '12C', '14D')",14.12975,0,409340.0
"('04C', '07C', '09C', '12C', '14D')",14.12974,0,408948.0
"('03C', '07C', '09C', '12C', '14D')",14.12973,0,408555.0
"('02C', '07C', '09C', '12C', '14D')",14.129719999999999,0,408163.0
"('05C', '06C', '09C', '12C', '14D')",14.12965,0,407770.0
"('04C', '06C', '09C', '12C', '14D')",14.12964,0,407378.0
"('03C', '06C', '09C', '12C', '14D')",14.12963,0,406985.0
"('02C', '06C', '09C', '12C', '14D')",14.12962,0,406593.0
"('04C', '05C', '09C', '12C', '14D')",14.12954,0,406201.0
"('03C', '05C', '09C', '12C', '14D')",14.12953,0,405808.0
"('02C', '05C', '09C', '12C', '14D')",14.12952,0,405416.0
"('03C', '04C', '09C', '12C', '14D')",14.129430000000001,0,405023.0
"('02C', '04C', '09C', '12C', '14D')",14.12942,0,404631.0
"('02C', '03C', '09C', '12C', '14D')",14.129319999999998,0,404238.0
"('06C', '07C', '08C', '12C', '14D')",14.128759999999998,0,403846.0
"('05C', '07C', '08C', '12C', '14D')",14.128749999999998,0,403453.0
"('04C', '07C', '08C', '12C', '14D')",14.128739999999999,0,403061.0
"('03C', '07C', '08C', '12C', '14D')",14.12873,0,402668.0
"('02C', '07C', '08C', '12C', '14D')",14.128719999999998,0,402276.0
"('05C', '06C', '08C', '12C', '14D')",14.128649999999999,0,401883.0
"('04C', '06C', '08C', '12C', '14D')",14.128639999999999,0,401491.0
"('03C', '06C', '08C', '12C', '14D')",14.12863,0,401099.0
"('02C', '06C', '08C', '12C', '14D')",14.128619999999998,0,400706.0
"('04C', '05C', '08C', '12C', '14D')",14.12854,0,400314.0
"('03C', '05C', '08C', '12C', '14D')",14.12853,0,399921.0
"('02C', '05C', '08C', '12C', '14D')",14.128519999999998,0,399529.0
"('03C', '04C', '08C', '12C', '14D')",14.12843,0,399136.0
"('02C', '04C', '08C', '12C', '14D')",14.128419999999998,0,398744.0
"('02C', '03C', '08C', '12C', '14D')",14.128319999999997,0,398351.0
"('05C', '06C', '07C', '12C', '14D')",14.12765,0,397959.0
"('04C', '06C', '07C', '12C', '14D')",14.12764,0,397566.0
"('03C', '06C', '07C', '12C', '14D')",14.12763,0,397174.0
"('02C', '06C', '07C', '12C', '14D')",14.127619999999999,0,396781.0
"('04C', '05C', '07C', '12C', '14D')",14.12754,0,396389.0
"('03C', '05C', '07C', '12C', '14D')",14.12753,0,395996.0
"('02C', '05C', '07C', '12C', '14D')",14.127519999999999,0,395604.0
"('03C', '04C', '07C', '12C', '14D')",14.12743,0,395212.0
"('02C', '04C', '07C', '12C', '14D')",14.127419999999999,0,394819.0
"('02C', '03C', '07C', '12C', '14D')",14.127319999999997,0,394427.0
"('04C', '05C', '06C', '12C', '14D')",14.12654,0,394034.0
"('03C', '05C', '06C', '12C', '14D')",14.12653,0,393642.0
"('02C', '05C', '06C', '12C', '14D')",14.12652,0,393249.0
"('03C', '04C', '06C', '12C', '14D')",14.126430000000001,0,392857.0
"('02C', '04C', '06C', '12C', '14D')",14.12642,0,392464.0
"('02C', '03C', '06C', '12C', '14D')",14.126319999999998,0,392072.0
"('03C', '04C', '05C', '12C', '14D')",14.125430000000001,0,391679.0
"('02C', '04C', '05C', '12C', '14D')",14.12542,0,391287.0
"('02C', '03C', '05C', '12C', '14D')",14.125319999999999,0,390894.0
"('02C', '03C', '04C', '12C', '14D')",14.124319999999997,0,390502.0
"('08C', '09C', '10C', '11C', '14D')",14.12098,0,390110.0
"('07C', '09C', '10C', '11C', '14D')",14.120969999999998,0,389717.0
"('06C', '09C', '10C', '11C', '14D')",14.120959999999998,0,389325.0
"('05C', '09C', '10C', '11C', '14D')",14.120949999999999,0,388932.0
"('04C', '09C', '10C', '11C', '14D')",14.12094,0,388540.0
"('03C', '09C', '10C', '11C', '14D')",14.12093,0,388147.0
"('02C', '09C', '10C', '11C', '14D')",14.120919999999998,0,387755.0
"('07C', '08C', '10C', '11C', '14D')",14.120869999999998,0,387362.0
"('06C', '08C', '10C', '11C', '14D')",14.120859999999999,0,386970.0
"('05C', '08C', '10C', '11C', '14D')",14.120849999999999,0,386577.0
"('04C', '08C', '10C', '11C', '14D')",14.12084,0,386185.0
"('03C', '08C', '10C', '11C', '14D')",14.12083,0,385792.0
"('02C', '08C', '10C', '11C', '14D')",14.120819999999998,0,385400.0
"('06C', '07C', '10C', '11C', '14D')",14.120759999999999,0,385007.0
"('05C', '07C', '10C', '11C', '14D')",14.12075,0,384615.0
"('04C', '07C', '10C', '11C', '14D')",14.12074,0,384223.0
"('03C', '07C', '10C', '11C', '14D')",14.12073,0,383830.0
"('02C', '07C', '10C', '11C', '14D')",14.120719999999999,0,383438.0
"('05C', '06C', '10C', '11C', '14D')",14.12065,0,383045.0
"('04C', '06C', '10C', '11C', '14D')",14.12064,0,382653.0
"('03C', '06C', '10C', '11C', '14D')",14.12063,0,382260.0
"('02C', '06C', '10C', '11C', '14D')",14.120619999999999,0,381868.0
"('04C', '05C', '10C', '11C', '14D')",14.12054,0,381475.0
"('03C', '05C', '10C', '11C', '14D')",14.12053,0,381083.0
"('02C', '05C', '10C', '11C', '14D')",14.120519999999999,0,380690.0
"('03C', '04C', '10C', '11C', '14D')",14.12043,0,380298.0
"('02C', '04C', '10C', '11C', '14D')",14.12042,0,379905.0
"('02C', '03C', '10C', '11C', '14D')",14.120319999999998,0,379513.0
"('07C', '08C', '09C', '11C', '14D')",14.119869999999999,0,379120.0
"('06C', '08C', '09C', '11C', '14D')",14.11986,0,378728.0
"('05C', '08C', '09C', '11C', '14D')",14.11985,0,378336.0
"('04C', '08C', '09C', '11C', '14D')",14.11984,0,377943.0
"('03C', '08C', '09C', '11C', '14D')",14.11983,0,377551.0
"('02C', '08C', '09C', '11C', '14D')",14.119819999999999,0,377158.0
"('06C', '07C', '09C', '11C', '14D')",14.11976,0,376766.0
"('05C', '07C', '09C', '11C', '14D')",14.11975,0,376373.0
"('04C', '07C', '09C', '11C', '14D')",14.11974,0,375981.0
"('03C', '07C', '09C', '11C', '14D')",14.11973,0,375588.0
"('02C', '07C', '09C', '11C', '14D')",14.11972,0,375196.0
"('05C', '06C', '09C', '11C', '14D')",14.11965,0,374803.0
"('04C', '06C', '09C', '11C', '14D')",14.11964,0,374411.0
"('03C', '06C', '09C', '11C', '14D')",14.11963,0,374018.0
"('02C', '06C', '09C', '11C', '14D')",14.11962,0,373626.0
"('04C', '05C', '09C', '11C', '14D')",14.11954,0,373234.0
"('03C', '05C', '09C', '11C', '14D')",14.119530000000001,0,372841.0
"('02C', '05C', '09C', '11C', '14D')",14.11952,0,372449.0
"('03C', '04C', '09C', '11C', '14D')",14.119430000000001,0,372056.0
"('02C', '04C', '09C', '11C', '14D')",14.11942,0,371664.0
"('02C', '03C', '09C', '11C', '14D')",14.119319999999998,0,371271.0
"('06C', '07C', '08C', '11C', '14D')",14.118759999999998,0,370879.0
"('05C', '07C', '08C', '11C', '14D')",14.118749999999999,0,370486.0
"('04C', '07C', '08C', '11C', '14D')",14.118739999999999,0,370094.0
"('03C', '07C', '08C', '11C', '14D')",14.11873,0,369701.0
"('02C', '07C', '08C', '11C', '14D')",14.118719999999998,0,369309.0
"('05C', '06C', '08C', '11C', '14D')",14.118649999999999,0,368916.0
"('04C', '06C', '08C', '11C', '14D')",14.11864,0,368524.0
"('03C', '06C', '08C', '11C', '14D')",14.11863,0,368131.0
"('02C', '06C', '08C', '11C', '14D')",14.118619999999998,0,367739.0
"('04C', '05C', '08C', '11C', '14D')",14.11854,0,367347.0
"('03C', '05C', '08C', '11C', '14D')",14.11853,0,366954.0
"('02C', '05C', '08C', '11C', '14D')",14.118519999999998,0,366562.0
"('03C', '04C', '08C', '11C', '14D')",14.11843,0,366169.0
"('02C', '04C', '08C', '11C', '14D')",14.118419999999999,0,365777.0
"('02C', '03C', '08C', '11C', '14D')",14.118319999999997,0,365384.0
"('05C', '06C', '07C', '11C', '14D')",14.11765,0,364992.0
"('04C', '06C', '07C', '11C', '14D')",14.11764,0,364599.0
"('03C', '06C', '07C', '11C', '14D')",14.11763,0,364207.0
"('02C', '06C', '07C', '11C', '14D')",14.117619999999999,0,363814.0
"('04C', '05C', '07C', '11C', '14D')",14.11754,0,363422.0
"('03C', '05C', '07C', '11C', '14D')",14.11753,0,363029.0
"('02C', '05C', '07C', '11C', '14D')",14.117519999999999,0,362637.0
"('03C', '04C', '07C', '11C', '14D')",14.11743,0,362245.0
"('02C', '04C', '07C', '11C', '14D')",14.11742,0,361852.0
"('02C', '03C', '07C', '11C', '14D')",14.117319999999998,0,361460.0
"('04C', '05C', '06C', '11C', '14D')",14.11654,0,361067.0
"('03C', '05C', '06C', '11C', '14D')",14.116530000000001,0,360675.0
"('02C', '05C', '06C', '11C', '14D')",14.11652,0,360282.0
"('03C', '04C', '06C', '11C', '14D')",14.116430000000001,0,359890.0
"('02C', '04C', '06C', '11C', '14D')",14.11642,0,359497.0
"('02C', '03C', '06C', '11C', '14D')",14.116319999999998,0,359105.0
"('03C', '04C', '05C', '11C', '14D')",14.115430000000002,0,358712.0
"('02C', '04C', '05C', '11C', '14D')",14.11542,0,358320.0
"('02C', '03C', '05C', '11C', '14D')",14.115319999999999,0,357927.0
"('02C', '03C', '04C', '11C', '14D')",14.114319999999998,0,357535.0
"('07C', '08C', '09C', '10C', '14D')",14.109869999999999,0,357142.0
"('06C', '08C', '09C', '10C', '14D')",14.10986,0,356750.0
"('05C', '08C', '09C', '10C', '14D')",14.10985,0,356358.0
"('04C', '08C', '09C', '10C', '14D')",14.10984,0,355965.0
"('03C', '08C', '09C', '10C', '14D')",14.10983,0,355573.0
"('02C', '08C', '09C', '10C', '14D')",14.10982,0,355180.0
"('06C', '07C', '09C', '10C', '14D')",14.10976,0,354788.0
"('05C', '07C', '09C', '10C', '14D')",14.10975,0,354395.0
"('04C', '07C', '09C', '10C', '14D')",14.10974,0,354003.0
"('03C', '07C', '09C', '10C', '14D')",14.10973,0,353610.0
"('02C', '07C', '09C', '10C', '14D')",14.10972,0,353218.0
"('05C', '06C', '09C', '10C', '14D')",14.10965,0,352825.0
"('04C', '06C', '09C', '10C', '14D')",14.10964,0,352433.0
"('03C', '06C', '09C', '10C', '14D')",14.109630000000001,0,352040.0
"('02C', '06C', '09C', '10C', '14D')",14.10962,0,351648.0
"('04C', '05C', '09C', '10C', '14D')",14.10954,0,351256.0
"('03C', '05C', '09C', '10C', '14D')",14.109530000000001,0,350863.0
"('02C', '05C', '09C', '10C', '14D')",14.10952,0,350471.0
"('03C', '04C', '09C', '10C', '14D')",14.109430000000001,0,350078.0
"('02C', '04C', '09C', '10C', '14D')",14.10942,0,349686.0
"('02C', '03C', '09C', '10C', '14D')",14.109319999999999,0,349293.0
"('06C', '07C', '08C', '10C', '14D')",14.108759999999998,0,348901.0
"('05C', '07C', '08C', '10C', '14D')",14.108749999999999,0,348508.0
"('04C', '07C', '08C', '10C', '14D')",14.10874,0,348116.0
"('03C', '07C', '08C', '10C', '14D')",14.10873,0,347723.0
"('02C', '07C', '08C', '10C', '14D')",14.108719999999998,0,347331.0
"('05C', '06C', '08C', '10C', '14D')",14.108649999999999,0,346938.0
"('04C', '06C', '08C', '10C', '14D')",14.10864,0,346546.0
"('03C', '06C', '08C', '10C', '14D')",14.10863,0,346153.0
"('02C', '06C', '08C', '10C', '14D')",14.108619999999998,0,345761.0
"('04C', '05C', '08C', '10C', '14D')",14.10854,0,345369.0
"('03C', '05C', '08C', '10C', '14D')",14.10853,0,344976.0
"('02C', '05C', '08C', '10C', '14D')",14.108519999999999,0,344584.0
"('03C', '04C', '08C', '10C', '14D')",14.10843,0,344191.0
"('02C', '04C', '08C', '10C', '14D')",14.108419999999999,0,343799.0
"('02C', '03C', '08C', '10C', '14D')",14.108319999999997,0,343406.0
"('05C', '06C', '07C', '10C', '14D')",14.10765,0,343014.0
"('04C', '06C', '07C', '10C', '14D')",14.10764,0,342621.0
"('03C', '06C', '07C', '10C', '14D')",14.10763,0,342229.0
"('02C', '06C', '07C', '10C', '14D')",14.107619999999999,0,341836.0
"('04C', '05C', '07C', '10C', '14D')",14.10754,0,341444.0
"('03C', '05C', '07C', '10C', '14D')",14.10753,0,341051.0
"('02C', '05C', '07C', '10C', '14D')",14.10752,0,340659.0
"('03C', '04C', '07C', '10C', '14D')",14.10743,0,340266.0
"('02C', '04C', '07C', '10C', '14D')",14.10742,0,339874.0
"('02C', '03C', '07C', '10C', '14D')",14.107319999999998,0,339482.0
"('04C', '05C', '06C', '10C', '14D')",14.10654,0,339089.0
"('03C', '05C', '06C', '10C', '14D')",14.106530000000001,0,338697.0
"('02C', '05C', '06C', '10C', '14D')",14.10652,0,338304.0
"('03C', '04C', '06C', '10C', '14D')",14.106430000000001,0,337912.0
"('02C', '04C', '06C', '10C', '14D')",14.10642,0,337519.0
"('02C', '03C', '06C', '10C', '14D')",14.106319999999998,0,337127.0
"('03C', '04C', '05C', '10C', '14D')",14.105430000000002,0,336734.0
"('02C', '04C', '05C', '10C', '14D')",14.10542,0,336342.0
"('02C', '03C', '05C', '10C', '14D')",14.105319999999999,0,335949.0
"('02C', '03C', '04C', '10C', '14D')",14.104319999999998,0,335557.0
"('06C', '07C', '08C', '09C', '14D')",14.098759999999999,0,335164.0
"('05C', '07C', '08C', '09C', '14D')",14.098749999999999,0,334772.0
"('04C', '07C', '08C', '09C', '14D')",14.09874,0,334380.0
"('03C', '07C', '08C', '09C', '14D')",14.09873,0,333987.0
"('02C', '07C', '08C', '09C', '14D')",14.098719999999998,0,333595.0
"('05C', '06C', '08C', '09C', '14D')",14.09865,0,333202.0
"('04C', '06C', '08C', '09C', '14D')",14.09864,0,332810.0
"('03C', '06C', '08C', '09C', '14D')",14.09863,0,332417.0
"('02C', '06C', '08C', '09C', '14D')",14.098619999999999,0,332025.0
"('04C', '05C', '08C', '09C', '14D')",14.09854,0,331632.0
"('03C', '05C', '08C', '09C', '14D')",14.09853,0,331240.0
"('02C', '05C', '08C', '09C', '14D')",14.098519999999999,0,330847.0
"('03C', '04C', '08C', '09C', '14D')",14.09843,0,330455.0
"('02C', '04C', '08C', '09C', '14D')",14.098419999999999,0,330062.0
"('02C', '03C', '08C', '09C', '14D')",14.098319999999998,0,329670.0
"('05C', '06C', '07C', '09C', '14D')",14.09765,0,329277.0
"('04C', '06C', '07C', '09C', '14D')",14.09764,0,328885.0
"('03C', '06C', '07C', '09C', '14D')",14.09763,0,328493.0
"('02C', '06C', '07C', '09C', '14D')",14.09762,0,328100.0
"('04C', '05C', '07C', '09C', '14D')",14.09754,0,327708.0
"('03C', '05C', '07C', '09C', '14D')",14.09753,0,327315.0
"('02C', '05C', '07C', '09C', '14D')",14.09752,0,326923.0
"('03C', '04C', '07C', '09C', '14D')",14.097430000000001,0,326530.0
"('02C', '04C', '07C', '09C', '14D')",14.09742,0,326138.0
"('02C', '03C', '07C', '09C', '14D')",14.097319999999998,0,325745.0
"('04C', '05C', '06C', '09C', '14D')",14.096540000000001,0,325353.0
"('03C', '05C', '06C', '09C', '14D')",14.096530000000001,0,324960.0
"('02C', '05C', '06C', '09C', '14D')",14.09652,0,324568.0
"('03C', '04C', '06C', '09C', '14D')",14.096430000000002,0,324175.0
"('02C', '04C', '06C', '09C', '14D')",14.09642,0,323783.0
"('02C', '03C', '06C', '09C', '14D')",14.096319999999999,0,323391.0
"('03C', '04C', '05C', '09C', '14D')",14.095430000000002,0,322998.0
"('02C', '04C', '05C', '09C', '14D')",14.09542,0,322606.0
"('02C', '03C', '05C', '09C', '14D')",14.09532,0,322213.0
"('02C', '03C', '04C', '09C', '14D')",14.094319999999998,0,321821.0
"('05C', '06C', '07C', '08C', '14D')",14.08765,0,321428.0
"('04C', '06C', '07C', '08C', '14D')",14.08764,0,321036.0
"('03C', '06C', '07C', '08C', '14D')",14.08763,0,320643.0
"('02C', '06C', '07C', '08C', '14D')",14.08762,0,320251.0
"('04C', '05C', '07C', '08C', '14D')",14.08754,0,319858.0
"('03C', '05C', '07C', '08C', '14D')",14.087530000000001,0,319466.0
"('02C', '05C', '07C', '08C', '14D')",14.08752,0,319073.0
"('03C', '04C', '07C', '08C', '14D')",14.087430000000001,0,318681.0
"('02C', '04C', '07C', '08C', '14D')",14.08742,0,318288.0
"('02C', '03C', '07C', '08C', '14D')",14.087319999999998,0,317896.0
"('04C', '05C', '06C', '08C', '14D')",14.086540000000001,0,317504.0
"('03C', '05C', '06C', '08C', '14D')",14.086530000000002,0,317111.0
"('02C', '05C', '06C', '08C', '14D')",14.08652,0,316719.0
"('03C', '04C', '06C', '08C', '14D')",14.086430000000002,0,316326.0
"('02C', '04C', '06C', '08C', '14D')",14.08642,0,315934.0
"('02C', '03C', '06C', '08C', '14D')",14.086319999999999,0,315541.0
"('03C', '04C', '05C', '08C', '14D')",14.085430000000002,0,315149.0
"('02C', '04C', '05C', '08C', '14D')",14.085420000000001,0,314756.0
"('02C', '03C', '05C', '08C', '14D')",14.08532,0,314364.0
"('02C', '03C', '04C', '08C', '14D')",14.084319999999998,0,313971.0
"('04C', '05C', '06C', '07C', '14D')",14.076540000000001,0,313579.0
"('03C', '05C', '06C', '07C', '14D')",14.076530000000002,0,313186.0
"('02C', '05C', '06C', '07C', '14D')",14.07652,0,312794.0
"('03C', '04C', '06C', '07C', '14D')",14.076430000000002,0,312401.0
"('02C', '04C', '06C', '07C', '14D')",14.07642,0,312009.0
"('02C', '03C', '06C', '07C', '14D')",14.076319999999999,0,311617.0
"('03C', '04C', '05C', '07C', '14D')",14.075430000000003,0,311224.0
"('02C', '04C', '05C', '07C', '14D')",14.075420000000001,0,310832.0
"('02C', '03C', '05C', '07C', '14D')",14.07532,0,310439.0
"('02C', '03C', '04C', '07C', '14D')",14.074319999999998,0,310047.0
"('03C', '04C', '05C', '06C', '14D')",14.065430000000003,0,309654.0
"('02C', '04C', '05C', '06C', '14D')",14.065420000000001,0,309262.0
"('02C', '03C', '05C', '06C', '14D')",14.06532,0,308869.0
"('02C', '03C', '04C', '06C', '14D')",14.064319999999999,0,308477.0
"('02C', '03C', '04C', '05C', '14D')",14.054319999999999,0,308084.0
"('08C', '10C', '11C', '12C', '13D')",13.132079999999998,0,307692.0
"('07C', '10C', '11C', '12C', '13D')",13.132069999999997,0,307299.0
"('06C', '10C', '11C', '12C', '13D')",13.132059999999997,0,306907.0
"('05C', '10C', '11C', '12C', '13D')",13.132049999999998,0,306515.0
"('04C', '10C', '11C', '12C', '13D')",13.132039999999998,0,306122.0
"('03C', '10C', '11C', '12C', '13D')",13.132029999999999,0,305730.0
"('02C', '10C', '11C', '12C', '13D')",13.132019999999997,0,305337.0
"('08C', '09C', '11C', '12C', '13D')",13.131979999999999,0,304945.0
"('07C', '09C', '11C', '12C', '13D')",13.131969999999997,0,304552.0
"('06C', '09C', '11C', '12C', '13D')",13.131959999999998,0,304160.0
"('05C', '09C', '11C', '12C', '13D')",13.131949999999998,0,303767.0
"('04C', '09C', '11C', '12C', '13D')",13.131939999999998,0,303375.0
"('03C', '09C', '11C', '12C', '13D')",13.131929999999999,0,302982.0
"('02C', '09C', '11C', '12C', '13D')",13.131919999999997,0,302590.0
"('07C', '08C', '11C', '12C', '13D')",13.131869999999997,0,302197.0
"('06C', '08C', '11C', '12C', '13D')",13.131859999999998,0,301805.0
"('05C', '08C', '11C', '12C', '13D')",13.131849999999998,0,301412.0
"('04C', '08C', '11C', '12C', '13D')",13.131839999999999,0,301020.0
"('03C', '08C', '11C', '12C', '13D')",13.131829999999999,0,300628.0
"('02C', '08C', '11C', '12C', '13D')",13.131819999999998,0,300235.0
"('06C', '07C', '11C', '12C', '13D')",13.131759999999998,0,299843.0
"('05C', '07C', '11C', '12C', '13D')",13.131749999999998,0,299450.0
"('04C', '07C', '11C', '12C', '13D')",13.131739999999999,0,299058.0
"('03C', '07C', '11C', '12C', '13D')",13.13173,0,298665.0
"('02C', '07C', '11C', '12C', '13D')",13.131719999999998,0,298273.0
"('05C', '06C', '11C', '12C', '13D')",13.131649999999999,0,297880.0
"('04C', '06C', '11C', '12C', '13D')",13.131639999999999,0,297488.0
"('03C', '06C', '11C', '12C', '13D')",13.13163,0,297095.0
"('02C', '06C', '11C', '12C', '13D')",13.131619999999998,0,296703.0
"('04C', '05C', '11C', '12C', '13D')",13.13154,0,296310.0
"('03C', '05C', '11C', '12C', '13D')",13.13153,0,295918.0
"('02C', '05C', '11C', '12C', '13D')",13.131519999999998,0,295526.0
"('03C', '04C', '11C', '12C', '13D')",13.13143,0,295133.0
"('02C', '04C', '11C', '12C', '13D')",13.131419999999999,0,294741.0
"('02C', '03C', '11C', '12C', '13D')",13.131319999999997,0,294348.0
"('08C', '09C', '10C', '12C', '13D')",13.13098,0,293956.0
"('07C', '09C', '10C', '12C', '13D')",13.130969999999998,0,293563.0
"('06C', '09C', '10C', '12C', '13D')",13.130959999999998,0,293171.0
"('05C', '09C', '10C', '12C', '13D')",13.130949999999999,0,292778.0
"('04C', '09C', '10C', '12C', '13D')",13.130939999999999,0,292386.0
"('03C', '09C', '10C', '12C', '13D')",13.13093,0,291993.0
"('02C', '09C', '10C', '12C', '13D')",13.130919999999998,0,291601.0
"('07C', '08C', '10C', '12C', '13D')",13.130869999999998,0,291208.0
"('06C', '08C', '10C', '12C', '13D')",13.130859999999998,0,290816.0
"('05C', '08C', '10C', '12C', '13D')",13.130849999999999,0,290423.0
"('04C', '08C', '10C', '12C', '13D')",13.13084,0,290031.0
"('03C', '08C', '10C', '12C', '13D')",13.13083,0,289639.0
"('02C', '08C', '10C', '12C', '13D')",13.130819999999998,0,289246.0
"('06C', '07C', '10C', '12C', '13D')",13.130759999999999,0,288854.0
"('05C', '07C', '10C', '12C', '13D')",13.130749999999999,0,288461.0
"('04C', '07C', '10C', '12C', '13D')",13.13074,0,288069.0
"('03C', '07C', '10C', '12C', '13D')",13.13073,0,287676.0
"('02C', '07C', '10C', '12C', '13D')",13.130719999999998,0,287284.0
"('05C', '06C', '10C', '12C', '13D')",13.13065,0,286891.0
"('04C', '06C', '10C', '12C', '13D')",13.13064,0,286499.0
"('03C', '06C', '10C', '12C', '13D')",13.13063,0,286106.0
"('02C', '06C', '10C', '12C', '13D')",13.130619999999999,0,285714.0
"('04C', '05C', '10C', '12C', '13D')",13.13054,0,285321.0
"('03C', '05C', '10C', '12C', '13D')",13.13053,0,284929.0
"('02C', '05C', '10C', '12C', '13D')",13.130519999999999,0,284537.0
"('03C', '04C', '10C', '12C', '13D')",13.13043,0,284144.0
"('02C', '04C', '10C', '12C', '13D')",13.130419999999999,0,283752.0
"('02C', '03C', '10C', '12C', '13D')",13.130319999999998,0,283359.0
"('07C', '08C', '09C', '12C', '13D')",13.129869999999999,0,282967.0
"('06C', '08C', '09C', '12C', '13D')",13.129859999999999,0,282574.0
"('05C', '08C', '09C', '12C', '13D')",13.12985,0,282182.0
"('04C', '08C', '09C', '12C', '13D')",13.12984,0,281789.0
"('03C', '08C', '09C', '12C', '13D')",13.12983,0,281397.0
"('02C', '08C', '09C', '12C', '13D')",13.129819999999999,0,281004.0
"('06C', '07C', '09C', '12C', '13D')",13.12976,0,280612.0
"('05C', '07C', '09C', '12C', '13D')",13.12975,0,280219.0
"('04C', '07C', '09C', '12C', '13D')",13.12974,0,279827.0
"('03C', '07C', '09C', '12C', '13D')",13.12973,0,279434.0
"('02C', '07C', '09C', '12C', '13D')",13.129719999999999,0,279042.0
"('05C', '06C', '09C', '12C', '13D')",13.12965,0,278650.0
"('04C', '06C', '09C', '12C', '13D')",13.12964,0,278257.0
"('03C', '06C', '09C', '12C', '13D')",13.12963,0,277865.0
"('02C', '06C', '09C', '12C', '13D')",13.12962,0,277472.0
"('04C', '05C', '09C', '12C', '13D')",13.12954,0,277080.0
"('03C', '05C', '09C', '12C', '13D')",13.12953,0,276687.0
"('02C', '05C', '09C', '12C', '13D')",13.12952,0,276295.0
"('03C', '04C', '09C', '12C', '13D')",13.129430000000001,0,275902.0
"('02C', '04C', '09C', '12C', '13D')",13.12942,0,275510.0
"('02C', '03C', '09C', '12C', '13D')",13.129319999999998,0,275117.0
"('06C', '07C', '08C', '12C', '13D')",13.128759999999998,0,274725.0
"('05C', '07C', '08C', '12C', '13D')",13.128749999999998,0,274332.0
"('04C', '07C', '08C', '12C', '13D')",13.128739999999999,0,273940.0
"('03C', '07C', '08C', '12C', '13D')",13.12873,0,273547.0
"('02C', '07C', '08C', '12C', '13D')",13.128719999999998,0,273155.0
"('05C', '06C', '08C', '12C', '13D')",13.128649999999999,0,272763.0
"('04C', '06C', '08C', '12C', '13D')",13.128639999999999,0,272370.0
"('03C', '06C', '08C', '12C', '13D')",13.12863,0,271978.0
"('02C', '06C', '08C', '12C', '13D')",13.128619999999998,0,271585.0
"('04C', '05C', '08C', '12C', '13D')",13.12854,0,271193.0
"('03C', '05C', '08C', '12C', '13D')",13.12853,0,270800.0
"('02C', '05C', '08C', '12C', '13D')",13.128519999999998,0,270408.0
"('03C', '04C', '08C', '12C', '13D')",13.12843,0,270015.0
"('02C', '04C', '08C', '12C', '13D')",13.128419999999998,0,269623.0
"('02C', '03C', '08C', '12C', '13D')",13.128319999999997,0,269230.0
"('05C', '06C', '07C', '12C', '13D')",13.12765,0,268838.0
"('04C', '06C', '07C', '12C', '13D')",13.12764,0,268445.0
"('03C', '06C', '07C', '12C', '13D')",13.12763,0,268053.0
"('02C', '06C', '07C', '12C', '13D')",13.127619999999999,0,267661.0
"('04C', '05C', '07C', '12C', '13D')",13.12754,0,267268.0
"('03C', '05C', '07C', '12C', '13D')",13.12753,0,266876.0
"('02C', '05C', '07C', '12C', '13D')",13.127519999999999,0,266483.0
"('03C', '04C', '07C', '12C', '13D')",13.12743,0,266091.0
"('02C', '04C', '07C', '12C', '13D')",13.127419999999999,0,265698.0
"('02C', '03C', '07C', '12C', '13D')",13.127319999999997,0,265306.0
"('04C', '05C', '06C', '12C', '13D')",13.12654,0,264913.0
"('03C', '05C', '06C', '12C', '13D')",13.12653,0,264521.0
"('02C', '05C', '06C', '12C', '13D')",13.12652,0,264128.0
"('03C', '04C', '06C', '12C', '13D')",13.126430000000001,0,263736.0
"('02C', '04C', '06C', '12C', '13D')",13.12642,0,263343.0
"('02C', '03C', '06C', '12C', '13D')",13.126319999999998,0,262951.0
"('03C', '04C', '05C', '12C', '13D')",13.125430000000001,0,262558.0
"('02C', '04C', '05C', '12C', '13D')",13.12542,0,262166.0
"('02C', '03C', '05C', '12C', '13D')",13.125319999999999,0,261774.0
"('02C', '03C', '04C', '12C', '13D')",13.124319999999997,0,261381.0
"('08C', '09C', '10C', '11C', '13D')",13.12098,0,260989.0
"('07C', '09C', '10C', '11C', '13D')",13.120969999999998,0,260596.0
"('06C', '09C', '10C', '11C', '13D')",13.120959999999998,0,260204.0
"('05C', '09C', '10C', '11C', '13D')",13.120949999999999,0,259811.0
"('04C', '09C', '10C', '11C', '13D')",13.12094,0,259419.0
"('03C', '09C', '10C', '11C', '13D')",13.12093,0,259026.0
"('02C', '09C', '10C', '11C', '13D')",13.120919999999998,0,258634.0
"('07C', '08C', '10C', '11C', '13D')",13.120869999999998,0,258241.0
"('06C', '08C', '10C', '11C', '13D')",13.120859999999999,0,257849.0
"('05C', '08C', '10C', '11C', '13D')",13.120849999999999,0,257456.0
"('04C', '08C', '10C', '11C', '13D')",13.12084,0,257064.0
"('03C', '08C', '10C', '11C', '13D')",13.12083,0,256672.0
"('02C', '08C', '10C', '11C', '13D')",13.120819999999998,0,256279.0
"('06C', '07C', '10C', '11C', '13D')",13.120759999999999,0,255887.0
"('05C', '07C', '10C', '11C', '13D')",13.12075,0,255494.0
"('04C', '07C', '10C', '11C', '13D')",13.12074,0,255102.0
"('03C', '07C', '10C', '11C', '13D')",13.12073,0,254709.0
"('02C', '07C', '10C', '11C', '13D')",13.120719999999999,0,254317.0
"('05C', '06C', '10C', '11C', '13D')",13.12065,0,253924.0
"('04C', '06C', '10C', '11C', '13D')",13.12064,0,253532.0
"('03C', '06C', '10C', '11C', '13D')",13.12063,0,253139.0
"('02C', '06C', '10C', '11C', '13D')",13.120619999999999,0,252747.0
"('04C', '05C', '10C', '11C', '13D')",13.12054,0,252354.0
"('03C', '05C', '10C', '11C', '13D')",13.12053,0,251962.0
"('02C', '05C', '10C', '11C', '13D')",13.120519999999999,0,251569.0
"('03C', '04C', '10C', '11C', '13D')",13.12043,0,251177.0
"('02C', '04C', '10C', '11C', '13D')",13.12042,0,250785.0
"('02C', '03C', '10C', '11C', '13D')",13.120319999999998,0,250392.0
"('07C', '08C', '09C', '11C', '13D')",13.119869999999999,0,250000.0
"('06C', '08C', '09C', '11C', '13D')",13.11986,0,249607.0
"('05C', '08C', '09C', '11C', '13D')",13.11985,0,249215.0
"('04C', '08C', '09C', '11C', '13D')",13.11984,0,248822.0
"('03C', '08C', '09C', '11C', '13D')",13.11983,0,248430.0
"('02C', '08C', '09C', '11C', '13D')",13.119819999999999,0,248037.0
"('06C', '07C', '09C', '11C', '13D')",13.11976,0,247645.0
"('05C', '07C', '09C', '11C', '13D')",13.11975,0,247252.0
"('04C', '07C', '09C', '11C', '13D')",13.11974,0,246860.0
"('03C', '07C', '09C', '11C', '13D')",13.11973,0,246467.0
"('02C', '07C', '09C', '11C', '13D')",13.11972,0,246075.0
"('05C', '06C', '09C', '11C', '13D')",13.11965,0,245683.0
"('04C', '06C', '09C', '11C', '13D')",13.11964,0,245290.0
"('03C', '06C', '09C', '11C', '13D')",13.11963,0,244898.0
"('02C', '06C', '09C', '11C', '13D')",13.11962,0,244505.0
"('04C', '05C', '09C', '11C', '13D')",13.11954,0,244113.0
"('03C', '05C', '09C', '11C', '13D')",13.119530000000001,0,243720.0
"('02C', '05C', '09C', '11C', '13D')",13.11952,0,243328.0
"('03C', '04C', '09C', '11C', '13D')",13.119430000000001,0,242935.0
"('02C', '04C', '09C', '11C', '13D')",13.11942,0,242543.0
"('02C', '03C', '09C', '11C', '13D')",13.119319999999998,0,242150.0
"('06C', '07C', '08C', '11C', '13D')",13.118759999999998,0,241758.0
"('05C', '07C', '08C', '11C', '13D')",13.118749999999999,0,241365.0
"('04C', '07C', '08C', '11C', '13D')",13.118739999999999,0,240973.0
"('03C', '07C', '08C', '11C', '13D')",13.11873,0,240580.0
"('02C', '07C', '08C', '11C', '13D')",13.118719999999998,0,240188.0
"('05C', '06C', '08C', '11C', '13D')",13.118649999999999,0,239796.0
"('04C', '06C', '08C', '11C', '13D')",13.11864,0,239403.0
"('03C', '06C', '08C', '11C', '13D')",13.11863,0,239011.0
"('02C', '06C', '08C', '11C', '13D')",13.118619999999998,0,238618.0
"('04C', '05C', '08C', '11C', '13D')",13.11854,0,238226.0
"('03C', '05C', '08C', '11C', '13D')",13.11853,0,237833.0
"('02C', '05C', '08C', '11C', '13D')",13.118519999999998,0,237441.0
"('03C', '04C', '08C', '11C', '13D')",13.11843,0,237048.0
"('02C', '04C', '08C', '11C', '13D')",13.118419999999999,0,236656.0
"('02C', '03C', '08C', '11C', '13D')",13.118319999999997,0,236263.0
"('05C', '06C', '07C', '11C', '13D')",13.11765,0,235871.0
"('04C', '06C', '07C', '11C', '13D')",13.11764,0,235478.0
"('03C', '06C', '07C', '11C', '13D')",13.11763,0,235086.0
"('02C', '06C', '07C', '11C', '13D')",13.117619999999999,0,234693.0
"('04C', '05C', '07C', '11C', '13D')",13.11754,0,234301.0
"('03C', '05C', '07C', '11C', '13D')",13.11753,0,233909.0
"('02C', '05C', '07C', '11C', '13D')",13.117519999999999,0,233516.0
"('03C', '04C', '07C', '11C', '13D')",13.11743,0,233124.0
"('02C', '04C', '07C', '11C', '13D')",13.11742,0,232731.0
"('02C', '03C', '07C', '11C', '13D')",13.117319999999998,0,232339.0
"('04C', '05C', '06C', '11C', '13D')",13.11654,0,231946.0
"('03C', '05C', '06C', '11C', '13D')",13.116530000000001,0,231554.0
"('02C', '05C', '06C', '11C', '13D')",13.11652,0,231161.0
"('03C', '04C', '06C', '11C', '13D')",13.116430000000001,0,230769.0
"('02C', '04C', '06C', '11C', '13D')",13.11642,0,230376.0
"('02C', '03C', '06C', '11C', '13D')",13.116319999999998,0,229984.0
"('03C', '04C', '05C', '11C', '13D')",13.115430000000002,0,229591.0
"('02C', '04C', '05C', '11C', '13D')",13.11542,0,229199.0
"('02C', '03C', '05C', '11C', '13D')",13.115319999999999,0,228807.0
"('02C', '03C', '04C', '11C', '13D')",13.114319999999998,0,228414.0
"('07C', '08C', '09C', '10C', '13D')",13.109869999999999,0,228022.0
"('06C', '08C', '09C', '10C', '13D')",13.10986,0,227629.0
"('05C', '08C', '09C', '10C', '13D')",13.10985,0,227237.0
"('04C', '08C', '09C', '10C', '13D')",13.10984,0,226844.0
"('03C', '08C', '09C', '10C', '13D')",13.10983,0,226452.0
"('02C', '08C', '09C', '10C', '13D')",13.10982,0,226059.0
"('06C', '07C', '09C', '10C', '13D')",13.10976,0,225667.0
"('05C', '07C', '09C', '10C', '13D')",13.10975,0,225274.0
"('04C', '07C', '09C', '10C', '13D')",13.10974,0,224882.0
"('03C', '07C', '09C', '10C', '13D')",13.10973,0,224489.0
"('02C', '07C', '09C', '10C', '13D')",13.10972,0,224097.0
"('05C', '06C', '09C', '10C', '13D')",13.10965,0,223704.0
"('04C', '06C', '09C', '10C', '13D')",13.10964,0,223312.0
"('03C', '06C', '09C', '10C', '13D')",13.109630000000001,0,222920.0
"('02C', '06C', '09C', '10C', '13D')",13.10962,0,222527.0
"('04C', '05C', '09C', '10C', '13D')",13.10954,0,222135.0
"('03C', '05C', '09C', '10C', '13D')",13.109530000000001,0,221742.0
"('02C', '05C', '09C', '10C', '13D')",13.10952,0,221350.0
"('03C', '04C', '09C', '10C', '13D')",13.109430000000001,0,220957.0
"('02C', '04C', '09C', '10C', '13D')",13.10942,0,220565.0
"('02C', '03C', '09C', '10C', '13D')",13.109319999999999,0,220172.0
"('06C', '07C', '08C', '10C', '13D')",13.108759999999998,0,219780.0
"('05C', '07C', '08C', '10C', '13D')",13.108749999999999,0,219387.0
"('04C', '07C', '08C', '10C', '13D')",13.10874,0,218995.0
"('03C', '07C', '08C', '10C', '13D')",13.10873,0,218602.0
"('02C', '07C', '08C', '10C', '13D')",13.108719999999998,0,218210.0
"('05C', '06C', '08C', '10C', '13D')",13.108649999999999,0,217818.0
"('04C', '06C', '08C', '10C', '13D')",13.10864,0,217425.0
"('03C', '06C', '08C', '10C', '13D')",13.10863,0,217033.0
"('02C', '06C', '08C', '10C', '13D')",13.108619999999998,0,216640.0
"('04C', '05C', '08C', '10C', '13D')",13.10854,0,216248.0
"('03C', '05C', '08C', '10C', '13D')",13.10853,0,215855.0
"('02C', '05C', '08C', '10C', '13D')",13.108519999999999,0,215463.0
"('03C', '04C', '08C', '10C', '13D')",13.10843,0,215070.0
"('02C', '04C', '08C', '10C', '13D')",13.108419999999999,0,214678.0
"('02C', '03C', '08C', '10C', '13D')",13.108319999999997,0,214285.0
"('05C', '06C', '07C', '10C', '13D')",13.10765,0,213893.0
"('04C', '06C', '07C', '10C', '13D')",13.10764,0,213500.0
"('03C', '06C', '07C', '10C', '13D')",13.10763,0,213108.0
"('02C', '06C', '07C', '10C', '13D')",13.107619999999999,0,212715.0
"('04C', '05C', '07C', '10C', '13D')",13.10754,0,212323.0
"('03C', '05C', '07C', '10C', '13D')",13.10753,0,211931.0
"('02C', '05C', '07C', '10C', '13D')",13.10752,0,211538.0
"('03C', '04C', '07C', '10C', '13D')",13.10743,0,211146.0
"('02C', '04C', '07C', '10C', '13D')",13.10742,0,210753.0
"('02C', '03C', '07C', '10C', '13D')",13.107319999999998,0,210361.0
"('04C', '05C', '06C', '10C', '13D')",13.10654,0,209968.0
"('03C', '05C', '06C', '10C', '13D')",13.106530000000001,0,209576.0
"('02C', '05C', '06C', '10C', '13D')",13.10652,0,209183.0
"('03C', '04C', '06C', '10C', '13D')",13.106430000000001,0,208791.0
"('02C', '04C', '06C', '10C', '13D')",13.10642,0,208398.0
"('02C', '03C', '06C', '10C', '13D')",13.106319999999998,0,208006.0
"('03C', '04C', '05C', '10C', '13D')",13.105430000000002,0,207613.0
"('02C', '04C', '05C', '10C', '13D')",13.10542,0,207221.0
"('02C', '03C', '05C', '10C', '13D')",13.105319999999999,0,206829.0
"('02C', '03C', '04C', '10C', '13D')",13.104319999999998,0,206436.0
"('06C', '07C', '08C', '09C', '13D')",13.098759999999999,0,206044.0
"('05C', '07C', '08C', '09C', '13D')",13.098749999999999,0,205651.0
"('04C', '07C', '08C', '09C', '13D')",13.09874,0,205259.0
"('03C', '07C', '08C', '09C', '13D')",13.09873,0,204866.0
"('02C', '07C', '08C', '09C', '13D')",13.098719999999998,0,204474.0
"('05C', '06C', '08C', '09C', '13D')",13.09865,0,204081.0
"('04C', '06C', '08C', '09C', '13D')",13.09864,0,203689.0
"('03C', '06C', '08C', '09C', '13D')",13.09863,0,203296.0
"('02C', '06C', '08C', '09C', '13D')",13.098619999999999,0,202904.0
"('04C', '05C', '08C', '09C', '13D')",13.09854,0,202511.0
"('03C', '05C', '08C', '09C', '13D')",13.09853,0,202119.0
"('02C', '05C', '08C', '09C', '13D')",13.098519999999999,0,201726.0
"('03C', '04C', '08C', '09C', '13D')",13.09843,0,201334.0
"('02C', '04C', '08C', '09C', '13D')",13.098419999999999,0,200942.0
"('02C', '03C', '08C', '09C', '13D')",13.098319999999998,0,200549.0
"('05C', '06C', '07C', '09C', '13D')",13.09765,0,200157.0
"('04C', '06C', '07C', '09C', '13D')",13.09764,0,199764.0
"('03C', '06C', '07C', '09C', '13D')",13.09763,0,199372.0
"('02C', '06C', '07C', '09C', '13D')",13.09762,0,198979.0
"('04C', '05C', '07C', '09C', '13D')",13.09754,0,198587.0
"('03C', '05C', '07C', '09C', '13D')",13.09753,0,198194.0
"('02C', '05C', '07C', '09C', '13D')",13.09752,0,197802.0
"('03C', '04C', '07C', '09C', '13D')",13.097430000000001,0,197409.0
"('02C', '04C', '07C', '09C', '13D')",13.09742,0,197017.0
"('02C', '03C', '07C', '09C', '13D')",13.097319999999998,0,196624.0
"('04C', '05C', '06C', '09C', '13D')",13.096540000000001,0,196232.0
"('03C', '05C', '06C', '09C', '13D')",13.096530000000001,0,195839.0
"('02C', '05C', '06C', '09C', '13D')",13.09652,0,195447.0
"('03C', '04C', '06C', '09C', '13D')",13.096430000000002,0,195055.0
"('02C', '04C', '06C', '09C', '13D')",13.09642,0,194662.0
"('02C', '03C', '06C', '09C', '13D')",13.096319999999999,0,194270.0
"('03C', '04C', '05C', '09C', '13D')",13.095430000000002,0,193877.0
"('02C', '04C', '05C', '09C', '13D')",13.09542,0,193485.0
"('02C', '03C', '05C', '09C', '13D')",13.09532,0,193092.0
"('02C', '03C', '04C', '09C', '13D')",13.094319999999998,0,192700.0
"('05C', '06C', '07C', '08C', '13D')",13.08765,0,192307.0
"('04C', '06C', '07C', '08C', '13D')",13.08764,0,191915.0
"('03C', '06C', '07C', '08C', '13D')",13.08763,0,191522.0
"('02C', '06C', '07C', '08C', '13D')",13.08762,0,191130.0
"('04C', '05C', '07C', '08C', '13D')",13.08754,0,190737.0
"('03C', '05C', '07C', '08C', '13D')",13.087530000000001,0,190345.0
"('02C', '05C', '07C', '08C', '13D')",13.08752,0,189953.0
"('03C', '04C', '07C', '08C', '13D')",13.087430000000001,0,189560.0
"('02C', '04C', '07C', '08C', '13D')",13.08742,0,189168.0
"('02C', '03C', '07C', '08C', '13D')",13.087319999999998,0,188775.0
"('04C', '05C', '06C', '08C', '13D')",13.086540000000001,0,188383.0
"('03C', '05C', '06C', '08C', '13D')",13.086530000000002,0,187990.0
"('02C', '05C', '06C', '08C', '13D')",13.08652,0,187598.0
"('03C', '04C', '06C', '08C', '13D')",13.086430000000002,0,187205.0
"('02C', '04C', '06C', '08C', '13D')",13.08642,0,186813.0
"('02C', '03C', '06C', '08C', '13D')",13.086319999999999,0,186420.0
"('03C', '04C', '05C', '08C', '13D')",13.085430000000002,0,186028.0
"('02C', '04C', '05C', '08C', '13D')",13.085420000000001,0,185635.0
"('02C', '03C', '05C', '08C', '13D')",13.08532,0,185243.0
"('02C', '03C', '04C', '08C', '13D')",13.084319999999998,0,184850.0
"('04C', '05C', '06C', '07C', '13D')",13.076540000000001,0,184458.0
"('03C', '05C', '06C', '07C', '13D')",13.076530000000002,0,184066.0
"('02C', '05C', '06C', '07C', '13D')",13.07652,0,183673.0
"('03C', '04C', '06C', '07C', '13D')",13.076430000000002,0,183281.0
"('02C', '04C', '06C', '07C', '13D')",13.07642,0,182888.0
"('02C', '03C', '06C', '07C', '13D')",13.076319999999999,0,182496.0
"('03C', '04C', '05C', '07C', '13D')",13.075430000000003,0,182103.0
"('02C', '04C', '05C', '07C', '13D')",13.075420000000001,0,181711.0
"('02C', '03C', '05C', '07C', '13D')",13.07532,0,181318.0
"('02C', '03C', '04C', '07C', '13D')",13.074319999999998,0,180926.0
"('03C', '04C', '05C', '06C', '13D')",13.065430000000003,0,180533.0
"('02C', '04C', '05C', '06C', '13D')",13.065420000000001,0,180141.0
"('02C', '03C', '05C', '06C', '13D')",13.06532,0,179748.0
"('02C', '03C', '04C', '06C', '13D')",13.064319999999999,0,179356.0
"('02C', '03C', '04C', '05C', '13D')",13.054319999999999,0,178964.0
"('07C', '09C', '10C', '11C', '12D')",12.120969999999998,0,178571.0
"('06C', '09C', '10C', '11C', '12D')",12.120959999999998,0,178179.0
"('05C', '09C', '10C', '11C', '12D')",12.120949999999999,0,177786.0
"('04C', '09C', '10C', '11C', '12D')",12.12094,0,177394.0
"('03C', '09C', '10C', '11C', '12D')",12.12093,0,177001.0
"('02C', '09C', '10C', '11C', '12D')",12.120919999999998,0,176609.0
"('07C', '08C', '10C', '11C', '12D')",12.120869999999998,0,176216.0
"('06C', '08C', '10C', '11C', '12D')",12.120859999999999,0,175824.0
"('05C', '08C', '10C', '11C', '12D')",12.120849999999999,0,175431.0
"('04C', '08C', '10C', '11C', '12D')",12.12084,0,175039.0
"('03C', '08C', '10C', '11C', '12D')",12.12083,0,174646.0
"('02C', '08C', '10C', '11C', '12D')",12.120819999999998,0,174254.0
"('06C', '07C', '10C', '11C', '12D')",12.120759999999999,0,173861.0
"('05C', '07C', '10C', '11C', '12D')",12.12075,0,173469.0
"('04C', '07C', '10C', '11C', '12D')",12.12074,0,173077.0
"('03C', '07C', '10C', '11C', '12D')",12.12073,0,172684.0
"('02C', '07C', '10C', '11C', '12D')",12.120719999999999,0,172292.0
"('05C', '06C', '10C', '11C', '12D')",12.12065,0,171899.0
"('04C', '06C', '10C', '11C', '12D')",12.12064,0,171507.0
"('03C', '06C', '10C', '11C', '12D')",12.12063,0,171114.0
"('02C', '06C', '10C', '11C', '12D')",12.120619999999999,0,170722.0
"('04C', '05C', '10C', '11C', '12D')",12.12054,0,170329.0
"('03C', '05C', '10C', '11C', '12D')",12.12053,0,169937.0
"('02C', '05C', '10C', '11C', '12D')",12.120519999999999,0,169544.0
"('03C', '04C', '10C', '11C', '12D')",12.12043,0,169152.0
"('02C', '04C', '10C', '11C', '12D')",12.12042,0,168759.0
"('02C', '03C', '10C', '11C', '12D')",12.120319999999998,0,168367.0
"('07C', '08C', '09C', '11C', '12D')",12.119869999999999,0,167974.0
"('06C', '08C', '09C', '11C', '12D')",12.11986,0,167582.0
"('05C', '08C', '09C', '11C', '12D')",12.11985,0,167190.0
"('04C', '08C', '09C', '11C', '12D')",12.11984,0,166797.0
"('03C', '08C', '09C', '11C', '12D')",12.11983,0,166405.0
"('02C', '08C', '09C', '11C', '12D')",12.119819999999999,0,166012.0
"('06C', '07C', '09C', '11C', '12D')",12.11976,0,165620.0
"('05C', '07C', '09C', '11C', '12D')",12.11975,0,165227.0
"('04C', '07C', '09C', '11C', '12D')",12.11974,0,164835.0
"('03C', '07C', '09C', '11C', '12D')",12.11973,0,164442.0
"('02C', '07C', '09C', '11C', '12D')",12.11972,0,164050.0
"('05C', '06C', '09C', '11C', '12D')",12.11965,0,163657.0
"('04C', '06C', '09C', '11C', '12D')",12.11964,0,163265.0
"('03C', '06C', '09C', '11C', '12D')",12.11963,0,162872.0
"('02C', '06C', '09C', '11C', '12D')",12.11962,0,162480.0
"('04C', '05C', '09C', '11C', '12D')",12.11954,0,162088.0
"('03C', '05C', '09C', '11C', '12D')",12.119530000000001,0,161695.0
"('02C', '05C', '09C', '11C', '12D')",12.11952,0,161303.0
"('03C', '04C', '09C', '11C', '12D')",12.119430000000001,0,160910.0
"('02C', '04C', '09C', '11C', '12D')",12.11942,0,160518.0
"('02C', '03C', '09C', '11C', '12D')",12.119319999999998,0,160125.0
"('06C', '07C', '08C', '11C', '12D')",12.118759999999998,0,159733.0
"('05C', '07C', '08C', '11C', '12D')",12.118749999999999,0,159340.0
"('04C', '07C', '08C', '11C', '12D')",12.118739999999999,0,158948.0
"('03C', '07C', '08C', '11C', '12D')",12.11873,0,158555.0
"('02C', '07C', '08C', '11C', '12D')",12.118719999999998,0,158163.0
"('05C', '06C', '08C', '11C', '12D')",12.118649999999999,0,157770.0
"('04C', '06C', '08C', '11C', '12D')",12.11864,0,157378.0
"('03C', '06C', '08C', '11C', '12D')",12.11863,0,156985.0
"('02C', '06C', '08C', '11C', '12D')",12.118619999999998,0,156593.0
"('04C', '05C', '08C', '11C', '12D')",12.11854,0,156201.0
"('03C', '05C', '08C', '11C', '12D')",12.11853,0,155808.0
"('02C', '05C', '08C', '11C', '12D')",12.118519999999998,0,155416.0
"('03C', '04C', '08C', '11C', '12D')",12.11843,0,155023.0
"('02C', '04C', '08C', '11C', '12D')",12.118419999999999,0,154631.0
"('02C', '03C', '08C', '11C', '12D')",12.118319999999997,0,154238.0
"('05C', '06C', '07C', '11C', '12D')",12.11765,0,153846.0
"('04C', '06C', '07C', '11C', '12D')",12.11764,0,153453.0
"('03C', '06C', '07C', '11C', '12D')",12.11763,0,153061.0
"('02C', '06C', '07C', '11C', '12D')",12.117619999999999,0,152668.0
"('04C', '05C', '07C', '11C', '12D')",12.11754,0,152276.0
"('03C', '05C', '07C', '11C', '12D')",12.11753,0,151883.0
"('02C', '05C', '07C', '11C', '12D')",12.117519999999999,0,151491.0
"('03C', '04C', '07C', '11C', '12D')",12.11743,0,151099.0
"('02C', '04C', '07C', '11C', '12D')",12.11742,0,150706.0
"('02C', '03C', '07C', '11C', '12D')",12.117319999999998,0,150314.0
"('04C', '05C', '06C', '11C', '12D')",12.11654,0,149921.0
"('03C', '05C', '06C', '11C', '12D')",12.116530000000001,0,149529.0
"('02C', '05C', '06C', '11C', '12D')",12.11652,0,149136.0
"('03C', '04C', '06C', '11C', '12D')",12.116430000000001,0,148744.0
"('02C', '04C', '06C', '11C', '12D')",12.11642,0,148351.0
"('02C', '03C', '06C', '11C', '12D')",12.116319999999998,0,147959.0
"('03C', '04C', '05C', '11C', '12D')",12.115430000000002,0,147566.0
"('02C', '04C', '05C', '11C', '12D')",12.11542,0,147174.0
"('02C', '03C', '05C', '11C', '12D')",12.115319999999999,0,146781.0
"('02C', '03C', '04C', '11C', '12D')",12.114319999999998,0,146389.0
"('07C', '08C', '09C', '10C', '12D')",12.109869999999999,0,145996.0
"('06C', '08C', '09C', '10C', '12D')",12.10986,0,145604.0
"('05C', '08C', '09C', '10C', '12D')",12.10985,0,145212.0
"('04C', '08C', '09C', '10C', '12D')",12.10984,0,144819.0
"('03C', '08C', '09C', '10C', '12D')",12.10983,0,144427.0
"('02C', '08C', '09C', '10C', '12D')",12.10982,0,144034.0
"('06C', '07C', '09C', '10C', '12D')",12.10976,0,143642.0
"('05C', '07C', '09C', '10C', '12D')",12.10975,0,143249.0
"('04C', '07C', '09C', '10C', '12D')",12.10974,0,142857.0
"('03C', '07C', '09C', '10C', '12D')",12.10973,0,142464.0
"('02C', '07C', '09C', '10C', '12D')",12.10972,0,142072.0
"('05C', '06C', '09C', '10C', '12D')",12.10965,0,141679.0
"('04C', '06C', '09C', '10C', '12D')",12.10964,0,141287.0
"('03C', '06C', '09C', '10C', '12D')",12.109630000000001,0,140894.0
"('02C', '06C', '09C', '10C', '12D')",12.10962,0,140502.0
"('04C', '05C', '09C', '10C', '12D')",12.10954,0,140110.0
"('03C', '05C', '09C', '10C', '12D')",12.109530000000001,0,139717.0
"('02C', '05C', '09C', '10C', '12D')",12.10952,0,139325.0
"('03C', '04C', '09C', '10C', '12D')",12.109430000000001,0,138932.0
"('02C', '04C', '09C', '10C', '12D')",12.10942,0,138540.0
"('02C', '03C', '09C', '10C', '12D')",12.109319999999999,0,138147.0
"('06C', '07C', '08C', '10C', '12D')",12.108759999999998,0,137755.0
"('05C', '07C', '08C', '10C', '12D')",12.108749999999999,0,137362.0
"('04C', '07C', '08C', '10C', '12D')",12.10874,0,136970.0
"('03C', '07C', '08C', '10C', '12D')",12.10873,0,136577.0
"('02C', '07C', '08C', '10C', '12D')",12.108719999999998,0,136185.0
"('05C', '06C', '08C', '10C', '12D')",12.108649999999999,0,135792.0
"('04C', '06C', '08C', '10C', '12D')",12.10864,0,135400.0
"('03C', '06C', '08C', '10C', '12D')",12.10863,0,135007.0
"('02C', '06C', '08C', '10C', '12D')",12.108619999999998,0,134615.0
"('04C', '05C', '08C', '10C', '12D')",12.10854,0,134223.0
"('03C', '05C', '08C', '10C', '12D')",12.10853,0,133830.0
"('02C', '05C', '08C', '10C', '12D')",12.108519999999999,0,133438.0
"('03C', '04C', '08C', '10C', '12D')",12.10843,0,133045.0
"('02C', '04C', '08C', '10C', '12D')",12.108419999999999,0,132653.0
"('02C', '03C', '08C', '10C', '12D')",12.108319999999997,0,132260.0
"('05C', '06C', '07C', '10C', '12D')",12.10765,0,131868.0
"('04C', '06C', '07C', '10C', '12D')",12.10764,0,131475.0
"('03C', '06C', '07C', '10C', '12D')",12.10763,0,131083.0
"('02C', '06C', '07C', '10C', '12D')",12.107619999999999,0,130690.0
"('04C', '05C', '07C', '10C', '12D')",12.10754,0,130298.0
"('03C', '05C', '07C', '10C', '12D')",12.10753,0,129905.0
"('02C', '05C', '07C', '10C', '12D')",12.10752,0,129513.0
"('03C', '04C', '07C', '10C', '12D')",12.10743,0,129120.0
"('02C', '04C', '07C', '10C', '12D')",12.10742,0,128728.0
"('02C', '03C', '07C', '10C', '12D')",12.107319999999998,0,128336.0
"('04C', '05C', '06C', '10C', '12D')",12.10654,0,127943.0
"('03C', '05C', '06C', '10C', '12D')",12.106530000000001,0,127551.0
"('02C', '05C', '06C', '10C', '12D')",12.10652,0,127158.0
"('03C', '04C', '06C', '10C', '12D')",12.106430000000001,0,126766.0
"('02C', '04C', '06C', '10C', '12D')",12.10642,0,126373.0
"('02C', '03C', '06C', '10C', '12D')",12.106319999999998,0,125981.0
"('03C', '04C', '05C', '10C', '12D')",12.105430000000002,0,125588.0
"('02C', '04C', '05C', '10C', '12D')",12.10542,0,125196.0
"('02C', '03C', '05C', '10C', '12D')",12.105319999999999,0,124803.0
"('02C', '03C', '04C', '10C', '12D')",12.104319999999998,0,124411.0
"('06C', '07C', '08C', '09C', '12D')",12.098759999999999,0,124018.0
"('05C', '07C', '08C', '09C', '12D')",12.098749999999999,0,123626.0
"('04C', '07C', '08C', '09C', '12D')",12.09874,0,123234.0
"('03C', '07C', '08C', '09C', '12D')",12.09873,0,122841.0
"('02C', '07C', '08C', '09C', '12D')",12.098719999999998,0,122449.0
"('05C', '06C', '08C', '09C', '12D')",12.09865,0,122056.0
"('04C', '06C', '08C', '09C', '12D')",12.09864,0,121664.0
"('03C', '06C', '08C', '09C', '12D')",12.09863,0,121271.0
"('02C', '06C', '08C', '09C', '12D')",12.098619999999999,0,120879.0
"('04C', '05C', '08C', '09C', '12D')",12.09854,0,120486.0
"('03C', '05C', '08C', '09C', '12D')",12.09853,0,120094.0
"('02C', '05C', '08C', '09C', '12D')",12.098519999999999,0,119701.0
"('03C', '04C', '08C', '09C', '12D')",12.09843,0,119309.0
"('02C', '04C', '08C', '09C', '12D')",12.098419999999999,0,118916.0
"('02C', '03C', '08C', '09C', '12D')",12.098319999999998,0,118524.0
"('05C', '06C', '07C', '09C', '12D')",12.09765,0,118131.0
"('04C', '06C', '07C', '09C', '12D')",12.09764,0,117739.0
"('03C', '06C', '07C', '09C', '12D')",12.09763,0,117347.0
"('02C', '06C', '07C', '09C', '12D')",12.09762,0,116954.0
"('04C', '05C', '07C', '09C', '12D')",12.09754,0,116562.0
"('03C', '05C', '07C', '09C', '12D')",12.09753,0,116169.0
"('02C', '05C', '07C', '09C', '12D')",12.09752,0,115777.0
"('03C', '04C', '07C', '09C', '12D')",12.097430000000001,0,115384.0
"('02C', '04C', '07C', '09C', '12D')",12.09742,0,114992.0
"('02C', '03C', '07C', '09C', '12D')",12.097319999999998,0,114599.0
"('04C', '05C', '06C', '09C', '12D')",12.096540000000001,0,114207.0
"('03C', '05C', '06C', '09C', '12D')",12.096530000000001,0,113814.0
"('02C', '05C', '06C', '09C', '12D')",12.09652,0,113422.0
"('03C', '04C', '06C', '09C', '12D')",12.096430000000002,0,113029.0
"('02C', '04C', '06C', '09C', '12D')",12.09642,0,112637.0
"('02C', '03C', '06C', '09C', '12D')",12.096319999999999,0,112245.0
"('03C', '04C', '05C', '09C', '12D')",12.095430000000002,0,111852.0
"('02C', '04C', '05C', '09C', '12D')",12.09542,0,111460.0
"('02C', '03C', '05C', '09C', '12D')",12.09532,0,111067.0
"('02C', '03C', '04C', '09C', '12D')",12.094319999999998,0,110675.0
"('05C', '06C', '07C', '08C', '12D')",12.08765,0,110282.0
"('04C', '06C', '07C', '08C', '12D')",12.08764,0,109890.0
"('03C', '06C', '07C', '08C', '12D')",12.08763,0,109497.0
"('02C', '06C', '07C', '08C', '12D')",12.08762,0,109105.0
"('04C', '05C', '07C', '08C', '12D')",12.08754,0,108712.0
"('03C', '05C', '07C', '08C', '12D')",12.087530000000001,0,108320.0
"('02C', '05C', '07C', '08C', '12D')",12.08752,0,107927.0
"('03C', '04C', '07C', '08C', '12D')",12.087430000000001,0,107535.0
"('02C', '04C', '07C', '08C', '12D')",12.08742,0,107142.0
"('02C', '03C', '07C', '08C', '12D')",12.087319999999998,0,106750.0
"('04C', '05C', '06C', '08C', '12D')",12.086540000000001,0,106358.0
"('03C', '05C', '06C', '08C', '12D')",12.086530000000002,0,105965.0
"('02C', '05C', '06C', '08C', '12D')",12.08652,0,105573.0
"('03C', '04C', '06C', '08C', '12D')",12.086430000000002,0,105180.0
"('02C', '04C', '06C', '08C', '12D')",12.08642,0,104788.0
"('02C', '03C', '06C', '08C', '12D')",12.086319999999999,0,104395.0
"('03C', '04C', '05C', '08C', '12D')",12.085430000000002,0,104003.0
"('02C', '04C', '05C', '08C', '12D')",12.085420000000001,0,103610.0
"('02C', '03C', '05C', '08C', '12D')",12.08532,0,103218.0
"('02C', '03C', '04C', '08C', '12D')",12.084319999999998,0,102825.0
"('04C', '05C', '06C', '07C', '12D')",12.076540000000001,0,102433.0
"('03C', '05C', '06C', '07C', '12D')",12.076530000000002,0,102040.0
"('02C', '05C', '06C', '07C', '12D')",12.07652,0,101648.0
"('03C', '04C', '06C', '07C', '12D')",12.076430000000002,0,101256.0
"('02C', '04C', '06C', '07C', '12D')",12.07642,0,100863.0
"('02C', '03C', '06C', '07C', '12D')",12.076319999999999,0,100471.0
"('03C', '04C', '05C', '07C', '12D')",12.075430000000003,0,100078.0
"('02C', '04C', '05C', '07C', '12D')",12.075420000000001,0,99686.0
"('02C', '03C', '05C', '07C', '12D')",12.07532,0,99293.0
"('02C', '03C', '04C', '07C', '12D')",12.074319999999998,0,98901.0
"('03C', '04C', '05C', '06C', '12D')",12.065430000000003,0,98508.0
"('02C', '04C', '05C', '06C', '12D')",12.065420000000001,0,98116.0
"('02C', '03C', '05C', '06C', '12D')",12.06532,0,97723.0
"('02C', '03C', '04C', '06C', '12D')",12.064319999999999,0,97331.0
"('02C', '03C', '04C', '05C', '12D')",12.054319999999999,0,96938.0
"('06C', '08C', '09C', '10C', '11D')",11.10986,0,96546.0
"('05C', '08C', '09C', '10C', '11D')",11.10985,0,96153.0
"('04C', '08C', '09C', '10C', '11D')",11.10984,0,95761.0
"('03C', '08C', '09C', '10C', '11D')",11.10983,0,95369.0
"('02C', '08C', '09C', '10C', '11D')",11.10982,0,94976.0
"('06C', '07C', '09C', '10C', '11D')",11.10976,0,94584.0
"('05C', '07C', '09C', '10C', '11D')",11.10975,0,94191.0
"('04C', '07C', '09C', '10C', '11D')",11.10974,0,93799.0
"('03C', '07C', '09C', '10C', '11D')",11.10973,0,93406.0
"('02C', '07C', '09C', '10C', '11D')",11.10972,0,93014.0
"('05C', '06C', '09C', '10C', '11D')",11.10965,0,92621.0
"('04C', '06C', '09C', '10C', '11D')",11.10964,0,92229.0
"('03C', '06C', '09C', '10C', '11D')",11.109630000000001,0,91836.0
"('02C', '06C', '09C', '10C', '11D')",11.10962,0,91444.0
"('04C', '05C', '09C', '10C', '11D')",11.10954,0,91051.0
"('03C', '05C', '09C', '10C', '11D')",11.109530000000001,0,90659.0
"('02C', '05C', '09C', '10C', '11D')",11.10952,0,90266.0
"('03C', '04C', '09C', '10C', '11D')",11.109430000000001,0,89874.0
"('02C', '04C', '09C', '10C', '11D')",11.10942,0,89482.0
"('02C', '03C', '09C', '10C', '11D')",11.109319999999999,0,89089.0
"('06C', '07C', '08C', '10C', '11D')",11.108759999999998,0,88697.0
"('05C', '07C', '08C', '10C', '11D')",11.108749999999999,0,88304.0
"('04C', '07C', '08C', '10C', '11D')",11.10874,0,87912.0
"('03C', '07C', '08C', '10C', '11D')",11.10873,0,87519.0
"('02C', '07C', '08C', '10C', '11D')",11.108719999999998,0,87127.0
"('05C', '06C', '08C', '10C', '11D')",11.108649999999999,0,86734.0
"('04C', '06C', '08C', '10C', '11D')",11.10864,0,86342.0
"('03C', '06C', '08C', '10C', '11D')",11.10863,0,85949.0
"('02C', '06C', '08C', '10C', '11D')",11.108619999999998,0,85557.0
"('04C', '05C', '08C', '10C', '11D')",11.10854,0,85164.0
"('03C', '05C', '08C', '10C', '11D')",11.10853,0,84772.0
"('02C', '05C', '08C', '10C', '11D')",11.108519999999999,0,84380.0
"('03C', '04C', '08C', '10C', '11D')",11.10843,0,83987.0
"('02C', '04C', '08C', '10C', '11D')",11.108419999999999,0,83595.0
"('02C', '03C', '08C', '10C', '11D')",11.108319999999997,0,83202.0
"('05C', '06C', '07C', '10C', '11D')",11.10765,0,82810.0
"('04C', '06C', '07C', '10C', '11D')",11.10764,0,82417.0
"('03C', '06C', '07C', '10C', '11D')",11.10763,0,82025.0
"('02C', '06C', '07C', '10C', '11D')",11.107619999999999,0,81632.0
"('04C', '05C', '07C', '10C', '11D')",11.10754,0,81240.0
"('03C', '05C', '07C', '10C', '11D')",11.10753,0,80847.0
"('02C', '05C', '07C', '10C', '11D')",11.10752,0,80455.0
"('03C', '04C', '07C', '10C', '11D')",11.10743,0,80062.0
"('02C', '04C', '07C', '10C', '11D')",11.10742,0,79670.0
"('02C', '03C', '07C', '10C', '11D')",11.107319999999998,0,79277.0
"('04C', '05C', '06C', '10C', '11D')",11.10654,0,78885.0
"('03C', '05C', '06C', '10C', '11D')",11.106530000000001,0,78493.0
"('02C', '05C', '06C', '10C', '11D')",11.10652,0,78100.0
"('03C', '04C', '06C', '10C', '11D')",11.106430000000001,0,77708.0
"('02C', '04C', '06C', '10C', '11D')",11.10642,0,77315.0
"('02C', '03C', '06C', '10C', '11D')",11.106319999999998,0,76923.0
"('03C', '04C', '05C', '10C', '11D')",11.105430000000002,0,76530.0
"('02C', '04C', '05C', '10C', '11D')",11.10542,0,76138.0
"('02C', '03C', '05C', '10C', '11D')",11.105319999999999,0,75745.0
"('02C', '03C', '04C', '10C', '11D')",11.104319999999998,0,75353.0
"('06C', '07C', '08C', '09C', '11D')",11.098759999999999,0,74960.0
"('05C', '07C', '08C', '09C', '11D')",11.098749999999999,0,74568.0
"('04C', '07C', '08C', '09C', '11D')",11.09874,0,74175.0
"('03C', '07C', '08C', '09C', '11D')",11.09873,0,73783.0
"('02C', '07C', '08C', '09C', '11D')",11.098719999999998,0,73391.0
"('05C', '06C', '08C', '09C', '11D')",11.09865,0,72998.0
"('04C', '06C', '08C', '09C', '11D')",11.09864,0,72606.0
"('03C', '06C', '08C', '09C', '11D')",11.09863,0,72213.0
"('02C', '06C', '08C', '09C', '11D')",11.098619999999999,0,71821.0
"('04C', '05C', '08C', '09C', '11D')",11.09854,0,71428.0
"('03C', '05C', '08C', '09C', '11D')",11.09853,0,71036.0
"('02C', '05C', '08C', '09C', '11D')",11.098519999999999,0,70643.0
"('03C', '04C', '08C', '09C', '11D')",11.09843,0,70251.0
"('02C', '04C', '08C', '09C', '11D')",11.098419999999999,0,69858.0
"('02C', '03C', '08C', '09C', '11D')",11.098319999999998,0,69466.0
"('05C', '06C', '07C', '09C', '11D')",11.09765,0,69073.0
"('04C', '06C', '07C', '09C', '11D')",11.09764,0,68681.0
"('03C', '06C', '07C', '09C', '11D')",11.09763,0,68288.0
"('02C', '06C', '07C', '09C', '11D')",11.09762,0,67896.0
"('04C', '05C', '07C', '09C', '11D')",11.09754,0,67504.0
"('03C', '05C', '07C', '09C', '11D')",11.09753,0,67111.0
"('02C', '05C', '07C', '09C', '11D')",11.09752,0,66719.0
"('03C', '04C', '07C', '09C', '11D')",11.097430000000001,0,66326.0
"('02C', '04C', '07C', '09C', '11D')",11.09742,0,65934.0
"('02C', '03C', '07C', '09C', '11D')",11.097319999999998,0,65541.0
"('04C', '05C', '06C', '09C', '11D')",11.096540000000001,0,65149.0
"('03C', '05C', '06C', '09C', '11D')",11.096530000000001,0,64756.0
"('02C', '05C', '06C', '09C', '11D')",11.09652,0,64364.0
"('03C', '04C', '06C', '09C', '11D')",11.096430000000002,0,63971.0
"('02C', '04C', '06C', '09C', '11D')",11.09642,0,63579.0
"('02C', '03C', '06C', '09C', '11D')",11.096319999999999,0,63186.0
"('03C', '04C', '05C', '09C', '11D')",11.095430000000002,0,62794.0
"('02C', '04C', '05C', '09C', '11D')",11.09542,0,62401.0
"('02C', '03C', '05C', '09C', '11D')",11.09532,0,62009.0
"('02C', '03C', '04C', '09C', '11D')",11.094319999999998,0,61617.0
"('05C', '06C', '07C', '08C', '11D')",11.08765,0,61224.0
"('04C', '06C', '07C', '08C', '11D')",11.08764,0,60832.0
"('03C', '06C', '07C', '08C', '11D')",11.08763,0,60439.0
"('02C', '06C', '07C', '08C', '11D')",11.08762,0,60047.0
"('04C', '05C', '07C', '08C', '11D')",11.08754,0,59654.0
"('03C', '05C', '07C', '08C', '11D')",11.087530000000001,0,59262.0
"('02C', '05C', '07C', '08C', '11D')",11.08752,0,58869.0
"('03C', '04C', '07C', '08C', '11D')",11.087430000000001,0,58477.0
"('02C', '04C', '07C', '08C', '11D')",11.08742,0,58084.0
"('02C', '03C', '07C', '08C', '11D')",11.087319999999998,0,57692.0
"('04C', '05C', '06C', '08C', '11D')",11.086540000000001,0,57299.0
"('03C', '05C', '06C', '08C', '11D')",11.086530000000002,0,56907.0
"('02C', '05C', '06C', '08C', '11D')",11.08652,0,56515.0
"('03C', '04C', '06C', '08C', '11D')",11.086430000000002,0,56122.0
"('02C', '04C', '06C', '08C', '11D')",11.08642,0,55730.0
"('02C', '03C', '06C', '08C', '11D')",11.086319999999999,0,55337.0
"('03C', '04C', '05C', '08C', '11D')",11.085430000000002,0,54945.0
"('02C', '04C', '05C', '08C', '11D')",11.085420000000001,0,54552.0
"('02C', '03C', '05C', '08C', '11D')",11.08532,0,54160.0
"('02C', '03C', '04C', '08C', '11D')",11.084319999999998,0,53767.0
"('04C', '05C', '06C', '07C', '11D')",11.076540000000001,0,53375.0
"('03C', '05C', '06C', '07C', '11D')",11.076530000000002,0,52982.0
"('02C', '05C', '06C', '07C', '11D')",11.07652,0,52590.0
"('03C', '04C', '06C', '07C', '11D')",11.076430000000002,0,52197.0
"('02C', '04C', '06C', '07C', '11D')",11.07642,0,51805.0
"('02C', '03C', '06C', '07C', '11D')",11.076319999999999,0,51412.0
"('03C', '04C', '05C', '07C', '11D')",11.075430000000003,0,51020.0
"('02C', '04C', '05C', '07C', '11D')",11.075420000000001,0,50628.0
"('02C', '03C', '05C', '07C', '11D')",11.07532,0,50235.0
"('02C', '03C', '04C', '07C', '11D')",11.074319999999998,0,49843.0
"('03C', '04C', '05C', '06C', '11D')",11.065430000000003,0,49450.0
"('02C', '04C', '05C', '06C', '11D')",11.065420000000001,0,49058.0
"('02C', '03C', '05C', '06C', '11D')",11.06532,0,48665.0
"('02C', '03C', '04C', '06C', '11D')",11.064319999999999,0,48273.0
"('02C', '03C', '04C', '05C', '11D')",11.054319999999999,0,47880.0
"('05C', '07C', '08C', '09C', '10D')",10.098749999999999,0,47488.0
"('04C', '07C', '08C', '09C', '10D')",10.09874,0,47095.0
"('03C', '07C', '08C', '09C', '10D')",10.09873,0,46703.0
"('02C', '07C', '08C', '09C', '10D')",10.098719999999998,0,46310.0
"('05C', '06C', '08C', '09C', '10D')",10.09865,0,45918.0
"('04C', '06C', '08C', '09C', '10D')",10.09864,0,45526.0
"('03C', '06C', '08C', '09C', '10D')",10.09863,0,45133.0
"('02C', '06C', '08C', '09C', '10D')",10.098619999999999,0,44741.0
"('04C', '05C', '08C', '09C', '10D')",10.09854,0,44348.0
"('03C', '05C', '08C', '09C', '10D')",10.09853,0,43956.0
"('02C', '05C', '08C', '09C', '10D')",10.098519999999999,0,43563.0
"('03C', '04C', '08C', '09C', '10D')",10.09843,0,43171.0
"('02C', '04C', '08C', '09C', '10D')",10.098419999999999,0,42778.0
"('02C', '03C', '08C', '09C', '10D')",10.098319999999998,0,42386.0
"('05C', '06C', '07C', '09C', '10D')",10.09765,0,41993.0
"('04C', '06C', '07C', '09C', '10D')",10.09764,0,41601.0
"('03C', '06C', '07C', '09C', '10D')",10.09763,0,41208.0
"('02C', '06C', '07C', '09C', '10D')",10.09762,0,40816.0
"('04C', '05C', '07C', '09C', '10D')",10.09754,0,40423.0
"('03C', '05C', '07C', '09C', '10D')",10.09753,0,40031.0
"('02C', '05C', '07C', '09C', '10D')",10.09752,0,39639.0
"('03C', '04C', '07C', '09C', '10D')",10.097430000000001,0,39246.0
"('02C', '04C', '07C', '09C', '10D')",10.09742,0,38854.0
"('02C', '03C', '07C', '09C', '10D')",10.097319999999998,0,38461.0
"('04C', '05C', '06C', '09C', '10D')",10.096540000000001,0,38069.0
"('03C', '05C', '06C', '09C', '10D')",10.096530000000001,0,37676.0
"('02C', '05C', '06C', '09C', '10D')",10.09652,0,37284.0
"('03C', '04C', '06C', '09C', '10D')",10.096430000000002,0,36891.0
"('02C', '04C', '06C', '09C', '10D')",10.09642,0,36499.0
"('02C', '03C', '06C', '09C', '10D')",10.096319999999999,0,36106.0
"('03C', '04C', '05C', '09C', '10D')",10.095430000000002,0,35714.0
"('02C', '04C', '05C', '09C', '10D')",10.09542,0,35321.0
"('02C', '03C', '05C', '09C', '10D')",10.09532,0,34929.0
"('02C', '03C', '04C', '09C', '10D')",10.094319999999998,0,34537.0
"('05C', '06C', '07C', '08C', '10D')",10.08765,0,34144.0
"('04C', '06C', '07C', '08C', '10D')",10.08764,0,33752.0
"('03C', '06C', '07C', '08C', '10D')",10.08763,0,33359.0
"('02C', '06C', '07C', '08C', '10D')",10.08762,0,32967.0
"('04C', '05C', '07C', '08C', '10D')",10.08754,0,32574.0
"('03C', '05C', '07C', '08C', '10D')",10.087530000000001,0,32182.0
"('02C', '05C', '07C', '08C', '10D')",10.08752,0,31789.0
"('03C', '04C', '07C', '08C', '10D')",10.087430000000001,0,31397.0
"('02C', '04C', '07C', '08C', '10D')",10.08742,0,31004.0
"('02C', '03C', '07C', '08C', '10D')",10.087319999999998,0,30612.0
"('04C', '05C', '06C', '08C', '10D')",10.086540000000001,0,30219.0
"('03C', '05C', '06C', '08C', '10D')",10.086530000000002,0,29827.0
"('02C', '05C', '06C', '08C', '10D')",10.08652,0,29434.0
"('03C', '04C', '06C', '08C', '10D')",10.086430000000002,0,29042.0
"('02C', '04C', '06C', '08C', '10D')",10.08642,0,28650.0
"('02C', '03C', '06C', '08C', '10D')",10.086319999999999,0,28257.0
"('03C', '04C', '05C', '08C', '10D')",10.085430000000002,0,27865.0
"('02C', '04C', '05C', '08C', '10D')",10.085420000000001,0,27472.0
"('02C', '03C', '05C', '08C', '10D')",10.08532,0,27080.0
"('02C', '03C', '04C', '08C', '10D')",10.084319999999998,0,26687.0
"('04C', '05C', '06C', '07C', '10D')",10.076540000000001,0,26295.0
"('03C', '05C', '06C', '07C', '10D')",10.076530000000002,0,25902.0
"('02C', '05C', '06C', '07C', '10D')",10.07652,0,25510.0
"('03C', '04C', '06C', '07C', '10D')",10.076430000000002,0,25117.0
"('02C', '04C', '06C', '07C', '10D')",10.07642,0,24725.0
"('02C', '03C', '06C', '07C', '10D')",10.076319999999999,0,24332.0
"('03C', '04C', '05C', '07C', '10D')",10.075430000000003,0,23940.0
"('02C', '04C', '05C', '07C', '10D')",10.075420000000001,0,23547.0
"('02C', '03C', '05C', '07C', '10D')",10.07532,0,23155.0
"('02C', '03C', '04C', '07C', '10D')",10.074319999999998,0,22763.0
"('03C', '04C', '05C', '06C', '10D')",10.065430000000003,0,22370.0
"('02C', '04C', '05C', '06C', '10D')",10.065420000000001,0,21978.0
"('02C', '03C', '05C', '06C', '10D')",10.06532,0,21585.0
"('02C', '03C', '04C', '06C', '10D')",10.064319999999999,0,21193.0
"('02C', '03C', '04C', '05C', '10D')",10.054319999999999,0,20800.0
"('04C', '06C', '07C', '08C', '09D')",9.08764,0,20408.0
"('03C', '06C', '07C', '08C', '09D')",9.08763,0,20015.0
"('02C', '06C', '07C', '08C', '09D')",9.08762,0,19623.0
"('04C', '05C', '07C', '08C', '09D')",9.08754,0,19230.0
"('03C', '05C', '07C', '08C', '09D')",9.087530000000001,0,18838.0
"('02C', '05C', '07C', '08C', '09D')",9.08752,0,18445.0
"('03C', '04C', '07C', '08C', '09D')",9.087430000000001,0,18053.0
"('02C', '04C', '07C', '08C', '09D')",9.08742,0,17661.0
"('02C', '03C', '07C', '08C', '09D')",9.087319999999998,0,17268.0
"('04C', '05C', '06C', '08C', '09D')",9.086540000000001,0,16876.0
"('03C', '05C', '06C', '08C', '09D')",9.086530000000002,0,16483.0
"('02C', '05C', '06C', '08C', '09D')",9.08652,0,16091.0
"('03C', '04C', '06C', '08C', '09D')",9.086430000000002,0,15698.0
"('02C', '04C', '06C', '08C', '09D')",9.08642,0,15306.0
"('02C', '03C', '06C', '08C', '09D')",9.086319999999999,0,14913.0
"('03C', '04C', '05C', '08C', '09D')",9.085430000000002,0,14521.0
"('02C', '04C', '05C', '08C', '09D')",9.085420000000001,0,14128.0
"('02C', '03C', '05C', '08C', '09D')",9.08532,0,13736.0
"('02C', '03C', '04C', '08C', '09D')",9.084319999999998,0,13343.0
"('04C', '05C', '06C', '07C', '09D')",9.076540000000001,0,12951.0
"('03C', '05C', '06C', '07C', '09D')",9.076530000000002,0,12558.0
"('02C', '05C', '06C', '07C', '09D')",9.07652,0,12166.0
"('03C', '04C', '06C', '07C', '09D')",9.076430000000002,0,11774.0
"('02C', '04C', '06C', '07C', '09D')",9.07642,0,11381.0
"('02C', '03C', '06C', '07C', '09D')",9.076319999999999,0,10989.0
"('03C', '04C', '05C', '07C', '09D')",9.075430000000003,0,10596.0
"('02C', '04C', '05C', '07C', '09D')",9.075420000000001,0,10204.0
"('02C', '03C', '05C', '07C', '09D')",9.07532,0,9811.0
"('02C', '03C', '04C', '07C', '09D')",9.074319999999998,0,9419.0
"('03C', '04C', '05C', '06C', '09D')",9.065430000000003,0,9026.0
"('02C', '04C', '05C', '06C', '09D')",9.065420000000001,0,8634.0
"('02C', '03C', '05C', '06C', '09D')",9.06532,0,8241.0
"('02C', '03C', '04C', '06C', '09D')",9.064319999999999,0,7849.0
"('02C', '03C', '04C', '05C', '09D')",9.054319999999999,0,7456.0
"('03C', '05C', '06C', '07C', '08D')",8.076530000000002,0,7064.0
"('02C', '05C', '06C', '07C', '08D')",8.07652,0,6672.0
"('03C', '04C', '06C', '07C', '08D')",8.076430000000002,0,6279.0
"('02C', '04C', '06C', '07C', '08D')",8.07642,0,5887.0
"('02C', '03C', '06C', '07C', '08D')",8.076319999999999,0,5494.0
"('03C', '04C', '05C', '07C', '08D')",8.075430000000003,0,5102.0
"('02C', '04C', '05C', '07C', '08D')",8.075420000000001,0,4709.0
"('02C', '03C', '05C', '07C', '08D')",8.07532,0,4317.0
"('02C', '03C', '04C', '07C', '08D')",8.074319999999998,0,3924.0
"('03C', '04C', '05C', '06C', '08D')",8.065430000000003,0,3532.0
"('02C', '04C', '05C', '06C', '08D')",8.065420000000001,0,3139.0
"('02C', '03C', '05C', '06C', '08D')",8.06532,0,2747.0
"('02C', '03C', '04C', '06C', '08D')",8.064319999999999,0,2354.0
"('02C', '03C', '04C', '05C', '08D')",8.054319999999999,0,1962.0
"('02C', '04C', '05C', '06C', '07D')",7.06542,0,1569.0
"('02C', '03C', '05C', '06C', '07D')",7.06532,0,1177.0
"('02C', '03C', '04C', '06C', '07D')",7.0643199999999995,0,785.0
"('02C', '03C', '04C', '05C', '07D')",7.05432,0,392.0
