score,hand,handtype,score2
135.0,"[10, 11, 12, 13, 14]",10,1000000.0
134.0,"[2, 3, 4, 5, 14]",9,999998.0
133.0,"[9, 10, 11, 12, 13]",8,999997.0
132.0,"[8, 9, 10, 11, 12]",8,999995.0
131.0,"[7, 8, 9, 10, 11]",8,999993.0
130.0,"[6, 7, 8, 9, 10]",8,999992.0
129.0,"[5, 6, 7, 8, 9]",8,999990.0
128.0,"[4, 5, 6, 7, 8]",8,999989.0
127.0,"[3, 4, 5, 6, 7]",8,999987.0
126.0,"[2, 3, 4, 5, 6]",8,999986.0
119.0,"[13, 14, 14, 14, 14]",7,999984.0
118.0,"[13, 13, 13, 13, 14]",7,999966.0
117.0,"[12, 12, 12, 12, 14]",7,999947.0
116.0,"[11, 11, 11, 11, 14]",7,999929.0
115.0,"[10, 10, 10, 10, 14]",7,999910.0
114.0,"[9, 9, 9, 9, 14]",7,999892.0
113.0,"[8, 8, 8, 8, 14]",7,999873.0
112.0,"[7, 7, 7, 7, 14]",7,999855.0
111.0,"[6, 6, 6, 6, 14]",7,999836.0
110.0,"[5, 5, 5, 5, 14]",7,999818.0
109.0,"[4, 4, 4, 4, 14]",7,999800.0
108.0,"[3, 3, 3, 3, 14]",7,999781.0
107.0,"[2, 2, 2, 2, 14]",7,999763.0
104.0,"[13, 13, 14, 14, 14]",6,999744.0
103.0,"[13, 13, 13, 14, 14]",6,999633.0
102.0,"[12, 12, 12, 14, 14]",6,999523.0
101.0,"[11, 11, 11, 14, 14]",6,999412.0
100.0,"[10, 10, 10, 14, 14]",6,999301.0
99.0,"[9, 9, 9, 14, 14]",6,999190.0
98.0,"[8, 8, 8, 14, 14]",6,999079.0
97.0,"[7, 7, 7, 14, 14]",6,998968.0
96.0,"[6, 6, 6, 14, 14]",6,998858.0
95.0,"[5, 5, 5, 14, 14]",6,998747.0
94.0,"[4, 4, 4, 14, 14]",6,998636.0
93.0,"[3, 3, 3, 14, 14]",6,998525.0
92.0,"[2, 2, 2, 14, 14]",6,998414.0
89.14319,"[9, 11, 12, 13, 14]",5,998304.0
89.14318,"[8, 11, 12, 13, 14]",5,998302.0
89.14317,"[7, 11, 12, 13, 14]",5,998300.0
89.14316,"[6, 11, 12, 13, 14]",5,998299.0
89.14315,"[5, 11, 12, 13, 14]",5,998297.0
89.14314,"[4, 11, 12, 13, 14]",5,998296.0
89.14313,"[3, 11, 12, 13, 14]",5,998294.0
89.14312,"[2, 11, 12, 13, 14]",5,998293.0
89.14309,"[9, 10, 12, 13, 14]",5,998291.0
89.14308,"[8, 10, 12, 13, 14]",5,998290.0
89.14307,"[7, 10, 12, 13, 14]",5,998288.0
89.14306,"[6, 10, 12, 13, 14]",5,998287.0
89.14305,"[5, 10, 12, 13, 14]",5,998285.0
89.14304,"[4, 10, 12, 13, 14]",5,998284.0
89.14303,"[3, 10, 12, 13, 14]",5,998282.0
89.14302,"[2, 10, 12, 13, 14]",5,998280.0
89.14298,"[8, 9, 12, 13, 14]",5,998279.0
89.14297,"[7, 9, 12, 13, 14]",5,998277.0
89.14296,"[6, 9, 12, 13, 14]",5,998276.0
89.14295,"[5, 9, 12, 13, 14]",5,998274.0
89.14294,"[4, 9, 12, 13, 14]",5,998273.0
89.14293,"[3, 9, 12, 13, 14]",5,998271.0
89.14292,"[2, 9, 12, 13, 14]",5,998270.0
89.14287,"[7, 8, 12, 13, 14]",5,998268.0
89.14286,"[6, 8, 12, 13, 14]",5,998267.0
89.14285,"[5, 8, 12, 13, 14]",5,998265.0
89.14284,"[4, 8, 12, 13, 14]",5,998264.0
89.14283,"[3, 8, 12, 13, 14]",5,998262.0
89.14282,"[2, 8, 12, 13, 14]",5,998260.0
89.14276,"[6, 7, 12, 13, 14]",5,998259.0
89.14275,"[5, 7, 12, 13, 14]",5,998257.0
89.14274,"[4, 7, 12, 13, 14]",5,998256.0
89.14273,"[3, 7, 12, 13, 14]",5,998254.0
89.14272,"[2, 7, 12, 13, 14]",5,998253.0
89.14265,"[5, 6, 12, 13, 14]",5,998251.0
89.14264,"[4, 6, 12, 13, 14]",5,998250.0
89.14263,"[3, 6, 12, 13, 14]",5,998248.0
89.14262,"[2, 6, 12, 13, 14]",5,998247.0
89.14254,"[4, 5, 12, 13, 14]",5,998245.0
89.14253000000001,"[3, 5, 12, 13, 14]",5,998244.0
89.14252,"[2, 5, 12, 13, 14]",5,998242.0
89.14243,"[3, 4, 12, 13, 14]",5,998240.0
89.14242,"[2, 4, 12, 13, 14]",5,998239.0
89.14232,"[2, 3, 12, 13, 14]",5,998237.0
89.14209,"[9, 10, 11, 13, 14]",5,998236.0
89.14207999999999,"[8, 10, 11, 13, 14]",5,998234.0
89.14207,"[7, 10, 11, 13, 14]",5,998233.0
89.14206,"[6, 10, 11, 13, 14]",5,998231.0
89.14205,"[5, 10, 11, 13, 14]",5,998230.0
89.14204,"[4, 10, 11, 13, 14]",5,998228.0
89.14203,"[3, 10, 11, 13, 14]",5,998227.0
89.14202,"[2, 10, 11, 13, 14]",5,998225.0
89.14198,"[8, 9, 11, 13, 14]",5,998224.0
89.14197,"[7, 9, 11, 13, 14]",5,998222.0
89.14196,"[6, 9, 11, 13, 14]",5,998220.0
89.14195,"[5, 9, 11, 13, 14]",5,998219.0
89.14194,"[4, 9, 11, 13, 14]",5,998217.0
89.14193,"[3, 9, 11, 13, 14]",5,998216.0
89.14192,"[2, 9, 11, 13, 14]",5,998214.0
89.14187,"[7, 8, 11, 13, 14]",5,998213.0
89.14186,"[6, 8, 11, 13, 14]",5,998211.0
89.14185,"[5, 8, 11, 13, 14]",5,998210.0
89.14184,"[4, 8, 11, 13, 14]",5,998208.0
89.14183,"[3, 8, 11, 13, 14]",5,998207.0
89.14182,"[2, 8, 11, 13, 14]",5,998205.0
89.14176,"[6, 7, 11, 13, 14]",5,998204.0
89.14175,"[5, 7, 11, 13, 14]",5,998202.0
89.14174,"[4, 7, 11, 13, 14]",5,998200.0
89.14173,"[3, 7, 11, 13, 14]",5,998199.0
89.14171999999999,"[2, 7, 11, 13, 14]",5,998197.0
89.14165,"[5, 6, 11, 13, 14]",5,998196.0
89.14164,"[4, 6, 11, 13, 14]",5,998194.0
89.14163,"[3, 6, 11, 13, 14]",5,998193.0
89.14162,"[2, 6, 11, 13, 14]",5,998191.0
89.14154,"[4, 5, 11, 13, 14]",5,998190.0
89.14153,"[3, 5, 11, 13, 14]",5,998188.0
89.14152,"[2, 5, 11, 13, 14]",5,998187.0
89.14143,"[3, 4, 11, 13, 14]",5,998185.0
89.14142,"[2, 4, 11, 13, 14]",5,998184.0
89.14132,"[2, 3, 11, 13, 14]",5,998182.0
89.14098,"[8, 9, 10, 13, 14]",5,998180.0
89.14097,"[7, 9, 10, 13, 14]",5,998179.0
89.14096,"[6, 9, 10, 13, 14]",5,998177.0
89.14095,"[5, 9, 10, 13, 14]",5,998176.0
89.14094,"[4, 9, 10, 13, 14]",5,998174.0
89.14093,"[3, 9, 10, 13, 14]",5,998173.0
89.14092,"[2, 9, 10, 13, 14]",5,998171.0
89.14087,"[7, 8, 10, 13, 14]",5,998170.0
89.14086,"[6, 8, 10, 13, 14]",5,998168.0
89.14085,"[5, 8, 10, 13, 14]",5,998167.0
89.14084,"[4, 8, 10, 13, 14]",5,998165.0
89.14083,"[3, 8, 10, 13, 14]",5,998163.0
89.14082,"[2, 8, 10, 13, 14]",5,998162.0
89.14076,"[6, 7, 10, 13, 14]",5,998160.0
89.14075,"[5, 7, 10, 13, 14]",5,998159.0
89.14074,"[4, 7, 10, 13, 14]",5,998157.0
89.14073,"[3, 7, 10, 13, 14]",5,998156.0
89.14072,"[2, 7, 10, 13, 14]",5,998154.0
89.14065,"[5, 6, 10, 13, 14]",5,998153.0
89.14064,"[4, 6, 10, 13, 14]",5,998151.0
89.14063,"[3, 6, 10, 13, 14]",5,998150.0
89.14062,"[2, 6, 10, 13, 14]",5,998148.0
89.14054,"[4, 5, 10, 13, 14]",5,998147.0
89.14053,"[3, 5, 10, 13, 14]",5,998145.0
89.14052,"[2, 5, 10, 13, 14]",5,998143.0
89.14043000000001,"[3, 4, 10, 13, 14]",5,998142.0
89.14042,"[2, 4, 10, 13, 14]",5,998140.0
89.14032,"[2, 3, 10, 13, 14]",5,998139.0
89.13987,"[7, 8, 9, 13, 14]",5,998137.0
89.13986,"[6, 8, 9, 13, 14]",5,998136.0
89.13985,"[5, 8, 9, 13, 14]",5,998134.0
89.13984,"[4, 8, 9, 13, 14]",5,998133.0
89.13983,"[3, 8, 9, 13, 14]",5,998131.0
89.13982,"[2, 8, 9, 13, 14]",5,998130.0
89.13976,"[6, 7, 9, 13, 14]",5,998128.0
89.13975,"[5, 7, 9, 13, 14]",5,998127.0
89.13974,"[4, 7, 9, 13, 14]",5,998125.0
89.13973,"[3, 7, 9, 13, 14]",5,998123.0
89.13972,"[2, 7, 9, 13, 14]",5,998122.0
89.13965,"[5, 6, 9, 13, 14]",5,998120.0
89.13964,"[4, 6, 9, 13, 14]",5,998119.0
89.13963,"[3, 6, 9, 13, 14]",5,998117.0
89.13962000000001,"[2, 6, 9, 13, 14]",5,998116.0
89.13954,"[4, 5, 9, 13, 14]",5,998114.0
89.13953000000001,"[3, 5, 9, 13, 14]",5,998113.0
89.13952,"[2, 5, 9, 13, 14]",5,998111.0
89.13943,"[3, 4, 9, 13, 14]",5,998110.0
89.13942,"[2, 4, 9, 13, 14]",5,998108.0
89.13932,"[2, 3, 9, 13, 14]",5,998107.0
89.13876,"[6, 7, 8, 13, 14]",5,998105.0
89.13875,"[5, 7, 8, 13, 14]",5,998103.0
89.13874,"[4, 7, 8, 13, 14]",5,998102.0
89.13873,"[3, 7, 8, 13, 14]",5,998100.0
89.13872,"[2, 7, 8, 13, 14]",5,998099.0
89.13865,"[5, 6, 8, 13, 14]",5,998097.0
89.13864,"[4, 6, 8, 13, 14]",5,998096.0
89.13863,"[3, 6, 8, 13, 14]",5,998094.0
89.13862,"[2, 6, 8, 13, 14]",5,998093.0
89.13854,"[4, 5, 8, 13, 14]",5,998091.0
89.13853,"[3, 5, 8, 13, 14]",5,998090.0
89.13852,"[2, 5, 8, 13, 14]",5,998088.0
89.13843,"[3, 4, 8, 13, 14]",5,998087.0
89.13842,"[2, 4, 8, 13, 14]",5,998085.0
89.13832,"[2, 3, 8, 13, 14]",5,998083.0
89.13765000000001,"[5, 6, 7, 13, 14]",5,998082.0
89.13764,"[4, 6, 7, 13, 14]",5,998080.0
89.13763,"[3, 6, 7, 13, 14]",5,998079.0
89.13762,"[2, 6, 7, 13, 14]",5,998077.0
89.13754,"[4, 5, 7, 13, 14]",5,998076.0
89.13753,"[3, 5, 7, 13, 14]",5,998074.0
89.13752,"[2, 5, 7, 13, 14]",5,998073.0
89.13743,"[3, 4, 7, 13, 14]",5,998071.0
89.13742,"[2, 4, 7, 13, 14]",5,998070.0
89.13732,"[2, 3, 7, 13, 14]",5,998068.0
89.13654,"[4, 5, 6, 13, 14]",5,998067.0
89.13653000000001,"[3, 5, 6, 13, 14]",5,998065.0
89.13652,"[2, 5, 6, 13, 14]",5,998063.0
89.13643,"[3, 4, 6, 13, 14]",5,998062.0
89.13642,"[2, 4, 6, 13, 14]",5,998060.0
89.13632,"[2, 3, 6, 13, 14]",5,998059.0
89.13543,"[3, 4, 5, 13, 14]",5,998057.0
89.13542,"[2, 4, 5, 13, 14]",5,998056.0
89.13532000000001,"[2, 3, 5, 13, 14]",5,998054.0
89.13432,"[2, 3, 4, 13, 14]",5,998053.0
89.13209,"[9, 10, 11, 12, 14]",5,998051.0
89.13208,"[8, 10, 11, 12, 14]",5,998050.0
89.13207,"[7, 10, 11, 12, 14]",5,998048.0
89.13206,"[6, 10, 11, 12, 14]",5,998047.0
89.13204999999999,"[5, 10, 11, 12, 14]",5,998045.0
89.13204,"[4, 10, 11, 12, 14]",5,998043.0
89.13203,"[3, 10, 11, 12, 14]",5,998042.0
89.13202,"[2, 10, 11, 12, 14]",5,998040.0
89.13198,"[8, 9, 11, 12, 14]",5,998039.0
89.13197,"[7, 9, 11, 12, 14]",5,998037.0
89.13195999999999,"[6, 9, 11, 12, 14]",5,998036.0
89.13195,"[5, 9, 11, 12, 14]",5,998034.0
89.13194,"[4, 9, 11, 12, 14]",5,998033.0
89.13193,"[3, 9, 11, 12, 14]",5,998031.0
89.13192,"[2, 9, 11, 12, 14]",5,998030.0
89.13186999999999,"[7, 8, 11, 12, 14]",5,998028.0
89.13186,"[6, 8, 11, 12, 14]",5,998027.0
89.13185,"[5, 8, 11, 12, 14]",5,998025.0
89.13184,"[4, 8, 11, 12, 14]",5,998023.0
89.13183,"[3, 8, 11, 12, 14]",5,998022.0
89.13182,"[2, 8, 11, 12, 14]",5,998020.0
89.13176,"[6, 7, 11, 12, 14]",5,998019.0
89.13175,"[5, 7, 11, 12, 14]",5,998017.0
89.13174,"[4, 7, 11, 12, 14]",5,998016.0
89.13173,"[3, 7, 11, 12, 14]",5,998014.0
89.13172,"[2, 7, 11, 12, 14]",5,998013.0
89.13165,"[5, 6, 11, 12, 14]",5,998011.0
89.13164,"[4, 6, 11, 12, 14]",5,998010.0
89.13163,"[3, 6, 11, 12, 14]",5,998008.0
89.13162,"[2, 6, 11, 12, 14]",5,998007.0
89.13154,"[4, 5, 11, 12, 14]",5,998005.0
89.13153,"[3, 5, 11, 12, 14]",5,998003.0
89.13152,"[2, 5, 11, 12, 14]",5,998002.0
89.13143,"[3, 4, 11, 12, 14]",5,998000.0
89.13141999999999,"[2, 4, 11, 12, 14]",5,997999.0
89.13132,"[2, 3, 11, 12, 14]",5,997997.0
89.13098,"[8, 9, 10, 12, 14]",5,997996.0
89.13096999999999,"[7, 9, 10, 12, 14]",5,997994.0
89.13096,"[6, 9, 10, 12, 14]",5,997993.0
89.13095,"[5, 9, 10, 12, 14]",5,997991.0
89.13094,"[4, 9, 10, 12, 14]",5,997990.0
89.13093,"[3, 9, 10, 12, 14]",5,997988.0
89.13092,"[2, 9, 10, 12, 14]",5,997987.0
89.13087,"[7, 8, 10, 12, 14]",5,997985.0
89.13086,"[6, 8, 10, 12, 14]",5,997983.0
89.13085,"[5, 8, 10, 12, 14]",5,997982.0
89.13084,"[4, 8, 10, 12, 14]",5,997980.0
89.13083,"[3, 8, 10, 12, 14]",5,997979.0
89.13082,"[2, 8, 10, 12, 14]",5,997977.0
89.13076,"[6, 7, 10, 12, 14]",5,997976.0
89.13075,"[5, 7, 10, 12, 14]",5,997974.0
89.13074,"[4, 7, 10, 12, 14]",5,997973.0
89.13073,"[3, 7, 10, 12, 14]",5,997971.0
89.13072,"[2, 7, 10, 12, 14]",5,997970.0
89.13065,"[5, 6, 10, 12, 14]",5,997968.0
89.13064,"[4, 6, 10, 12, 14]",5,997966.0
89.13063,"[3, 6, 10, 12, 14]",5,997965.0
89.13062,"[2, 6, 10, 12, 14]",5,997963.0
89.13054,"[4, 5, 10, 12, 14]",5,997962.0
89.13053,"[3, 5, 10, 12, 14]",5,997960.0
89.13052,"[2, 5, 10, 12, 14]",5,997959.0
89.13043,"[3, 4, 10, 12, 14]",5,997957.0
89.13042,"[2, 4, 10, 12, 14]",5,997956.0
89.13032,"[2, 3, 10, 12, 14]",5,997954.0
89.12987,"[7, 8, 9, 12, 14]",5,997953.0
89.12986,"[6, 8, 9, 12, 14]",5,997951.0
89.12985,"[5, 8, 9, 12, 14]",5,997950.0
89.12984,"[4, 8, 9, 12, 14]",5,997948.0
89.12983,"[3, 8, 9, 12, 14]",5,997946.0
89.12982,"[2, 8, 9, 12, 14]",5,997945.0
89.12976,"[6, 7, 9, 12, 14]",5,997943.0
89.12975,"[5, 7, 9, 12, 14]",5,997942.0
89.12974,"[4, 7, 9, 12, 14]",5,997940.0
89.12973,"[3, 7, 9, 12, 14]",5,997939.0
89.12971999999999,"[2, 7, 9, 12, 14]",5,997937.0
89.12965,"[5, 6, 9, 12, 14]",5,997936.0
89.12964,"[4, 6, 9, 12, 14]",5,997934.0
89.12963,"[3, 6, 9, 12, 14]",5,997933.0
89.12962,"[2, 6, 9, 12, 14]",5,997931.0
89.12954,"[4, 5, 9, 12, 14]",5,997930.0
89.12953,"[3, 5, 9, 12, 14]",5,997928.0
89.12952,"[2, 5, 9, 12, 14]",5,997926.0
89.12943,"[3, 4, 9, 12, 14]",5,997925.0
89.12942,"[2, 4, 9, 12, 14]",5,997923.0
89.12931999999999,"[2, 3, 9, 12, 14]",5,997922.0
89.12876,"[6, 7, 8, 12, 14]",5,997920.0
89.12875,"[5, 7, 8, 12, 14]",5,997919.0
89.12874,"[4, 7, 8, 12, 14]",5,997917.0
89.12873,"[3, 7, 8, 12, 14]",5,997916.0
89.12872,"[2, 7, 8, 12, 14]",5,997914.0
89.12865,"[5, 6, 8, 12, 14]",5,997913.0
89.12864,"[4, 6, 8, 12, 14]",5,997911.0
89.12863,"[3, 6, 8, 12, 14]",5,997910.0
89.12862,"[2, 6, 8, 12, 14]",5,997908.0
89.12854,"[4, 5, 8, 12, 14]",5,997906.0
89.12853,"[3, 5, 8, 12, 14]",5,997905.0
89.12852,"[2, 5, 8, 12, 14]",5,997903.0
89.12843,"[3, 4, 8, 12, 14]",5,997902.0
89.12842,"[2, 4, 8, 12, 14]",5,997900.0
89.12832,"[2, 3, 8, 12, 14]",5,997899.0
89.12765,"[5, 6, 7, 12, 14]",5,997897.0
89.12764,"[4, 6, 7, 12, 14]",5,997896.0
89.12763,"[3, 6, 7, 12, 14]",5,997894.0
89.12762,"[2, 6, 7, 12, 14]",5,997893.0
89.12754,"[4, 5, 7, 12, 14]",5,997891.0
89.12753000000001,"[3, 5, 7, 12, 14]",5,997890.0
89.12752,"[2, 5, 7, 12, 14]",5,997888.0
89.12743,"[3, 4, 7, 12, 14]",5,997886.0
89.12742,"[2, 4, 7, 12, 14]",5,997885.0
89.12732,"[2, 3, 7, 12, 14]",5,997883.0
89.12654,"[4, 5, 6, 12, 14]",5,997882.0
89.12653,"[3, 5, 6, 12, 14]",5,997880.0
89.12652,"[2, 5, 6, 12, 14]",5,997879.0
89.12643,"[3, 4, 6, 12, 14]",5,997877.0
89.12642,"[2, 4, 6, 12, 14]",5,997876.0
89.12631999999999,"[2, 3, 6, 12, 14]",5,997874.0
89.12543,"[3, 4, 5, 12, 14]",5,997873.0
89.12542,"[2, 4, 5, 12, 14]",5,997871.0
89.12532,"[2, 3, 5, 12, 14]",5,997870.0
89.12432,"[2, 3, 4, 12, 14]",5,997868.0
89.12098,"[8, 9, 10, 11, 14]",5,997866.0
89.12097,"[7, 9, 10, 11, 14]",5,997865.0
89.12096,"[6, 9, 10, 11, 14]",5,997863.0
89.12095,"[5, 9, 10, 11, 14]",5,997862.0
89.12094,"[4, 9, 10, 11, 14]",5,997860.0
89.12093,"[3, 9, 10, 11, 14]",5,997859.0
89.12092,"[2, 9, 10, 11, 14]",5,997857.0
89.12087,"[7, 8, 10, 11, 14]",5,997856.0
89.12086,"[6, 8, 10, 11, 14]",5,997854.0
89.12085,"[5, 8, 10, 11, 14]",5,997853.0
89.12084,"[4, 8, 10, 11, 14]",5,997851.0
89.12083,"[3, 8, 10, 11, 14]",5,997850.0
89.12082,"[2, 8, 10, 11, 14]",5,997848.0
89.12076,"[6, 7, 10, 11, 14]",5,997846.0
89.12075,"[5, 7, 10, 11, 14]",5,997845.0
89.12074,"[4, 7, 10, 11, 14]",5,997843.0
89.12073,"[3, 7, 10, 11, 14]",5,997842.0
89.12072,"[2, 7, 10, 11, 14]",5,997840.0
89.12065,"[5, 6, 10, 11, 14]",5,997839.0
89.12064,"[4, 6, 10, 11, 14]",5,997837.0
89.12063,"[3, 6, 10, 11, 14]",5,997836.0
89.12062,"[2, 6, 10, 11, 14]",5,997834.0
89.12054,"[4, 5, 10, 11, 14]",5,997833.0
89.12053,"[3, 5, 10, 11, 14]",5,997831.0
89.12052,"[2, 5, 10, 11, 14]",5,997830.0
89.12043,"[3, 4, 10, 11, 14]",5,997828.0
89.12042,"[2, 4, 10, 11, 14]",5,997826.0
89.12031999999999,"[2, 3, 10, 11, 14]",5,997825.0
89.11986999999999,"[7, 8, 9, 11, 14]",5,997823.0
89.11986,"[6, 8, 9, 11, 14]",5,997822.0
89.11985,"[5, 8, 9, 11, 14]",5,997820.0
89.11984,"[4, 8, 9, 11, 14]",5,997819.0
89.11983000000001,"[3, 8, 9, 11, 14]",5,997817.0
89.11982,"[2, 8, 9, 11, 14]",5,997816.0
89.11976,"[6, 7, 9, 11, 14]",5,997814.0
89.11975,"[5, 7, 9, 11, 14]",5,997813.0
89.11974000000001,"[4, 7, 9, 11, 14]",5,997811.0
89.11973,"[3, 7, 9, 11, 14]",5,997810.0
89.11972,"[2, 7, 9, 11, 14]",5,997808.0
89.11965000000001,"[5, 6, 9, 11, 14]",5,997806.0
89.11964,"[4, 6, 9, 11, 14]",5,997805.0
89.11963,"[3, 6, 9, 11, 14]",5,997803.0
89.11962,"[2, 6, 9, 11, 14]",5,997802.0
89.11954,"[4, 5, 9, 11, 14]",5,997800.0
89.11953,"[3, 5, 9, 11, 14]",5,997799.0
89.11952,"[2, 5, 9, 11, 14]",5,997797.0
89.11943,"[3, 4, 9, 11, 14]",5,997796.0
89.11942,"[2, 4, 9, 11, 14]",5,997794.0
89.11932,"[2, 3, 9, 11, 14]",5,997793.0
89.11876,"[6, 7, 8, 11, 14]",5,997791.0
89.11875,"[5, 7, 8, 11, 14]",5,997790.0
89.11874,"[4, 7, 8, 11, 14]",5,997788.0
89.11873,"[3, 7, 8, 11, 14]",5,997786.0
89.11872,"[2, 7, 8, 11, 14]",5,997785.0
89.11865,"[5, 6, 8, 11, 14]",5,997783.0
89.11864,"[4, 6, 8, 11, 14]",5,997782.0
89.11863,"[3, 6, 8, 11, 14]",5,997780.0
89.11861999999999,"[2, 6, 8, 11, 14]",5,997779.0
89.11854,"[4, 5, 8, 11, 14]",5,997777.0
89.11852999999999,"[3, 5, 8, 11, 14]",5,997776.0
89.11852,"[2, 5, 8, 11, 14]",5,997774.0
89.11843,"[3, 4, 8, 11, 14]",5,997773.0
89.11842,"[2, 4, 8, 11, 14]",5,997771.0
89.11832,"[2, 3, 8, 11, 14]",5,997769.0
89.11765,"[5, 6, 7, 11, 14]",5,997768.0
89.11764,"[4, 6, 7, 11, 14]",5,997766.0
89.11763,"[3, 6, 7, 11, 14]",5,997765.0
89.11762,"[2, 6, 7, 11, 14]",5,997763.0
89.11754,"[4, 5, 7, 11, 14]",5,997762.0
89.11753,"[3, 5, 7, 11, 14]",5,997760.0
89.11752,"[2, 5, 7, 11, 14]",5,997759.0
89.11743,"[3, 4, 7, 11, 14]",5,997757.0
89.11742,"[2, 4, 7, 11, 14]",5,997756.0
89.11731999999999,"[2, 3, 7, 11, 14]",5,997754.0
89.11654,"[4, 5, 6, 11, 14]",5,997753.0
89.11653,"[3, 5, 6, 11, 14]",5,997751.0
89.11652,"[2, 5, 6, 11, 14]",5,997749.0
89.11643000000001,"[3, 4, 6, 11, 14]",5,997748.0
89.11642,"[2, 4, 6, 11, 14]",5,997746.0
89.11632,"[2, 3, 6, 11, 14]",5,997745.0
89.11543,"[3, 4, 5, 11, 14]",5,997743.0
89.11542,"[2, 4, 5, 11, 14]",5,997742.0
89.11532,"[2, 3, 5, 11, 14]",5,997740.0
89.11431999999999,"[2, 3, 4, 11, 14]",5,997739.0
89.10987,"[7, 8, 9, 10, 14]",5,997737.0
89.10986,"[6, 8, 9, 10, 14]",5,997736.0
89.10985,"[5, 8, 9, 10, 14]",5,997734.0
89.10984,"[4, 8, 9, 10, 14]",5,997733.0
89.10983,"[3, 8, 9, 10, 14]",5,997731.0
89.10982,"[2, 8, 9, 10, 14]",5,997729.0
89.10976,"[6, 7, 9, 10, 14]",5,997728.0
89.10975,"[5, 7, 9, 10, 14]",5,997726.0
89.10974,"[4, 7, 9, 10, 14]",5,997725.0
89.10973,"[3, 7, 9, 10, 14]",5,997723.0
89.10972,"[2, 7, 9, 10, 14]",5,997722.0
89.10965,"[5, 6, 9, 10, 14]",5,997720.0
89.10964,"[4, 6, 9, 10, 14]",5,997719.0
89.10963,"[3, 6, 9, 10, 14]",5,997717.0
89.10962,"[2, 6, 9, 10, 14]",5,997716.0
89.10954,"[4, 5, 9, 10, 14]",5,997714.0
89.10953,"[3, 5, 9, 10, 14]",5,997713.0
89.10952,"[2, 5, 9, 10, 14]",5,997711.0
89.10943,"[3, 4, 9, 10, 14]",5,997709.0
89.10942,"[2, 4, 9, 10, 14]",5,997708.0
89.10932,"[2, 3, 9, 10, 14]",5,997706.0
89.10876,"[6, 7, 8, 10, 14]",5,997705.0
89.10875,"[5, 7, 8, 10, 14]",5,997703.0
89.10874,"[4, 7, 8, 10, 14]",5,997702.0
89.10873,"[3, 7, 8, 10, 14]",5,997700.0
89.10872,"[2, 7, 8, 10, 14]",5,997699.0
89.10865,"[5, 6, 8, 10, 14]",5,997697.0
89.10864,"[4, 6, 8, 10, 14]",5,997696.0
89.10863,"[3, 6, 8, 10, 14]",5,997694.0
89.10862,"[2, 6, 8, 10, 14]",5,997693.0
89.10854,"[4, 5, 8, 10, 14]",5,997691.0
89.10853,"[3, 5, 8, 10, 14]",5,997689.0
89.10852,"[2, 5, 8, 10, 14]",5,997688.0
89.10843,"[3, 4, 8, 10, 14]",5,997686.0
89.10842,"[2, 4, 8, 10, 14]",5,997685.0
89.10831999999999,"[2, 3, 8, 10, 14]",5,997683.0
89.10765,"[5, 6, 7, 10, 14]",5,997682.0
89.10764,"[4, 6, 7, 10, 14]",5,997680.0
89.10763,"[3, 6, 7, 10, 14]",5,997679.0
89.10762,"[2, 6, 7, 10, 14]",5,997677.0
89.10754,"[4, 5, 7, 10, 14]",5,997676.0
89.10753,"[3, 5, 7, 10, 14]",5,997674.0
89.10752,"[2, 5, 7, 10, 14]",5,997673.0
89.10743,"[3, 4, 7, 10, 14]",5,997671.0
89.10742,"[2, 4, 7, 10, 14]",5,997669.0
89.10732,"[2, 3, 7, 10, 14]",5,997668.0
89.10654,"[4, 5, 6, 10, 14]",5,997666.0
89.10653,"[3, 5, 6, 10, 14]",5,997665.0
89.10652,"[2, 5, 6, 10, 14]",5,997663.0
89.10643,"[3, 4, 6, 10, 14]",5,997662.0
89.10642,"[2, 4, 6, 10, 14]",5,997660.0
89.10632,"[2, 3, 6, 10, 14]",5,997659.0
89.10543,"[3, 4, 5, 10, 14]",5,997657.0
89.10542,"[2, 4, 5, 10, 14]",5,997656.0
89.10532,"[2, 3, 5, 10, 14]",5,997654.0
89.10432,"[2, 3, 4, 10, 14]",5,997653.0
89.09876,"[6, 7, 8, 9, 14]",5,997651.0
89.09875,"[5, 7, 8, 9, 14]",5,997649.0
89.09873999999999,"[4, 7, 8, 9, 14]",5,997648.0
89.09873,"[3, 7, 8, 9, 14]",5,997646.0
89.09872,"[2, 7, 8, 9, 14]",5,997645.0
89.09864999999999,"[5, 6, 8, 9, 14]",5,997643.0
89.09864,"[4, 6, 8, 9, 14]",5,997642.0
89.09863,"[3, 6, 8, 9, 14]",5,997640.0
89.09862,"[2, 6, 8, 9, 14]",5,997639.0
89.09854,"[4, 5, 8, 9, 14]",5,997637.0
89.09853,"[3, 5, 8, 9, 14]",5,997636.0
89.09852,"[2, 5, 8, 9, 14]",5,997634.0
89.09843000000001,"[3, 4, 8, 9, 14]",5,997633.0
89.09842,"[2, 4, 8, 9, 14]",5,997631.0
89.09832,"[2, 3, 8, 9, 14]",5,997629.0
89.09765,"[5, 6, 7, 9, 14]",5,997628.0
89.09764,"[4, 6, 7, 9, 14]",5,997626.0
89.09763,"[3, 6, 7, 9, 14]",5,997625.0
89.09762,"[2, 6, 7, 9, 14]",5,997623.0
89.09754,"[4, 5, 7, 9, 14]",5,997622.0
89.09753,"[3, 5, 7, 9, 14]",5,997620.0
89.09752,"[2, 5, 7, 9, 14]",5,997619.0
89.09743,"[3, 4, 7, 9, 14]",5,997617.0
89.09742,"[2, 4, 7, 9, 14]",5,997616.0
89.09732,"[2, 3, 7, 9, 14]",5,997614.0
89.09654,"[4, 5, 6, 9, 14]",5,997613.0
89.09653,"[3, 5, 6, 9, 14]",5,997611.0
89.09652,"[2, 5, 6, 9, 14]",5,997609.0
89.09643,"[3, 4, 6, 9, 14]",5,997608.0
89.09642,"[2, 4, 6, 9, 14]",5,997606.0
89.09631999999999,"[2, 3, 6, 9, 14]",5,997605.0
89.09543000000001,"[3, 4, 5, 9, 14]",5,997603.0
89.09542,"[2, 4, 5, 9, 14]",5,997602.0
89.09532,"[2, 3, 5, 9, 14]",5,997600.0
89.09432,"[2, 3, 4, 9, 14]",5,997599.0
89.08765,"[5, 6, 7, 8, 14]",5,997597.0
89.08764,"[4, 6, 7, 8, 14]",5,997596.0
89.08763,"[3, 6, 7, 8, 14]",5,997594.0
89.08762,"[2, 6, 7, 8, 14]",5,997592.0
89.08754,"[4, 5, 7, 8, 14]",5,997591.0
89.08753,"[3, 5, 7, 8, 14]",5,997589.0
89.08752,"[2, 5, 7, 8, 14]",5,997588.0
89.08743,"[3, 4, 7, 8, 14]",5,997586.0
89.08742,"[2, 4, 7, 8, 14]",5,997585.0
89.08732,"[2, 3, 7, 8, 14]",5,997583.0
89.08654,"[4, 5, 6, 8, 14]",5,997582.0
89.08653,"[3, 5, 6, 8, 14]",5,997580.0
89.08652000000001,"[2, 5, 6, 8, 14]",5,997579.0
89.08643000000001,"[3, 4, 6, 8, 14]",5,997577.0
89.08642,"[2, 4, 6, 8, 14]",5,997576.0
89.08632,"[2, 3, 6, 8, 14]",5,997574.0
89.08543,"[3, 4, 5, 8, 14]",5,997572.0
89.08542,"[2, 4, 5, 8, 14]",5,997571.0
89.08532,"[2, 3, 5, 8, 14]",5,997569.0
89.08431999999999,"[2, 3, 4, 8, 14]",5,997568.0
89.07654,"[4, 5, 6, 7, 14]",5,997566.0
89.07653,"[3, 5, 6, 7, 14]",5,997565.0
89.07652,"[2, 5, 6, 7, 14]",5,997563.0
89.07643,"[3, 4, 6, 7, 14]",5,997562.0
89.07642,"[2, 4, 6, 7, 14]",5,997560.0
89.07632,"[2, 3, 6, 7, 14]",5,997559.0
89.07543,"[3, 4, 5, 7, 14]",5,997557.0
89.07542000000001,"[2, 4, 5, 7, 14]",5,997556.0
89.07532,"[2, 3, 5, 7, 14]",5,997554.0
89.07432,"[2, 3, 4, 7, 14]",5,997552.0
89.06543,"[3, 4, 5, 6, 14]",5,997551.0
89.06542,"[2, 4, 5, 6, 14]",5,997549.0
89.06532,"[2, 3, 5, 6, 14]",5,997548.0
89.06432,"[2, 3, 4, 6, 14]",5,997546.0
88.13208,"[8, 10, 11, 12, 13]",5,997545.0
88.13207,"[7, 10, 11, 12, 13]",5,997543.0
88.13206,"[6, 10, 11, 12, 13]",5,997542.0
88.13204999999999,"[5, 10, 11, 12, 13]",5,997540.0
88.13204,"[4, 10, 11, 12, 13]",5,997539.0
88.13203,"[3, 10, 11, 12, 13]",5,997537.0
88.13202,"[2, 10, 11, 12, 13]",5,997536.0
88.13198,"[8, 9, 11, 12, 13]",5,997534.0
88.13197,"[7, 9, 11, 12, 13]",5,997532.0
88.13195999999999,"[6, 9, 11, 12, 13]",5,997531.0
88.13195,"[5, 9, 11, 12, 13]",5,997529.0
88.13194,"[4, 9, 11, 12, 13]",5,997528.0
88.13193,"[3, 9, 11, 12, 13]",5,997526.0
88.13192,"[2, 9, 11, 12, 13]",5,997525.0
88.13186999999999,"[7, 8, 11, 12, 13]",5,997523.0
88.13186,"[6, 8, 11, 12, 13]",5,997522.0
88.13185,"[5, 8, 11, 12, 13]",5,997520.0
88.13184,"[4, 8, 11, 12, 13]",5,997519.0
88.13183,"[3, 8, 11, 12, 13]",5,997517.0
88.13182,"[2, 8, 11, 12, 13]",5,997516.0
88.13176,"[6, 7, 11, 12, 13]",5,997514.0
88.13175,"[5, 7, 11, 12, 13]",5,997512.0
88.13174,"[4, 7, 11, 12, 13]",5,997511.0
88.13173,"[3, 7, 11, 12, 13]",5,997509.0
88.13172,"[2, 7, 11, 12, 13]",5,997508.0
88.13165,"[5, 6, 11, 12, 13]",5,997506.0
88.13164,"[4, 6, 11, 12, 13]",5,997505.0
88.13163,"[3, 6, 11, 12, 13]",5,997503.0
88.13162,"[2, 6, 11, 12, 13]",5,997502.0
88.13154,"[4, 5, 11, 12, 13]",5,997500.0
88.13153,"[3, 5, 11, 12, 13]",5,997499.0
88.13152,"[2, 5, 11, 12, 13]",5,997497.0
88.13143,"[3, 4, 11, 12, 13]",5,997496.0
88.13141999999999,"[2, 4, 11, 12, 13]",5,997494.0
88.13132,"[2, 3, 11, 12, 13]",5,997492.0
88.13098,"[8, 9, 10, 12, 13]",5,997491.0
88.13096999999999,"[7, 9, 10, 12, 13]",5,997489.0
88.13096,"[6, 9, 10, 12, 13]",5,997488.0
88.13095,"[5, 9, 10, 12, 13]",5,997486.0
88.13094,"[4, 9, 10, 12, 13]",5,997485.0
88.13093,"[3, 9, 10, 12, 13]",5,997483.0
88.13092,"[2, 9, 10, 12, 13]",5,997482.0
88.13087,"[7, 8, 10, 12, 13]",5,997480.0
88.13086,"[6, 8, 10, 12, 13]",5,997479.0
88.13085,"[5, 8, 10, 12, 13]",5,997477.0
88.13084,"[4, 8, 10, 12, 13]",5,997476.0
88.13083,"[3, 8, 10, 12, 13]",5,997474.0
88.13082,"[2, 8, 10, 12, 13]",5,997472.0
88.13076,"[6, 7, 10, 12, 13]",5,997471.0
88.13075,"[5, 7, 10, 12, 13]",5,997469.0
88.13074,"[4, 7, 10, 12, 13]",5,997468.0
88.13073,"[3, 7, 10, 12, 13]",5,997466.0
88.13072,"[2, 7, 10, 12, 13]",5,997465.0
88.13065,"[5, 6, 10, 12, 13]",5,997463.0
88.13064,"[4, 6, 10, 12, 13]",5,997462.0
88.13063,"[3, 6, 10, 12, 13]",5,997460.0
88.13062,"[2, 6, 10, 12, 13]",5,997459.0
88.13054,"[4, 5, 10, 12, 13]",5,997457.0
88.13053,"[3, 5, 10, 12, 13]",5,997456.0
88.13052,"[2, 5, 10, 12, 13]",5,997454.0
88.13043,"[3, 4, 10, 12, 13]",5,997452.0
88.13042,"[2, 4, 10, 12, 13]",5,997451.0
88.13032,"[2, 3, 10, 12, 13]",5,997449.0
88.12987,"[7, 8, 9, 12, 13]",5,997448.0
88.12986,"[6, 8, 9, 12, 13]",5,997446.0
88.12985,"[5, 8, 9, 12, 13]",5,997445.0
88.12984,"[4, 8, 9, 12, 13]",5,997443.0
88.12983,"[3, 8, 9, 12, 13]",5,997442.0
88.12982,"[2, 8, 9, 12, 13]",5,997440.0
88.12976,"[6, 7, 9, 12, 13]",5,997439.0
88.12975,"[5, 7, 9, 12, 13]",5,997437.0
88.12974,"[4, 7, 9, 12, 13]",5,997436.0
88.12973,"[3, 7, 9, 12, 13]",5,997434.0
88.12971999999999,"[2, 7, 9, 12, 13]",5,997432.0
88.12965,"[5, 6, 9, 12, 13]",5,997431.0
88.12964,"[4, 6, 9, 12, 13]",5,997429.0
88.12963,"[3, 6, 9, 12, 13]",5,997428.0
88.12962,"[2, 6, 9, 12, 13]",5,997426.0
88.12954,"[4, 5, 9, 12, 13]",5,997425.0
88.12953,"[3, 5, 9, 12, 13]",5,997423.0
88.12952,"[2, 5, 9, 12, 13]",5,997422.0
88.12943,"[3, 4, 9, 12, 13]",5,997420.0
88.12942,"[2, 4, 9, 12, 13]",5,997419.0
88.12931999999999,"[2, 3, 9, 12, 13]",5,997417.0
88.12876,"[6, 7, 8, 12, 13]",5,997416.0
88.12875,"[5, 7, 8, 12, 13]",5,997414.0
88.12874,"[4, 7, 8, 12, 13]",5,997412.0
88.12873,"[3, 7, 8, 12, 13]",5,997411.0
88.12872,"[2, 7, 8, 12, 13]",5,997409.0
88.12865,"[5, 6, 8, 12, 13]",5,997408.0
88.12864,"[4, 6, 8, 12, 13]",5,997406.0
88.12863,"[3, 6, 8, 12, 13]",5,997405.0
88.12862,"[2, 6, 8, 12, 13]",5,997403.0
88.12854,"[4, 5, 8, 12, 13]",5,997402.0
88.12853,"[3, 5, 8, 12, 13]",5,997400.0
88.12852,"[2, 5, 8, 12, 13]",5,997399.0
88.12843,"[3, 4, 8, 12, 13]",5,997397.0
88.12842,"[2, 4, 8, 12, 13]",5,997395.0
88.12832,"[2, 3, 8, 12, 13]",5,997394.0
88.12765,"[5, 6, 7, 12, 13]",5,997392.0
88.12764,"[4, 6, 7, 12, 13]",5,997391.0
88.12763,"[3, 6, 7, 12, 13]",5,997389.0
88.12762,"[2, 6, 7, 12, 13]",5,997388.0
88.12754,"[4, 5, 7, 12, 13]",5,997386.0
88.12753000000001,"[3, 5, 7, 12, 13]",5,997385.0
88.12752,"[2, 5, 7, 12, 13]",5,997383.0
88.12743,"[3, 4, 7, 12, 13]",5,997382.0
88.12742,"[2, 4, 7, 12, 13]",5,997380.0
88.12732,"[2, 3, 7, 12, 13]",5,997379.0
88.12654,"[4, 5, 6, 12, 13]",5,997377.0
88.12653,"[3, 5, 6, 12, 13]",5,997375.0
88.12652,"[2, 5, 6, 12, 13]",5,997374.0
88.12643,"[3, 4, 6, 12, 13]",5,997372.0
88.12642,"[2, 4, 6, 12, 13]",5,997371.0
88.12631999999999,"[2, 3, 6, 12, 13]",5,997369.0
88.12543,"[3, 4, 5, 12, 13]",5,997368.0
88.12542,"[2, 4, 5, 12, 13]",5,997366.0
88.12532,"[2, 3, 5, 12, 13]",5,997365.0
88.12432,"[2, 3, 4, 12, 13]",5,997363.0
88.12098,"[8, 9, 10, 11, 13]",5,997362.0
88.12097,"[7, 9, 10, 11, 13]",5,997360.0
88.12096,"[6, 9, 10, 11, 13]",5,997359.0
88.12095,"[5, 9, 10, 11, 13]",5,997357.0
88.12094,"[4, 9, 10, 11, 13]",5,997355.0
88.12093,"[3, 9, 10, 11, 13]",5,997354.0
88.12092,"[2, 9, 10, 11, 13]",5,997352.0
88.12087,"[7, 8, 10, 11, 13]",5,997351.0
88.12086,"[6, 8, 10, 11, 13]",5,997349.0
88.12085,"[5, 8, 10, 11, 13]",5,997348.0
88.12084,"[4, 8, 10, 11, 13]",5,997346.0
88.12083,"[3, 8, 10, 11, 13]",5,997345.0
88.12082,"[2, 8, 10, 11, 13]",5,997343.0
88.12076,"[6, 7, 10, 11, 13]",5,997342.0
88.12075,"[5, 7, 10, 11, 13]",5,997340.0
88.12074,"[4, 7, 10, 11, 13]",5,997339.0
88.12073,"[3, 7, 10, 11, 13]",5,997337.0
88.12072,"[2, 7, 10, 11, 13]",5,997335.0
88.12065,"[5, 6, 10, 11, 13]",5,997334.0
88.12064,"[4, 6, 10, 11, 13]",5,997332.0
88.12063,"[3, 6, 10, 11, 13]",5,997331.0
88.12062,"[2, 6, 10, 11, 13]",5,997329.0
88.12054,"[4, 5, 10, 11, 13]",5,997328.0
88.12053,"[3, 5, 10, 11, 13]",5,997326.0
88.12052,"[2, 5, 10, 11, 13]",5,997325.0
88.12043,"[3, 4, 10, 11, 13]",5,997323.0
88.12042,"[2, 4, 10, 11, 13]",5,997322.0
88.12031999999999,"[2, 3, 10, 11, 13]",5,997320.0
88.11986999999999,"[7, 8, 9, 11, 13]",5,997319.0
88.11986,"[6, 8, 9, 11, 13]",5,997317.0
88.11985,"[5, 8, 9, 11, 13]",5,997315.0
88.11984,"[4, 8, 9, 11, 13]",5,997314.0
88.11983000000001,"[3, 8, 9, 11, 13]",5,997312.0
88.11982,"[2, 8, 9, 11, 13]",5,997311.0
88.11976,"[6, 7, 9, 11, 13]",5,997309.0
88.11975,"[5, 7, 9, 11, 13]",5,997308.0
88.11974000000001,"[4, 7, 9, 11, 13]",5,997306.0
88.11973,"[3, 7, 9, 11, 13]",5,997305.0
88.11972,"[2, 7, 9, 11, 13]",5,997303.0
88.11965000000001,"[5, 6, 9, 11, 13]",5,997302.0
88.11964,"[4, 6, 9, 11, 13]",5,997300.0
88.11963,"[3, 6, 9, 11, 13]",5,997299.0
88.11962,"[2, 6, 9, 11, 13]",5,997297.0
88.11954,"[4, 5, 9, 11, 13]",5,997295.0
88.11953,"[3, 5, 9, 11, 13]",5,997294.0
88.11952,"[2, 5, 9, 11, 13]",5,997292.0
88.11943,"[3, 4, 9, 11, 13]",5,997291.0
88.11942,"[2, 4, 9, 11, 13]",5,997289.0
88.11932,"[2, 3, 9, 11, 13]",5,997288.0
88.11876,"[6, 7, 8, 11, 13]",5,997286.0
88.11875,"[5, 7, 8, 11, 13]",5,997285.0
88.11874,"[4, 7, 8, 11, 13]",5,997283.0
88.11873,"[3, 7, 8, 11, 13]",5,997282.0
88.11872,"[2, 7, 8, 11, 13]",5,997280.0
88.11865,"[5, 6, 8, 11, 13]",5,997279.0
88.11864,"[4, 6, 8, 11, 13]",5,997277.0
88.11863,"[3, 6, 8, 11, 13]",5,997275.0
88.11861999999999,"[2, 6, 8, 11, 13]",5,997274.0
88.11854,"[4, 5, 8, 11, 13]",5,997272.0
88.11852999999999,"[3, 5, 8, 11, 13]",5,997271.0
88.11852,"[2, 5, 8, 11, 13]",5,997269.0
88.11843,"[3, 4, 8, 11, 13]",5,997268.0
88.11842,"[2, 4, 8, 11, 13]",5,997266.0
88.11832,"[2, 3, 8, 11, 13]",5,997265.0
88.11765,"[5, 6, 7, 11, 13]",5,997263.0
88.11764,"[4, 6, 7, 11, 13]",5,997262.0
88.11763,"[3, 6, 7, 11, 13]",5,997260.0
88.11762,"[2, 6, 7, 11, 13]",5,997259.0
88.11754,"[4, 5, 7, 11, 13]",5,997257.0
88.11753,"[3, 5, 7, 11, 13]",5,997255.0
88.11752,"[2, 5, 7, 11, 13]",5,997254.0
88.11743,"[3, 4, 7, 11, 13]",5,997252.0
88.11742,"[2, 4, 7, 11, 13]",5,997251.0
88.11731999999999,"[2, 3, 7, 11, 13]",5,997249.0
88.11654,"[4, 5, 6, 11, 13]",5,997248.0
88.11653,"[3, 5, 6, 11, 13]",5,997246.0
88.11652,"[2, 5, 6, 11, 13]",5,997245.0
88.11643000000001,"[3, 4, 6, 11, 13]",5,997243.0
88.11642,"[2, 4, 6, 11, 13]",5,997242.0
88.11632,"[2, 3, 6, 11, 13]",5,997240.0
88.11543,"[3, 4, 5, 11, 13]",5,997239.0
88.11542,"[2, 4, 5, 11, 13]",5,997237.0
88.11532,"[2, 3, 5, 11, 13]",5,997235.0
88.11431999999999,"[2, 3, 4, 11, 13]",5,997234.0
88.10987,"[7, 8, 9, 10, 13]",5,997232.0
88.10986,"[6, 8, 9, 10, 13]",5,997231.0
88.10985,"[5, 8, 9, 10, 13]",5,997229.0
88.10984,"[4, 8, 9, 10, 13]",5,997228.0
88.10983,"[3, 8, 9, 10, 13]",5,997226.0
88.10982,"[2, 8, 9, 10, 13]",5,997225.0
88.10976,"[6, 7, 9, 10, 13]",5,997223.0
88.10975,"[5, 7, 9, 10, 13]",5,997222.0
88.10974,"[4, 7, 9, 10, 13]",5,997220.0
88.10973,"[3, 7, 9, 10, 13]",5,997219.0
88.10972,"[2, 7, 9, 10, 13]",5,997217.0
88.10965,"[5, 6, 9, 10, 13]",5,997215.0
88.10964,"[4, 6, 9, 10, 13]",5,997214.0
88.10963,"[3, 6, 9, 10, 13]",5,997212.0
88.10962,"[2, 6, 9, 10, 13]",5,997211.0
88.10954,"[4, 5, 9, 10, 13]",5,997209.0
88.10953,"[3, 5, 9, 10, 13]",5,997208.0
88.10952,"[2, 5, 9, 10, 13]",5,997206.0
88.10943,"[3, 4, 9, 10, 13]",5,997205.0
88.10942,"[2, 4, 9, 10, 13]",5,997203.0
88.10932,"[2, 3, 9, 10, 13]",5,997202.0
88.10876,"[6, 7, 8, 10, 13]",5,997200.0
88.10875,"[5, 7, 8, 10, 13]",5,997198.0
88.10874,"[4, 7, 8, 10, 13]",5,997197.0
88.10873,"[3, 7, 8, 10, 13]",5,997195.0
88.10872,"[2, 7, 8, 10, 13]",5,997194.0
88.10865,"[5, 6, 8, 10, 13]",5,997192.0
88.10864,"[4, 6, 8, 10, 13]",5,997191.0
88.10863,"[3, 6, 8, 10, 13]",5,997189.0
88.10862,"[2, 6, 8, 10, 13]",5,997188.0
88.10854,"[4, 5, 8, 10, 13]",5,997186.0
88.10853,"[3, 5, 8, 10, 13]",5,997185.0
88.10852,"[2, 5, 8, 10, 13]",5,997183.0
88.10843,"[3, 4, 8, 10, 13]",5,997182.0
88.10842,"[2, 4, 8, 10, 13]",5,997180.0
88.10831999999999,"[2, 3, 8, 10, 13]",5,997178.0
88.10765,"[5, 6, 7, 10, 13]",5,997177.0
88.10764,"[4, 6, 7, 10, 13]",5,997175.0
88.10763,"[3, 6, 7, 10, 13]",5,997174.0
88.10762,"[2, 6, 7, 10, 13]",5,997172.0
88.10754,"[4, 5, 7, 10, 13]",5,997171.0
88.10753,"[3, 5, 7, 10, 13]",5,997169.0
88.10752,"[2, 5, 7, 10, 13]",5,997168.0
88.10743,"[3, 4, 7, 10, 13]",5,997166.0
88.10742,"[2, 4, 7, 10, 13]",5,997165.0
88.10732,"[2, 3, 7, 10, 13]",5,997163.0
88.10654,"[4, 5, 6, 10, 13]",5,997162.0
88.10653,"[3, 5, 6, 10, 13]",5,997160.0
88.10652,"[2, 5, 6, 10, 13]",5,997158.0
88.10643,"[3, 4, 6, 10, 13]",5,997157.0
88.10642,"[2, 4, 6, 10, 13]",5,997155.0
88.10632,"[2, 3, 6, 10, 13]",5,997154.0
88.10543,"[3, 4, 5, 10, 13]",5,997152.0
88.10542,"[2, 4, 5, 10, 13]",5,997151.0
88.10532,"[2, 3, 5, 10, 13]",5,997149.0
88.10432,"[2, 3, 4, 10, 13]",5,997148.0
88.09876,"[6, 7, 8, 9, 13]",5,997146.0
88.09875,"[5, 7, 8, 9, 13]",5,997145.0
88.09873999999999,"[4, 7, 8, 9, 13]",5,997143.0
88.09873,"[3, 7, 8, 9, 13]",5,997142.0
88.09872,"[2, 7, 8, 9, 13]",5,997140.0
88.09864999999999,"[5, 6, 8, 9, 13]",5,997138.0
88.09864,"[4, 6, 8, 9, 13]",5,997137.0
88.09863,"[3, 6, 8, 9, 13]",5,997135.0
88.09862,"[2, 6, 8, 9, 13]",5,997134.0
88.09854,"[4, 5, 8, 9, 13]",5,997132.0
88.09853,"[3, 5, 8, 9, 13]",5,997131.0
88.09852,"[2, 5, 8, 9, 13]",5,997129.0
88.09843000000001,"[3, 4, 8, 9, 13]",5,997128.0
88.09842,"[2, 4, 8, 9, 13]",5,997126.0
88.09832,"[2, 3, 8, 9, 13]",5,997125.0
88.09765,"[5, 6, 7, 9, 13]",5,997123.0
88.09764,"[4, 6, 7, 9, 13]",5,997122.0
88.09763,"[3, 6, 7, 9, 13]",5,997120.0
88.09762,"[2, 6, 7, 9, 13]",5,997118.0
88.09754,"[4, 5, 7, 9, 13]",5,997117.0
88.09753,"[3, 5, 7, 9, 13]",5,997115.0
88.09752,"[2, 5, 7, 9, 13]",5,997114.0
88.09743,"[3, 4, 7, 9, 13]",5,997112.0
88.09742,"[2, 4, 7, 9, 13]",5,997111.0
88.09732,"[2, 3, 7, 9, 13]",5,997109.0
88.09654,"[4, 5, 6, 9, 13]",5,997108.0
88.09653,"[3, 5, 6, 9, 13]",5,997106.0
88.09652,"[2, 5, 6, 9, 13]",5,997105.0
88.09643,"[3, 4, 6, 9, 13]",5,997103.0
88.09642,"[2, 4, 6, 9, 13]",5,997102.0
88.09631999999999,"[2, 3, 6, 9, 13]",5,997100.0
88.09543000000001,"[3, 4, 5, 9, 13]",5,997098.0
88.09542,"[2, 4, 5, 9, 13]",5,997097.0
88.09532,"[2, 3, 5, 9, 13]",5,997095.0
88.09432,"[2, 3, 4, 9, 13]",5,997094.0
88.08765,"[5, 6, 7, 8, 13]",5,997092.0
88.08764,"[4, 6, 7, 8, 13]",5,997091.0
88.08763,"[3, 6, 7, 8, 13]",5,997089.0
88.08762,"[2, 6, 7, 8, 13]",5,997088.0
88.08754,"[4, 5, 7, 8, 13]",5,997086.0
88.08753,"[3, 5, 7, 8, 13]",5,997085.0
88.08752,"[2, 5, 7, 8, 13]",5,997083.0
88.08743,"[3, 4, 7, 8, 13]",5,997082.0
88.08742,"[2, 4, 7, 8, 13]",5,997080.0
88.08732,"[2, 3, 7, 8, 13]",5,997078.0
88.08654,"[4, 5, 6, 8, 13]",5,997077.0
88.08653,"[3, 5, 6, 8, 13]",5,997075.0
88.08652000000001,"[2, 5, 6, 8, 13]",5,997074.0
88.08643000000001,"[3, 4, 6, 8, 13]",5,997072.0
88.08642,"[2, 4, 6, 8, 13]",5,997071.0
88.08632,"[2, 3, 6, 8, 13]",5,997069.0
88.08543,"[3, 4, 5, 8, 13]",5,997068.0
88.08542,"[2, 4, 5, 8, 13]",5,997066.0
88.08532,"[2, 3, 5, 8, 13]",5,997065.0
88.08431999999999,"[2, 3, 4, 8, 13]",5,997063.0
88.07654,"[4, 5, 6, 7, 13]",5,997062.0
88.07653,"[3, 5, 6, 7, 13]",5,997060.0
88.07652,"[2, 5, 6, 7, 13]",5,997058.0
88.07643,"[3, 4, 6, 7, 13]",5,997057.0
88.07642,"[2, 4, 6, 7, 13]",5,997055.0
88.07632,"[2, 3, 6, 7, 13]",5,997054.0
88.07543,"[3, 4, 5, 7, 13]",5,997052.0
88.07542000000001,"[2, 4, 5, 7, 13]",5,997051.0
88.07532,"[2, 3, 5, 7, 13]",5,997049.0
88.07432,"[2, 3, 4, 7, 13]",5,997048.0
88.06543,"[3, 4, 5, 6, 13]",5,997046.0
88.06542,"[2, 4, 5, 6, 13]",5,997045.0
88.06532,"[2, 3, 5, 6, 13]",5,997043.0
88.06432,"[2, 3, 4, 6, 13]",5,997042.0
88.05432,"[2, 3, 4, 5, 13]",5,997040.0
87.12097,"[7, 9, 10, 11, 12]",5,997038.0
87.12096,"[6, 9, 10, 11, 12]",5,997037.0
87.12095,"[5, 9, 10, 11, 12]",5,997035.0
87.12094,"[4, 9, 10, 11, 12]",5,997034.0
87.12093,"[3, 9, 10, 11, 12]",5,997032.0
87.12092,"[2, 9, 10, 11, 12]",5,997031.0
87.12087,"[7, 8, 10, 11, 12]",5,997029.0
87.12086,"[6, 8, 10, 11, 12]",5,997028.0
87.12085,"[5, 8, 10, 11, 12]",5,997026.0
87.12084,"[4, 8, 10, 11, 12]",5,997025.0
87.12083,"[3, 8, 10, 11, 12]",5,997023.0
87.12082,"[2, 8, 10, 11, 12]",5,997022.0
87.12076,"[6, 7, 10, 11, 12]",5,997020.0
87.12075,"[5, 7, 10, 11, 12]",5,997018.0
87.12074,"[4, 7, 10, 11, 12]",5,997017.0
87.12073,"[3, 7, 10, 11, 12]",5,997015.0
87.12072,"[2, 7, 10, 11, 12]",5,997014.0
87.12065,"[5, 6, 10, 11, 12]",5,997012.0
87.12064,"[4, 6, 10, 11, 12]",5,997011.0
87.12063,"[3, 6, 10, 11, 12]",5,997009.0
87.12062,"[2, 6, 10, 11, 12]",5,997008.0
87.12054,"[4, 5, 10, 11, 12]",5,997006.0
87.12053,"[3, 5, 10, 11, 12]",5,997005.0
87.12052,"[2, 5, 10, 11, 12]",5,997003.0
87.12043,"[3, 4, 10, 11, 12]",5,997001.0
87.12042,"[2, 4, 10, 11, 12]",5,997000.0
87.12031999999999,"[2, 3, 10, 11, 12]",5,996998.0
87.11986999999999,"[7, 8, 9, 11, 12]",5,996997.0
87.11986,"[6, 8, 9, 11, 12]",5,996995.0
87.11985,"[5, 8, 9, 11, 12]",5,996994.0
87.11984,"[4, 8, 9, 11, 12]",5,996992.0
87.11983000000001,"[3, 8, 9, 11, 12]",5,996991.0
87.11982,"[2, 8, 9, 11, 12]",5,996989.0
87.11976,"[6, 7, 9, 11, 12]",5,996988.0
87.11975,"[5, 7, 9, 11, 12]",5,996986.0
87.11974000000001,"[4, 7, 9, 11, 12]",5,996985.0
87.11973,"[3, 7, 9, 11, 12]",5,996983.0
87.11972,"[2, 7, 9, 11, 12]",5,996981.0
87.11965000000001,"[5, 6, 9, 11, 12]",5,996980.0
87.11964,"[4, 6, 9, 11, 12]",5,996978.0
87.11963,"[3, 6, 9, 11, 12]",5,996977.0
87.11962,"[2, 6, 9, 11, 12]",5,996975.0
87.11954,"[4, 5, 9, 11, 12]",5,996974.0
87.11953,"[3, 5, 9, 11, 12]",5,996972.0
87.11952,"[2, 5, 9, 11, 12]",5,996971.0
87.11943,"[3, 4, 9, 11, 12]",5,996969.0
87.11942,"[2, 4, 9, 11, 12]",5,996968.0
87.11932,"[2, 3, 9, 11, 12]",5,996966.0
87.11876,"[6, 7, 8, 11, 12]",5,996965.0
87.11875,"[5, 7, 8, 11, 12]",5,996963.0
87.11874,"[4, 7, 8, 11, 12]",5,996961.0
87.11873,"[3, 7, 8, 11, 12]",5,996960.0
87.11872,"[2, 7, 8, 11, 12]",5,996958.0
87.11865,"[5, 6, 8, 11, 12]",5,996957.0
87.11864,"[4, 6, 8, 11, 12]",5,996955.0
87.11863,"[3, 6, 8, 11, 12]",5,996954.0
87.11861999999999,"[2, 6, 8, 11, 12]",5,996952.0
87.11854,"[4, 5, 8, 11, 12]",5,996951.0
87.11852999999999,"[3, 5, 8, 11, 12]",5,996949.0
87.11852,"[2, 5, 8, 11, 12]",5,996948.0
87.11843,"[3, 4, 8, 11, 12]",5,996946.0
87.11842,"[2, 4, 8, 11, 12]",5,996945.0
87.11832,"[2, 3, 8, 11, 12]",5,996943.0
87.11765,"[5, 6, 7, 11, 12]",5,996941.0
87.11764,"[4, 6, 7, 11, 12]",5,996940.0
87.11763,"[3, 6, 7, 11, 12]",5,996938.0
87.11762,"[2, 6, 7, 11, 12]",5,996937.0
87.11754,"[4, 5, 7, 11, 12]",5,996935.0
87.11753,"[3, 5, 7, 11, 12]",5,996934.0
87.11752,"[2, 5, 7, 11, 12]",5,996932.0
87.11743,"[3, 4, 7, 11, 12]",5,996931.0
87.11742,"[2, 4, 7, 11, 12]",5,996929.0
87.11731999999999,"[2, 3, 7, 11, 12]",5,996928.0
87.11654,"[4, 5, 6, 11, 12]",5,996926.0
87.11653,"[3, 5, 6, 11, 12]",5,996925.0
87.11652,"[2, 5, 6, 11, 12]",5,996923.0
87.11643000000001,"[3, 4, 6, 11, 12]",5,996921.0
87.11642,"[2, 4, 6, 11, 12]",5,996920.0
87.11632,"[2, 3, 6, 11, 12]",5,996918.0
87.11543,"[3, 4, 5, 11, 12]",5,996917.0
87.11542,"[2, 4, 5, 11, 12]",5,996915.0
87.11532,"[2, 3, 5, 11, 12]",5,996914.0
87.11431999999999,"[2, 3, 4, 11, 12]",5,996912.0
87.10987,"[7, 8, 9, 10, 12]",5,996911.0
87.10986,"[6, 8, 9, 10, 12]",5,996909.0
87.10985,"[5, 8, 9, 10, 12]",5,996908.0
87.10984,"[4, 8, 9, 10, 12]",5,996906.0
87.10983,"[3, 8, 9, 10, 12]",5,996905.0
87.10982,"[2, 8, 9, 10, 12]",5,996903.0
87.10976,"[6, 7, 9, 10, 12]",5,996901.0
87.10975,"[5, 7, 9, 10, 12]",5,996900.0
87.10974,"[4, 7, 9, 10, 12]",5,996898.0
87.10973,"[3, 7, 9, 10, 12]",5,996897.0
87.10972,"[2, 7, 9, 10, 12]",5,996895.0
87.10965,"[5, 6, 9, 10, 12]",5,996894.0
87.10964,"[4, 6, 9, 10, 12]",5,996892.0
87.10963,"[3, 6, 9, 10, 12]",5,996891.0
87.10962,"[2, 6, 9, 10, 12]",5,996889.0
87.10954,"[4, 5, 9, 10, 12]",5,996888.0
87.10953,"[3, 5, 9, 10, 12]",5,996886.0
87.10952,"[2, 5, 9, 10, 12]",5,996885.0
87.10943,"[3, 4, 9, 10, 12]",5,996883.0
87.10942,"[2, 4, 9, 10, 12]",5,996881.0
87.10932,"[2, 3, 9, 10, 12]",5,996880.0
87.10876,"[6, 7, 8, 10, 12]",5,996878.0
87.10875,"[5, 7, 8, 10, 12]",5,996877.0
87.10874,"[4, 7, 8, 10, 12]",5,996875.0
87.10873,"[3, 7, 8, 10, 12]",5,996874.0
87.10872,"[2, 7, 8, 10, 12]",5,996872.0
87.10865,"[5, 6, 8, 10, 12]",5,996871.0
87.10864,"[4, 6, 8, 10, 12]",5,996869.0
87.10863,"[3, 6, 8, 10, 12]",5,996868.0
87.10862,"[2, 6, 8, 10, 12]",5,996866.0
87.10854,"[4, 5, 8, 10, 12]",5,996865.0
87.10853,"[3, 5, 8, 10, 12]",5,996863.0
87.10852,"[2, 5, 8, 10, 12]",5,996861.0
87.10843,"[3, 4, 8, 10, 12]",5,996860.0
87.10842,"[2, 4, 8, 10, 12]",5,996858.0
87.10831999999999,"[2, 3, 8, 10, 12]",5,996857.0
87.10765,"[5, 6, 7, 10, 12]",5,996855.0
87.10764,"[4, 6, 7, 10, 12]",5,996854.0
87.10763,"[3, 6, 7, 10, 12]",5,996852.0
87.10762,"[2, 6, 7, 10, 12]",5,996851.0
87.10754,"[4, 5, 7, 10, 12]",5,996849.0
87.10753,"[3, 5, 7, 10, 12]",5,996848.0
87.10752,"[2, 5, 7, 10, 12]",5,996846.0
87.10743,"[3, 4, 7, 10, 12]",5,996845.0
87.10742,"[2, 4, 7, 10, 12]",5,996843.0
87.10732,"[2, 3, 7, 10, 12]",5,996841.0
87.10654,"[4, 5, 6, 10, 12]",5,996840.0
87.10653,"[3, 5, 6, 10, 12]",5,996838.0
87.10652,"[2, 5, 6, 10, 12]",5,996837.0
87.10643,"[3, 4, 6, 10, 12]",5,996835.0
87.10642,"[2, 4, 6, 10, 12]",5,996834.0
87.10632,"[2, 3, 6, 10, 12]",5,996832.0
87.10543,"[3, 4, 5, 10, 12]",5,996831.0
87.10542,"[2, 4, 5, 10, 12]",5,996829.0
87.10532,"[2, 3, 5, 10, 12]",5,996828.0
87.10432,"[2, 3, 4, 10, 12]",5,996826.0
87.09876,"[6, 7, 8, 9, 12]",5,996824.0
87.09875,"[5, 7, 8, 9, 12]",5,996823.0
87.09873999999999,"[4, 7, 8, 9, 12]",5,996821.0
87.09873,"[3, 7, 8, 9, 12]",5,996820.0
87.09872,"[2, 7, 8, 9, 12]",5,996818.0
87.09864999999999,"[5, 6, 8, 9, 12]",5,996817.0
87.09864,"[4, 6, 8, 9, 12]",5,996815.0
87.09863,"[3, 6, 8, 9, 12]",5,996814.0
87.09862,"[2, 6, 8, 9, 12]",5,996812.0
87.09854,"[4, 5, 8, 9, 12]",5,996811.0
87.09853,"[3, 5, 8, 9, 12]",5,996809.0
87.09852,"[2, 5, 8, 9, 12]",5,996808.0
87.09843000000001,"[3, 4, 8, 9, 12]",5,996806.0
87.09842,"[2, 4, 8, 9, 12]",5,996804.0
87.09832,"[2, 3, 8, 9, 12]",5,996803.0
87.09765,"[5, 6, 7, 9, 12]",5,996801.0
87.09764,"[4, 6, 7, 9, 12]",5,996800.0
87.09763,"[3, 6, 7, 9, 12]",5,996798.0
87.09762,"[2, 6, 7, 9, 12]",5,996797.0
87.09754,"[4, 5, 7, 9, 12]",5,996795.0
87.09753,"[3, 5, 7, 9, 12]",5,996794.0
87.09752,"[2, 5, 7, 9, 12]",5,996792.0
87.09743,"[3, 4, 7, 9, 12]",5,996791.0
87.09742,"[2, 4, 7, 9, 12]",5,996789.0
87.09732,"[2, 3, 7, 9, 12]",5,996788.0
87.09654,"[4, 5, 6, 9, 12]",5,996786.0
87.09653,"[3, 5, 6, 9, 12]",5,996784.0
87.09652,"[2, 5, 6, 9, 12]",5,996783.0
87.09643,"[3, 4, 6, 9, 12]",5,996781.0
87.09642,"[2, 4, 6, 9, 12]",5,996780.0
87.09631999999999,"[2, 3, 6, 9, 12]",5,996778.0
87.09543000000001,"[3, 4, 5, 9, 12]",5,996777.0
87.09542,"[2, 4, 5, 9, 12]",5,996775.0
87.09532,"[2, 3, 5, 9, 12]",5,996774.0
87.09432,"[2, 3, 4, 9, 12]",5,996772.0
87.08765,"[5, 6, 7, 8, 12]",5,996771.0
87.08764,"[4, 6, 7, 8, 12]",5,996769.0
87.08763,"[3, 6, 7, 8, 12]",5,996768.0
87.08762,"[2, 6, 7, 8, 12]",5,996766.0
87.08754,"[4, 5, 7, 8, 12]",5,996764.0
87.08753,"[3, 5, 7, 8, 12]",5,996763.0
87.08752,"[2, 5, 7, 8, 12]",5,996761.0
87.08743,"[3, 4, 7, 8, 12]",5,996760.0
87.08742,"[2, 4, 7, 8, 12]",5,996758.0
87.08732,"[2, 3, 7, 8, 12]",5,996757.0
87.08654,"[4, 5, 6, 8, 12]",5,996755.0
87.08653,"[3, 5, 6, 8, 12]",5,996754.0
87.08652000000001,"[2, 5, 6, 8, 12]",5,996752.0
87.08643000000001,"[3, 4, 6, 8, 12]",5,996751.0
87.08642,"[2, 4, 6, 8, 12]",5,996749.0
87.08632,"[2, 3, 6, 8, 12]",5,996748.0
87.08543,"[3, 4, 5, 8, 12]",5,996746.0
87.08542,"[2, 4, 5, 8, 12]",5,996744.0
87.08532,"[2, 3, 5, 8, 12]",5,996743.0
87.08431999999999,"[2, 3, 4, 8, 12]",5,996741.0
87.07654,"[4, 5, 6, 7, 12]",5,996740.0
87.07653,"[3, 5, 6, 7, 12]",5,996738.0
87.07652,"[2, 5, 6, 7, 12]",5,996737.0
87.07643,"[3, 4, 6, 7, 12]",5,996735.0
87.07642,"[2, 4, 6, 7, 12]",5,996734.0
87.07632,"[2, 3, 6, 7, 12]",5,996732.0
87.07543,"[3, 4, 5, 7, 12]",5,996731.0
87.07542000000001,"[2, 4, 5, 7, 12]",5,996729.0
87.07532,"[2, 3, 5, 7, 12]",5,996728.0
87.07432,"[2, 3, 4, 7, 12]",5,996726.0
87.06543,"[3, 4, 5, 6, 12]",5,996724.0
87.06542,"[2, 4, 5, 6, 12]",5,996723.0
87.06532,"[2, 3, 5, 6, 12]",5,996721.0
87.06432,"[2, 3, 4, 6, 12]",5,996720.0
87.05432,"[2, 3, 4, 5, 12]",5,996718.0
86.10986,"[6, 8, 9, 10, 11]",5,996717.0
86.10985,"[5, 8, 9, 10, 11]",5,996715.0
86.10984,"[4, 8, 9, 10, 11]",5,996714.0
86.10983,"[3, 8, 9, 10, 11]",5,996712.0
86.10982,"[2, 8, 9, 10, 11]",5,996711.0
86.10976,"[6, 7, 9, 10, 11]",5,996709.0
86.10975,"[5, 7, 9, 10, 11]",5,996708.0
86.10974,"[4, 7, 9, 10, 11]",5,996706.0
86.10973,"[3, 7, 9, 10, 11]",5,996704.0
86.10972,"[2, 7, 9, 10, 11]",5,996703.0
86.10965,"[5, 6, 9, 10, 11]",5,996701.0
86.10964,"[4, 6, 9, 10, 11]",5,996700.0
86.10963,"[3, 6, 9, 10, 11]",5,996698.0
86.10962,"[2, 6, 9, 10, 11]",5,996697.0
86.10954,"[4, 5, 9, 10, 11]",5,996695.0
86.10953,"[3, 5, 9, 10, 11]",5,996694.0
86.10952,"[2, 5, 9, 10, 11]",5,996692.0
86.10943,"[3, 4, 9, 10, 11]",5,996691.0
86.10942,"[2, 4, 9, 10, 11]",5,996689.0
86.10932,"[2, 3, 9, 10, 11]",5,996688.0
86.10876,"[6, 7, 8, 10, 11]",5,996686.0
86.10875,"[5, 7, 8, 10, 11]",5,996684.0
86.10874,"[4, 7, 8, 10, 11]",5,996683.0
86.10873,"[3, 7, 8, 10, 11]",5,996681.0
86.10872,"[2, 7, 8, 10, 11]",5,996680.0
86.10865,"[5, 6, 8, 10, 11]",5,996678.0
86.10864,"[4, 6, 8, 10, 11]",5,996677.0
86.10863,"[3, 6, 8, 10, 11]",5,996675.0
86.10862,"[2, 6, 8, 10, 11]",5,996674.0
86.10854,"[4, 5, 8, 10, 11]",5,996672.0
86.10853,"[3, 5, 8, 10, 11]",5,996671.0
86.10852,"[2, 5, 8, 10, 11]",5,996669.0
86.10843,"[3, 4, 8, 10, 11]",5,996668.0
86.10842,"[2, 4, 8, 10, 11]",5,996666.0
86.10831999999999,"[2, 3, 8, 10, 11]",5,996664.0
86.10765,"[5, 6, 7, 10, 11]",5,996663.0
86.10764,"[4, 6, 7, 10, 11]",5,996661.0
86.10763,"[3, 6, 7, 10, 11]",5,996660.0
86.10762,"[2, 6, 7, 10, 11]",5,996658.0
86.10754,"[4, 5, 7, 10, 11]",5,996657.0
86.10753,"[3, 5, 7, 10, 11]",5,996655.0
86.10752,"[2, 5, 7, 10, 11]",5,996654.0
86.10743,"[3, 4, 7, 10, 11]",5,996652.0
86.10742,"[2, 4, 7, 10, 11]",5,996651.0
86.10732,"[2, 3, 7, 10, 11]",5,996649.0
86.10654,"[4, 5, 6, 10, 11]",5,996648.0
86.10653,"[3, 5, 6, 10, 11]",5,996646.0
86.10652,"[2, 5, 6, 10, 11]",5,996644.0
86.10643,"[3, 4, 6, 10, 11]",5,996643.0
86.10642,"[2, 4, 6, 10, 11]",5,996641.0
86.10632,"[2, 3, 6, 10, 11]",5,996640.0
86.10543,"[3, 4, 5, 10, 11]",5,996638.0
86.10542,"[2, 4, 5, 10, 11]",5,996637.0
86.10532,"[2, 3, 5, 10, 11]",5,996635.0
86.10432,"[2, 3, 4, 10, 11]",5,996634.0
86.09876,"[6, 7, 8, 9, 11]",5,996632.0
86.09875,"[5, 7, 8, 9, 11]",5,996631.0
86.09873999999999,"[4, 7, 8, 9, 11]",5,996629.0
86.09873,"[3, 7, 8, 9, 11]",5,996627.0
86.09872,"[2, 7, 8, 9, 11]",5,996626.0
86.09864999999999,"[5, 6, 8, 9, 11]",5,996624.0
86.09864,"[4, 6, 8, 9, 11]",5,996623.0
86.09863,"[3, 6, 8, 9, 11]",5,996621.0
86.09862,"[2, 6, 8, 9, 11]",5,996620.0
86.09854,"[4, 5, 8, 9, 11]",5,996618.0
86.09853,"[3, 5, 8, 9, 11]",5,996617.0
86.09852,"[2, 5, 8, 9, 11]",5,996615.0
86.09843000000001,"[3, 4, 8, 9, 11]",5,996614.0
86.09842,"[2, 4, 8, 9, 11]",5,996612.0
86.09832,"[2, 3, 8, 9, 11]",5,996611.0
86.09765,"[5, 6, 7, 9, 11]",5,996609.0
86.09764,"[4, 6, 7, 9, 11]",5,996607.0
86.09763,"[3, 6, 7, 9, 11]",5,996606.0
86.09762,"[2, 6, 7, 9, 11]",5,996604.0
86.09754,"[4, 5, 7, 9, 11]",5,996603.0
86.09753,"[3, 5, 7, 9, 11]",5,996601.0
86.09752,"[2, 5, 7, 9, 11]",5,996600.0
86.09743,"[3, 4, 7, 9, 11]",5,996598.0
86.09742,"[2, 4, 7, 9, 11]",5,996597.0
86.09732,"[2, 3, 7, 9, 11]",5,996595.0
86.09654,"[4, 5, 6, 9, 11]",5,996594.0
86.09653,"[3, 5, 6, 9, 11]",5,996592.0
86.09652,"[2, 5, 6, 9, 11]",5,996591.0
86.09643,"[3, 4, 6, 9, 11]",5,996589.0
86.09642,"[2, 4, 6, 9, 11]",5,996587.0
86.09631999999999,"[2, 3, 6, 9, 11]",5,996586.0
86.09543000000001,"[3, 4, 5, 9, 11]",5,996584.0
86.09542,"[2, 4, 5, 9, 11]",5,996583.0
86.09532,"[2, 3, 5, 9, 11]",5,996581.0
86.09432,"[2, 3, 4, 9, 11]",5,996580.0
86.08765,"[5, 6, 7, 8, 11]",5,996578.0
86.08764,"[4, 6, 7, 8, 11]",5,996577.0
86.08763,"[3, 6, 7, 8, 11]",5,996575.0
86.08762,"[2, 6, 7, 8, 11]",5,996574.0
86.08754,"[4, 5, 7, 8, 11]",5,996572.0
86.08753,"[3, 5, 7, 8, 11]",5,996571.0
86.08752,"[2, 5, 7, 8, 11]",5,996569.0
86.08743,"[3, 4, 7, 8, 11]",5,996567.0
86.08742,"[2, 4, 7, 8, 11]",5,996566.0
86.08732,"[2, 3, 7, 8, 11]",5,996564.0
86.08654,"[4, 5, 6, 8, 11]",5,996563.0
86.08653,"[3, 5, 6, 8, 11]",5,996561.0
86.08652000000001,"[2, 5, 6, 8, 11]",5,996560.0
86.08643000000001,"[3, 4, 6, 8, 11]",5,996558.0
86.08642,"[2, 4, 6, 8, 11]",5,996557.0
86.08632,"[2, 3, 6, 8, 11]",5,996555.0
86.08543,"[3, 4, 5, 8, 11]",5,996554.0
86.08542,"[2, 4, 5, 8, 11]",5,996552.0
86.08532,"[2, 3, 5, 8, 11]",5,996551.0
86.08431999999999,"[2, 3, 4, 8, 11]",5,996549.0
86.07654,"[4, 5, 6, 7, 11]",5,996547.0
86.07653,"[3, 5, 6, 7, 11]",5,996546.0
86.07652,"[2, 5, 6, 7, 11]",5,996544.0
86.07643,"[3, 4, 6, 7, 11]",5,996543.0
86.07642,"[2, 4, 6, 7, 11]",5,996541.0
86.07632,"[2, 3, 6, 7, 11]",5,996540.0
86.07543,"[3, 4, 5, 7, 11]",5,996538.0
86.07542000000001,"[2, 4, 5, 7, 11]",5,996537.0
86.07532,"[2, 3, 5, 7, 11]",5,996535.0
86.07432,"[2, 3, 4, 7, 11]",5,996534.0
86.06543,"[3, 4, 5, 6, 11]",5,996532.0
86.06542,"[2, 4, 5, 6, 11]",5,996531.0
86.06532,"[2, 3, 5, 6, 11]",5,996529.0
86.06432,"[2, 3, 4, 6, 11]",5,996527.0
86.05432,"[2, 3, 4, 5, 11]",5,996526.0
85.09875,"[5, 7, 8, 9, 10]",5,996524.0
85.09873999999999,"[4, 7, 8, 9, 10]",5,996523.0
85.09873,"[3, 7, 8, 9, 10]",5,996521.0
85.09872,"[2, 7, 8, 9, 10]",5,996520.0
85.09864999999999,"[5, 6, 8, 9, 10]",5,996518.0
85.09864,"[4, 6, 8, 9, 10]",5,996517.0
85.09863,"[3, 6, 8, 9, 10]",5,996515.0
85.09862,"[2, 6, 8, 9, 10]",5,996514.0
85.09854,"[4, 5, 8, 9, 10]",5,996512.0
85.09853,"[3, 5, 8, 9, 10]",5,996511.0
85.09852,"[2, 5, 8, 9, 10]",5,996509.0
85.09843000000001,"[3, 4, 8, 9, 10]",5,996507.0
85.09842,"[2, 4, 8, 9, 10]",5,996506.0
85.09832,"[2, 3, 8, 9, 10]",5,996504.0
85.09765,"[5, 6, 7, 9, 10]",5,996503.0
85.09764,"[4, 6, 7, 9, 10]",5,996501.0
85.09763,"[3, 6, 7, 9, 10]",5,996500.0
85.09762,"[2, 6, 7, 9, 10]",5,996498.0
85.09754,"[4, 5, 7, 9, 10]",5,996497.0
85.09753,"[3, 5, 7, 9, 10]",5,996495.0
85.09752,"[2, 5, 7, 9, 10]",5,996494.0
85.09743,"[3, 4, 7, 9, 10]",5,996492.0
85.09742,"[2, 4, 7, 9, 10]",5,996491.0
85.09732,"[2, 3, 7, 9, 10]",5,996489.0
85.09654,"[4, 5, 6, 9, 10]",5,996487.0
85.09653,"[3, 5, 6, 9, 10]",5,996486.0
85.09652,"[2, 5, 6, 9, 10]",5,996484.0
85.09643,"[3, 4, 6, 9, 10]",5,996483.0
85.09642,"[2, 4, 6, 9, 10]",5,996481.0
85.09631999999999,"[2, 3, 6, 9, 10]",5,996480.0
85.09543000000001,"[3, 4, 5, 9, 10]",5,996478.0
85.09542,"[2, 4, 5, 9, 10]",5,996477.0
85.09532,"[2, 3, 5, 9, 10]",5,996475.0
85.09432,"[2, 3, 4, 9, 10]",5,996474.0
85.08765,"[5, 6, 7, 8, 10]",5,996472.0
85.08764,"[4, 6, 7, 8, 10]",5,996471.0
85.08763,"[3, 6, 7, 8, 10]",5,996469.0
85.08762,"[2, 6, 7, 8, 10]",5,996467.0
85.08754,"[4, 5, 7, 8, 10]",5,996466.0
85.08753,"[3, 5, 7, 8, 10]",5,996464.0
85.08752,"[2, 5, 7, 8, 10]",5,996463.0
85.08743,"[3, 4, 7, 8, 10]",5,996461.0
85.08742,"[2, 4, 7, 8, 10]",5,996460.0
85.08732,"[2, 3, 7, 8, 10]",5,996458.0
85.08654,"[4, 5, 6, 8, 10]",5,996457.0
85.08653,"[3, 5, 6, 8, 10]",5,996455.0
85.08652000000001,"[2, 5, 6, 8, 10]",5,996454.0
85.08643000000001,"[3, 4, 6, 8, 10]",5,996452.0
85.08642,"[2, 4, 6, 8, 10]",5,996451.0
85.08632,"[2, 3, 6, 8, 10]",5,996449.0
85.08543,"[3, 4, 5, 8, 10]",5,996447.0
85.08542,"[2, 4, 5, 8, 10]",5,996446.0
85.08532,"[2, 3, 5, 8, 10]",5,996444.0
85.08431999999999,"[2, 3, 4, 8, 10]",5,996443.0
85.07654,"[4, 5, 6, 7, 10]",5,996441.0
85.07653,"[3, 5, 6, 7, 10]",5,996440.0
85.07652,"[2, 5, 6, 7, 10]",5,996438.0
85.07643,"[3, 4, 6, 7, 10]",5,996437.0
85.07642,"[2, 4, 6, 7, 10]",5,996435.0
85.07632,"[2, 3, 6, 7, 10]",5,996434.0
85.07543,"[3, 4, 5, 7, 10]",5,996432.0
85.07542000000001,"[2, 4, 5, 7, 10]",5,996430.0
85.07532,"[2, 3, 5, 7, 10]",5,996429.0
85.07432,"[2, 3, 4, 7, 10]",5,996427.0
85.06543,"[3, 4, 5, 6, 10]",5,996426.0
85.06542,"[2, 4, 5, 6, 10]",5,996424.0
85.06532,"[2, 3, 5, 6, 10]",5,996423.0
85.06432,"[2, 3, 4, 6, 10]",5,996421.0
85.05432,"[2, 3, 4, 5, 10]",5,996420.0
84.08764,"[4, 6, 7, 8, 9]",5,996418.0
84.08763,"[3, 6, 7, 8, 9]",5,996417.0
84.08762,"[2, 6, 7, 8, 9]",5,996415.0
84.08754,"[4, 5, 7, 8, 9]",5,996414.0
84.08753,"[3, 5, 7, 8, 9]",5,996412.0
84.08752,"[2, 5, 7, 8, 9]",5,996410.0
84.08743,"[3, 4, 7, 8, 9]",5,996409.0
84.08742,"[2, 4, 7, 8, 9]",5,996407.0
84.08732,"[2, 3, 7, 8, 9]",5,996406.0
84.08654,"[4, 5, 6, 8, 9]",5,996404.0
84.08653,"[3, 5, 6, 8, 9]",5,996403.0
84.08652000000001,"[2, 5, 6, 8, 9]",5,996401.0
84.08643000000001,"[3, 4, 6, 8, 9]",5,996400.0
84.08642,"[2, 4, 6, 8, 9]",5,996398.0
84.08632,"[2, 3, 6, 8, 9]",5,996397.0
84.08543,"[3, 4, 5, 8, 9]",5,996395.0
84.08542,"[2, 4, 5, 8, 9]",5,996394.0
84.08532,"[2, 3, 5, 8, 9]",5,996392.0
84.08431999999999,"[2, 3, 4, 8, 9]",5,996390.0
84.07654,"[4, 5, 6, 7, 9]",5,996389.0
84.07653,"[3, 5, 6, 7, 9]",5,996387.0
84.07652,"[2, 5, 6, 7, 9]",5,996386.0
84.07643,"[3, 4, 6, 7, 9]",5,996384.0
84.07642,"[2, 4, 6, 7, 9]",5,996383.0
84.07632,"[2, 3, 6, 7, 9]",5,996381.0
84.07543,"[3, 4, 5, 7, 9]",5,996380.0
84.07542000000001,"[2, 4, 5, 7, 9]",5,996378.0
84.07532,"[2, 3, 5, 7, 9]",5,996377.0
84.07432,"[2, 3, 4, 7, 9]",5,996375.0
84.06543,"[3, 4, 5, 6, 9]",5,996374.0
84.06542,"[2, 4, 5, 6, 9]",5,996372.0
84.06532,"[2, 3, 5, 6, 9]",5,996370.0
84.06432,"[2, 3, 4, 6, 9]",5,996369.0
84.05432,"[2, 3, 4, 5, 9]",5,996367.0
83.07653,"[3, 5, 6, 7, 8]",5,996366.0
83.07652,"[2, 5, 6, 7, 8]",5,996364.0
83.07643,"[3, 4, 6, 7, 8]",5,996363.0
83.07642,"[2, 4, 6, 7, 8]",5,996361.0
83.07632,"[2, 3, 6, 7, 8]",5,996360.0
83.07543,"[3, 4, 5, 7, 8]",5,996358.0
83.07542000000001,"[2, 4, 5, 7, 8]",5,996357.0
83.07532,"[2, 3, 5, 7, 8]",5,996355.0
83.07432,"[2, 3, 4, 7, 8]",5,996354.0
83.06543,"[3, 4, 5, 6, 8]",5,996352.0
83.06542,"[2, 4, 5, 6, 8]",5,996350.0
83.06532,"[2, 3, 5, 6, 8]",5,996349.0
83.06432,"[2, 3, 4, 6, 8]",5,996347.0
83.05432,"[2, 3, 4, 5, 8]",5,996346.0
82.06542,"[2, 4, 5, 6, 7]",5,996344.0
82.06532,"[2, 3, 5, 6, 7]",5,996343.0
82.06432,"[2, 3, 4, 6, 7]",5,996341.0
82.05432,"[2, 3, 4, 5, 7]",5,996340.0
78.5,"[10, 11, 12, 13, 14]",4,996338.0
78.0,"[9, 10, 11, 12, 13]",4,995946.0
77.0,"[8, 9, 10, 11, 12]",4,995553.0
76.0,"[7, 8, 9, 10, 11]",4,995161.0
75.0,"[6, 7, 8, 9, 10]",4,994768.0
74.0,"[5, 6, 7, 8, 9]",4,994376.0
73.0,"[4, 5, 6, 7, 8]",4,993983.0
72.0,"[3, 4, 5, 6, 7]",4,993591.0
71.0,"[2, 3, 4, 5, 14]",4,993198.0
59.0,"[12, 13, 14, 14, 14]",3,992414.0
58.0,"[12, 13, 13, 13, 14]",3,990788.0
57.0,"[12, 12, 12, 13, 14]",3,989163.0
56.0,"[11, 11, 11, 13, 14]",3,987538.0
55.0,"[10, 10, 10, 13, 14]",3,985912.0
54.0,"[9, 9, 9, 13, 14]",3,984287.0
53.0,"[8, 8, 8, 13, 14]",3,982662.0
52.0,"[7, 7, 7, 13, 14]",3,981037.0
51.0,"[6, 6, 6, 13, 14]",3,979411.0
50.0,"[5, 5, 5, 13, 14]",3,977786.0
49.0,"[4, 4, 4, 13, 14]",3,976161.0
48.0,"[3, 3, 3, 13, 14]",3,974536.0
47.0,"[2, 2, 2, 13, 14]",3,972910.0
44.142,"[12, 13, 13, 14, 14]",2,971285.0
44.141000000000005,"[11, 13, 13, 14, 14]",2,971230.0
44.14,"[10, 13, 13, 14, 14]",2,971174.0
44.139,"[9, 13, 13, 14, 14]",2,971119.0
44.138000000000005,"[8, 13, 13, 14, 14]",2,971063.0
44.137,"[7, 13, 13, 14, 14]",2,971008.0
44.136,"[6, 13, 13, 14, 14]",2,970953.0
44.135000000000005,"[5, 13, 13, 14, 14]",2,970897.0
44.134,"[4, 13, 13, 14, 14]",2,970842.0
44.133,"[3, 13, 13, 14, 14]",2,970786.0
44.132999999999996,"[12, 12, 13, 14, 14]",2,970731.0
44.132000000000005,"[2, 13, 13, 14, 14]",2,970676.0
44.131,"[11, 12, 12, 14, 14]",2,970620.0
44.129999999999995,"[10, 12, 12, 14, 14]",2,970565.0
44.129,"[9, 12, 12, 14, 14]",2,970509.0
44.128,"[8, 12, 12, 14, 14]",2,970454.0
44.126999999999995,"[7, 12, 12, 14, 14]",2,970399.0
44.126,"[6, 12, 12, 14, 14]",2,970343.0
44.125,"[5, 12, 12, 14, 14]",2,970288.0
44.123999999999995,"[4, 12, 12, 14, 14]",2,970232.0
44.123,"[11, 11, 13, 14, 14]",2,970177.0
44.122,"[11, 11, 12, 14, 14]",2,970066.0
44.12,"[10, 11, 11, 14, 14]",2,969955.0
44.119,"[9, 11, 11, 14, 14]",2,969900.0
44.118,"[8, 11, 11, 14, 14]",2,969844.0
44.117,"[7, 11, 11, 14, 14]",2,969789.0
44.116,"[6, 11, 11, 14, 14]",2,969734.0
44.115,"[5, 11, 11, 14, 14]",2,969678.0
44.114,"[4, 11, 11, 14, 14]",2,969623.0
44.113,"[10, 10, 13, 14, 14]",2,969567.0
44.112,"[10, 10, 12, 14, 14]",2,969457.0
44.111000000000004,"[10, 10, 11, 14, 14]",2,969346.0
44.109,"[9, 10, 10, 14, 14]",2,969290.0
44.108000000000004,"[8, 10, 10, 14, 14]",2,969235.0
44.107,"[7, 10, 10, 14, 14]",2,969180.0
44.106,"[6, 10, 10, 14, 14]",2,969124.0
44.105000000000004,"[5, 10, 10, 14, 14]",2,969069.0
44.104,"[4, 10, 10, 14, 14]",2,969013.0
44.103,"[9, 9, 13, 14, 14]",2,968958.0
44.102000000000004,"[9, 9, 12, 14, 14]",2,968847.0
44.101000000000006,"[9, 9, 11, 14, 14]",2,968736.0
44.1,"[9, 9, 10, 14, 14]",2,968681.0
44.098000000000006,"[8, 9, 9, 14, 14]",2,968626.0
44.097,"[7, 9, 9, 14, 14]",2,968570.0
44.096000000000004,"[6, 9, 9, 14, 14]",2,968515.0
44.095000000000006,"[5, 9, 9, 14, 14]",2,968459.0
44.094,"[4, 9, 9, 14, 14]",2,968404.0
44.093,"[3, 9, 9, 14, 14]",2,968348.0
44.092999999999996,"[8, 8, 13, 14, 14]",2,968293.0
44.092000000000006,"[2, 9, 9, 14, 14]",2,968238.0
44.092,"[8, 8, 12, 14, 14]",2,968182.0
44.091,"[8, 8, 11, 14, 14]",2,968127.0
44.089999999999996,"[8, 8, 10, 14, 14]",2,968071.0
44.089,"[8, 8, 9, 14, 14]",2,968016.0
44.086999999999996,"[7, 8, 8, 14, 14]",2,967961.0
44.086,"[6, 8, 8, 14, 14]",2,967905.0
44.085,"[5, 8, 8, 14, 14]",2,967850.0
44.083999999999996,"[4, 8, 8, 14, 14]",2,967794.0
44.083,"[7, 7, 13, 14, 14]",2,967739.0
44.082,"[7, 7, 12, 14, 14]",2,967628.0
44.081,"[7, 7, 11, 14, 14]",2,967517.0
44.08,"[7, 7, 10, 14, 14]",2,967462.0
44.079,"[7, 7, 9, 14, 14]",2,967407.0
44.078,"[7, 7, 8, 14, 14]",2,967351.0
44.076,"[6, 7, 7, 14, 14]",2,967296.0
44.075,"[5, 7, 7, 14, 14]",2,967240.0
44.074,"[4, 7, 7, 14, 14]",2,967185.0
44.073,"[6, 6, 13, 14, 14]",2,967130.0
44.072,"[6, 6, 12, 14, 14]",2,967019.0
44.071000000000005,"[6, 6, 11, 14, 14]",2,966908.0
44.07,"[6, 6, 10, 14, 14]",2,966853.0
44.069,"[6, 6, 9, 14, 14]",2,966797.0
44.068000000000005,"[6, 6, 8, 14, 14]",2,966742.0
44.067,"[6, 6, 7, 14, 14]",2,966686.0
44.065000000000005,"[5, 6, 6, 14, 14]",2,966631.0
44.064,"[4, 6, 6, 14, 14]",2,966575.0
44.063,"[3, 6, 6, 14, 14]",2,966520.0
44.062999999999995,"[5, 5, 13, 14, 14]",2,966465.0
44.062000000000005,"[2, 6, 6, 14, 14]",2,966409.0
44.062,"[5, 5, 12, 14, 14]",2,966354.0
44.061,"[5, 5, 11, 14, 14]",2,966298.0
44.059999999999995,"[5, 5, 10, 14, 14]",2,966243.0
44.059,"[5, 5, 9, 14, 14]",2,966188.0
44.058,"[5, 5, 8, 14, 14]",2,966132.0
44.056999999999995,"[5, 5, 7, 14, 14]",2,966077.0
44.056,"[5, 5, 6, 14, 14]",2,966021.0
44.053999999999995,"[4, 5, 5, 14, 14]",2,965966.0
44.053,"[4, 4, 13, 14, 14]",2,965911.0
44.052,"[4, 4, 12, 14, 14]",2,965800.0
44.051,"[4, 4, 11, 14, 14]",2,965689.0
44.05,"[4, 4, 10, 14, 14]",2,965634.0
44.049,"[4, 4, 9, 14, 14]",2,965578.0
44.048,"[4, 4, 8, 14, 14]",2,965523.0
44.047,"[4, 4, 7, 14, 14]",2,965467.0
44.046,"[4, 4, 6, 14, 14]",2,965412.0
44.045,"[4, 4, 5, 14, 14]",2,965357.0
44.043,"[3, 4, 4, 14, 14]",2,965301.0
44.042,"[3, 3, 12, 14, 14]",2,965190.0
44.041000000000004,"[3, 3, 11, 14, 14]",2,965079.0
44.04,"[3, 3, 10, 14, 14]",2,965024.0
44.039,"[3, 3, 9, 14, 14]",2,964969.0
44.038000000000004,"[3, 3, 8, 14, 14]",2,964913.0
44.037,"[3, 3, 7, 14, 14]",2,964858.0
44.036,"[3, 3, 6, 14, 14]",2,964802.0
44.035000000000004,"[3, 3, 5, 14, 14]",2,964747.0
44.034,"[3, 3, 4, 14, 14]",2,964692.0
44.033,"[2, 2, 13, 14, 14]",2,964636.0
44.032000000000004,"[2, 3, 3, 14, 14]",2,964581.0
44.031000000000006,"[2, 2, 11, 14, 14]",2,964470.0
44.03,"[2, 2, 10, 14, 14]",2,964415.0
44.029,"[2, 2, 9, 14, 14]",2,964359.0
44.028000000000006,"[2, 2, 8, 14, 14]",2,964304.0
44.027,"[2, 2, 7, 14, 14]",2,964248.0
44.026,"[2, 2, 6, 14, 14]",2,964193.0
44.025000000000006,"[2, 2, 5, 14, 14]",2,964138.0
44.024,"[2, 2, 4, 14, 14]",2,964082.0
44.023,"[2, 2, 3, 14, 14]",2,964027.0
43.134,"[12, 12, 13, 13, 14]",2,963971.0
43.131,"[11, 12, 12, 13, 13]",2,963916.0
43.129999999999995,"[10, 12, 12, 13, 13]",2,963861.0
43.129,"[9, 12, 12, 13, 13]",2,963805.0
43.128,"[8, 12, 12, 13, 13]",2,963750.0
43.126999999999995,"[7, 12, 12, 13, 13]",2,963694.0
43.126,"[6, 12, 12, 13, 13]",2,963639.0
43.125,"[5, 12, 12, 13, 13]",2,963584.0
43.124,"[11, 11, 13, 13, 14]",2,963528.0
43.123999999999995,"[4, 12, 12, 13, 13]",2,963473.0
43.123,"[3, 12, 12, 13, 13]",2,963417.0
43.122,"[11, 11, 12, 13, 13]",2,963362.0
43.12,"[10, 11, 11, 13, 13]",2,963251.0
43.119,"[9, 11, 11, 13, 13]",2,963196.0
43.118,"[8, 11, 11, 13, 13]",2,963140.0
43.117,"[7, 11, 11, 13, 13]",2,963085.0
43.116,"[6, 11, 11, 13, 13]",2,963029.0
43.115,"[5, 11, 11, 13, 13]",2,962974.0
43.114000000000004,"[10, 10, 13, 13, 14]",2,962919.0
43.114,"[4, 11, 11, 13, 13]",2,962863.0
43.113,"[3, 11, 11, 13, 13]",2,962808.0
43.112,"[10, 10, 12, 13, 13]",2,962752.0
43.111000000000004,"[10, 10, 11, 13, 13]",2,962642.0
43.109,"[9, 10, 10, 13, 13]",2,962586.0
43.108000000000004,"[8, 10, 10, 13, 13]",2,962531.0
43.107,"[7, 10, 10, 13, 13]",2,962475.0
43.106,"[6, 10, 10, 13, 13]",2,962420.0
43.105000000000004,"[5, 10, 10, 13, 13]",2,962365.0
43.104000000000006,"[9, 9, 13, 13, 14]",2,962309.0
43.104,"[4, 10, 10, 13, 13]",2,962254.0
43.103,"[3, 10, 10, 13, 13]",2,962198.0
43.102000000000004,"[9, 9, 12, 13, 13]",2,962143.0
43.101000000000006,"[9, 9, 11, 13, 13]",2,962032.0
43.1,"[9, 9, 10, 13, 13]",2,961977.0
43.098000000000006,"[8, 9, 9, 13, 13]",2,961921.0
43.097,"[7, 9, 9, 13, 13]",2,961866.0
43.096000000000004,"[6, 9, 9, 13, 13]",2,961810.0
43.095000000000006,"[5, 9, 9, 13, 13]",2,961755.0
43.094,"[8, 8, 13, 13, 14]",2,961700.0
43.093,"[3, 9, 9, 13, 13]",2,961589.0
43.092000000000006,"[2, 9, 9, 13, 13]",2,961533.0
43.092,"[8, 8, 12, 13, 13]",2,961478.0
43.091,"[8, 8, 11, 13, 13]",2,961423.0
43.089999999999996,"[8, 8, 10, 13, 13]",2,961367.0
43.089,"[8, 8, 9, 13, 13]",2,961312.0
43.086999999999996,"[7, 8, 8, 13, 13]",2,961256.0
43.086,"[6, 8, 8, 13, 13]",2,961201.0
43.085,"[5, 8, 8, 13, 13]",2,961146.0
43.084,"[7, 7, 13, 13, 14]",2,961090.0
43.083999999999996,"[4, 8, 8, 13, 13]",2,961035.0
43.083,"[3, 8, 8, 13, 13]",2,960979.0
43.082,"[7, 7, 12, 13, 13]",2,960924.0
43.081,"[7, 7, 11, 13, 13]",2,960813.0
43.08,"[7, 7, 10, 13, 13]",2,960758.0
43.079,"[7, 7, 9, 13, 13]",2,960702.0
43.078,"[7, 7, 8, 13, 13]",2,960647.0
43.076,"[6, 7, 7, 13, 13]",2,960592.0
43.075,"[5, 7, 7, 13, 13]",2,960536.0
43.074000000000005,"[6, 6, 13, 13, 14]",2,960481.0
43.074,"[4, 7, 7, 13, 13]",2,960425.0
43.073,"[3, 7, 7, 13, 13]",2,960370.0
43.072,"[6, 6, 12, 13, 13]",2,960315.0
43.071000000000005,"[6, 6, 11, 13, 13]",2,960204.0
43.07,"[6, 6, 10, 13, 13]",2,960148.0
43.069,"[6, 6, 9, 13, 13]",2,960093.0
43.068000000000005,"[6, 6, 8, 13, 13]",2,960037.0
43.067,"[6, 6, 7, 13, 13]",2,959982.0
43.065000000000005,"[5, 6, 6, 13, 13]",2,959927.0
43.064,"[5, 5, 13, 13, 14]",2,959871.0
43.063,"[3, 6, 6, 13, 13]",2,959760.0
43.062000000000005,"[2, 6, 6, 13, 13]",2,959705.0
43.062,"[5, 5, 12, 13, 13]",2,959650.0
43.061,"[5, 5, 11, 13, 13]",2,959594.0
43.059999999999995,"[5, 5, 10, 13, 13]",2,959539.0
43.059,"[5, 5, 9, 13, 13]",2,959483.0
43.058,"[5, 5, 8, 13, 13]",2,959428.0
43.056999999999995,"[5, 5, 7, 13, 13]",2,959373.0
43.056,"[5, 5, 6, 13, 13]",2,959317.0
43.054,"[4, 4, 13, 13, 14]",2,959262.0
43.053999999999995,"[4, 5, 5, 13, 13]",2,959206.0
43.053,"[3, 5, 5, 13, 13]",2,959151.0
43.052,"[4, 4, 12, 13, 13]",2,959096.0
43.051,"[4, 4, 11, 13, 13]",2,958985.0
43.05,"[4, 4, 10, 13, 13]",2,958929.0
43.049,"[4, 4, 9, 13, 13]",2,958874.0
43.048,"[4, 4, 8, 13, 13]",2,958819.0
43.047,"[4, 4, 7, 13, 13]",2,958763.0
43.046,"[4, 4, 6, 13, 13]",2,958708.0
43.045,"[4, 4, 5, 13, 13]",2,958652.0
43.044000000000004,"[3, 3, 13, 13, 14]",2,958597.0
43.043,"[3, 4, 4, 13, 13]",2,958541.0
43.042,"[3, 3, 12, 13, 13]",2,958486.0
43.041000000000004,"[3, 3, 11, 13, 13]",2,958375.0
43.04,"[3, 3, 10, 13, 13]",2,958320.0
43.039,"[3, 3, 9, 13, 13]",2,958264.0
43.038000000000004,"[3, 3, 8, 13, 13]",2,958209.0
43.037,"[3, 3, 7, 13, 13]",2,958154.0
43.036,"[3, 3, 6, 13, 13]",2,958098.0
43.035000000000004,"[3, 3, 5, 13, 13]",2,958043.0
43.034000000000006,"[2, 2, 13, 13, 14]",2,957987.0
43.034,"[3, 3, 4, 13, 13]",2,957932.0
43.032000000000004,"[2, 3, 3, 13, 13]",2,957877.0
43.031000000000006,"[2, 2, 11, 13, 13]",2,957766.0
43.03,"[2, 2, 10, 13, 13]",2,957710.0
43.029,"[2, 2, 9, 13, 13]",2,957655.0
43.028000000000006,"[2, 2, 8, 13, 13]",2,957600.0
43.027,"[2, 2, 7, 13, 13]",2,957544.0
43.026,"[2, 2, 6, 13, 13]",2,957489.0
43.025000000000006,"[2, 2, 5, 13, 13]",2,957433.0
43.024,"[2, 2, 4, 13, 13]",2,957378.0
43.023,"[2, 2, 3, 13, 13]",2,957323.0
42.124,"[11, 11, 12, 12, 14]",2,957267.0
42.123,"[11, 11, 12, 12, 13]",2,957212.0
42.12,"[10, 11, 11, 12, 12]",2,957156.0
42.119,"[9, 11, 11, 12, 12]",2,957101.0
42.118,"[8, 11, 11, 12, 12]",2,957046.0
42.117,"[7, 11, 11, 12, 12]",2,956990.0
42.116,"[6, 11, 11, 12, 12]",2,956935.0
42.115,"[5, 11, 11, 12, 12]",2,956879.0
42.114000000000004,"[10, 10, 12, 12, 14]",2,956824.0
42.114,"[4, 11, 11, 12, 12]",2,956768.0
42.113,"[10, 10, 12, 12, 13]",2,956713.0
42.112,"[2, 11, 11, 12, 12]",2,956602.0
42.111000000000004,"[10, 10, 11, 12, 12]",2,956547.0
42.109,"[9, 10, 10, 12, 12]",2,956491.0
42.108000000000004,"[8, 10, 10, 12, 12]",2,956436.0
42.107,"[7, 10, 10, 12, 12]",2,956381.0
42.106,"[6, 10, 10, 12, 12]",2,956325.0
42.105000000000004,"[5, 10, 10, 12, 12]",2,956270.0
42.104000000000006,"[9, 9, 12, 12, 14]",2,956214.0
42.104,"[4, 10, 10, 12, 12]",2,956159.0
42.103,"[9, 9, 12, 12, 13]",2,956104.0
42.102000000000004,"[2, 10, 10, 12, 12]",2,955993.0
42.101000000000006,"[9, 9, 11, 12, 12]",2,955937.0
42.1,"[9, 9, 10, 12, 12]",2,955882.0
42.098000000000006,"[8, 9, 9, 12, 12]",2,955827.0
42.097,"[7, 9, 9, 12, 12]",2,955771.0
42.096000000000004,"[6, 9, 9, 12, 12]",2,955716.0
42.095000000000006,"[5, 9, 9, 12, 12]",2,955660.0
42.094,"[8, 8, 12, 12, 14]",2,955605.0
42.093,"[3, 9, 9, 12, 12]",2,955494.0
42.092999999999996,"[8, 8, 12, 12, 13]",2,955439.0
42.092000000000006,"[2, 9, 9, 12, 12]",2,955383.0
42.091,"[8, 8, 11, 12, 12]",2,955328.0
42.089999999999996,"[8, 8, 10, 12, 12]",2,955272.0
42.089,"[8, 8, 9, 12, 12]",2,955217.0
42.086999999999996,"[7, 8, 8, 12, 12]",2,955162.0
42.086,"[6, 8, 8, 12, 12]",2,955106.0
42.085,"[5, 8, 8, 12, 12]",2,955051.0
42.084,"[7, 7, 12, 12, 14]",2,954995.0
42.083999999999996,"[4, 8, 8, 12, 12]",2,954940.0
42.083,"[7, 7, 12, 12, 13]",2,954885.0
42.082,"[2, 8, 8, 12, 12]",2,954774.0
42.081,"[7, 7, 11, 12, 12]",2,954718.0
42.08,"[7, 7, 10, 12, 12]",2,954663.0
42.079,"[7, 7, 9, 12, 12]",2,954608.0
42.078,"[7, 7, 8, 12, 12]",2,954552.0
42.076,"[6, 7, 7, 12, 12]",2,954497.0
42.075,"[5, 7, 7, 12, 12]",2,954441.0
42.074000000000005,"[6, 6, 12, 12, 14]",2,954386.0
42.074,"[4, 7, 7, 12, 12]",2,954331.0
42.073,"[6, 6, 12, 12, 13]",2,954275.0
42.072,"[2, 7, 7, 12, 12]",2,954164.0
42.071000000000005,"[6, 6, 11, 12, 12]",2,954109.0
42.07,"[6, 6, 10, 12, 12]",2,954054.0
42.069,"[6, 6, 9, 12, 12]",2,953998.0
42.068000000000005,"[6, 6, 8, 12, 12]",2,953943.0
42.067,"[6, 6, 7, 12, 12]",2,953887.0
42.065000000000005,"[5, 6, 6, 12, 12]",2,953832.0
42.064,"[5, 5, 12, 12, 14]",2,953777.0
42.063,"[3, 6, 6, 12, 12]",2,953666.0
42.062999999999995,"[5, 5, 12, 12, 13]",2,953610.0
42.062000000000005,"[2, 6, 6, 12, 12]",2,953555.0
42.061,"[5, 5, 11, 12, 12]",2,953499.0
42.059999999999995,"[5, 5, 10, 12, 12]",2,953444.0
42.059,"[5, 5, 9, 12, 12]",2,953389.0
42.058,"[5, 5, 8, 12, 12]",2,953333.0
42.056999999999995,"[5, 5, 7, 12, 12]",2,953278.0
42.056,"[5, 5, 6, 12, 12]",2,953222.0
42.054,"[4, 4, 12, 12, 14]",2,953167.0
42.053999999999995,"[4, 5, 5, 12, 12]",2,953112.0
42.053,"[4, 4, 12, 12, 13]",2,953056.0
42.052,"[2, 5, 5, 12, 12]",2,952945.0
42.051,"[4, 4, 11, 12, 12]",2,952890.0
42.05,"[4, 4, 10, 12, 12]",2,952835.0
42.049,"[4, 4, 9, 12, 12]",2,952779.0
42.048,"[4, 4, 8, 12, 12]",2,952724.0
42.047,"[4, 4, 7, 12, 12]",2,952668.0
42.046,"[4, 4, 6, 12, 12]",2,952613.0
42.045,"[4, 4, 5, 12, 12]",2,952558.0
42.044000000000004,"[3, 3, 12, 12, 14]",2,952502.0
42.043,"[3, 4, 4, 12, 12]",2,952447.0
42.042,"[2, 4, 4, 12, 12]",2,952336.0
42.041000000000004,"[3, 3, 11, 12, 12]",2,952281.0
42.04,"[3, 3, 10, 12, 12]",2,952225.0
42.039,"[3, 3, 9, 12, 12]",2,952170.0
42.038000000000004,"[3, 3, 8, 12, 12]",2,952114.0
42.037,"[3, 3, 7, 12, 12]",2,952059.0
42.036,"[3, 3, 6, 12, 12]",2,952003.0
42.035000000000004,"[3, 3, 5, 12, 12]",2,951948.0
42.034000000000006,"[2, 2, 12, 12, 14]",2,951893.0
42.034,"[3, 3, 4, 12, 12]",2,951837.0
42.033,"[2, 2, 12, 12, 13]",2,951782.0
42.032000000000004,"[2, 3, 3, 12, 12]",2,951726.0
42.031000000000006,"[2, 2, 11, 12, 12]",2,951671.0
42.03,"[2, 2, 10, 12, 12]",2,951616.0
42.029,"[2, 2, 9, 12, 12]",2,951560.0
42.028000000000006,"[2, 2, 8, 12, 12]",2,951505.0
42.027,"[2, 2, 7, 12, 12]",2,951449.0
42.026,"[2, 2, 6, 12, 12]",2,951394.0
42.025000000000006,"[2, 2, 5, 12, 12]",2,951339.0
42.024,"[2, 2, 4, 12, 12]",2,951283.0
42.023,"[2, 2, 3, 12, 12]",2,951228.0
41.114000000000004,"[10, 10, 11, 11, 14]",2,951172.0
41.113,"[10, 10, 11, 11, 13]",2,951117.0
41.112,"[10, 10, 11, 11, 12]",2,951062.0
41.109,"[9, 10, 10, 11, 11]",2,951006.0
41.108000000000004,"[8, 10, 10, 11, 11]",2,950951.0
41.107,"[7, 10, 10, 11, 11]",2,950895.0
41.106,"[6, 10, 10, 11, 11]",2,950840.0
41.105000000000004,"[5, 10, 10, 11, 11]",2,950785.0
41.104000000000006,"[9, 9, 11, 11, 14]",2,950729.0
41.104,"[4, 10, 10, 11, 11]",2,950674.0
41.103,"[9, 9, 11, 11, 13]",2,950618.0
41.102000000000004,"[9, 9, 11, 11, 12]",2,950508.0
41.1,"[9, 9, 10, 11, 11]",2,950397.0
41.098000000000006,"[8, 9, 9, 11, 11]",2,950341.0
41.097,"[7, 9, 9, 11, 11]",2,950286.0
41.096000000000004,"[6, 9, 9, 11, 11]",2,950230.0
41.095000000000006,"[5, 9, 9, 11, 11]",2,950175.0
41.094,"[8, 8, 11, 11, 14]",2,950120.0
41.093,"[3, 9, 9, 11, 11]",2,950009.0
41.092999999999996,"[8, 8, 11, 11, 13]",2,949953.0
41.092000000000006,"[2, 9, 9, 11, 11]",2,949898.0
41.092,"[8, 8, 11, 11, 12]",2,949843.0
41.089999999999996,"[8, 8, 10, 11, 11]",2,949787.0
41.089,"[8, 8, 9, 11, 11]",2,949732.0
41.086999999999996,"[7, 8, 8, 11, 11]",2,949676.0
41.086,"[6, 8, 8, 11, 11]",2,949621.0
41.085,"[5, 8, 8, 11, 11]",2,949566.0
41.084,"[7, 7, 11, 11, 14]",2,949510.0
41.083999999999996,"[4, 8, 8, 11, 11]",2,949455.0
41.083,"[7, 7, 11, 11, 13]",2,949399.0
41.082,"[7, 7, 11, 11, 12]",2,949289.0
41.08,"[7, 7, 10, 11, 11]",2,949178.0
41.079,"[7, 7, 9, 11, 11]",2,949122.0
41.078,"[7, 7, 8, 11, 11]",2,949067.0
41.076,"[6, 7, 7, 11, 11]",2,949012.0
41.075,"[5, 7, 7, 11, 11]",2,948956.0
41.074000000000005,"[6, 6, 11, 11, 14]",2,948901.0
41.074,"[4, 7, 7, 11, 11]",2,948845.0
41.073,"[6, 6, 11, 11, 13]",2,948790.0
41.072,"[6, 6, 11, 11, 12]",2,948679.0
41.07,"[6, 6, 10, 11, 11]",2,948568.0
41.069,"[6, 6, 9, 11, 11]",2,948513.0
41.068000000000005,"[6, 6, 8, 11, 11]",2,948457.0
41.067,"[6, 6, 7, 11, 11]",2,948402.0
41.065000000000005,"[5, 6, 6, 11, 11]",2,948347.0
41.064,"[5, 5, 11, 11, 14]",2,948291.0
41.063,"[3, 6, 6, 11, 11]",2,948180.0
41.062999999999995,"[5, 5, 11, 11, 13]",2,948125.0
41.062000000000005,"[2, 6, 6, 11, 11]",2,948070.0
41.062,"[5, 5, 11, 11, 12]",2,948014.0
41.059999999999995,"[5, 5, 10, 11, 11]",2,947959.0
41.059,"[5, 5, 9, 11, 11]",2,947903.0
41.058,"[5, 5, 8, 11, 11]",2,947848.0
41.056999999999995,"[5, 5, 7, 11, 11]",2,947793.0
41.056,"[5, 5, 6, 11, 11]",2,947737.0
41.054,"[4, 4, 11, 11, 14]",2,947682.0
41.053999999999995,"[4, 5, 5, 11, 11]",2,947626.0
41.053,"[4, 4, 11, 11, 13]",2,947571.0
41.052,"[4, 4, 11, 11, 12]",2,947460.0
41.05,"[4, 4, 10, 11, 11]",2,947349.0
41.049,"[4, 4, 9, 11, 11]",2,947294.0
41.048,"[4, 4, 8, 11, 11]",2,947239.0
41.047,"[4, 4, 7, 11, 11]",2,947183.0
41.046,"[4, 4, 6, 11, 11]",2,947128.0
41.045,"[4, 4, 5, 11, 11]",2,947072.0
41.044000000000004,"[3, 3, 11, 11, 14]",2,947017.0
41.043,"[3, 4, 4, 11, 11]",2,946961.0
41.042,"[3, 3, 11, 11, 12]",2,946851.0
41.04,"[3, 3, 10, 11, 11]",2,946740.0
41.039,"[3, 3, 9, 11, 11]",2,946684.0
41.038000000000004,"[3, 3, 8, 11, 11]",2,946629.0
41.037,"[3, 3, 7, 11, 11]",2,946574.0
41.036,"[3, 3, 6, 11, 11]",2,946518.0
41.035000000000004,"[3, 3, 5, 11, 11]",2,946463.0
41.034000000000006,"[2, 2, 11, 11, 14]",2,946407.0
41.034,"[3, 3, 4, 11, 11]",2,946352.0
41.033,"[2, 2, 11, 11, 13]",2,946297.0
41.032000000000004,"[2, 3, 3, 11, 11]",2,946241.0
41.03,"[2, 2, 10, 11, 11]",2,946130.0
41.029,"[2, 2, 9, 11, 11]",2,946075.0
41.028000000000006,"[2, 2, 8, 11, 11]",2,946020.0
41.027,"[2, 2, 7, 11, 11]",2,945964.0
41.026,"[2, 2, 6, 11, 11]",2,945909.0
41.025000000000006,"[2, 2, 5, 11, 11]",2,945853.0
41.024,"[2, 2, 4, 11, 11]",2,945798.0
41.023,"[2, 2, 3, 11, 11]",2,945743.0
40.104000000000006,"[9, 9, 10, 10, 14]",2,945687.0
40.103,"[9, 9, 10, 10, 13]",2,945632.0
40.102000000000004,"[9, 9, 10, 10, 12]",2,945576.0
40.101000000000006,"[9, 9, 10, 10, 11]",2,945521.0
40.098000000000006,"[8, 9, 9, 10, 10]",2,945465.0
40.097,"[7, 9, 9, 10, 10]",2,945410.0
40.096000000000004,"[6, 9, 9, 10, 10]",2,945355.0
40.095000000000006,"[5, 9, 9, 10, 10]",2,945299.0
40.094,"[8, 8, 10, 10, 14]",2,945244.0
40.093,"[3, 9, 9, 10, 10]",2,945133.0
40.092999999999996,"[8, 8, 10, 10, 13]",2,945078.0
40.092000000000006,"[2, 9, 9, 10, 10]",2,945022.0
40.092,"[8, 8, 10, 10, 12]",2,944967.0
40.091,"[8, 8, 10, 10, 11]",2,944911.0
40.089,"[8, 8, 9, 10, 10]",2,944856.0
40.086999999999996,"[7, 8, 8, 10, 10]",2,944801.0
40.086,"[6, 8, 8, 10, 10]",2,944745.0
40.085,"[5, 8, 8, 10, 10]",2,944690.0
40.084,"[7, 7, 10, 10, 14]",2,944634.0
40.083999999999996,"[4, 8, 8, 10, 10]",2,944579.0
40.083,"[7, 7, 10, 10, 13]",2,944524.0
40.082,"[7, 7, 10, 10, 12]",2,944413.0
40.081,"[7, 7, 10, 10, 11]",2,944302.0
40.079,"[7, 7, 9, 10, 10]",2,944247.0
40.078,"[7, 7, 8, 10, 10]",2,944191.0
40.076,"[6, 7, 7, 10, 10]",2,944136.0
40.075,"[5, 7, 7, 10, 10]",2,944080.0
40.074000000000005,"[6, 6, 10, 10, 14]",2,944025.0
40.074,"[4, 7, 7, 10, 10]",2,943970.0
40.073,"[6, 6, 10, 10, 13]",2,943914.0
40.072,"[6, 6, 10, 10, 12]",2,943803.0
40.071000000000005,"[6, 6, 10, 10, 11]",2,943692.0
40.069,"[6, 6, 9, 10, 10]",2,943637.0
40.068000000000005,"[6, 6, 8, 10, 10]",2,943582.0
40.067,"[6, 6, 7, 10, 10]",2,943526.0
40.065000000000005,"[5, 6, 6, 10, 10]",2,943471.0
40.064,"[5, 5, 10, 10, 14]",2,943415.0
40.063,"[3, 6, 6, 10, 10]",2,943305.0
40.062999999999995,"[5, 5, 10, 10, 13]",2,943249.0
40.062000000000005,"[2, 6, 6, 10, 10]",2,943194.0
40.062,"[5, 5, 10, 10, 12]",2,943138.0
40.061,"[5, 5, 10, 10, 11]",2,943083.0
40.059,"[5, 5, 9, 10, 10]",2,943028.0
40.058,"[5, 5, 8, 10, 10]",2,942972.0
40.056999999999995,"[5, 5, 7, 10, 10]",2,942917.0
40.056,"[5, 5, 6, 10, 10]",2,942861.0
40.054,"[4, 4, 10, 10, 14]",2,942806.0
40.053999999999995,"[4, 5, 5, 10, 10]",2,942751.0
40.053,"[4, 4, 10, 10, 13]",2,942695.0
40.052,"[4, 4, 10, 10, 12]",2,942584.0
40.051,"[4, 4, 10, 10, 11]",2,942474.0
40.049,"[4, 4, 9, 10, 10]",2,942418.0
40.048,"[4, 4, 8, 10, 10]",2,942363.0
40.047,"[4, 4, 7, 10, 10]",2,942307.0
40.046,"[4, 4, 6, 10, 10]",2,942252.0
40.045,"[4, 4, 5, 10, 10]",2,942196.0
40.044000000000004,"[3, 3, 10, 10, 14]",2,942141.0
40.043,"[3, 4, 4, 10, 10]",2,942086.0
40.042,"[3, 3, 10, 10, 12]",2,941975.0
40.041000000000004,"[3, 3, 10, 10, 11]",2,941864.0
40.039,"[3, 3, 9, 10, 10]",2,941809.0
40.038000000000004,"[3, 3, 8, 10, 10]",2,941753.0
40.037,"[3, 3, 7, 10, 10]",2,941698.0
40.036,"[3, 3, 6, 10, 10]",2,941642.0
40.035000000000004,"[3, 3, 5, 10, 10]",2,941587.0
40.034000000000006,"[2, 2, 10, 10, 14]",2,941532.0
40.034,"[3, 3, 4, 10, 10]",2,941476.0
40.033,"[2, 2, 10, 10, 13]",2,941421.0
40.032000000000004,"[2, 3, 3, 10, 10]",2,941365.0
40.031000000000006,"[2, 2, 10, 10, 11]",2,941255.0
40.029,"[2, 2, 9, 10, 10]",2,941199.0
40.028000000000006,"[2, 2, 8, 10, 10]",2,941144.0
40.027,"[2, 2, 7, 10, 10]",2,941088.0
40.026,"[2, 2, 6, 10, 10]",2,941033.0
40.025000000000006,"[2, 2, 5, 10, 10]",2,940978.0
40.024,"[2, 2, 4, 10, 10]",2,940922.0
40.023,"[2, 2, 3, 10, 10]",2,940867.0
39.094,"[8, 8, 9, 9, 14]",2,940811.0
39.092999999999996,"[8, 8, 9, 9, 13]",2,940756.0
39.092,"[8, 8, 9, 9, 12]",2,940701.0
39.091,"[8, 8, 9, 9, 11]",2,940645.0
39.089999999999996,"[8, 8, 9, 9, 10]",2,940590.0
39.086999999999996,"[7, 8, 8, 9, 9]",2,940534.0
39.086,"[6, 8, 8, 9, 9]",2,940479.0
39.085,"[5, 8, 8, 9, 9]",2,940423.0
39.084,"[7, 7, 9, 9, 14]",2,940368.0
39.083999999999996,"[4, 8, 8, 9, 9]",2,940313.0
39.083,"[7, 7, 9, 9, 13]",2,940257.0
39.082,"[7, 7, 9, 9, 12]",2,940146.0
39.081,"[7, 7, 9, 9, 11]",2,940036.0
39.08,"[7, 7, 9, 9, 10]",2,939980.0
39.078,"[7, 7, 8, 9, 9]",2,939925.0
39.076,"[6, 7, 7, 9, 9]",2,939869.0
39.075,"[5, 7, 7, 9, 9]",2,939814.0
39.074000000000005,"[6, 6, 9, 9, 14]",2,939759.0
39.074,"[4, 7, 7, 9, 9]",2,939703.0
39.073,"[6, 6, 9, 9, 13]",2,939648.0
39.072,"[6, 6, 9, 9, 12]",2,939537.0
39.071000000000005,"[6, 6, 9, 9, 11]",2,939426.0
39.07,"[6, 6, 9, 9, 10]",2,939371.0
39.068000000000005,"[6, 6, 8, 9, 9]",2,939315.0
39.067,"[6, 6, 7, 9, 9]",2,939260.0
39.065000000000005,"[5, 6, 6, 9, 9]",2,939205.0
39.064,"[5, 5, 9, 9, 14]",2,939149.0
39.063,"[3, 6, 6, 9, 9]",2,939038.0
39.062999999999995,"[5, 5, 9, 9, 13]",2,938983.0
39.062000000000005,"[2, 6, 6, 9, 9]",2,938927.0
39.062,"[5, 5, 9, 9, 12]",2,938872.0
39.061,"[5, 5, 9, 9, 11]",2,938817.0
39.059999999999995,"[5, 5, 9, 9, 10]",2,938761.0
39.058,"[5, 5, 8, 9, 9]",2,938706.0
39.056999999999995,"[5, 5, 7, 9, 9]",2,938650.0
39.056,"[5, 5, 6, 9, 9]",2,938595.0
39.054,"[4, 4, 9, 9, 14]",2,938540.0
39.053999999999995,"[4, 5, 5, 9, 9]",2,938484.0
39.053,"[4, 4, 9, 9, 13]",2,938429.0
39.052,"[4, 4, 9, 9, 12]",2,938318.0
39.051,"[4, 4, 9, 9, 11]",2,938207.0
39.05,"[4, 4, 9, 9, 10]",2,938152.0
39.048,"[4, 4, 8, 9, 9]",2,938096.0
39.047,"[4, 4, 7, 9, 9]",2,938041.0
39.046,"[4, 4, 6, 9, 9]",2,937986.0
39.045,"[4, 4, 5, 9, 9]",2,937930.0
39.044000000000004,"[3, 3, 9, 9, 14]",2,937875.0
39.043,"[3, 4, 4, 9, 9]",2,937819.0
39.042,"[3, 3, 9, 9, 12]",2,937709.0
39.041000000000004,"[3, 3, 9, 9, 11]",2,937598.0
39.04,"[3, 3, 9, 9, 10]",2,937542.0
39.038000000000004,"[3, 3, 8, 9, 9]",2,937487.0
39.037,"[3, 3, 7, 9, 9]",2,937432.0
39.036,"[3, 3, 6, 9, 9]",2,937376.0
39.035000000000004,"[3, 3, 5, 9, 9]",2,937321.0
39.034000000000006,"[2, 2, 9, 9, 14]",2,937265.0
39.034,"[3, 3, 4, 9, 9]",2,937210.0
39.033,"[2, 2, 9, 9, 13]",2,937154.0
39.032000000000004,"[2, 3, 3, 9, 9]",2,937099.0
39.031000000000006,"[2, 2, 9, 9, 11]",2,936988.0
39.03,"[2, 2, 9, 9, 10]",2,936933.0
39.028000000000006,"[2, 2, 8, 9, 9]",2,936877.0
39.027,"[2, 2, 7, 9, 9]",2,936822.0
39.026,"[2, 2, 6, 9, 9]",2,936767.0
39.025000000000006,"[2, 2, 5, 9, 9]",2,936711.0
39.024,"[2, 2, 4, 9, 9]",2,936656.0
39.023,"[2, 2, 3, 9, 9]",2,936600.0
38.084,"[7, 7, 8, 8, 14]",2,936545.0
38.083,"[7, 7, 8, 8, 13]",2,936490.0
38.082,"[7, 7, 8, 8, 12]",2,936434.0
38.081,"[7, 7, 8, 8, 11]",2,936379.0
38.08,"[7, 7, 8, 8, 10]",2,936323.0
38.079,"[7, 7, 8, 8, 9]",2,936268.0
38.076,"[6, 7, 7, 8, 8]",2,936213.0
38.075,"[5, 7, 7, 8, 8]",2,936157.0
38.074000000000005,"[6, 6, 8, 8, 14]",2,936102.0
38.074,"[4, 7, 7, 8, 8]",2,936046.0
38.073,"[6, 6, 8, 8, 13]",2,935991.0
38.072,"[6, 6, 8, 8, 12]",2,935880.0
38.071000000000005,"[6, 6, 8, 8, 11]",2,935769.0
38.07,"[6, 6, 8, 8, 10]",2,935714.0
38.069,"[6, 6, 8, 8, 9]",2,935658.0
38.067,"[6, 6, 7, 8, 8]",2,935603.0
38.065000000000005,"[5, 6, 6, 8, 8]",2,935548.0
38.064,"[5, 5, 8, 8, 14]",2,935492.0
38.063,"[3, 6, 6, 8, 8]",2,935381.0
38.062999999999995,"[5, 5, 8, 8, 13]",2,935326.0
38.062000000000005,"[2, 6, 6, 8, 8]",2,935271.0
38.062,"[5, 5, 8, 8, 12]",2,935215.0
38.061,"[5, 5, 8, 8, 11]",2,935160.0
38.059999999999995,"[5, 5, 8, 8, 10]",2,935104.0
38.059,"[5, 5, 8, 8, 9]",2,935049.0
38.056999999999995,"[5, 5, 7, 8, 8]",2,934994.0
38.056,"[5, 5, 6, 8, 8]",2,934938.0
38.054,"[4, 4, 8, 8, 14]",2,934883.0
38.053999999999995,"[4, 5, 5, 8, 8]",2,934827.0
38.053,"[4, 4, 8, 8, 13]",2,934772.0
38.052,"[4, 4, 8, 8, 12]",2,934661.0
38.051,"[4, 4, 8, 8, 11]",2,934550.0
38.05,"[4, 4, 8, 8, 10]",2,934495.0
38.049,"[4, 4, 8, 8, 9]",2,934440.0
38.047,"[4, 4, 7, 8, 8]",2,934384.0
38.046,"[4, 4, 6, 8, 8]",2,934329.0
38.045,"[4, 4, 5, 8, 8]",2,934273.0
38.044000000000004,"[3, 3, 8, 8, 14]",2,934218.0
38.043,"[3, 4, 4, 8, 8]",2,934163.0
38.042,"[3, 3, 8, 8, 12]",2,934052.0
38.041000000000004,"[3, 3, 8, 8, 11]",2,933941.0
38.04,"[3, 3, 8, 8, 10]",2,933885.0
38.039,"[3, 3, 8, 8, 9]",2,933830.0
38.037,"[3, 3, 7, 8, 8]",2,933775.0
38.036,"[3, 3, 6, 8, 8]",2,933719.0
38.035000000000004,"[3, 3, 5, 8, 8]",2,933664.0
38.034000000000006,"[2, 2, 8, 8, 14]",2,933608.0
38.034,"[3, 3, 4, 8, 8]",2,933553.0
38.033,"[2, 2, 8, 8, 13]",2,933498.0
38.032000000000004,"[2, 3, 3, 8, 8]",2,933442.0
38.031000000000006,"[2, 2, 8, 8, 11]",2,933331.0
38.03,"[2, 2, 8, 8, 10]",2,933276.0
38.029,"[2, 2, 8, 8, 9]",2,933221.0
38.027,"[2, 2, 7, 8, 8]",2,933165.0
38.026,"[2, 2, 6, 8, 8]",2,933110.0
38.025000000000006,"[2, 2, 5, 8, 8]",2,933054.0
38.024,"[2, 2, 4, 8, 8]",2,932999.0
38.023,"[2, 2, 3, 8, 8]",2,932944.0
37.074000000000005,"[6, 6, 7, 7, 14]",2,932888.0
37.073,"[6, 6, 7, 7, 13]",2,932833.0
37.072,"[6, 6, 7, 7, 12]",2,932777.0
37.071000000000005,"[6, 6, 7, 7, 11]",2,932722.0
37.07,"[6, 6, 7, 7, 10]",2,932667.0
37.069,"[6, 6, 7, 7, 9]",2,932611.0
37.068000000000005,"[6, 6, 7, 7, 8]",2,932556.0
37.065000000000005,"[5, 6, 6, 7, 7]",2,932500.0
37.064,"[5, 5, 7, 7, 14]",2,932445.0
37.063,"[3, 6, 6, 7, 7]",2,932334.0
37.062999999999995,"[5, 5, 7, 7, 13]",2,932279.0
37.062000000000005,"[2, 6, 6, 7, 7]",2,932223.0
37.062,"[5, 5, 7, 7, 12]",2,932168.0
37.061,"[5, 5, 7, 7, 11]",2,932112.0
37.059999999999995,"[5, 5, 7, 7, 10]",2,932057.0
37.059,"[5, 5, 7, 7, 9]",2,932002.0
37.058,"[5, 5, 7, 7, 8]",2,931946.0
37.056,"[5, 5, 6, 7, 7]",2,931891.0
37.054,"[4, 4, 7, 7, 14]",2,931835.0
37.053999999999995,"[4, 5, 5, 7, 7]",2,931780.0
37.053,"[4, 4, 7, 7, 13]",2,931725.0
37.052,"[4, 4, 7, 7, 12]",2,931614.0
37.051,"[4, 4, 7, 7, 11]",2,931503.0
37.05,"[4, 4, 7, 7, 10]",2,931448.0
37.049,"[4, 4, 7, 7, 9]",2,931392.0
37.048,"[4, 4, 7, 7, 8]",2,931337.0
37.046,"[4, 4, 6, 7, 7]",2,931281.0
37.045,"[4, 4, 5, 7, 7]",2,931226.0
37.044000000000004,"[3, 3, 7, 7, 14]",2,931171.0
37.043,"[3, 4, 4, 7, 7]",2,931115.0
37.042,"[3, 3, 7, 7, 12]",2,931004.0
37.041000000000004,"[3, 3, 7, 7, 11]",2,930894.0
37.04,"[3, 3, 7, 7, 10]",2,930838.0
37.039,"[3, 3, 7, 7, 9]",2,930783.0
37.038000000000004,"[3, 3, 7, 7, 8]",2,930727.0
37.036,"[3, 3, 6, 7, 7]",2,930672.0
37.035000000000004,"[3, 3, 5, 7, 7]",2,930616.0
37.034000000000006,"[2, 2, 7, 7, 14]",2,930561.0
37.034,"[3, 3, 4, 7, 7]",2,930506.0
37.033,"[2, 2, 7, 7, 13]",2,930450.0
37.032000000000004,"[2, 3, 3, 7, 7]",2,930395.0
37.031000000000006,"[2, 2, 7, 7, 11]",2,930284.0
37.03,"[2, 2, 7, 7, 10]",2,930229.0
37.029,"[2, 2, 7, 7, 9]",2,930173.0
37.028000000000006,"[2, 2, 7, 7, 8]",2,930118.0
37.026,"[2, 2, 6, 7, 7]",2,930062.0
37.025000000000006,"[2, 2, 5, 7, 7]",2,930007.0
37.024,"[2, 2, 4, 7, 7]",2,929952.0
37.023,"[2, 2, 3, 7, 7]",2,929896.0
36.064,"[5, 5, 6, 6, 14]",2,929841.0
36.062999999999995,"[5, 5, 6, 6, 13]",2,929785.0
36.062,"[5, 5, 6, 6, 12]",2,929730.0
36.061,"[5, 5, 6, 6, 11]",2,929675.0
36.059999999999995,"[5, 5, 6, 6, 10]",2,929619.0
36.059,"[5, 5, 6, 6, 9]",2,929564.0
36.058,"[5, 5, 6, 6, 8]",2,929508.0
36.056999999999995,"[5, 5, 6, 6, 7]",2,929453.0
36.054,"[4, 4, 6, 6, 14]",2,929398.0
36.053999999999995,"[4, 5, 5, 6, 6]",2,929342.0
36.053,"[4, 4, 6, 6, 13]",2,929287.0
36.052,"[4, 4, 6, 6, 12]",2,929176.0
36.051,"[4, 4, 6, 6, 11]",2,929065.0
36.05,"[4, 4, 6, 6, 10]",2,929010.0
36.049,"[4, 4, 6, 6, 9]",2,928954.0
36.048,"[4, 4, 6, 6, 8]",2,928899.0
36.047,"[4, 4, 6, 6, 7]",2,928843.0
36.045,"[4, 4, 5, 6, 6]",2,928788.0
36.044000000000004,"[3, 3, 6, 6, 14]",2,928733.0
36.043,"[3, 4, 4, 6, 6]",2,928677.0
36.042,"[3, 3, 6, 6, 12]",2,928566.0
36.041000000000004,"[3, 3, 6, 6, 11]",2,928456.0
36.04,"[3, 3, 6, 6, 10]",2,928400.0
36.039,"[3, 3, 6, 6, 9]",2,928345.0
36.038000000000004,"[3, 3, 6, 6, 8]",2,928289.0
36.037,"[3, 3, 6, 6, 7]",2,928234.0
36.035000000000004,"[3, 3, 5, 6, 6]",2,928179.0
36.034000000000006,"[2, 2, 6, 6, 14]",2,928123.0
36.034,"[3, 3, 4, 6, 6]",2,928068.0
36.033,"[2, 2, 6, 6, 13]",2,928012.0
36.032000000000004,"[2, 3, 3, 6, 6]",2,927957.0
36.031000000000006,"[2, 2, 6, 6, 11]",2,927846.0
36.03,"[2, 2, 6, 6, 10]",2,927791.0
36.029,"[2, 2, 6, 6, 9]",2,927735.0
36.028000000000006,"[2, 2, 6, 6, 8]",2,927680.0
36.027,"[2, 2, 6, 6, 7]",2,927625.0
36.025000000000006,"[2, 2, 5, 6, 6]",2,927569.0
36.024,"[2, 2, 4, 6, 6]",2,927514.0
36.023,"[2, 2, 3, 6, 6]",2,927458.0
35.054,"[4, 4, 5, 5, 14]",2,927403.0
35.053,"[4, 4, 5, 5, 13]",2,927347.0
35.052,"[4, 4, 5, 5, 12]",2,927292.0
35.051,"[4, 4, 5, 5, 11]",2,927237.0
35.05,"[4, 4, 5, 5, 10]",2,927181.0
35.049,"[4, 4, 5, 5, 9]",2,927126.0
35.048,"[4, 4, 5, 5, 8]",2,927070.0
35.047,"[4, 4, 5, 5, 7]",2,927015.0
35.046,"[4, 4, 5, 5, 6]",2,926960.0
35.044000000000004,"[3, 3, 5, 5, 14]",2,926904.0
35.043,"[3, 4, 4, 5, 5]",2,926849.0
35.042,"[3, 3, 5, 5, 12]",2,926738.0
35.041000000000004,"[3, 3, 5, 5, 11]",2,926627.0
35.04,"[3, 3, 5, 5, 10]",2,926572.0
35.039,"[3, 3, 5, 5, 9]",2,926516.0
35.038000000000004,"[3, 3, 5, 5, 8]",2,926461.0
35.037,"[3, 3, 5, 5, 7]",2,926406.0
35.036,"[3, 3, 5, 5, 6]",2,926350.0
35.034000000000006,"[2, 2, 5, 5, 14]",2,926295.0
35.034,"[3, 3, 4, 5, 5]",2,926239.0
35.033,"[2, 2, 5, 5, 13]",2,926184.0
35.032000000000004,"[2, 3, 3, 5, 5]",2,926129.0
35.031000000000006,"[2, 2, 5, 5, 11]",2,926018.0
35.03,"[2, 2, 5, 5, 10]",2,925962.0
35.029,"[2, 2, 5, 5, 9]",2,925907.0
35.028000000000006,"[2, 2, 5, 5, 8]",2,925851.0
35.027,"[2, 2, 5, 5, 7]",2,925796.0
35.026,"[2, 2, 5, 5, 6]",2,925741.0
35.024,"[2, 2, 4, 5, 5]",2,925685.0
35.023,"[2, 2, 3, 5, 5]",2,925630.0
34.044000000000004,"[3, 3, 4, 4, 14]",2,925574.0
34.043,"[3, 3, 4, 4, 13]",2,925519.0
34.042,"[3, 3, 4, 4, 12]",2,925464.0
34.041000000000004,"[3, 3, 4, 4, 11]",2,925408.0
34.04,"[3, 3, 4, 4, 10]",2,925353.0
34.039,"[3, 3, 4, 4, 9]",2,925297.0
34.038000000000004,"[3, 3, 4, 4, 8]",2,925242.0
34.037,"[3, 3, 4, 4, 7]",2,925187.0
34.036,"[3, 3, 4, 4, 6]",2,925131.0
34.035000000000004,"[3, 3, 4, 4, 5]",2,925076.0
34.034000000000006,"[2, 2, 4, 4, 14]",2,925020.0
34.033,"[2, 2, 4, 4, 13]",2,924965.0
34.032000000000004,"[2, 3, 3, 4, 4]",2,924910.0
34.031000000000006,"[2, 2, 4, 4, 11]",2,924799.0
34.03,"[2, 2, 4, 4, 10]",2,924743.0
34.029,"[2, 2, 4, 4, 9]",2,924688.0
34.028000000000006,"[2, 2, 4, 4, 8]",2,924633.0
34.027,"[2, 2, 4, 4, 7]",2,924577.0
34.026,"[2, 2, 4, 4, 6]",2,924522.0
34.025000000000006,"[2, 2, 4, 4, 5]",2,924466.0
34.023,"[2, 2, 3, 4, 4]",2,924411.0
33.034000000000006,"[2, 2, 3, 3, 14]",2,924356.0
33.033,"[2, 2, 3, 3, 13]",2,924300.0
33.032000000000004,"[2, 2, 3, 3, 12]",2,924245.0
33.031000000000006,"[2, 2, 3, 3, 11]",2,924189.0
33.03,"[2, 2, 3, 3, 10]",2,924134.0
33.029,"[2, 2, 3, 3, 9]",2,924078.0
33.028000000000006,"[2, 2, 3, 3, 8]",2,924023.0
33.027,"[2, 2, 3, 3, 7]",2,923968.0
33.026,"[2, 2, 3, 3, 6]",2,923912.0
33.025000000000006,"[2, 2, 3, 3, 5]",2,923857.0
33.024,"[2, 2, 3, 3, 4]",2,923801.0
29.1431,"[11, 12, 13, 14, 14]",1,923746.0
29.143,"[10, 12, 13, 14, 14]",1,923598.0
29.1429,"[9, 12, 13, 14, 14]",1,923451.0
29.1428,"[8, 12, 13, 14, 14]",1,923303.0
29.142699999999998,"[7, 12, 13, 14, 14]",1,923155.0
29.142599999999998,"[6, 12, 13, 14, 14]",1,923007.0
29.1425,"[5, 12, 13, 14, 14]",1,922860.0
29.1424,"[4, 12, 13, 14, 14]",1,922712.0
29.1423,"[3, 12, 13, 14, 14]",1,922564.0
29.1422,"[2, 12, 13, 14, 14]",1,922416.0
29.142,"[10, 11, 13, 14, 14]",1,922269.0
29.1419,"[9, 11, 13, 14, 14]",1,922121.0
29.1418,"[8, 11, 13, 14, 14]",1,921973.0
29.141699999999997,"[7, 11, 13, 14, 14]",1,921825.0
29.141599999999997,"[6, 11, 13, 14, 14]",1,921678.0
29.141499999999997,"[5, 11, 13, 14, 14]",1,921530.0
29.141399999999997,"[4, 11, 13, 14, 14]",1,921382.0
29.141299999999998,"[3, 11, 13, 14, 14]",1,921234.0
29.141199999999998,"[2, 11, 13, 14, 14]",1,921087.0
29.140900000000002,"[9, 10, 13, 14, 14]",1,920939.0
29.140800000000002,"[8, 10, 13, 14, 14]",1,920791.0
29.1407,"[7, 10, 13, 14, 14]",1,920643.0
29.1406,"[6, 10, 13, 14, 14]",1,920496.0
29.1405,"[5, 10, 13, 14, 14]",1,920348.0
29.1404,"[4, 10, 13, 14, 14]",1,920200.0
29.1403,"[3, 10, 13, 14, 14]",1,920052.0
29.1402,"[2, 10, 13, 14, 14]",1,919905.0
29.1398,"[8, 9, 13, 14, 14]",1,919757.0
29.139699999999998,"[7, 9, 13, 14, 14]",1,919609.0
29.139599999999998,"[6, 9, 13, 14, 14]",1,919461.0
29.139499999999998,"[5, 9, 13, 14, 14]",1,919313.0
29.1394,"[4, 9, 13, 14, 14]",1,919166.0
29.1393,"[3, 9, 13, 14, 14]",1,919018.0
29.1392,"[2, 9, 13, 14, 14]",1,918870.0
29.138699999999996,"[7, 8, 13, 14, 14]",1,918722.0
29.138599999999997,"[6, 8, 13, 14, 14]",1,918575.0
29.138499999999997,"[5, 8, 13, 14, 14]",1,918427.0
29.138399999999997,"[4, 8, 13, 14, 14]",1,918279.0
29.138299999999997,"[3, 8, 13, 14, 14]",1,918131.0
29.138199999999998,"[2, 8, 13, 14, 14]",1,917984.0
29.1376,"[6, 7, 13, 14, 14]",1,917836.0
29.1375,"[5, 7, 13, 14, 14]",1,917688.0
29.1374,"[4, 7, 13, 14, 14]",1,917540.0
29.1373,"[3, 7, 13, 14, 14]",1,917393.0
29.1372,"[2, 7, 13, 14, 14]",1,917245.0
29.136499999999998,"[5, 6, 13, 14, 14]",1,917097.0
29.1364,"[4, 6, 13, 14, 14]",1,916949.0
29.1363,"[3, 6, 13, 14, 14]",1,916802.0
29.1362,"[2, 6, 13, 14, 14]",1,916654.0
29.135399999999997,"[4, 5, 13, 14, 14]",1,916506.0
29.135299999999997,"[3, 5, 13, 14, 14]",1,916358.0
29.135199999999998,"[2, 5, 13, 14, 14]",1,916211.0
29.1343,"[3, 4, 13, 14, 14]",1,916063.0
29.1342,"[2, 4, 13, 14, 14]",1,915915.0
29.1332,"[2, 3, 13, 14, 14]",1,915767.0
29.132,"[10, 11, 12, 14, 14]",1,915620.0
29.1319,"[9, 11, 12, 14, 14]",1,915472.0
29.131800000000002,"[8, 11, 12, 14, 14]",1,915324.0
29.1317,"[7, 11, 12, 14, 14]",1,915176.0
29.1316,"[6, 11, 12, 14, 14]",1,915029.0
29.1315,"[5, 11, 12, 14, 14]",1,914881.0
29.1314,"[4, 11, 12, 14, 14]",1,914733.0
29.1313,"[3, 11, 12, 14, 14]",1,914585.0
29.1312,"[2, 11, 12, 14, 14]",1,914438.0
29.130900000000004,"[9, 10, 12, 14, 14]",1,914290.0
29.130800000000004,"[8, 10, 12, 14, 14]",1,914142.0
29.1307,"[7, 10, 12, 14, 14]",1,913994.0
29.1306,"[6, 10, 12, 14, 14]",1,913847.0
29.1305,"[5, 10, 12, 14, 14]",1,913699.0
29.1304,"[4, 10, 12, 14, 14]",1,913551.0
29.130300000000002,"[3, 10, 12, 14, 14]",1,913403.0
29.130200000000002,"[2, 10, 12, 14, 14]",1,913256.0
29.129800000000003,"[8, 9, 12, 14, 14]",1,913108.0
29.1297,"[7, 9, 12, 14, 14]",1,912960.0
29.1296,"[6, 9, 12, 14, 14]",1,912812.0
29.1295,"[5, 9, 12, 14, 14]",1,912665.0
29.1294,"[4, 9, 12, 14, 14]",1,912517.0
29.1293,"[3, 9, 12, 14, 14]",1,912369.0
29.1292,"[2, 9, 12, 14, 14]",1,912221.0
29.1287,"[7, 8, 12, 14, 14]",1,912074.0
29.1286,"[6, 8, 12, 14, 14]",1,911926.0
29.1285,"[5, 8, 12, 14, 14]",1,911778.0
29.1284,"[4, 8, 12, 14, 14]",1,911630.0
29.1283,"[3, 8, 12, 14, 14]",1,911483.0
29.1282,"[2, 8, 12, 14, 14]",1,911335.0
29.1276,"[6, 7, 12, 14, 14]",1,911187.0
29.1275,"[5, 7, 12, 14, 14]",1,911039.0
29.1274,"[4, 7, 12, 14, 14]",1,910892.0
29.1273,"[3, 7, 12, 14, 14]",1,910744.0
29.127200000000002,"[2, 7, 12, 14, 14]",1,910596.0
29.1265,"[5, 6, 12, 14, 14]",1,910448.0
29.1264,"[4, 6, 12, 14, 14]",1,910301.0
29.1263,"[3, 6, 12, 14, 14]",1,910153.0
29.1262,"[2, 6, 12, 14, 14]",1,910005.0
29.1254,"[4, 5, 12, 14, 14]",1,909857.0
29.1253,"[3, 5, 12, 14, 14]",1,909710.0
29.1252,"[2, 5, 12, 14, 14]",1,909562.0
29.1243,"[3, 4, 12, 14, 14]",1,909414.0
29.124200000000002,"[2, 4, 12, 14, 14]",1,909266.0
29.1232,"[2, 3, 12, 14, 14]",1,909119.0
29.120900000000002,"[9, 10, 11, 14, 14]",1,908971.0
29.120800000000003,"[8, 10, 11, 14, 14]",1,908823.0
29.1207,"[7, 10, 11, 14, 14]",1,908675.0
29.1206,"[6, 10, 11, 14, 14]",1,908528.0
29.1205,"[5, 10, 11, 14, 14]",1,908380.0
29.1204,"[4, 10, 11, 14, 14]",1,908232.0
29.1203,"[3, 10, 11, 14, 14]",1,908084.0
29.1202,"[2, 10, 11, 14, 14]",1,907937.0
29.1198,"[8, 9, 11, 14, 14]",1,907789.0
29.119699999999998,"[7, 9, 11, 14, 14]",1,907641.0
29.1196,"[6, 9, 11, 14, 14]",1,907493.0
29.1195,"[5, 9, 11, 14, 14]",1,907346.0
29.1194,"[4, 9, 11, 14, 14]",1,907198.0
29.1193,"[3, 9, 11, 14, 14]",1,907050.0
29.1192,"[2, 9, 11, 14, 14]",1,906902.0
29.118699999999997,"[7, 8, 11, 14, 14]",1,906755.0
29.118599999999997,"[6, 8, 11, 14, 14]",1,906607.0
29.118499999999997,"[5, 8, 11, 14, 14]",1,906459.0
29.118399999999998,"[4, 8, 11, 14, 14]",1,906311.0
29.118299999999998,"[3, 8, 11, 14, 14]",1,906164.0
29.118199999999998,"[2, 8, 11, 14, 14]",1,906016.0
29.1176,"[6, 7, 11, 14, 14]",1,905868.0
29.1175,"[5, 7, 11, 14, 14]",1,905720.0
29.1174,"[4, 7, 11, 14, 14]",1,905573.0
29.1173,"[3, 7, 11, 14, 14]",1,905425.0
29.1172,"[2, 7, 11, 14, 14]",1,905277.0
29.1165,"[5, 6, 11, 14, 14]",1,905129.0
29.1164,"[4, 6, 11, 14, 14]",1,904982.0
29.1163,"[3, 6, 11, 14, 14]",1,904834.0
29.1162,"[2, 6, 11, 14, 14]",1,904686.0
29.115399999999998,"[4, 5, 11, 14, 14]",1,904538.0
29.115299999999998,"[3, 5, 11, 14, 14]",1,904391.0
29.115199999999998,"[2, 5, 11, 14, 14]",1,904243.0
29.1143,"[3, 4, 11, 14, 14]",1,904095.0
29.1142,"[2, 4, 11, 14, 14]",1,903947.0
29.1132,"[2, 3, 11, 14, 14]",1,903800.0
29.109800000000003,"[8, 9, 10, 14, 14]",1,903652.0
29.1097,"[7, 9, 10, 14, 14]",1,903504.0
29.1096,"[6, 9, 10, 14, 14]",1,903356.0
29.1095,"[5, 9, 10, 14, 14]",1,903209.0
29.1094,"[4, 9, 10, 14, 14]",1,903061.0
29.1093,"[3, 9, 10, 14, 14]",1,902913.0
29.1092,"[2, 9, 10, 14, 14]",1,902765.0
29.1087,"[7, 8, 10, 14, 14]",1,902618.0
29.1086,"[6, 8, 10, 14, 14]",1,902470.0
29.1085,"[5, 8, 10, 14, 14]",1,902322.0
29.1084,"[4, 8, 10, 14, 14]",1,902174.0
29.1083,"[3, 8, 10, 14, 14]",1,902027.0
29.1082,"[2, 8, 10, 14, 14]",1,901879.0
29.1076,"[6, 7, 10, 14, 14]",1,901731.0
29.1075,"[5, 7, 10, 14, 14]",1,901583.0
29.107400000000002,"[4, 7, 10, 14, 14]",1,901436.0
29.107300000000002,"[3, 7, 10, 14, 14]",1,901288.0
29.107200000000002,"[2, 7, 10, 14, 14]",1,901140.0
29.1065,"[5, 6, 10, 14, 14]",1,900992.0
29.1064,"[4, 6, 10, 14, 14]",1,900845.0
29.1063,"[3, 6, 10, 14, 14]",1,900697.0
29.1062,"[2, 6, 10, 14, 14]",1,900549.0
29.1054,"[4, 5, 10, 14, 14]",1,900401.0
29.1053,"[3, 5, 10, 14, 14]",1,900254.0
29.1052,"[2, 5, 10, 14, 14]",1,900106.0
29.104300000000002,"[3, 4, 10, 14, 14]",1,899958.0
29.104200000000002,"[2, 4, 10, 14, 14]",1,899810.0
29.1032,"[2, 3, 10, 14, 14]",1,899663.0
29.098699999999997,"[7, 8, 9, 14, 14]",1,899515.0
29.098599999999998,"[6, 8, 9, 14, 14]",1,899367.0
29.098499999999998,"[5, 8, 9, 14, 14]",1,899219.0
29.098399999999998,"[4, 8, 9, 14, 14]",1,899072.0
29.0983,"[3, 8, 9, 14, 14]",1,898924.0
29.0982,"[2, 8, 9, 14, 14]",1,898776.0
29.0976,"[6, 7, 9, 14, 14]",1,898628.0
29.0975,"[5, 7, 9, 14, 14]",1,898481.0
29.0974,"[4, 7, 9, 14, 14]",1,898333.0
29.0973,"[3, 7, 9, 14, 14]",1,898185.0
29.0972,"[2, 7, 9, 14, 14]",1,898037.0
29.0965,"[5, 6, 9, 14, 14]",1,897890.0
29.0964,"[4, 6, 9, 14, 14]",1,897742.0
29.0963,"[3, 6, 9, 14, 14]",1,897594.0
29.0962,"[2, 6, 9, 14, 14]",1,897446.0
29.095399999999998,"[4, 5, 9, 14, 14]",1,897299.0
29.095299999999998,"[3, 5, 9, 14, 14]",1,897151.0
29.0952,"[2, 5, 9, 14, 14]",1,897003.0
29.0943,"[3, 4, 9, 14, 14]",1,896855.0
29.0942,"[2, 4, 9, 14, 14]",1,896708.0
29.0932,"[2, 3, 9, 14, 14]",1,896560.0
29.0876,"[6, 7, 8, 14, 14]",1,896412.0
29.0875,"[5, 7, 8, 14, 14]",1,896264.0
29.0874,"[4, 7, 8, 14, 14]",1,896117.0
29.0873,"[3, 7, 8, 14, 14]",1,895969.0
29.0872,"[2, 7, 8, 14, 14]",1,895821.0
29.086499999999997,"[5, 6, 8, 14, 14]",1,895673.0
29.086399999999998,"[4, 6, 8, 14, 14]",1,895526.0
29.086299999999998,"[3, 6, 8, 14, 14]",1,895378.0
29.086199999999998,"[2, 6, 8, 14, 14]",1,895230.0
29.085399999999996,"[4, 5, 8, 14, 14]",1,895082.0
29.085299999999997,"[3, 5, 8, 14, 14]",1,894935.0
29.085199999999997,"[2, 5, 8, 14, 14]",1,894787.0
29.0843,"[3, 4, 8, 14, 14]",1,894639.0
29.0842,"[2, 4, 8, 14, 14]",1,894491.0
29.083199999999998,"[2, 3, 8, 14, 14]",1,894344.0
29.0765,"[5, 6, 7, 14, 14]",1,894196.0
29.0764,"[4, 6, 7, 14, 14]",1,894048.0
29.0763,"[3, 6, 7, 14, 14]",1,893900.0
29.0762,"[2, 6, 7, 14, 14]",1,893753.0
29.0754,"[4, 5, 7, 14, 14]",1,893605.0
29.0753,"[3, 5, 7, 14, 14]",1,893457.0
29.0752,"[2, 5, 7, 14, 14]",1,893309.0
29.0743,"[3, 4, 7, 14, 14]",1,893161.0
29.0742,"[2, 4, 7, 14, 14]",1,893014.0
29.0732,"[2, 3, 7, 14, 14]",1,892866.0
29.065399999999997,"[4, 5, 6, 14, 14]",1,892718.0
29.065299999999997,"[3, 5, 6, 14, 14]",1,892570.0
29.065199999999997,"[2, 5, 6, 14, 14]",1,892423.0
29.0643,"[3, 4, 6, 14, 14]",1,892275.0
29.0642,"[2, 4, 6, 14, 14]",1,892127.0
29.0632,"[2, 3, 6, 14, 14]",1,891979.0
29.0543,"[3, 4, 5, 14, 14]",1,891832.0
29.0542,"[2, 4, 5, 14, 14]",1,891684.0
29.0532,"[2, 3, 5, 14, 14]",1,891536.0
29.0432,"[2, 3, 4, 14, 14]",1,891388.0
28.153100000000002,"[11, 12, 13, 13, 14]",1,891241.0
28.153000000000002,"[10, 12, 13, 13, 14]",1,891093.0
28.152900000000002,"[9, 12, 13, 13, 14]",1,890945.0
28.152800000000003,"[8, 12, 13, 13, 14]",1,890797.0
28.1527,"[7, 12, 13, 13, 14]",1,890650.0
28.1526,"[6, 12, 13, 13, 14]",1,890502.0
28.1525,"[5, 12, 13, 13, 14]",1,890354.0
28.1524,"[4, 12, 13, 13, 14]",1,890206.0
28.1523,"[3, 12, 13, 13, 14]",1,890059.0
28.1522,"[2, 12, 13, 13, 14]",1,889911.0
28.152,"[10, 11, 13, 13, 14]",1,889763.0
28.1519,"[9, 11, 13, 13, 14]",1,889615.0
28.1518,"[8, 11, 13, 13, 14]",1,889468.0
28.151699999999998,"[7, 11, 13, 13, 14]",1,889320.0
28.1516,"[6, 11, 13, 13, 14]",1,889172.0
28.1515,"[5, 11, 13, 13, 14]",1,889024.0
28.1514,"[4, 11, 13, 13, 14]",1,888877.0
28.1513,"[3, 11, 13, 13, 14]",1,888729.0
28.1512,"[2, 11, 13, 13, 14]",1,888581.0
28.150900000000004,"[9, 10, 13, 13, 14]",1,888433.0
28.150800000000004,"[8, 10, 13, 13, 14]",1,888286.0
28.1507,"[7, 10, 13, 13, 14]",1,888138.0
28.1506,"[6, 10, 13, 13, 14]",1,887990.0
28.1505,"[5, 10, 13, 13, 14]",1,887842.0
28.1504,"[4, 10, 13, 13, 14]",1,887695.0
28.1503,"[3, 10, 13, 13, 14]",1,887547.0
28.1502,"[2, 10, 13, 13, 14]",1,887399.0
28.149800000000003,"[8, 9, 13, 13, 14]",1,887251.0
28.1497,"[7, 9, 13, 13, 14]",1,887104.0
28.1496,"[6, 9, 13, 13, 14]",1,886956.0
28.1495,"[5, 9, 13, 13, 14]",1,886808.0
28.1494,"[4, 9, 13, 13, 14]",1,886660.0
28.1493,"[3, 9, 13, 13, 14]",1,886513.0
28.1492,"[2, 9, 13, 13, 14]",1,886365.0
28.148699999999998,"[7, 8, 13, 13, 14]",1,886217.0
28.1486,"[6, 8, 13, 13, 14]",1,886069.0
28.1485,"[5, 8, 13, 13, 14]",1,885922.0
28.1484,"[4, 8, 13, 13, 14]",1,885774.0
28.1483,"[3, 8, 13, 13, 14]",1,885626.0
28.1482,"[2, 8, 13, 13, 14]",1,885478.0
28.1476,"[6, 7, 13, 13, 14]",1,885331.0
28.1475,"[5, 7, 13, 13, 14]",1,885183.0
28.1474,"[4, 7, 13, 13, 14]",1,885035.0
28.1473,"[3, 7, 13, 13, 14]",1,884887.0
28.1472,"[2, 7, 13, 13, 14]",1,884740.0
28.1465,"[5, 6, 13, 13, 14]",1,884592.0
28.1464,"[4, 6, 13, 13, 14]",1,884444.0
28.1463,"[3, 6, 13, 13, 14]",1,884296.0
28.1462,"[2, 6, 13, 13, 14]",1,884149.0
28.1454,"[4, 5, 13, 13, 14]",1,884001.0
28.1453,"[3, 5, 13, 13, 14]",1,883853.0
28.1452,"[2, 5, 13, 13, 14]",1,883705.0
28.1443,"[3, 4, 13, 13, 14]",1,883558.0
28.1442,"[2, 4, 13, 13, 14]",1,883410.0
28.1432,"[2, 3, 13, 13, 14]",1,883262.0
28.132,"[10, 11, 12, 13, 13]",1,883114.0
28.1319,"[9, 11, 12, 13, 13]",1,882967.0
28.131800000000002,"[8, 11, 12, 13, 13]",1,882819.0
28.1317,"[7, 11, 12, 13, 13]",1,882671.0
28.1316,"[6, 11, 12, 13, 13]",1,882523.0
28.1315,"[5, 11, 12, 13, 13]",1,882376.0
28.1314,"[4, 11, 12, 13, 13]",1,882228.0
28.1313,"[3, 11, 12, 13, 13]",1,882080.0
28.1312,"[2, 11, 12, 13, 13]",1,881932.0
28.130900000000004,"[9, 10, 12, 13, 13]",1,881785.0
28.130800000000004,"[8, 10, 12, 13, 13]",1,881637.0
28.1307,"[7, 10, 12, 13, 13]",1,881489.0
28.1306,"[6, 10, 12, 13, 13]",1,881341.0
28.1305,"[5, 10, 12, 13, 13]",1,881194.0
28.1304,"[4, 10, 12, 13, 13]",1,881046.0
28.130300000000002,"[3, 10, 12, 13, 13]",1,880898.0
28.130200000000002,"[2, 10, 12, 13, 13]",1,880750.0
28.129800000000003,"[8, 9, 12, 13, 13]",1,880603.0
28.1297,"[7, 9, 12, 13, 13]",1,880455.0
28.1296,"[6, 9, 12, 13, 13]",1,880307.0
28.1295,"[5, 9, 12, 13, 13]",1,880159.0
28.1294,"[4, 9, 12, 13, 13]",1,880012.0
28.1293,"[3, 9, 12, 13, 13]",1,879864.0
28.1292,"[2, 9, 12, 13, 13]",1,879716.0
28.1287,"[7, 8, 12, 13, 13]",1,879568.0
28.1286,"[6, 8, 12, 13, 13]",1,879421.0
28.1285,"[5, 8, 12, 13, 13]",1,879273.0
28.1284,"[4, 8, 12, 13, 13]",1,879125.0
28.1283,"[3, 8, 12, 13, 13]",1,878977.0
28.1282,"[2, 8, 12, 13, 13]",1,878830.0
28.1276,"[6, 7, 12, 13, 13]",1,878682.0
28.1275,"[5, 7, 12, 13, 13]",1,878534.0
28.1274,"[4, 7, 12, 13, 13]",1,878386.0
28.1273,"[3, 7, 12, 13, 13]",1,878239.0
28.127200000000002,"[2, 7, 12, 13, 13]",1,878091.0
28.1265,"[5, 6, 12, 13, 13]",1,877943.0
28.1264,"[4, 6, 12, 13, 13]",1,877795.0
28.1263,"[3, 6, 12, 13, 13]",1,877648.0
28.1262,"[2, 6, 12, 13, 13]",1,877500.0
28.1254,"[4, 5, 12, 13, 13]",1,877352.0
28.1253,"[3, 5, 12, 13, 13]",1,877204.0
28.1252,"[2, 5, 12, 13, 13]",1,877057.0
28.1243,"[3, 4, 12, 13, 13]",1,876909.0
28.124200000000002,"[2, 4, 12, 13, 13]",1,876761.0
28.1232,"[2, 3, 12, 13, 13]",1,876613.0
28.120900000000002,"[9, 10, 11, 13, 13]",1,876466.0
28.120800000000003,"[8, 10, 11, 13, 13]",1,876318.0
28.1207,"[7, 10, 11, 13, 13]",1,876170.0
28.1206,"[6, 10, 11, 13, 13]",1,876022.0
28.1205,"[5, 10, 11, 13, 13]",1,875875.0
28.1204,"[4, 10, 11, 13, 13]",1,875727.0
28.1203,"[3, 10, 11, 13, 13]",1,875579.0
28.1202,"[2, 10, 11, 13, 13]",1,875431.0
28.1198,"[8, 9, 11, 13, 13]",1,875284.0
28.119699999999998,"[7, 9, 11, 13, 13]",1,875136.0
28.1196,"[6, 9, 11, 13, 13]",1,874988.0
28.1195,"[5, 9, 11, 13, 13]",1,874840.0
28.1194,"[4, 9, 11, 13, 13]",1,874693.0
28.1193,"[3, 9, 11, 13, 13]",1,874545.0
28.1192,"[2, 9, 11, 13, 13]",1,874397.0
28.118699999999997,"[7, 8, 11, 13, 13]",1,874249.0
28.118599999999997,"[6, 8, 11, 13, 13]",1,874102.0
28.118499999999997,"[5, 8, 11, 13, 13]",1,873954.0
28.118399999999998,"[4, 8, 11, 13, 13]",1,873806.0
28.118299999999998,"[3, 8, 11, 13, 13]",1,873658.0
28.118199999999998,"[2, 8, 11, 13, 13]",1,873511.0
28.1176,"[6, 7, 11, 13, 13]",1,873363.0
28.1175,"[5, 7, 11, 13, 13]",1,873215.0
28.1174,"[4, 7, 11, 13, 13]",1,873067.0
28.1173,"[3, 7, 11, 13, 13]",1,872920.0
28.1172,"[2, 7, 11, 13, 13]",1,872772.0
28.1165,"[5, 6, 11, 13, 13]",1,872624.0
28.1164,"[4, 6, 11, 13, 13]",1,872476.0
28.1163,"[3, 6, 11, 13, 13]",1,872329.0
28.1162,"[2, 6, 11, 13, 13]",1,872181.0
28.115399999999998,"[4, 5, 11, 13, 13]",1,872033.0
28.115299999999998,"[3, 5, 11, 13, 13]",1,871885.0
28.115199999999998,"[2, 5, 11, 13, 13]",1,871738.0
28.1143,"[3, 4, 11, 13, 13]",1,871590.0
28.1142,"[2, 4, 11, 13, 13]",1,871442.0
28.1132,"[2, 3, 11, 13, 13]",1,871294.0
28.109800000000003,"[8, 9, 10, 13, 13]",1,871147.0
28.1097,"[7, 9, 10, 13, 13]",1,870999.0
28.1096,"[6, 9, 10, 13, 13]",1,870851.0
28.1095,"[5, 9, 10, 13, 13]",1,870703.0
28.1094,"[4, 9, 10, 13, 13]",1,870556.0
28.1093,"[3, 9, 10, 13, 13]",1,870408.0
28.1092,"[2, 9, 10, 13, 13]",1,870260.0
28.1087,"[7, 8, 10, 13, 13]",1,870112.0
28.1086,"[6, 8, 10, 13, 13]",1,869965.0
28.1085,"[5, 8, 10, 13, 13]",1,869817.0
28.1084,"[4, 8, 10, 13, 13]",1,869669.0
28.1083,"[3, 8, 10, 13, 13]",1,869521.0
28.1082,"[2, 8, 10, 13, 13]",1,869374.0
28.1076,"[6, 7, 10, 13, 13]",1,869226.0
28.1075,"[5, 7, 10, 13, 13]",1,869078.0
28.107400000000002,"[4, 7, 10, 13, 13]",1,868930.0
28.107300000000002,"[3, 7, 10, 13, 13]",1,868783.0
28.107200000000002,"[2, 7, 10, 13, 13]",1,868635.0
28.1065,"[5, 6, 10, 13, 13]",1,868487.0
28.1064,"[4, 6, 10, 13, 13]",1,868339.0
28.1063,"[3, 6, 10, 13, 13]",1,868192.0
28.1062,"[2, 6, 10, 13, 13]",1,868044.0
28.1054,"[4, 5, 10, 13, 13]",1,867896.0
28.1053,"[3, 5, 10, 13, 13]",1,867748.0
28.1052,"[2, 5, 10, 13, 13]",1,867601.0
28.104300000000002,"[3, 4, 10, 13, 13]",1,867453.0
28.104200000000002,"[2, 4, 10, 13, 13]",1,867305.0
28.1032,"[2, 3, 10, 13, 13]",1,867157.0
28.098699999999997,"[7, 8, 9, 13, 13]",1,867009.0
28.098599999999998,"[6, 8, 9, 13, 13]",1,866862.0
28.098499999999998,"[5, 8, 9, 13, 13]",1,866714.0
28.098399999999998,"[4, 8, 9, 13, 13]",1,866566.0
28.0983,"[3, 8, 9, 13, 13]",1,866418.0
28.0982,"[2, 8, 9, 13, 13]",1,866271.0
28.0976,"[6, 7, 9, 13, 13]",1,866123.0
28.0975,"[5, 7, 9, 13, 13]",1,865975.0
28.0974,"[4, 7, 9, 13, 13]",1,865827.0
28.0973,"[3, 7, 9, 13, 13]",1,865680.0
28.0972,"[2, 7, 9, 13, 13]",1,865532.0
28.0965,"[5, 6, 9, 13, 13]",1,865384.0
28.0964,"[4, 6, 9, 13, 13]",1,865236.0
28.0963,"[3, 6, 9, 13, 13]",1,865089.0
28.0962,"[2, 6, 9, 13, 13]",1,864941.0
28.095399999999998,"[4, 5, 9, 13, 13]",1,864793.0
28.095299999999998,"[3, 5, 9, 13, 13]",1,864645.0
28.0952,"[2, 5, 9, 13, 13]",1,864498.0
28.0943,"[3, 4, 9, 13, 13]",1,864350.0
28.0942,"[2, 4, 9, 13, 13]",1,864202.0
28.0932,"[2, 3, 9, 13, 13]",1,864054.0
28.0876,"[6, 7, 8, 13, 13]",1,863907.0
28.0875,"[5, 7, 8, 13, 13]",1,863759.0
28.0874,"[4, 7, 8, 13, 13]",1,863611.0
28.0873,"[3, 7, 8, 13, 13]",1,863463.0
28.0872,"[2, 7, 8, 13, 13]",1,863316.0
28.086499999999997,"[5, 6, 8, 13, 13]",1,863168.0
28.086399999999998,"[4, 6, 8, 13, 13]",1,863020.0
28.086299999999998,"[3, 6, 8, 13, 13]",1,862872.0
28.086199999999998,"[2, 6, 8, 13, 13]",1,862725.0
28.085399999999996,"[4, 5, 8, 13, 13]",1,862577.0
28.085299999999997,"[3, 5, 8, 13, 13]",1,862429.0
28.085199999999997,"[2, 5, 8, 13, 13]",1,862281.0
28.0843,"[3, 4, 8, 13, 13]",1,862134.0
28.0842,"[2, 4, 8, 13, 13]",1,861986.0
28.083199999999998,"[2, 3, 8, 13, 13]",1,861838.0
28.0765,"[5, 6, 7, 13, 13]",1,861690.0
28.0764,"[4, 6, 7, 13, 13]",1,861543.0
28.0763,"[3, 6, 7, 13, 13]",1,861395.0
28.0762,"[2, 6, 7, 13, 13]",1,861247.0
28.0754,"[4, 5, 7, 13, 13]",1,861099.0
28.0753,"[3, 5, 7, 13, 13]",1,860952.0
28.0752,"[2, 5, 7, 13, 13]",1,860804.0
28.0743,"[3, 4, 7, 13, 13]",1,860656.0
28.0742,"[2, 4, 7, 13, 13]",1,860508.0
28.0732,"[2, 3, 7, 13, 13]",1,860361.0
28.065399999999997,"[4, 5, 6, 13, 13]",1,860213.0
28.065299999999997,"[3, 5, 6, 13, 13]",1,860065.0
28.065199999999997,"[2, 5, 6, 13, 13]",1,859917.0
28.0643,"[3, 4, 6, 13, 13]",1,859770.0
28.0642,"[2, 4, 6, 13, 13]",1,859622.0
28.0632,"[2, 3, 6, 13, 13]",1,859474.0
28.0543,"[3, 4, 5, 13, 13]",1,859326.0
28.0542,"[2, 4, 5, 13, 13]",1,859179.0
28.0532,"[2, 3, 5, 13, 13]",1,859031.0
28.0432,"[2, 3, 4, 13, 13]",1,858883.0
27.154100000000003,"[11, 12, 12, 13, 14]",1,858735.0
27.154000000000003,"[10, 12, 12, 13, 14]",1,858588.0
27.153900000000004,"[9, 12, 12, 13, 14]",1,858440.0
27.153800000000004,"[8, 12, 12, 13, 14]",1,858292.0
27.1537,"[7, 12, 12, 13, 14]",1,858144.0
27.1536,"[6, 12, 12, 13, 14]",1,857997.0
27.1535,"[5, 12, 12, 13, 14]",1,857849.0
27.1534,"[4, 12, 12, 13, 14]",1,857701.0
27.1533,"[3, 12, 12, 13, 14]",1,857553.0
27.153200000000002,"[2, 12, 12, 13, 14]",1,857406.0
27.152,"[10, 11, 12, 12, 14]",1,857258.0
27.1519,"[9, 11, 12, 12, 14]",1,857110.0
27.1518,"[8, 11, 12, 12, 14]",1,856962.0
27.151699999999998,"[7, 11, 12, 12, 14]",1,856815.0
27.1516,"[6, 11, 12, 12, 14]",1,856667.0
27.1515,"[5, 11, 12, 12, 14]",1,856519.0
27.1514,"[4, 11, 12, 12, 14]",1,856371.0
27.1513,"[3, 11, 12, 12, 14]",1,856224.0
27.1512,"[2, 11, 12, 12, 14]",1,856076.0
27.150900000000004,"[9, 10, 12, 12, 14]",1,855928.0
27.150800000000004,"[8, 10, 12, 12, 14]",1,855780.0
27.1507,"[7, 10, 12, 12, 14]",1,855633.0
27.1506,"[6, 10, 12, 12, 14]",1,855485.0
27.1505,"[5, 10, 12, 12, 14]",1,855337.0
27.1504,"[4, 10, 12, 12, 14]",1,855189.0
27.1503,"[3, 10, 12, 12, 14]",1,855042.0
27.1502,"[2, 10, 12, 12, 14]",1,854894.0
27.149800000000003,"[8, 9, 12, 12, 14]",1,854746.0
27.1497,"[7, 9, 12, 12, 14]",1,854598.0
27.1496,"[6, 9, 12, 12, 14]",1,854451.0
27.1495,"[5, 9, 12, 12, 14]",1,854303.0
27.1494,"[4, 9, 12, 12, 14]",1,854155.0
27.1493,"[3, 9, 12, 12, 14]",1,854007.0
27.1492,"[2, 9, 12, 12, 14]",1,853860.0
27.148699999999998,"[7, 8, 12, 12, 14]",1,853712.0
27.1486,"[6, 8, 12, 12, 14]",1,853564.0
27.1485,"[5, 8, 12, 12, 14]",1,853416.0
27.1484,"[4, 8, 12, 12, 14]",1,853269.0
27.1483,"[3, 8, 12, 12, 14]",1,853121.0
27.1482,"[2, 8, 12, 12, 14]",1,852973.0
27.1476,"[6, 7, 12, 12, 14]",1,852825.0
27.1475,"[5, 7, 12, 12, 14]",1,852678.0
27.1474,"[4, 7, 12, 12, 14]",1,852530.0
27.1473,"[3, 7, 12, 12, 14]",1,852382.0
27.1472,"[2, 7, 12, 12, 14]",1,852234.0
27.1465,"[5, 6, 12, 12, 14]",1,852087.0
27.1464,"[4, 6, 12, 12, 14]",1,851939.0
27.1463,"[3, 6, 12, 12, 14]",1,851791.0
27.1462,"[2, 6, 12, 12, 14]",1,851643.0
27.1454,"[4, 5, 12, 12, 14]",1,851496.0
27.1453,"[3, 5, 12, 12, 14]",1,851348.0
27.1452,"[2, 5, 12, 12, 14]",1,851200.0
27.1443,"[3, 4, 12, 12, 14]",1,851052.0
27.1442,"[2, 4, 12, 12, 14]",1,850905.0
27.1432,"[2, 3, 12, 12, 14]",1,850757.0
27.142,"[10, 11, 12, 12, 13]",1,850609.0
27.1419,"[9, 11, 12, 12, 13]",1,850461.0
27.1418,"[8, 11, 12, 12, 13]",1,850314.0
27.141699999999997,"[7, 11, 12, 12, 13]",1,850166.0
27.141599999999997,"[6, 11, 12, 12, 13]",1,850018.0
27.141499999999997,"[5, 11, 12, 12, 13]",1,849870.0
27.141399999999997,"[4, 11, 12, 12, 13]",1,849723.0
27.141299999999998,"[3, 11, 12, 12, 13]",1,849575.0
27.141199999999998,"[2, 11, 12, 12, 13]",1,849427.0
27.140900000000002,"[9, 10, 12, 12, 13]",1,849279.0
27.140800000000002,"[8, 10, 12, 12, 13]",1,849132.0
27.1407,"[7, 10, 12, 12, 13]",1,848984.0
27.1406,"[6, 10, 12, 12, 13]",1,848836.0
27.1405,"[5, 10, 12, 12, 13]",1,848688.0
27.1404,"[4, 10, 12, 12, 13]",1,848541.0
27.1403,"[3, 10, 12, 12, 13]",1,848393.0
27.1402,"[2, 10, 12, 12, 13]",1,848245.0
27.1398,"[8, 9, 12, 12, 13]",1,848097.0
27.139699999999998,"[7, 9, 12, 12, 13]",1,847950.0
27.139599999999998,"[6, 9, 12, 12, 13]",1,847802.0
27.139499999999998,"[5, 9, 12, 12, 13]",1,847654.0
27.1394,"[4, 9, 12, 12, 13]",1,847506.0
27.1393,"[3, 9, 12, 12, 13]",1,847359.0
27.1392,"[2, 9, 12, 12, 13]",1,847211.0
27.138699999999996,"[7, 8, 12, 12, 13]",1,847063.0
27.138599999999997,"[6, 8, 12, 12, 13]",1,846915.0
27.138499999999997,"[5, 8, 12, 12, 13]",1,846768.0
27.138399999999997,"[4, 8, 12, 12, 13]",1,846620.0
27.138299999999997,"[3, 8, 12, 12, 13]",1,846472.0
27.138199999999998,"[2, 8, 12, 12, 13]",1,846324.0
27.1376,"[6, 7, 12, 12, 13]",1,846177.0
27.1375,"[5, 7, 12, 12, 13]",1,846029.0
27.1374,"[4, 7, 12, 12, 13]",1,845881.0
27.1373,"[3, 7, 12, 12, 13]",1,845733.0
27.1372,"[2, 7, 12, 12, 13]",1,845586.0
27.136499999999998,"[5, 6, 12, 12, 13]",1,845438.0
27.1364,"[4, 6, 12, 12, 13]",1,845290.0
27.1363,"[3, 6, 12, 12, 13]",1,845142.0
27.1362,"[2, 6, 12, 12, 13]",1,844995.0
27.135399999999997,"[4, 5, 12, 12, 13]",1,844847.0
27.135299999999997,"[3, 5, 12, 12, 13]",1,844699.0
27.135199999999998,"[2, 5, 12, 12, 13]",1,844551.0
27.1343,"[3, 4, 12, 12, 13]",1,844404.0
27.1342,"[2, 4, 12, 12, 13]",1,844256.0
27.1332,"[2, 3, 12, 12, 13]",1,844108.0
27.120900000000002,"[9, 10, 11, 12, 12]",1,843960.0
27.120800000000003,"[8, 10, 11, 12, 12]",1,843813.0
27.1207,"[7, 10, 11, 12, 12]",1,843665.0
27.1206,"[6, 10, 11, 12, 12]",1,843517.0
27.1205,"[5, 10, 11, 12, 12]",1,843369.0
27.1204,"[4, 10, 11, 12, 12]",1,843222.0
27.1203,"[3, 10, 11, 12, 12]",1,843074.0
27.1202,"[2, 10, 11, 12, 12]",1,842926.0
27.1198,"[8, 9, 11, 12, 12]",1,842778.0
27.119699999999998,"[7, 9, 11, 12, 12]",1,842631.0
27.1196,"[6, 9, 11, 12, 12]",1,842483.0
27.1195,"[5, 9, 11, 12, 12]",1,842335.0
27.1194,"[4, 9, 11, 12, 12]",1,842187.0
27.1193,"[3, 9, 11, 12, 12]",1,842040.0
27.1192,"[2, 9, 11, 12, 12]",1,841892.0
27.118699999999997,"[7, 8, 11, 12, 12]",1,841744.0
27.118599999999997,"[6, 8, 11, 12, 12]",1,841596.0
27.118499999999997,"[5, 8, 11, 12, 12]",1,841449.0
27.118399999999998,"[4, 8, 11, 12, 12]",1,841301.0
27.118299999999998,"[3, 8, 11, 12, 12]",1,841153.0
27.118199999999998,"[2, 8, 11, 12, 12]",1,841005.0
27.1176,"[6, 7, 11, 12, 12]",1,840857.0
27.1175,"[5, 7, 11, 12, 12]",1,840710.0
27.1174,"[4, 7, 11, 12, 12]",1,840562.0
27.1173,"[3, 7, 11, 12, 12]",1,840414.0
27.1172,"[2, 7, 11, 12, 12]",1,840266.0
27.1165,"[5, 6, 11, 12, 12]",1,840119.0
27.1164,"[4, 6, 11, 12, 12]",1,839971.0
27.1163,"[3, 6, 11, 12, 12]",1,839823.0
27.1162,"[2, 6, 11, 12, 12]",1,839675.0
27.115399999999998,"[4, 5, 11, 12, 12]",1,839528.0
27.115299999999998,"[3, 5, 11, 12, 12]",1,839380.0
27.115199999999998,"[2, 5, 11, 12, 12]",1,839232.0
27.1143,"[3, 4, 11, 12, 12]",1,839084.0
27.1142,"[2, 4, 11, 12, 12]",1,838937.0
27.1132,"[2, 3, 11, 12, 12]",1,838789.0
27.109800000000003,"[8, 9, 10, 12, 12]",1,838641.0
27.1097,"[7, 9, 10, 12, 12]",1,838493.0
27.1096,"[6, 9, 10, 12, 12]",1,838346.0
27.1095,"[5, 9, 10, 12, 12]",1,838198.0
27.1094,"[4, 9, 10, 12, 12]",1,838050.0
27.1093,"[3, 9, 10, 12, 12]",1,837902.0
27.1092,"[2, 9, 10, 12, 12]",1,837755.0
27.1087,"[7, 8, 10, 12, 12]",1,837607.0
27.1086,"[6, 8, 10, 12, 12]",1,837459.0
27.1085,"[5, 8, 10, 12, 12]",1,837311.0
27.1084,"[4, 8, 10, 12, 12]",1,837164.0
27.1083,"[3, 8, 10, 12, 12]",1,837016.0
27.1082,"[2, 8, 10, 12, 12]",1,836868.0
27.1076,"[6, 7, 10, 12, 12]",1,836720.0
27.1075,"[5, 7, 10, 12, 12]",1,836573.0
27.107400000000002,"[4, 7, 10, 12, 12]",1,836425.0
27.107300000000002,"[3, 7, 10, 12, 12]",1,836277.0
27.107200000000002,"[2, 7, 10, 12, 12]",1,836129.0
27.1065,"[5, 6, 10, 12, 12]",1,835982.0
27.1064,"[4, 6, 10, 12, 12]",1,835834.0
27.1063,"[3, 6, 10, 12, 12]",1,835686.0
27.1062,"[2, 6, 10, 12, 12]",1,835538.0
27.1054,"[4, 5, 10, 12, 12]",1,835391.0
27.1053,"[3, 5, 10, 12, 12]",1,835243.0
27.1052,"[2, 5, 10, 12, 12]",1,835095.0
27.104300000000002,"[3, 4, 10, 12, 12]",1,834947.0
27.104200000000002,"[2, 4, 10, 12, 12]",1,834800.0
27.1032,"[2, 3, 10, 12, 12]",1,834652.0
27.098699999999997,"[7, 8, 9, 12, 12]",1,834504.0
27.098599999999998,"[6, 8, 9, 12, 12]",1,834356.0
27.098499999999998,"[5, 8, 9, 12, 12]",1,834209.0
27.098399999999998,"[4, 8, 9, 12, 12]",1,834061.0
27.0983,"[3, 8, 9, 12, 12]",1,833913.0
27.0982,"[2, 8, 9, 12, 12]",1,833765.0
27.0976,"[6, 7, 9, 12, 12]",1,833618.0
27.0975,"[5, 7, 9, 12, 12]",1,833470.0
27.0974,"[4, 7, 9, 12, 12]",1,833322.0
27.0973,"[3, 7, 9, 12, 12]",1,833174.0
27.0972,"[2, 7, 9, 12, 12]",1,833027.0
27.0965,"[5, 6, 9, 12, 12]",1,832879.0
27.0964,"[4, 6, 9, 12, 12]",1,832731.0
27.0963,"[3, 6, 9, 12, 12]",1,832583.0
27.0962,"[2, 6, 9, 12, 12]",1,832436.0
27.095399999999998,"[4, 5, 9, 12, 12]",1,832288.0
27.095299999999998,"[3, 5, 9, 12, 12]",1,832140.0
27.0952,"[2, 5, 9, 12, 12]",1,831992.0
27.0943,"[3, 4, 9, 12, 12]",1,831845.0
27.0942,"[2, 4, 9, 12, 12]",1,831697.0
27.0932,"[2, 3, 9, 12, 12]",1,831549.0
27.0876,"[6, 7, 8, 12, 12]",1,831401.0
27.0875,"[5, 7, 8, 12, 12]",1,831254.0
27.0874,"[4, 7, 8, 12, 12]",1,831106.0
27.0873,"[3, 7, 8, 12, 12]",1,830958.0
27.0872,"[2, 7, 8, 12, 12]",1,830810.0
27.086499999999997,"[5, 6, 8, 12, 12]",1,830663.0
27.086399999999998,"[4, 6, 8, 12, 12]",1,830515.0
27.086299999999998,"[3, 6, 8, 12, 12]",1,830367.0
27.086199999999998,"[2, 6, 8, 12, 12]",1,830219.0
27.085399999999996,"[4, 5, 8, 12, 12]",1,830072.0
27.085299999999997,"[3, 5, 8, 12, 12]",1,829924.0
27.085199999999997,"[2, 5, 8, 12, 12]",1,829776.0
27.0843,"[3, 4, 8, 12, 12]",1,829628.0
27.0842,"[2, 4, 8, 12, 12]",1,829481.0
27.083199999999998,"[2, 3, 8, 12, 12]",1,829333.0
27.0765,"[5, 6, 7, 12, 12]",1,829185.0
27.0764,"[4, 6, 7, 12, 12]",1,829037.0
27.0763,"[3, 6, 7, 12, 12]",1,828890.0
27.0762,"[2, 6, 7, 12, 12]",1,828742.0
27.0754,"[4, 5, 7, 12, 12]",1,828594.0
27.0753,"[3, 5, 7, 12, 12]",1,828446.0
27.0752,"[2, 5, 7, 12, 12]",1,828299.0
27.0743,"[3, 4, 7, 12, 12]",1,828151.0
27.0742,"[2, 4, 7, 12, 12]",1,828003.0
27.0732,"[2, 3, 7, 12, 12]",1,827855.0
27.065399999999997,"[4, 5, 6, 12, 12]",1,827708.0
27.065299999999997,"[3, 5, 6, 12, 12]",1,827560.0
27.065199999999997,"[2, 5, 6, 12, 12]",1,827412.0
27.0643,"[3, 4, 6, 12, 12]",1,827264.0
27.0642,"[2, 4, 6, 12, 12]",1,827117.0
27.0632,"[2, 3, 6, 12, 12]",1,826969.0
27.0543,"[3, 4, 5, 12, 12]",1,826821.0
27.0542,"[2, 4, 5, 12, 12]",1,826673.0
27.0532,"[2, 3, 5, 12, 12]",1,826526.0
27.0432,"[2, 3, 4, 12, 12]",1,826378.0
26.154200000000003,"[11, 11, 12, 13, 14]",1,826230.0
26.154000000000003,"[10, 11, 11, 13, 14]",1,826082.0
26.153900000000004,"[9, 11, 11, 13, 14]",1,825935.0
26.153800000000004,"[8, 11, 11, 13, 14]",1,825787.0
26.1537,"[7, 11, 11, 13, 14]",1,825639.0
26.1536,"[6, 11, 11, 13, 14]",1,825491.0
26.1535,"[5, 11, 11, 13, 14]",1,825344.0
26.1534,"[4, 11, 11, 13, 14]",1,825196.0
26.1533,"[3, 11, 11, 13, 14]",1,825048.0
26.153200000000002,"[2, 11, 11, 13, 14]",1,824900.0
26.153000000000002,"[10, 11, 11, 12, 14]",1,824753.0
26.152900000000002,"[9, 11, 11, 12, 14]",1,824605.0
26.152800000000003,"[8, 11, 11, 12, 14]",1,824457.0
26.1527,"[7, 11, 11, 12, 14]",1,824309.0
26.1526,"[6, 11, 11, 12, 14]",1,824162.0
26.1525,"[5, 11, 11, 12, 14]",1,824014.0
26.1524,"[4, 11, 11, 12, 14]",1,823866.0
26.1523,"[3, 11, 11, 12, 14]",1,823718.0
26.1522,"[2, 11, 11, 12, 14]",1,823571.0
26.150900000000004,"[9, 10, 11, 11, 14]",1,823423.0
26.150800000000004,"[8, 10, 11, 11, 14]",1,823275.0
26.1507,"[7, 10, 11, 11, 14]",1,823127.0
26.1506,"[6, 10, 11, 11, 14]",1,822980.0
26.1505,"[5, 10, 11, 11, 14]",1,822832.0
26.1504,"[4, 10, 11, 11, 14]",1,822684.0
26.1503,"[3, 10, 11, 11, 14]",1,822536.0
26.1502,"[2, 10, 11, 11, 14]",1,822389.0
26.149800000000003,"[8, 9, 11, 11, 14]",1,822241.0
26.1497,"[7, 9, 11, 11, 14]",1,822093.0
26.1496,"[6, 9, 11, 11, 14]",1,821945.0
26.1495,"[5, 9, 11, 11, 14]",1,821798.0
26.1494,"[4, 9, 11, 11, 14]",1,821650.0
26.1493,"[3, 9, 11, 11, 14]",1,821502.0
26.1492,"[2, 9, 11, 11, 14]",1,821354.0
26.148699999999998,"[7, 8, 11, 11, 14]",1,821207.0
26.1486,"[6, 8, 11, 11, 14]",1,821059.0
26.1485,"[5, 8, 11, 11, 14]",1,820911.0
26.1484,"[4, 8, 11, 11, 14]",1,820763.0
26.1483,"[3, 8, 11, 11, 14]",1,820616.0
26.1482,"[2, 8, 11, 11, 14]",1,820468.0
26.1476,"[6, 7, 11, 11, 14]",1,820320.0
26.1475,"[5, 7, 11, 11, 14]",1,820172.0
26.1474,"[4, 7, 11, 11, 14]",1,820025.0
26.1473,"[3, 7, 11, 11, 14]",1,819877.0
26.1472,"[2, 7, 11, 11, 14]",1,819729.0
26.1465,"[5, 6, 11, 11, 14]",1,819581.0
26.1464,"[4, 6, 11, 11, 14]",1,819434.0
26.1463,"[3, 6, 11, 11, 14]",1,819286.0
26.1462,"[2, 6, 11, 11, 14]",1,819138.0
26.1454,"[4, 5, 11, 11, 14]",1,818990.0
26.1453,"[3, 5, 11, 11, 14]",1,818843.0
26.1452,"[2, 5, 11, 11, 14]",1,818695.0
26.1443,"[3, 4, 11, 11, 14]",1,818547.0
26.1442,"[2, 4, 11, 11, 14]",1,818399.0
26.1432,"[2, 3, 11, 11, 14]",1,818252.0
26.143,"[10, 11, 11, 12, 13]",1,818104.0
26.1429,"[9, 11, 11, 12, 13]",1,817956.0
26.1428,"[8, 11, 11, 12, 13]",1,817808.0
26.142699999999998,"[7, 11, 11, 12, 13]",1,817661.0
26.142599999999998,"[6, 11, 11, 12, 13]",1,817513.0
26.1425,"[5, 11, 11, 12, 13]",1,817365.0
26.1424,"[4, 11, 11, 12, 13]",1,817217.0
26.1423,"[3, 11, 11, 12, 13]",1,817070.0
26.1422,"[2, 11, 11, 12, 13]",1,816922.0
26.140900000000002,"[9, 10, 11, 11, 13]",1,816774.0
26.140800000000002,"[8, 10, 11, 11, 13]",1,816626.0
26.1407,"[7, 10, 11, 11, 13]",1,816479.0
26.1406,"[6, 10, 11, 11, 13]",1,816331.0
26.1405,"[5, 10, 11, 11, 13]",1,816183.0
26.1404,"[4, 10, 11, 11, 13]",1,816035.0
26.1403,"[3, 10, 11, 11, 13]",1,815888.0
26.1402,"[2, 10, 11, 11, 13]",1,815740.0
26.1398,"[8, 9, 11, 11, 13]",1,815592.0
26.139699999999998,"[7, 9, 11, 11, 13]",1,815444.0
26.139599999999998,"[6, 9, 11, 11, 13]",1,815297.0
26.139499999999998,"[5, 9, 11, 11, 13]",1,815149.0
26.1394,"[4, 9, 11, 11, 13]",1,815001.0
26.1393,"[3, 9, 11, 11, 13]",1,814853.0
26.1392,"[2, 9, 11, 11, 13]",1,814705.0
26.138699999999996,"[7, 8, 11, 11, 13]",1,814558.0
26.138599999999997,"[6, 8, 11, 11, 13]",1,814410.0
26.138499999999997,"[5, 8, 11, 11, 13]",1,814262.0
26.138399999999997,"[4, 8, 11, 11, 13]",1,814114.0
26.138299999999997,"[3, 8, 11, 11, 13]",1,813967.0
26.138199999999998,"[2, 8, 11, 11, 13]",1,813819.0
26.1376,"[6, 7, 11, 11, 13]",1,813671.0
26.1375,"[5, 7, 11, 11, 13]",1,813523.0
26.1374,"[4, 7, 11, 11, 13]",1,813376.0
26.1373,"[3, 7, 11, 11, 13]",1,813228.0
26.1372,"[2, 7, 11, 11, 13]",1,813080.0
26.136499999999998,"[5, 6, 11, 11, 13]",1,812932.0
26.1364,"[4, 6, 11, 11, 13]",1,812785.0
26.1363,"[3, 6, 11, 11, 13]",1,812637.0
26.1362,"[2, 6, 11, 11, 13]",1,812489.0
26.135399999999997,"[4, 5, 11, 11, 13]",1,812341.0
26.135299999999997,"[3, 5, 11, 11, 13]",1,812194.0
26.135199999999998,"[2, 5, 11, 11, 13]",1,812046.0
26.1343,"[3, 4, 11, 11, 13]",1,811898.0
26.1342,"[2, 4, 11, 11, 13]",1,811750.0
26.1332,"[2, 3, 11, 11, 13]",1,811603.0
26.130900000000004,"[9, 10, 11, 11, 12]",1,811455.0
26.130800000000004,"[8, 10, 11, 11, 12]",1,811307.0
26.1307,"[7, 10, 11, 11, 12]",1,811159.0
26.1306,"[6, 10, 11, 11, 12]",1,811012.0
26.1305,"[5, 10, 11, 11, 12]",1,810864.0
26.1304,"[4, 10, 11, 11, 12]",1,810716.0
26.130300000000002,"[3, 10, 11, 11, 12]",1,810568.0
26.130200000000002,"[2, 10, 11, 11, 12]",1,810421.0
26.129800000000003,"[8, 9, 11, 11, 12]",1,810273.0
26.1297,"[7, 9, 11, 11, 12]",1,810125.0
26.1296,"[6, 9, 11, 11, 12]",1,809977.0
26.1295,"[5, 9, 11, 11, 12]",1,809830.0
26.1294,"[4, 9, 11, 11, 12]",1,809682.0
26.1293,"[3, 9, 11, 11, 12]",1,809534.0
26.1292,"[2, 9, 11, 11, 12]",1,809386.0
26.1287,"[7, 8, 11, 11, 12]",1,809239.0
26.1286,"[6, 8, 11, 11, 12]",1,809091.0
26.1285,"[5, 8, 11, 11, 12]",1,808943.0
26.1284,"[4, 8, 11, 11, 12]",1,808795.0
26.1283,"[3, 8, 11, 11, 12]",1,808648.0
26.1282,"[2, 8, 11, 11, 12]",1,808500.0
26.1276,"[6, 7, 11, 11, 12]",1,808352.0
26.1275,"[5, 7, 11, 11, 12]",1,808204.0
26.1274,"[4, 7, 11, 11, 12]",1,808057.0
26.1273,"[3, 7, 11, 11, 12]",1,807909.0
26.127200000000002,"[2, 7, 11, 11, 12]",1,807761.0
26.1265,"[5, 6, 11, 11, 12]",1,807613.0
26.1264,"[4, 6, 11, 11, 12]",1,807466.0
26.1263,"[3, 6, 11, 11, 12]",1,807318.0
26.1262,"[2, 6, 11, 11, 12]",1,807170.0
26.1254,"[4, 5, 11, 11, 12]",1,807022.0
26.1253,"[3, 5, 11, 11, 12]",1,806875.0
26.1252,"[2, 5, 11, 11, 12]",1,806727.0
26.1243,"[3, 4, 11, 11, 12]",1,806579.0
26.124200000000002,"[2, 4, 11, 11, 12]",1,806431.0
26.1232,"[2, 3, 11, 11, 12]",1,806284.0
26.109800000000003,"[8, 9, 10, 11, 11]",1,806136.0
26.1097,"[7, 9, 10, 11, 11]",1,805988.0
26.1096,"[6, 9, 10, 11, 11]",1,805840.0
26.1095,"[5, 9, 10, 11, 11]",1,805693.0
26.1094,"[4, 9, 10, 11, 11]",1,805545.0
26.1093,"[3, 9, 10, 11, 11]",1,805397.0
26.1092,"[2, 9, 10, 11, 11]",1,805249.0
26.1087,"[7, 8, 10, 11, 11]",1,805102.0
26.1086,"[6, 8, 10, 11, 11]",1,804954.0
26.1085,"[5, 8, 10, 11, 11]",1,804806.0
26.1084,"[4, 8, 10, 11, 11]",1,804658.0
26.1083,"[3, 8, 10, 11, 11]",1,804511.0
26.1082,"[2, 8, 10, 11, 11]",1,804363.0
26.1076,"[6, 7, 10, 11, 11]",1,804215.0
26.1075,"[5, 7, 10, 11, 11]",1,804067.0
26.107400000000002,"[4, 7, 10, 11, 11]",1,803920.0
26.107300000000002,"[3, 7, 10, 11, 11]",1,803772.0
26.107200000000002,"[2, 7, 10, 11, 11]",1,803624.0
26.1065,"[5, 6, 10, 11, 11]",1,803476.0
26.1064,"[4, 6, 10, 11, 11]",1,803329.0
26.1063,"[3, 6, 10, 11, 11]",1,803181.0
26.1062,"[2, 6, 10, 11, 11]",1,803033.0
26.1054,"[4, 5, 10, 11, 11]",1,802885.0
26.1053,"[3, 5, 10, 11, 11]",1,802738.0
26.1052,"[2, 5, 10, 11, 11]",1,802590.0
26.104300000000002,"[3, 4, 10, 11, 11]",1,802442.0
26.104200000000002,"[2, 4, 10, 11, 11]",1,802294.0
26.1032,"[2, 3, 10, 11, 11]",1,802147.0
26.098699999999997,"[7, 8, 9, 11, 11]",1,801999.0
26.098599999999998,"[6, 8, 9, 11, 11]",1,801851.0
26.098499999999998,"[5, 8, 9, 11, 11]",1,801703.0
26.098399999999998,"[4, 8, 9, 11, 11]",1,801556.0
26.0983,"[3, 8, 9, 11, 11]",1,801408.0
26.0982,"[2, 8, 9, 11, 11]",1,801260.0
26.0976,"[6, 7, 9, 11, 11]",1,801112.0
26.0975,"[5, 7, 9, 11, 11]",1,800965.0
26.0974,"[4, 7, 9, 11, 11]",1,800817.0
26.0973,"[3, 7, 9, 11, 11]",1,800669.0
26.0972,"[2, 7, 9, 11, 11]",1,800521.0
26.0965,"[5, 6, 9, 11, 11]",1,800374.0
26.0964,"[4, 6, 9, 11, 11]",1,800226.0
26.0963,"[3, 6, 9, 11, 11]",1,800078.0
26.0962,"[2, 6, 9, 11, 11]",1,799930.0
26.095399999999998,"[4, 5, 9, 11, 11]",1,799783.0
26.095299999999998,"[3, 5, 9, 11, 11]",1,799635.0
26.0952,"[2, 5, 9, 11, 11]",1,799487.0
26.0943,"[3, 4, 9, 11, 11]",1,799339.0
26.0942,"[2, 4, 9, 11, 11]",1,799192.0
26.0932,"[2, 3, 9, 11, 11]",1,799044.0
26.0876,"[6, 7, 8, 11, 11]",1,798896.0
26.0875,"[5, 7, 8, 11, 11]",1,798748.0
26.0874,"[4, 7, 8, 11, 11]",1,798601.0
26.0873,"[3, 7, 8, 11, 11]",1,798453.0
26.0872,"[2, 7, 8, 11, 11]",1,798305.0
26.086499999999997,"[5, 6, 8, 11, 11]",1,798157.0
26.086399999999998,"[4, 6, 8, 11, 11]",1,798010.0
26.086299999999998,"[3, 6, 8, 11, 11]",1,797862.0
26.086199999999998,"[2, 6, 8, 11, 11]",1,797714.0
26.085399999999996,"[4, 5, 8, 11, 11]",1,797566.0
26.085299999999997,"[3, 5, 8, 11, 11]",1,797419.0
26.085199999999997,"[2, 5, 8, 11, 11]",1,797271.0
26.0843,"[3, 4, 8, 11, 11]",1,797123.0
26.0842,"[2, 4, 8, 11, 11]",1,796975.0
26.083199999999998,"[2, 3, 8, 11, 11]",1,796828.0
26.0765,"[5, 6, 7, 11, 11]",1,796680.0
26.0764,"[4, 6, 7, 11, 11]",1,796532.0
26.0763,"[3, 6, 7, 11, 11]",1,796384.0
26.0762,"[2, 6, 7, 11, 11]",1,796237.0
26.0754,"[4, 5, 7, 11, 11]",1,796089.0
26.0753,"[3, 5, 7, 11, 11]",1,795941.0
26.0752,"[2, 5, 7, 11, 11]",1,795793.0
26.0743,"[3, 4, 7, 11, 11]",1,795646.0
26.0742,"[2, 4, 7, 11, 11]",1,795498.0
26.0732,"[2, 3, 7, 11, 11]",1,795350.0
26.065399999999997,"[4, 5, 6, 11, 11]",1,795202.0
26.065299999999997,"[3, 5, 6, 11, 11]",1,795055.0
26.065199999999997,"[2, 5, 6, 11, 11]",1,794907.0
26.0643,"[3, 4, 6, 11, 11]",1,794759.0
26.0642,"[2, 4, 6, 11, 11]",1,794611.0
26.0632,"[2, 3, 6, 11, 11]",1,794464.0
26.0543,"[3, 4, 5, 11, 11]",1,794316.0
26.0542,"[2, 4, 5, 11, 11]",1,794168.0
26.0532,"[2, 3, 5, 11, 11]",1,794020.0
26.0432,"[2, 3, 4, 11, 11]",1,793873.0
25.154200000000003,"[10, 10, 12, 13, 14]",1,793725.0
25.154100000000003,"[10, 10, 11, 13, 14]",1,793577.0
25.153900000000004,"[9, 10, 10, 13, 14]",1,793429.0
25.153800000000004,"[8, 10, 10, 13, 14]",1,793282.0
25.1537,"[7, 10, 10, 13, 14]",1,793134.0
25.1536,"[6, 10, 10, 13, 14]",1,792986.0
25.1535,"[5, 10, 10, 13, 14]",1,792838.0
25.1534,"[4, 10, 10, 13, 14]",1,792691.0
25.1533,"[3, 10, 10, 13, 14]",1,792543.0
25.153200000000002,"[2, 10, 10, 13, 14]",1,792395.0
25.153100000000002,"[10, 10, 11, 12, 14]",1,792247.0
25.152900000000002,"[9, 10, 10, 12, 14]",1,792100.0
25.152800000000003,"[8, 10, 10, 12, 14]",1,791952.0
25.1527,"[7, 10, 10, 12, 14]",1,791804.0
25.1526,"[6, 10, 10, 12, 14]",1,791656.0
25.1525,"[5, 10, 10, 12, 14]",1,791509.0
25.1524,"[4, 10, 10, 12, 14]",1,791361.0
25.1523,"[3, 10, 10, 12, 14]",1,791213.0
25.1522,"[2, 10, 10, 12, 14]",1,791065.0
25.1519,"[9, 10, 10, 11, 14]",1,790918.0
25.1518,"[8, 10, 10, 11, 14]",1,790770.0
25.151699999999998,"[7, 10, 10, 11, 14]",1,790622.0
25.1516,"[6, 10, 10, 11, 14]",1,790474.0
25.1515,"[5, 10, 10, 11, 14]",1,790327.0
25.1514,"[4, 10, 10, 11, 14]",1,790179.0
25.1513,"[3, 10, 10, 11, 14]",1,790031.0
25.1512,"[2, 10, 10, 11, 14]",1,789883.0
25.149800000000003,"[8, 9, 10, 10, 14]",1,789736.0
25.1497,"[7, 9, 10, 10, 14]",1,789588.0
25.1496,"[6, 9, 10, 10, 14]",1,789440.0
25.1495,"[5, 9, 10, 10, 14]",1,789292.0
25.1494,"[4, 9, 10, 10, 14]",1,789145.0
25.1493,"[3, 9, 10, 10, 14]",1,788997.0
25.1492,"[2, 9, 10, 10, 14]",1,788849.0
25.148699999999998,"[7, 8, 10, 10, 14]",1,788701.0
25.1486,"[6, 8, 10, 10, 14]",1,788553.0
25.1485,"[5, 8, 10, 10, 14]",1,788406.0
25.1484,"[4, 8, 10, 10, 14]",1,788258.0
25.1483,"[3, 8, 10, 10, 14]",1,788110.0
25.1482,"[2, 8, 10, 10, 14]",1,787962.0
25.1476,"[6, 7, 10, 10, 14]",1,787815.0
25.1475,"[5, 7, 10, 10, 14]",1,787667.0
25.1474,"[4, 7, 10, 10, 14]",1,787519.0
25.1473,"[3, 7, 10, 10, 14]",1,787371.0
25.1472,"[2, 7, 10, 10, 14]",1,787224.0
25.1465,"[5, 6, 10, 10, 14]",1,787076.0
25.1464,"[4, 6, 10, 10, 14]",1,786928.0
25.1463,"[3, 6, 10, 10, 14]",1,786780.0
25.1462,"[2, 6, 10, 10, 14]",1,786633.0
25.1454,"[4, 5, 10, 10, 14]",1,786485.0
25.1453,"[3, 5, 10, 10, 14]",1,786337.0
25.1452,"[2, 5, 10, 10, 14]",1,786189.0
25.1443,"[3, 4, 10, 10, 14]",1,786042.0
25.1442,"[2, 4, 10, 10, 14]",1,785894.0
25.1432,"[2, 3, 10, 10, 14]",1,785746.0
25.1431,"[10, 10, 11, 12, 13]",1,785598.0
25.1429,"[9, 10, 10, 12, 13]",1,785451.0
25.1428,"[8, 10, 10, 12, 13]",1,785303.0
25.142699999999998,"[7, 10, 10, 12, 13]",1,785155.0
25.142599999999998,"[6, 10, 10, 12, 13]",1,785007.0
25.1425,"[5, 10, 10, 12, 13]",1,784860.0
25.1424,"[4, 10, 10, 12, 13]",1,784712.0
25.1423,"[3, 10, 10, 12, 13]",1,784564.0
25.1422,"[2, 10, 10, 12, 13]",1,784416.0
25.1419,"[9, 10, 10, 11, 13]",1,784269.0
25.1418,"[8, 10, 10, 11, 13]",1,784121.0
25.141699999999997,"[7, 10, 10, 11, 13]",1,783973.0
25.141599999999997,"[6, 10, 10, 11, 13]",1,783825.0
25.141499999999997,"[5, 10, 10, 11, 13]",1,783678.0
25.141399999999997,"[4, 10, 10, 11, 13]",1,783530.0
25.141299999999998,"[3, 10, 10, 11, 13]",1,783382.0
25.141199999999998,"[2, 10, 10, 11, 13]",1,783234.0
25.1398,"[8, 9, 10, 10, 13]",1,783087.0
25.139699999999998,"[7, 9, 10, 10, 13]",1,782939.0
25.139599999999998,"[6, 9, 10, 10, 13]",1,782791.0
25.139499999999998,"[5, 9, 10, 10, 13]",1,782643.0
25.1394,"[4, 9, 10, 10, 13]",1,782496.0
25.1393,"[3, 9, 10, 10, 13]",1,782348.0
25.1392,"[2, 9, 10, 10, 13]",1,782200.0
25.138699999999996,"[7, 8, 10, 10, 13]",1,782052.0
25.138599999999997,"[6, 8, 10, 10, 13]",1,781905.0
25.138499999999997,"[5, 8, 10, 10, 13]",1,781757.0
25.138399999999997,"[4, 8, 10, 10, 13]",1,781609.0
25.138299999999997,"[3, 8, 10, 10, 13]",1,781461.0
25.138199999999998,"[2, 8, 10, 10, 13]",1,781314.0
25.1376,"[6, 7, 10, 10, 13]",1,781166.0
25.1375,"[5, 7, 10, 10, 13]",1,781018.0
25.1374,"[4, 7, 10, 10, 13]",1,780870.0
25.1373,"[3, 7, 10, 10, 13]",1,780723.0
25.1372,"[2, 7, 10, 10, 13]",1,780575.0
25.136499999999998,"[5, 6, 10, 10, 13]",1,780427.0
25.1364,"[4, 6, 10, 10, 13]",1,780279.0
25.1363,"[3, 6, 10, 10, 13]",1,780132.0
25.1362,"[2, 6, 10, 10, 13]",1,779984.0
25.135399999999997,"[4, 5, 10, 10, 13]",1,779836.0
25.135299999999997,"[3, 5, 10, 10, 13]",1,779688.0
25.135199999999998,"[2, 5, 10, 10, 13]",1,779541.0
25.1343,"[3, 4, 10, 10, 13]",1,779393.0
25.1342,"[2, 4, 10, 10, 13]",1,779245.0
25.1332,"[2, 3, 10, 10, 13]",1,779097.0
25.1319,"[9, 10, 10, 11, 12]",1,778950.0
25.131800000000002,"[8, 10, 10, 11, 12]",1,778802.0
25.1317,"[7, 10, 10, 11, 12]",1,778654.0
25.1316,"[6, 10, 10, 11, 12]",1,778506.0
25.1315,"[5, 10, 10, 11, 12]",1,778359.0
25.1314,"[4, 10, 10, 11, 12]",1,778211.0
25.1313,"[3, 10, 10, 11, 12]",1,778063.0
25.1312,"[2, 10, 10, 11, 12]",1,777915.0
25.129800000000003,"[8, 9, 10, 10, 12]",1,777768.0
25.1297,"[7, 9, 10, 10, 12]",1,777620.0
25.1296,"[6, 9, 10, 10, 12]",1,777472.0
25.1295,"[5, 9, 10, 10, 12]",1,777324.0
25.1294,"[4, 9, 10, 10, 12]",1,777177.0
25.1293,"[3, 9, 10, 10, 12]",1,777029.0
25.1292,"[2, 9, 10, 10, 12]",1,776881.0
25.1287,"[7, 8, 10, 10, 12]",1,776733.0
25.1286,"[6, 8, 10, 10, 12]",1,776586.0
25.1285,"[5, 8, 10, 10, 12]",1,776438.0
25.1284,"[4, 8, 10, 10, 12]",1,776290.0
25.1283,"[3, 8, 10, 10, 12]",1,776142.0
25.1282,"[2, 8, 10, 10, 12]",1,775995.0
25.1276,"[6, 7, 10, 10, 12]",1,775847.0
25.1275,"[5, 7, 10, 10, 12]",1,775699.0
25.1274,"[4, 7, 10, 10, 12]",1,775551.0
25.1273,"[3, 7, 10, 10, 12]",1,775404.0
25.127200000000002,"[2, 7, 10, 10, 12]",1,775256.0
25.1265,"[5, 6, 10, 10, 12]",1,775108.0
25.1264,"[4, 6, 10, 10, 12]",1,774960.0
25.1263,"[3, 6, 10, 10, 12]",1,774813.0
25.1262,"[2, 6, 10, 10, 12]",1,774665.0
25.1254,"[4, 5, 10, 10, 12]",1,774517.0
25.1253,"[3, 5, 10, 10, 12]",1,774369.0
25.1252,"[2, 5, 10, 10, 12]",1,774222.0
25.1243,"[3, 4, 10, 10, 12]",1,774074.0
25.124200000000002,"[2, 4, 10, 10, 12]",1,773926.0
25.1232,"[2, 3, 10, 10, 12]",1,773778.0
25.1198,"[8, 9, 10, 10, 11]",1,773631.0
25.119699999999998,"[7, 9, 10, 10, 11]",1,773483.0
25.1196,"[6, 9, 10, 10, 11]",1,773335.0
25.1195,"[5, 9, 10, 10, 11]",1,773187.0
25.1194,"[4, 9, 10, 10, 11]",1,773040.0
25.1193,"[3, 9, 10, 10, 11]",1,772892.0
25.1192,"[2, 9, 10, 10, 11]",1,772744.0
25.118699999999997,"[7, 8, 10, 10, 11]",1,772596.0
25.118599999999997,"[6, 8, 10, 10, 11]",1,772449.0
25.118499999999997,"[5, 8, 10, 10, 11]",1,772301.0
25.118399999999998,"[4, 8, 10, 10, 11]",1,772153.0
25.118299999999998,"[3, 8, 10, 10, 11]",1,772005.0
25.118199999999998,"[2, 8, 10, 10, 11]",1,771858.0
25.1176,"[6, 7, 10, 10, 11]",1,771710.0
25.1175,"[5, 7, 10, 10, 11]",1,771562.0
25.1174,"[4, 7, 10, 10, 11]",1,771414.0
25.1173,"[3, 7, 10, 10, 11]",1,771267.0
25.1172,"[2, 7, 10, 10, 11]",1,771119.0
25.1165,"[5, 6, 10, 10, 11]",1,770971.0
25.1164,"[4, 6, 10, 10, 11]",1,770823.0
25.1163,"[3, 6, 10, 10, 11]",1,770676.0
25.1162,"[2, 6, 10, 10, 11]",1,770528.0
25.115399999999998,"[4, 5, 10, 10, 11]",1,770380.0
25.115299999999998,"[3, 5, 10, 10, 11]",1,770232.0
25.115199999999998,"[2, 5, 10, 10, 11]",1,770085.0
25.1143,"[3, 4, 10, 10, 11]",1,769937.0
25.1142,"[2, 4, 10, 10, 11]",1,769789.0
25.1132,"[2, 3, 10, 10, 11]",1,769641.0
25.098699999999997,"[7, 8, 9, 10, 10]",1,769494.0
25.098599999999998,"[6, 8, 9, 10, 10]",1,769346.0
25.098499999999998,"[5, 8, 9, 10, 10]",1,769198.0
25.098399999999998,"[4, 8, 9, 10, 10]",1,769050.0
25.0983,"[3, 8, 9, 10, 10]",1,768903.0
25.0982,"[2, 8, 9, 10, 10]",1,768755.0
25.0976,"[6, 7, 9, 10, 10]",1,768607.0
25.0975,"[5, 7, 9, 10, 10]",1,768459.0
25.0974,"[4, 7, 9, 10, 10]",1,768312.0
25.0973,"[3, 7, 9, 10, 10]",1,768164.0
25.0972,"[2, 7, 9, 10, 10]",1,768016.0
25.0965,"[5, 6, 9, 10, 10]",1,767868.0
25.0964,"[4, 6, 9, 10, 10]",1,767721.0
25.0963,"[3, 6, 9, 10, 10]",1,767573.0
25.0962,"[2, 6, 9, 10, 10]",1,767425.0
25.095399999999998,"[4, 5, 9, 10, 10]",1,767277.0
25.095299999999998,"[3, 5, 9, 10, 10]",1,767130.0
25.0952,"[2, 5, 9, 10, 10]",1,766982.0
25.0943,"[3, 4, 9, 10, 10]",1,766834.0
25.0942,"[2, 4, 9, 10, 10]",1,766686.0
25.0932,"[2, 3, 9, 10, 10]",1,766539.0
25.0876,"[6, 7, 8, 10, 10]",1,766391.0
25.0875,"[5, 7, 8, 10, 10]",1,766243.0
25.0874,"[4, 7, 8, 10, 10]",1,766095.0
25.0873,"[3, 7, 8, 10, 10]",1,765948.0
25.0872,"[2, 7, 8, 10, 10]",1,765800.0
25.086499999999997,"[5, 6, 8, 10, 10]",1,765652.0
25.086399999999998,"[4, 6, 8, 10, 10]",1,765504.0
25.086299999999998,"[3, 6, 8, 10, 10]",1,765357.0
25.086199999999998,"[2, 6, 8, 10, 10]",1,765209.0
25.085399999999996,"[4, 5, 8, 10, 10]",1,765061.0
25.085299999999997,"[3, 5, 8, 10, 10]",1,764913.0
25.085199999999997,"[2, 5, 8, 10, 10]",1,764766.0
25.0843,"[3, 4, 8, 10, 10]",1,764618.0
25.0842,"[2, 4, 8, 10, 10]",1,764470.0
25.083199999999998,"[2, 3, 8, 10, 10]",1,764322.0
25.0765,"[5, 6, 7, 10, 10]",1,764175.0
25.0764,"[4, 6, 7, 10, 10]",1,764027.0
25.0763,"[3, 6, 7, 10, 10]",1,763879.0
25.0762,"[2, 6, 7, 10, 10]",1,763731.0
25.0754,"[4, 5, 7, 10, 10]",1,763584.0
25.0753,"[3, 5, 7, 10, 10]",1,763436.0
25.0752,"[2, 5, 7, 10, 10]",1,763288.0
25.0743,"[3, 4, 7, 10, 10]",1,763140.0
25.0742,"[2, 4, 7, 10, 10]",1,762993.0
25.0732,"[2, 3, 7, 10, 10]",1,762845.0
25.065399999999997,"[4, 5, 6, 10, 10]",1,762697.0
25.065299999999997,"[3, 5, 6, 10, 10]",1,762549.0
25.065199999999997,"[2, 5, 6, 10, 10]",1,762401.0
25.0643,"[3, 4, 6, 10, 10]",1,762254.0
25.0642,"[2, 4, 6, 10, 10]",1,762106.0
25.0632,"[2, 3, 6, 10, 10]",1,761958.0
25.0543,"[3, 4, 5, 10, 10]",1,761810.0
25.0542,"[2, 4, 5, 10, 10]",1,761663.0
25.0532,"[2, 3, 5, 10, 10]",1,761515.0
25.0432,"[2, 3, 4, 10, 10]",1,761367.0
24.154200000000003,"[9, 9, 12, 13, 14]",1,761219.0
24.154100000000003,"[9, 9, 11, 13, 14]",1,761072.0
24.154000000000003,"[9, 9, 10, 13, 14]",1,760924.0
24.153800000000004,"[8, 9, 9, 13, 14]",1,760776.0
24.1537,"[7, 9, 9, 13, 14]",1,760628.0
24.1536,"[6, 9, 9, 13, 14]",1,760481.0
24.1535,"[5, 9, 9, 13, 14]",1,760333.0
24.1534,"[4, 9, 9, 13, 14]",1,760185.0
24.1533,"[3, 9, 9, 13, 14]",1,760037.0
24.153200000000002,"[2, 9, 9, 13, 14]",1,759890.0
24.153100000000002,"[9, 9, 11, 12, 14]",1,759742.0
24.153000000000002,"[9, 9, 10, 12, 14]",1,759594.0
24.152800000000003,"[8, 9, 9, 12, 14]",1,759446.0
24.1527,"[7, 9, 9, 12, 14]",1,759299.0
24.1526,"[6, 9, 9, 12, 14]",1,759151.0
24.1525,"[5, 9, 9, 12, 14]",1,759003.0
24.1524,"[4, 9, 9, 12, 14]",1,758855.0
24.1523,"[3, 9, 9, 12, 14]",1,758708.0
24.1522,"[2, 9, 9, 12, 14]",1,758560.0
24.152,"[9, 9, 10, 11, 14]",1,758412.0
24.1518,"[8, 9, 9, 11, 14]",1,758264.0
24.151699999999998,"[7, 9, 9, 11, 14]",1,758117.0
24.1516,"[6, 9, 9, 11, 14]",1,757969.0
24.1515,"[5, 9, 9, 11, 14]",1,757821.0
24.1514,"[4, 9, 9, 11, 14]",1,757673.0
24.1513,"[3, 9, 9, 11, 14]",1,757526.0
24.1512,"[2, 9, 9, 11, 14]",1,757378.0
24.150800000000004,"[8, 9, 9, 10, 14]",1,757230.0
24.1507,"[7, 9, 9, 10, 14]",1,757082.0
24.1506,"[6, 9, 9, 10, 14]",1,756935.0
24.1505,"[5, 9, 9, 10, 14]",1,756787.0
24.1504,"[4, 9, 9, 10, 14]",1,756639.0
24.1503,"[3, 9, 9, 10, 14]",1,756491.0
24.1502,"[2, 9, 9, 10, 14]",1,756344.0
24.148699999999998,"[7, 8, 9, 9, 14]",1,756196.0
24.1486,"[6, 8, 9, 9, 14]",1,756048.0
24.1485,"[5, 8, 9, 9, 14]",1,755900.0
24.1484,"[4, 8, 9, 9, 14]",1,755753.0
24.1483,"[3, 8, 9, 9, 14]",1,755605.0
24.1482,"[2, 8, 9, 9, 14]",1,755457.0
24.1476,"[6, 7, 9, 9, 14]",1,755309.0
24.1475,"[5, 7, 9, 9, 14]",1,755162.0
24.1474,"[4, 7, 9, 9, 14]",1,755014.0
24.1473,"[3, 7, 9, 9, 14]",1,754866.0
24.1472,"[2, 7, 9, 9, 14]",1,754718.0
24.1465,"[5, 6, 9, 9, 14]",1,754571.0
24.1464,"[4, 6, 9, 9, 14]",1,754423.0
24.1463,"[3, 6, 9, 9, 14]",1,754275.0
24.1462,"[2, 6, 9, 9, 14]",1,754127.0
24.1454,"[4, 5, 9, 9, 14]",1,753980.0
24.1453,"[3, 5, 9, 9, 14]",1,753832.0
24.1452,"[2, 5, 9, 9, 14]",1,753684.0
24.1443,"[3, 4, 9, 9, 14]",1,753536.0
24.1442,"[2, 4, 9, 9, 14]",1,753389.0
24.1432,"[2, 3, 9, 9, 14]",1,753241.0
24.1431,"[9, 9, 11, 12, 13]",1,753093.0
24.143,"[9, 9, 10, 12, 13]",1,752945.0
24.1428,"[8, 9, 9, 12, 13]",1,752798.0
24.142699999999998,"[7, 9, 9, 12, 13]",1,752650.0
24.142599999999998,"[6, 9, 9, 12, 13]",1,752502.0
24.1425,"[5, 9, 9, 12, 13]",1,752354.0
24.1424,"[4, 9, 9, 12, 13]",1,752207.0
24.1423,"[3, 9, 9, 12, 13]",1,752059.0
24.1422,"[2, 9, 9, 12, 13]",1,751911.0
24.142,"[9, 9, 10, 11, 13]",1,751763.0
24.1418,"[8, 9, 9, 11, 13]",1,751616.0
24.141699999999997,"[7, 9, 9, 11, 13]",1,751468.0
24.141599999999997,"[6, 9, 9, 11, 13]",1,751320.0
24.141499999999997,"[5, 9, 9, 11, 13]",1,751172.0
24.141399999999997,"[4, 9, 9, 11, 13]",1,751025.0
24.141299999999998,"[3, 9, 9, 11, 13]",1,750877.0
24.141199999999998,"[2, 9, 9, 11, 13]",1,750729.0
24.140800000000002,"[8, 9, 9, 10, 13]",1,750581.0
24.1407,"[7, 9, 9, 10, 13]",1,750434.0
24.1406,"[6, 9, 9, 10, 13]",1,750286.0
24.1405,"[5, 9, 9, 10, 13]",1,750138.0
24.1404,"[4, 9, 9, 10, 13]",1,749990.0
24.1403,"[3, 9, 9, 10, 13]",1,749843.0
24.1402,"[2, 9, 9, 10, 13]",1,749695.0
24.138699999999996,"[7, 8, 9, 9, 13]",1,749547.0
24.138599999999997,"[6, 8, 9, 9, 13]",1,749399.0
24.138499999999997,"[5, 8, 9, 9, 13]",1,749252.0
24.138399999999997,"[4, 8, 9, 9, 13]",1,749104.0
24.138299999999997,"[3, 8, 9, 9, 13]",1,748956.0
24.138199999999998,"[2, 8, 9, 9, 13]",1,748808.0
24.1376,"[6, 7, 9, 9, 13]",1,748661.0
24.1375,"[5, 7, 9, 9, 13]",1,748513.0
24.1374,"[4, 7, 9, 9, 13]",1,748365.0
24.1373,"[3, 7, 9, 9, 13]",1,748217.0
24.1372,"[2, 7, 9, 9, 13]",1,748070.0
24.136499999999998,"[5, 6, 9, 9, 13]",1,747922.0
24.1364,"[4, 6, 9, 9, 13]",1,747774.0
24.1363,"[3, 6, 9, 9, 13]",1,747626.0
24.1362,"[2, 6, 9, 9, 13]",1,747479.0
24.135399999999997,"[4, 5, 9, 9, 13]",1,747331.0
24.135299999999997,"[3, 5, 9, 9, 13]",1,747183.0
24.135199999999998,"[2, 5, 9, 9, 13]",1,747035.0
24.1343,"[3, 4, 9, 9, 13]",1,746888.0
24.1342,"[2, 4, 9, 9, 13]",1,746740.0
24.1332,"[2, 3, 9, 9, 13]",1,746592.0
24.132,"[9, 9, 10, 11, 12]",1,746444.0
24.131800000000002,"[8, 9, 9, 11, 12]",1,746297.0
24.1317,"[7, 9, 9, 11, 12]",1,746149.0
24.1316,"[6, 9, 9, 11, 12]",1,746001.0
24.1315,"[5, 9, 9, 11, 12]",1,745853.0
24.1314,"[4, 9, 9, 11, 12]",1,745706.0
24.1313,"[3, 9, 9, 11, 12]",1,745558.0
24.1312,"[2, 9, 9, 11, 12]",1,745410.0
24.130800000000004,"[8, 9, 9, 10, 12]",1,745262.0
24.1307,"[7, 9, 9, 10, 12]",1,745115.0
24.1306,"[6, 9, 9, 10, 12]",1,744967.0
24.1305,"[5, 9, 9, 10, 12]",1,744819.0
24.1304,"[4, 9, 9, 10, 12]",1,744671.0
24.130300000000002,"[3, 9, 9, 10, 12]",1,744524.0
24.130200000000002,"[2, 9, 9, 10, 12]",1,744376.0
24.1287,"[7, 8, 9, 9, 12]",1,744228.0
24.1286,"[6, 8, 9, 9, 12]",1,744080.0
24.1285,"[5, 8, 9, 9, 12]",1,743933.0
24.1284,"[4, 8, 9, 9, 12]",1,743785.0
24.1283,"[3, 8, 9, 9, 12]",1,743637.0
24.1282,"[2, 8, 9, 9, 12]",1,743489.0
24.1276,"[6, 7, 9, 9, 12]",1,743342.0
24.1275,"[5, 7, 9, 9, 12]",1,743194.0
24.1274,"[4, 7, 9, 9, 12]",1,743046.0
24.1273,"[3, 7, 9, 9, 12]",1,742898.0
24.127200000000002,"[2, 7, 9, 9, 12]",1,742751.0
24.1265,"[5, 6, 9, 9, 12]",1,742603.0
24.1264,"[4, 6, 9, 9, 12]",1,742455.0
24.1263,"[3, 6, 9, 9, 12]",1,742307.0
24.1262,"[2, 6, 9, 9, 12]",1,742160.0
24.1254,"[4, 5, 9, 9, 12]",1,742012.0
24.1253,"[3, 5, 9, 9, 12]",1,741864.0
24.1252,"[2, 5, 9, 9, 12]",1,741716.0
24.1243,"[3, 4, 9, 9, 12]",1,741569.0
24.124200000000002,"[2, 4, 9, 9, 12]",1,741421.0
24.1232,"[2, 3, 9, 9, 12]",1,741273.0
24.120800000000003,"[8, 9, 9, 10, 11]",1,741125.0
24.1207,"[7, 9, 9, 10, 11]",1,740978.0
24.1206,"[6, 9, 9, 10, 11]",1,740830.0
24.1205,"[5, 9, 9, 10, 11]",1,740682.0
24.1204,"[4, 9, 9, 10, 11]",1,740534.0
24.1203,"[3, 9, 9, 10, 11]",1,740387.0
24.1202,"[2, 9, 9, 10, 11]",1,740239.0
24.118699999999997,"[7, 8, 9, 9, 11]",1,740091.0
24.118599999999997,"[6, 8, 9, 9, 11]",1,739943.0
24.118499999999997,"[5, 8, 9, 9, 11]",1,739796.0
24.118399999999998,"[4, 8, 9, 9, 11]",1,739648.0
24.118299999999998,"[3, 8, 9, 9, 11]",1,739500.0
24.118199999999998,"[2, 8, 9, 9, 11]",1,739352.0
24.1176,"[6, 7, 9, 9, 11]",1,739205.0
24.1175,"[5, 7, 9, 9, 11]",1,739057.0
24.1174,"[4, 7, 9, 9, 11]",1,738909.0
24.1173,"[3, 7, 9, 9, 11]",1,738761.0
24.1172,"[2, 7, 9, 9, 11]",1,738614.0
24.1165,"[5, 6, 9, 9, 11]",1,738466.0
24.1164,"[4, 6, 9, 9, 11]",1,738318.0
24.1163,"[3, 6, 9, 9, 11]",1,738170.0
24.1162,"[2, 6, 9, 9, 11]",1,738023.0
24.115399999999998,"[4, 5, 9, 9, 11]",1,737875.0
24.115299999999998,"[3, 5, 9, 9, 11]",1,737727.0
24.115199999999998,"[2, 5, 9, 9, 11]",1,737579.0
24.1143,"[3, 4, 9, 9, 11]",1,737432.0
24.1142,"[2, 4, 9, 9, 11]",1,737284.0
24.1132,"[2, 3, 9, 9, 11]",1,737136.0
24.1087,"[7, 8, 9, 9, 10]",1,736988.0
24.1086,"[6, 8, 9, 9, 10]",1,736841.0
24.1085,"[5, 8, 9, 9, 10]",1,736693.0
24.1084,"[4, 8, 9, 9, 10]",1,736545.0
24.1083,"[3, 8, 9, 9, 10]",1,736397.0
24.1082,"[2, 8, 9, 9, 10]",1,736249.0
24.1076,"[6, 7, 9, 9, 10]",1,736102.0
24.1075,"[5, 7, 9, 9, 10]",1,735954.0
24.107400000000002,"[4, 7, 9, 9, 10]",1,735806.0
24.107300000000002,"[3, 7, 9, 9, 10]",1,735658.0
24.107200000000002,"[2, 7, 9, 9, 10]",1,735511.0
24.1065,"[5, 6, 9, 9, 10]",1,735363.0
24.1064,"[4, 6, 9, 9, 10]",1,735215.0
24.1063,"[3, 6, 9, 9, 10]",1,735067.0
24.1062,"[2, 6, 9, 9, 10]",1,734920.0
24.1054,"[4, 5, 9, 9, 10]",1,734772.0
24.1053,"[3, 5, 9, 9, 10]",1,734624.0
24.1052,"[2, 5, 9, 9, 10]",1,734476.0
24.104300000000002,"[3, 4, 9, 9, 10]",1,734329.0
24.104200000000002,"[2, 4, 9, 9, 10]",1,734181.0
24.1032,"[2, 3, 9, 9, 10]",1,734033.0
24.0876,"[6, 7, 8, 9, 9]",1,733885.0
24.0875,"[5, 7, 8, 9, 9]",1,733738.0
24.0874,"[4, 7, 8, 9, 9]",1,733590.0
24.0873,"[3, 7, 8, 9, 9]",1,733442.0
24.0872,"[2, 7, 8, 9, 9]",1,733294.0
24.086499999999997,"[5, 6, 8, 9, 9]",1,733147.0
24.086399999999998,"[4, 6, 8, 9, 9]",1,732999.0
24.086299999999998,"[3, 6, 8, 9, 9]",1,732851.0
24.086199999999998,"[2, 6, 8, 9, 9]",1,732703.0
24.085399999999996,"[4, 5, 8, 9, 9]",1,732556.0
24.085299999999997,"[3, 5, 8, 9, 9]",1,732408.0
24.085199999999997,"[2, 5, 8, 9, 9]",1,732260.0
24.0843,"[3, 4, 8, 9, 9]",1,732112.0
24.0842,"[2, 4, 8, 9, 9]",1,731965.0
24.083199999999998,"[2, 3, 8, 9, 9]",1,731817.0
24.0765,"[5, 6, 7, 9, 9]",1,731669.0
24.0764,"[4, 6, 7, 9, 9]",1,731521.0
24.0763,"[3, 6, 7, 9, 9]",1,731374.0
24.0762,"[2, 6, 7, 9, 9]",1,731226.0
24.0754,"[4, 5, 7, 9, 9]",1,731078.0
24.0753,"[3, 5, 7, 9, 9]",1,730930.0
24.0752,"[2, 5, 7, 9, 9]",1,730783.0
24.0743,"[3, 4, 7, 9, 9]",1,730635.0
24.0742,"[2, 4, 7, 9, 9]",1,730487.0
24.0732,"[2, 3, 7, 9, 9]",1,730339.0
24.065399999999997,"[4, 5, 6, 9, 9]",1,730192.0
24.065299999999997,"[3, 5, 6, 9, 9]",1,730044.0
24.065199999999997,"[2, 5, 6, 9, 9]",1,729896.0
24.0643,"[3, 4, 6, 9, 9]",1,729748.0
24.0642,"[2, 4, 6, 9, 9]",1,729601.0
24.0632,"[2, 3, 6, 9, 9]",1,729453.0
24.0543,"[3, 4, 5, 9, 9]",1,729305.0
24.0542,"[2, 4, 5, 9, 9]",1,729157.0
24.0532,"[2, 3, 5, 9, 9]",1,729010.0
24.0432,"[2, 3, 4, 9, 9]",1,728862.0
23.154200000000003,"[8, 8, 12, 13, 14]",1,728714.0
23.154100000000003,"[8, 8, 11, 13, 14]",1,728566.0
23.154000000000003,"[8, 8, 10, 13, 14]",1,728419.0
23.153900000000004,"[8, 8, 9, 13, 14]",1,728271.0
23.1537,"[7, 8, 8, 13, 14]",1,728123.0
23.1536,"[6, 8, 8, 13, 14]",1,727975.0
23.1535,"[5, 8, 8, 13, 14]",1,727828.0
23.1534,"[4, 8, 8, 13, 14]",1,727680.0
23.1533,"[3, 8, 8, 13, 14]",1,727532.0
23.153200000000002,"[2, 8, 8, 13, 14]",1,727384.0
23.153100000000002,"[8, 8, 11, 12, 14]",1,727237.0
23.153000000000002,"[8, 8, 10, 12, 14]",1,727089.0
23.152900000000002,"[8, 8, 9, 12, 14]",1,726941.0
23.1527,"[7, 8, 8, 12, 14]",1,726793.0
23.1526,"[6, 8, 8, 12, 14]",1,726646.0
23.1525,"[5, 8, 8, 12, 14]",1,726498.0
23.1524,"[4, 8, 8, 12, 14]",1,726350.0
23.1523,"[3, 8, 8, 12, 14]",1,726202.0
23.1522,"[2, 8, 8, 12, 14]",1,726055.0
23.152,"[8, 8, 10, 11, 14]",1,725907.0
23.1519,"[8, 8, 9, 11, 14]",1,725759.0
23.151699999999998,"[7, 8, 8, 11, 14]",1,725611.0
23.1516,"[6, 8, 8, 11, 14]",1,725464.0
23.1515,"[5, 8, 8, 11, 14]",1,725316.0
23.1514,"[4, 8, 8, 11, 14]",1,725168.0
23.1513,"[3, 8, 8, 11, 14]",1,725020.0
23.1512,"[2, 8, 8, 11, 14]",1,724873.0
23.150900000000004,"[8, 8, 9, 10, 14]",1,724725.0
23.1507,"[7, 8, 8, 10, 14]",1,724577.0
23.1506,"[6, 8, 8, 10, 14]",1,724429.0
23.1505,"[5, 8, 8, 10, 14]",1,724282.0
23.1504,"[4, 8, 8, 10, 14]",1,724134.0
23.1503,"[3, 8, 8, 10, 14]",1,723986.0
23.1502,"[2, 8, 8, 10, 14]",1,723838.0
23.1497,"[7, 8, 8, 9, 14]",1,723691.0
23.1496,"[6, 8, 8, 9, 14]",1,723543.0
23.1495,"[5, 8, 8, 9, 14]",1,723395.0
23.1494,"[4, 8, 8, 9, 14]",1,723247.0
23.1493,"[3, 8, 8, 9, 14]",1,723100.0
23.1492,"[2, 8, 8, 9, 14]",1,722952.0
23.1476,"[6, 7, 8, 8, 14]",1,722804.0
23.1475,"[5, 7, 8, 8, 14]",1,722656.0
23.1474,"[4, 7, 8, 8, 14]",1,722509.0
23.1473,"[3, 7, 8, 8, 14]",1,722361.0
23.1472,"[2, 7, 8, 8, 14]",1,722213.0
23.1465,"[5, 6, 8, 8, 14]",1,722065.0
23.1464,"[4, 6, 8, 8, 14]",1,721918.0
23.1463,"[3, 6, 8, 8, 14]",1,721770.0
23.1462,"[2, 6, 8, 8, 14]",1,721622.0
23.1454,"[4, 5, 8, 8, 14]",1,721474.0
23.1453,"[3, 5, 8, 8, 14]",1,721327.0
23.1452,"[2, 5, 8, 8, 14]",1,721179.0
23.1443,"[3, 4, 8, 8, 14]",1,721031.0
23.1442,"[2, 4, 8, 8, 14]",1,720883.0
23.1432,"[2, 3, 8, 8, 14]",1,720736.0
23.1431,"[8, 8, 11, 12, 13]",1,720588.0
23.143,"[8, 8, 10, 12, 13]",1,720440.0
23.1429,"[8, 8, 9, 12, 13]",1,720292.0
23.142699999999998,"[7, 8, 8, 12, 13]",1,720145.0
23.142599999999998,"[6, 8, 8, 12, 13]",1,719997.0
23.1425,"[5, 8, 8, 12, 13]",1,719849.0
23.1424,"[4, 8, 8, 12, 13]",1,719701.0
23.1423,"[3, 8, 8, 12, 13]",1,719554.0
23.1422,"[2, 8, 8, 12, 13]",1,719406.0
23.142,"[8, 8, 10, 11, 13]",1,719258.0
23.1419,"[8, 8, 9, 11, 13]",1,719110.0
23.141699999999997,"[7, 8, 8, 11, 13]",1,718963.0
23.141599999999997,"[6, 8, 8, 11, 13]",1,718815.0
23.141499999999997,"[5, 8, 8, 11, 13]",1,718667.0
23.141399999999997,"[4, 8, 8, 11, 13]",1,718519.0
23.141299999999998,"[3, 8, 8, 11, 13]",1,718372.0
23.141199999999998,"[2, 8, 8, 11, 13]",1,718224.0
23.140900000000002,"[8, 8, 9, 10, 13]",1,718076.0
23.1407,"[7, 8, 8, 10, 13]",1,717928.0
23.1406,"[6, 8, 8, 10, 13]",1,717781.0
23.1405,"[5, 8, 8, 10, 13]",1,717633.0
23.1404,"[4, 8, 8, 10, 13]",1,717485.0
23.1403,"[3, 8, 8, 10, 13]",1,717337.0
23.1402,"[2, 8, 8, 10, 13]",1,717190.0
23.139699999999998,"[7, 8, 8, 9, 13]",1,717042.0
23.139599999999998,"[6, 8, 8, 9, 13]",1,716894.0
23.139499999999998,"[5, 8, 8, 9, 13]",1,716746.0
23.1394,"[4, 8, 8, 9, 13]",1,716599.0
23.1393,"[3, 8, 8, 9, 13]",1,716451.0
23.1392,"[2, 8, 8, 9, 13]",1,716303.0
23.1376,"[6, 7, 8, 8, 13]",1,716155.0
23.1375,"[5, 7, 8, 8, 13]",1,716008.0
23.1374,"[4, 7, 8, 8, 13]",1,715860.0
23.1373,"[3, 7, 8, 8, 13]",1,715712.0
23.1372,"[2, 7, 8, 8, 13]",1,715564.0
23.136499999999998,"[5, 6, 8, 8, 13]",1,715417.0
23.1364,"[4, 6, 8, 8, 13]",1,715269.0
23.1363,"[3, 6, 8, 8, 13]",1,715121.0
23.1362,"[2, 6, 8, 8, 13]",1,714973.0
23.135399999999997,"[4, 5, 8, 8, 13]",1,714826.0
23.135299999999997,"[3, 5, 8, 8, 13]",1,714678.0
23.135199999999998,"[2, 5, 8, 8, 13]",1,714530.0
23.1343,"[3, 4, 8, 8, 13]",1,714382.0
23.1342,"[2, 4, 8, 8, 13]",1,714235.0
23.1332,"[2, 3, 8, 8, 13]",1,714087.0
23.132,"[8, 8, 10, 11, 12]",1,713939.0
23.1319,"[8, 8, 9, 11, 12]",1,713791.0
23.1317,"[7, 8, 8, 11, 12]",1,713644.0
23.1316,"[6, 8, 8, 11, 12]",1,713496.0
23.1315,"[5, 8, 8, 11, 12]",1,713348.0
23.1314,"[4, 8, 8, 11, 12]",1,713200.0
23.1313,"[3, 8, 8, 11, 12]",1,713053.0
23.1312,"[2, 8, 8, 11, 12]",1,712905.0
23.130900000000004,"[8, 8, 9, 10, 12]",1,712757.0
23.1307,"[7, 8, 8, 10, 12]",1,712609.0
23.1306,"[6, 8, 8, 10, 12]",1,712462.0
23.1305,"[5, 8, 8, 10, 12]",1,712314.0
23.1304,"[4, 8, 8, 10, 12]",1,712166.0
23.130300000000002,"[3, 8, 8, 10, 12]",1,712018.0
23.130200000000002,"[2, 8, 8, 10, 12]",1,711871.0
23.1297,"[7, 8, 8, 9, 12]",1,711723.0
23.1296,"[6, 8, 8, 9, 12]",1,711575.0
23.1295,"[5, 8, 8, 9, 12]",1,711427.0
23.1294,"[4, 8, 8, 9, 12]",1,711280.0
23.1293,"[3, 8, 8, 9, 12]",1,711132.0
23.1292,"[2, 8, 8, 9, 12]",1,710984.0
23.1276,"[6, 7, 8, 8, 12]",1,710836.0
23.1275,"[5, 7, 8, 8, 12]",1,710689.0
23.1274,"[4, 7, 8, 8, 12]",1,710541.0
23.1273,"[3, 7, 8, 8, 12]",1,710393.0
23.127200000000002,"[2, 7, 8, 8, 12]",1,710245.0
23.1265,"[5, 6, 8, 8, 12]",1,710098.0
23.1264,"[4, 6, 8, 8, 12]",1,709950.0
23.1263,"[3, 6, 8, 8, 12]",1,709802.0
23.1262,"[2, 6, 8, 8, 12]",1,709654.0
23.1254,"[4, 5, 8, 8, 12]",1,709506.0
23.1253,"[3, 5, 8, 8, 12]",1,709359.0
23.1252,"[2, 5, 8, 8, 12]",1,709211.0
23.1243,"[3, 4, 8, 8, 12]",1,709063.0
23.124200000000002,"[2, 4, 8, 8, 12]",1,708915.0
23.1232,"[2, 3, 8, 8, 12]",1,708768.0
23.120900000000002,"[8, 8, 9, 10, 11]",1,708620.0
23.1207,"[7, 8, 8, 10, 11]",1,708472.0
23.1206,"[6, 8, 8, 10, 11]",1,708324.0
23.1205,"[5, 8, 8, 10, 11]",1,708177.0
23.1204,"[4, 8, 8, 10, 11]",1,708029.0
23.1203,"[3, 8, 8, 10, 11]",1,707881.0
23.1202,"[2, 8, 8, 10, 11]",1,707733.0
23.119699999999998,"[7, 8, 8, 9, 11]",1,707586.0
23.1196,"[6, 8, 8, 9, 11]",1,707438.0
23.1195,"[5, 8, 8, 9, 11]",1,707290.0
23.1194,"[4, 8, 8, 9, 11]",1,707142.0
23.1193,"[3, 8, 8, 9, 11]",1,706995.0
23.1192,"[2, 8, 8, 9, 11]",1,706847.0
23.1176,"[6, 7, 8, 8, 11]",1,706699.0
23.1175,"[5, 7, 8, 8, 11]",1,706551.0
23.1174,"[4, 7, 8, 8, 11]",1,706404.0
23.1173,"[3, 7, 8, 8, 11]",1,706256.0
23.1172,"[2, 7, 8, 8, 11]",1,706108.0
23.1165,"[5, 6, 8, 8, 11]",1,705960.0
23.1164,"[4, 6, 8, 8, 11]",1,705813.0
23.1163,"[3, 6, 8, 8, 11]",1,705665.0
23.1162,"[2, 6, 8, 8, 11]",1,705517.0
23.115399999999998,"[4, 5, 8, 8, 11]",1,705369.0
23.115299999999998,"[3, 5, 8, 8, 11]",1,705222.0
23.115199999999998,"[2, 5, 8, 8, 11]",1,705074.0
23.1143,"[3, 4, 8, 8, 11]",1,704926.0
23.1142,"[2, 4, 8, 8, 11]",1,704778.0
23.1132,"[2, 3, 8, 8, 11]",1,704631.0
23.1097,"[7, 8, 8, 9, 10]",1,704483.0
23.1096,"[6, 8, 8, 9, 10]",1,704335.0
23.1095,"[5, 8, 8, 9, 10]",1,704187.0
23.1094,"[4, 8, 8, 9, 10]",1,704040.0
23.1093,"[3, 8, 8, 9, 10]",1,703892.0
23.1092,"[2, 8, 8, 9, 10]",1,703744.0
23.1076,"[6, 7, 8, 8, 10]",1,703596.0
23.1075,"[5, 7, 8, 8, 10]",1,703449.0
23.107400000000002,"[4, 7, 8, 8, 10]",1,703301.0
23.107300000000002,"[3, 7, 8, 8, 10]",1,703153.0
23.107200000000002,"[2, 7, 8, 8, 10]",1,703005.0
23.1065,"[5, 6, 8, 8, 10]",1,702858.0
23.1064,"[4, 6, 8, 8, 10]",1,702710.0
23.1063,"[3, 6, 8, 8, 10]",1,702562.0
23.1062,"[2, 6, 8, 8, 10]",1,702414.0
23.1054,"[4, 5, 8, 8, 10]",1,702267.0
23.1053,"[3, 5, 8, 8, 10]",1,702119.0
23.1052,"[2, 5, 8, 8, 10]",1,701971.0
23.104300000000002,"[3, 4, 8, 8, 10]",1,701823.0
23.104200000000002,"[2, 4, 8, 8, 10]",1,701676.0
23.1032,"[2, 3, 8, 8, 10]",1,701528.0
23.0976,"[6, 7, 8, 8, 9]",1,701380.0
23.0975,"[5, 7, 8, 8, 9]",1,701232.0
23.0974,"[4, 7, 8, 8, 9]",1,701085.0
23.0973,"[3, 7, 8, 8, 9]",1,700937.0
23.0972,"[2, 7, 8, 8, 9]",1,700789.0
23.0965,"[5, 6, 8, 8, 9]",1,700641.0
23.0964,"[4, 6, 8, 8, 9]",1,700494.0
23.0963,"[3, 6, 8, 8, 9]",1,700346.0
23.0962,"[2, 6, 8, 8, 9]",1,700198.0
23.095399999999998,"[4, 5, 8, 8, 9]",1,700050.0
23.095299999999998,"[3, 5, 8, 8, 9]",1,699903.0
23.0952,"[2, 5, 8, 8, 9]",1,699755.0
23.0943,"[3, 4, 8, 8, 9]",1,699607.0
23.0942,"[2, 4, 8, 8, 9]",1,699459.0
23.0932,"[2, 3, 8, 8, 9]",1,699312.0
23.0765,"[5, 6, 7, 8, 8]",1,699164.0
23.0764,"[4, 6, 7, 8, 8]",1,699016.0
23.0763,"[3, 6, 7, 8, 8]",1,698868.0
23.0762,"[2, 6, 7, 8, 8]",1,698721.0
23.0754,"[4, 5, 7, 8, 8]",1,698573.0
23.0753,"[3, 5, 7, 8, 8]",1,698425.0
23.0752,"[2, 5, 7, 8, 8]",1,698277.0
23.0743,"[3, 4, 7, 8, 8]",1,698130.0
23.0742,"[2, 4, 7, 8, 8]",1,697982.0
23.0732,"[2, 3, 7, 8, 8]",1,697834.0
23.065399999999997,"[4, 5, 6, 8, 8]",1,697686.0
23.065299999999997,"[3, 5, 6, 8, 8]",1,697539.0
23.065199999999997,"[2, 5, 6, 8, 8]",1,697391.0
23.0643,"[3, 4, 6, 8, 8]",1,697243.0
23.0642,"[2, 4, 6, 8, 8]",1,697095.0
23.0632,"[2, 3, 6, 8, 8]",1,696948.0
23.0543,"[3, 4, 5, 8, 8]",1,696800.0
23.0542,"[2, 4, 5, 8, 8]",1,696652.0
23.0532,"[2, 3, 5, 8, 8]",1,696504.0
23.0432,"[2, 3, 4, 8, 8]",1,696357.0
22.154200000000003,"[7, 7, 12, 13, 14]",1,696209.0
22.154100000000003,"[7, 7, 11, 13, 14]",1,696061.0
22.154000000000003,"[7, 7, 10, 13, 14]",1,695913.0
22.153900000000004,"[7, 7, 9, 13, 14]",1,695766.0
22.153800000000004,"[7, 7, 8, 13, 14]",1,695618.0
22.1536,"[6, 7, 7, 13, 14]",1,695470.0
22.1535,"[5, 7, 7, 13, 14]",1,695322.0
22.1534,"[4, 7, 7, 13, 14]",1,695175.0
22.1533,"[3, 7, 7, 13, 14]",1,695027.0
22.153200000000002,"[2, 7, 7, 13, 14]",1,694879.0
22.153100000000002,"[7, 7, 11, 12, 14]",1,694731.0
22.153000000000002,"[7, 7, 10, 12, 14]",1,694584.0
22.152900000000002,"[7, 7, 9, 12, 14]",1,694436.0
22.152800000000003,"[7, 7, 8, 12, 14]",1,694288.0
22.1526,"[6, 7, 7, 12, 14]",1,694140.0
22.1525,"[5, 7, 7, 12, 14]",1,693993.0
22.1524,"[4, 7, 7, 12, 14]",1,693845.0
22.1523,"[3, 7, 7, 12, 14]",1,693697.0
22.1522,"[2, 7, 7, 12, 14]",1,693549.0
22.152,"[7, 7, 10, 11, 14]",1,693402.0
22.1519,"[7, 7, 9, 11, 14]",1,693254.0
22.1518,"[7, 7, 8, 11, 14]",1,693106.0
22.1516,"[6, 7, 7, 11, 14]",1,692958.0
22.1515,"[5, 7, 7, 11, 14]",1,692811.0
22.1514,"[4, 7, 7, 11, 14]",1,692663.0
22.1513,"[3, 7, 7, 11, 14]",1,692515.0
22.1512,"[2, 7, 7, 11, 14]",1,692367.0
22.150900000000004,"[7, 7, 9, 10, 14]",1,692220.0
22.150800000000004,"[7, 7, 8, 10, 14]",1,692072.0
22.1506,"[6, 7, 7, 10, 14]",1,691924.0
22.1505,"[5, 7, 7, 10, 14]",1,691776.0
22.1504,"[4, 7, 7, 10, 14]",1,691629.0
22.1503,"[3, 7, 7, 10, 14]",1,691481.0
22.1502,"[2, 7, 7, 10, 14]",1,691333.0
22.149800000000003,"[7, 7, 8, 9, 14]",1,691185.0
22.1496,"[6, 7, 7, 9, 14]",1,691038.0
22.1495,"[5, 7, 7, 9, 14]",1,690890.0
22.1494,"[4, 7, 7, 9, 14]",1,690742.0
22.1493,"[3, 7, 7, 9, 14]",1,690594.0
22.1492,"[2, 7, 7, 9, 14]",1,690447.0
22.1486,"[6, 7, 7, 8, 14]",1,690299.0
22.1485,"[5, 7, 7, 8, 14]",1,690151.0
22.1484,"[4, 7, 7, 8, 14]",1,690003.0
22.1483,"[3, 7, 7, 8, 14]",1,689856.0
22.1482,"[2, 7, 7, 8, 14]",1,689708.0
22.1465,"[5, 6, 7, 7, 14]",1,689560.0
22.1464,"[4, 6, 7, 7, 14]",1,689412.0
22.1463,"[3, 6, 7, 7, 14]",1,689265.0
22.1462,"[2, 6, 7, 7, 14]",1,689117.0
22.1454,"[4, 5, 7, 7, 14]",1,688969.0
22.1453,"[3, 5, 7, 7, 14]",1,688821.0
22.1452,"[2, 5, 7, 7, 14]",1,688674.0
22.1443,"[3, 4, 7, 7, 14]",1,688526.0
22.1442,"[2, 4, 7, 7, 14]",1,688378.0
22.1432,"[2, 3, 7, 7, 14]",1,688230.0
22.1431,"[7, 7, 11, 12, 13]",1,688083.0
22.143,"[7, 7, 10, 12, 13]",1,687935.0
22.1429,"[7, 7, 9, 12, 13]",1,687787.0
22.1428,"[7, 7, 8, 12, 13]",1,687639.0
22.142599999999998,"[6, 7, 7, 12, 13]",1,687492.0
22.1425,"[5, 7, 7, 12, 13]",1,687344.0
22.1424,"[4, 7, 7, 12, 13]",1,687196.0
22.1423,"[3, 7, 7, 12, 13]",1,687048.0
22.1422,"[2, 7, 7, 12, 13]",1,686901.0
22.142,"[7, 7, 10, 11, 13]",1,686753.0
22.1419,"[7, 7, 9, 11, 13]",1,686605.0
22.1418,"[7, 7, 8, 11, 13]",1,686457.0
22.141599999999997,"[6, 7, 7, 11, 13]",1,686310.0
22.141499999999997,"[5, 7, 7, 11, 13]",1,686162.0
22.141399999999997,"[4, 7, 7, 11, 13]",1,686014.0
22.141299999999998,"[3, 7, 7, 11, 13]",1,685866.0
22.141199999999998,"[2, 7, 7, 11, 13]",1,685719.0
22.140900000000002,"[7, 7, 9, 10, 13]",1,685571.0
22.140800000000002,"[7, 7, 8, 10, 13]",1,685423.0
22.1406,"[6, 7, 7, 10, 13]",1,685275.0
22.1405,"[5, 7, 7, 10, 13]",1,685128.0
22.1404,"[4, 7, 7, 10, 13]",1,684980.0
22.1403,"[3, 7, 7, 10, 13]",1,684832.0
22.1402,"[2, 7, 7, 10, 13]",1,684684.0
22.1398,"[7, 7, 8, 9, 13]",1,684537.0
22.139599999999998,"[6, 7, 7, 9, 13]",1,684389.0
22.139499999999998,"[5, 7, 7, 9, 13]",1,684241.0
22.1394,"[4, 7, 7, 9, 13]",1,684093.0
22.1393,"[3, 7, 7, 9, 13]",1,683946.0
22.1392,"[2, 7, 7, 9, 13]",1,683798.0
22.138599999999997,"[6, 7, 7, 8, 13]",1,683650.0
22.138499999999997,"[5, 7, 7, 8, 13]",1,683502.0
22.138399999999997,"[4, 7, 7, 8, 13]",1,683354.0
22.138299999999997,"[3, 7, 7, 8, 13]",1,683207.0
22.138199999999998,"[2, 7, 7, 8, 13]",1,683059.0
22.136499999999998,"[5, 6, 7, 7, 13]",1,682911.0
22.1364,"[4, 6, 7, 7, 13]",1,682763.0
22.1363,"[3, 6, 7, 7, 13]",1,682616.0
22.1362,"[2, 6, 7, 7, 13]",1,682468.0
22.135399999999997,"[4, 5, 7, 7, 13]",1,682320.0
22.135299999999997,"[3, 5, 7, 7, 13]",1,682172.0
22.135199999999998,"[2, 5, 7, 7, 13]",1,682025.0
22.1343,"[3, 4, 7, 7, 13]",1,681877.0
22.1342,"[2, 4, 7, 7, 13]",1,681729.0
22.1332,"[2, 3, 7, 7, 13]",1,681581.0
22.132,"[7, 7, 10, 11, 12]",1,681434.0
22.1319,"[7, 7, 9, 11, 12]",1,681286.0
22.131800000000002,"[7, 7, 8, 11, 12]",1,681138.0
22.1316,"[6, 7, 7, 11, 12]",1,680990.0
22.1315,"[5, 7, 7, 11, 12]",1,680843.0
22.1314,"[4, 7, 7, 11, 12]",1,680695.0
22.1313,"[3, 7, 7, 11, 12]",1,680547.0
22.1312,"[2, 7, 7, 11, 12]",1,680399.0
22.130900000000004,"[7, 7, 9, 10, 12]",1,680252.0
22.130800000000004,"[7, 7, 8, 10, 12]",1,680104.0
22.1306,"[6, 7, 7, 10, 12]",1,679956.0
22.1305,"[5, 7, 7, 10, 12]",1,679808.0
22.1304,"[4, 7, 7, 10, 12]",1,679661.0
22.130300000000002,"[3, 7, 7, 10, 12]",1,679513.0
22.130200000000002,"[2, 7, 7, 10, 12]",1,679365.0
22.129800000000003,"[7, 7, 8, 9, 12]",1,679217.0
22.1296,"[6, 7, 7, 9, 12]",1,679070.0
22.1295,"[5, 7, 7, 9, 12]",1,678922.0
22.1294,"[4, 7, 7, 9, 12]",1,678774.0
22.1293,"[3, 7, 7, 9, 12]",1,678626.0
22.1292,"[2, 7, 7, 9, 12]",1,678479.0
22.1286,"[6, 7, 7, 8, 12]",1,678331.0
22.1285,"[5, 7, 7, 8, 12]",1,678183.0
22.1284,"[4, 7, 7, 8, 12]",1,678035.0
22.1283,"[3, 7, 7, 8, 12]",1,677888.0
22.1282,"[2, 7, 7, 8, 12]",1,677740.0
22.1265,"[5, 6, 7, 7, 12]",1,677592.0
22.1264,"[4, 6, 7, 7, 12]",1,677444.0
22.1263,"[3, 6, 7, 7, 12]",1,677297.0
22.1262,"[2, 6, 7, 7, 12]",1,677149.0
22.1254,"[4, 5, 7, 7, 12]",1,677001.0
22.1253,"[3, 5, 7, 7, 12]",1,676853.0
22.1252,"[2, 5, 7, 7, 12]",1,676706.0
22.1243,"[3, 4, 7, 7, 12]",1,676558.0
22.124200000000002,"[2, 4, 7, 7, 12]",1,676410.0
22.1232,"[2, 3, 7, 7, 12]",1,676262.0
22.120900000000002,"[7, 7, 9, 10, 11]",1,676115.0
22.120800000000003,"[7, 7, 8, 10, 11]",1,675967.0
22.1206,"[6, 7, 7, 10, 11]",1,675819.0
22.1205,"[5, 7, 7, 10, 11]",1,675671.0
22.1204,"[4, 7, 7, 10, 11]",1,675524.0
22.1203,"[3, 7, 7, 10, 11]",1,675376.0
22.1202,"[2, 7, 7, 10, 11]",1,675228.0
22.1198,"[7, 7, 8, 9, 11]",1,675080.0
22.1196,"[6, 7, 7, 9, 11]",1,674933.0
22.1195,"[5, 7, 7, 9, 11]",1,674785.0
22.1194,"[4, 7, 7, 9, 11]",1,674637.0
22.1193,"[3, 7, 7, 9, 11]",1,674489.0
22.1192,"[2, 7, 7, 9, 11]",1,674342.0
22.118599999999997,"[6, 7, 7, 8, 11]",1,674194.0
22.118499999999997,"[5, 7, 7, 8, 11]",1,674046.0
22.118399999999998,"[4, 7, 7, 8, 11]",1,673898.0
22.118299999999998,"[3, 7, 7, 8, 11]",1,673751.0
22.118199999999998,"[2, 7, 7, 8, 11]",1,673603.0
22.1165,"[5, 6, 7, 7, 11]",1,673455.0
22.1164,"[4, 6, 7, 7, 11]",1,673307.0
22.1163,"[3, 6, 7, 7, 11]",1,673160.0
22.1162,"[2, 6, 7, 7, 11]",1,673012.0
22.115399999999998,"[4, 5, 7, 7, 11]",1,672864.0
22.115299999999998,"[3, 5, 7, 7, 11]",1,672716.0
22.115199999999998,"[2, 5, 7, 7, 11]",1,672569.0
22.1143,"[3, 4, 7, 7, 11]",1,672421.0
22.1142,"[2, 4, 7, 7, 11]",1,672273.0
22.1132,"[2, 3, 7, 7, 11]",1,672125.0
22.109800000000003,"[7, 7, 8, 9, 10]",1,671978.0
22.1096,"[6, 7, 7, 9, 10]",1,671830.0
22.1095,"[5, 7, 7, 9, 10]",1,671682.0
22.1094,"[4, 7, 7, 9, 10]",1,671534.0
22.1093,"[3, 7, 7, 9, 10]",1,671387.0
22.1092,"[2, 7, 7, 9, 10]",1,671239.0
22.1086,"[6, 7, 7, 8, 10]",1,671091.0
22.1085,"[5, 7, 7, 8, 10]",1,670943.0
22.1084,"[4, 7, 7, 8, 10]",1,670796.0
22.1083,"[3, 7, 7, 8, 10]",1,670648.0
22.1082,"[2, 7, 7, 8, 10]",1,670500.0
22.1065,"[5, 6, 7, 7, 10]",1,670352.0
22.1064,"[4, 6, 7, 7, 10]",1,670205.0
22.1063,"[3, 6, 7, 7, 10]",1,670057.0
22.1062,"[2, 6, 7, 7, 10]",1,669909.0
22.1054,"[4, 5, 7, 7, 10]",1,669761.0
22.1053,"[3, 5, 7, 7, 10]",1,669614.0
22.1052,"[2, 5, 7, 7, 10]",1,669466.0
22.104300000000002,"[3, 4, 7, 7, 10]",1,669318.0
22.104200000000002,"[2, 4, 7, 7, 10]",1,669170.0
22.1032,"[2, 3, 7, 7, 10]",1,669023.0
22.098599999999998,"[6, 7, 7, 8, 9]",1,668875.0
22.098499999999998,"[5, 7, 7, 8, 9]",1,668727.0
22.098399999999998,"[4, 7, 7, 8, 9]",1,668579.0
22.0983,"[3, 7, 7, 8, 9]",1,668432.0
22.0982,"[2, 7, 7, 8, 9]",1,668284.0
22.0965,"[5, 6, 7, 7, 9]",1,668136.0
22.0964,"[4, 6, 7, 7, 9]",1,667988.0
22.0963,"[3, 6, 7, 7, 9]",1,667841.0
22.0962,"[2, 6, 7, 7, 9]",1,667693.0
22.095399999999998,"[4, 5, 7, 7, 9]",1,667545.0
22.095299999999998,"[3, 5, 7, 7, 9]",1,667397.0
22.0952,"[2, 5, 7, 7, 9]",1,667250.0
22.0943,"[3, 4, 7, 7, 9]",1,667102.0
22.0942,"[2, 4, 7, 7, 9]",1,666954.0
22.0932,"[2, 3, 7, 7, 9]",1,666806.0
22.086499999999997,"[5, 6, 7, 7, 8]",1,666659.0
22.086399999999998,"[4, 6, 7, 7, 8]",1,666511.0
22.086299999999998,"[3, 6, 7, 7, 8]",1,666363.0
22.086199999999998,"[2, 6, 7, 7, 8]",1,666215.0
22.085399999999996,"[4, 5, 7, 7, 8]",1,666068.0
22.085299999999997,"[3, 5, 7, 7, 8]",1,665920.0
22.085199999999997,"[2, 5, 7, 7, 8]",1,665772.0
22.0843,"[3, 4, 7, 7, 8]",1,665624.0
22.0842,"[2, 4, 7, 7, 8]",1,665477.0
22.083199999999998,"[2, 3, 7, 7, 8]",1,665329.0
22.065399999999997,"[4, 5, 6, 7, 7]",1,665181.0
22.065299999999997,"[3, 5, 6, 7, 7]",1,665033.0
22.065199999999997,"[2, 5, 6, 7, 7]",1,664886.0
22.0643,"[3, 4, 6, 7, 7]",1,664738.0
22.0642,"[2, 4, 6, 7, 7]",1,664590.0
22.0632,"[2, 3, 6, 7, 7]",1,664442.0
22.0543,"[3, 4, 5, 7, 7]",1,664295.0
22.0542,"[2, 4, 5, 7, 7]",1,664147.0
22.0532,"[2, 3, 5, 7, 7]",1,663999.0
22.0432,"[2, 3, 4, 7, 7]",1,663851.0
21.154200000000003,"[6, 6, 12, 13, 14]",1,663704.0
21.154100000000003,"[6, 6, 11, 13, 14]",1,663556.0
21.154000000000003,"[6, 6, 10, 13, 14]",1,663408.0
21.153900000000004,"[6, 6, 9, 13, 14]",1,663260.0
21.153800000000004,"[6, 6, 8, 13, 14]",1,663113.0
21.1537,"[6, 6, 7, 13, 14]",1,662965.0
21.1535,"[5, 6, 6, 13, 14]",1,662817.0
21.1534,"[4, 6, 6, 13, 14]",1,662669.0
21.1533,"[3, 6, 6, 13, 14]",1,662522.0
21.153200000000002,"[2, 6, 6, 13, 14]",1,662374.0
21.153100000000002,"[6, 6, 11, 12, 14]",1,662226.0
21.153000000000002,"[6, 6, 10, 12, 14]",1,662078.0
21.152900000000002,"[6, 6, 9, 12, 14]",1,661931.0
21.152800000000003,"[6, 6, 8, 12, 14]",1,661783.0
21.1527,"[6, 6, 7, 12, 14]",1,661635.0
21.1525,"[5, 6, 6, 12, 14]",1,661487.0
21.1524,"[4, 6, 6, 12, 14]",1,661340.0
21.1523,"[3, 6, 6, 12, 14]",1,661192.0
21.1522,"[2, 6, 6, 12, 14]",1,661044.0
21.152,"[6, 6, 10, 11, 14]",1,660896.0
21.1519,"[6, 6, 9, 11, 14]",1,660749.0
21.1518,"[6, 6, 8, 11, 14]",1,660601.0
21.151699999999998,"[6, 6, 7, 11, 14]",1,660453.0
21.1515,"[5, 6, 6, 11, 14]",1,660305.0
21.1514,"[4, 6, 6, 11, 14]",1,660158.0
21.1513,"[3, 6, 6, 11, 14]",1,660010.0
21.1512,"[2, 6, 6, 11, 14]",1,659862.0
21.150900000000004,"[6, 6, 9, 10, 14]",1,659714.0
21.150800000000004,"[6, 6, 8, 10, 14]",1,659567.0
21.1507,"[6, 6, 7, 10, 14]",1,659419.0
21.1505,"[5, 6, 6, 10, 14]",1,659271.0
21.1504,"[4, 6, 6, 10, 14]",1,659123.0
21.1503,"[3, 6, 6, 10, 14]",1,658976.0
21.1502,"[2, 6, 6, 10, 14]",1,658828.0
21.149800000000003,"[6, 6, 8, 9, 14]",1,658680.0
21.1497,"[6, 6, 7, 9, 14]",1,658532.0
21.1495,"[5, 6, 6, 9, 14]",1,658385.0
21.1494,"[4, 6, 6, 9, 14]",1,658237.0
21.1493,"[3, 6, 6, 9, 14]",1,658089.0
21.1492,"[2, 6, 6, 9, 14]",1,657941.0
21.148699999999998,"[6, 6, 7, 8, 14]",1,657794.0
21.1485,"[5, 6, 6, 8, 14]",1,657646.0
21.1484,"[4, 6, 6, 8, 14]",1,657498.0
21.1483,"[3, 6, 6, 8, 14]",1,657350.0
21.1482,"[2, 6, 6, 8, 14]",1,657202.0
21.1475,"[5, 6, 6, 7, 14]",1,657055.0
21.1474,"[4, 6, 6, 7, 14]",1,656907.0
21.1473,"[3, 6, 6, 7, 14]",1,656759.0
21.1472,"[2, 6, 6, 7, 14]",1,656611.0
21.1454,"[4, 5, 6, 6, 14]",1,656464.0
21.1453,"[3, 5, 6, 6, 14]",1,656316.0
21.1452,"[2, 5, 6, 6, 14]",1,656168.0
21.1443,"[3, 4, 6, 6, 14]",1,656020.0
21.1442,"[2, 4, 6, 6, 14]",1,655873.0
21.1432,"[2, 3, 6, 6, 14]",1,655725.0
21.1431,"[6, 6, 11, 12, 13]",1,655577.0
21.143,"[6, 6, 10, 12, 13]",1,655429.0
21.1429,"[6, 6, 9, 12, 13]",1,655282.0
21.1428,"[6, 6, 8, 12, 13]",1,655134.0
21.142699999999998,"[6, 6, 7, 12, 13]",1,654986.0
21.1425,"[5, 6, 6, 12, 13]",1,654838.0
21.1424,"[4, 6, 6, 12, 13]",1,654691.0
21.1423,"[3, 6, 6, 12, 13]",1,654543.0
21.1422,"[2, 6, 6, 12, 13]",1,654395.0
21.142,"[6, 6, 10, 11, 13]",1,654247.0
21.1419,"[6, 6, 9, 11, 13]",1,654100.0
21.1418,"[6, 6, 8, 11, 13]",1,653952.0
21.141699999999997,"[6, 6, 7, 11, 13]",1,653804.0
21.141499999999997,"[5, 6, 6, 11, 13]",1,653656.0
21.141399999999997,"[4, 6, 6, 11, 13]",1,653509.0
21.141299999999998,"[3, 6, 6, 11, 13]",1,653361.0
21.141199999999998,"[2, 6, 6, 11, 13]",1,653213.0
21.140900000000002,"[6, 6, 9, 10, 13]",1,653065.0
21.140800000000002,"[6, 6, 8, 10, 13]",1,652918.0
21.1407,"[6, 6, 7, 10, 13]",1,652770.0
21.1405,"[5, 6, 6, 10, 13]",1,652622.0
21.1404,"[4, 6, 6, 10, 13]",1,652474.0
21.1403,"[3, 6, 6, 10, 13]",1,652327.0
21.1402,"[2, 6, 6, 10, 13]",1,652179.0
21.1398,"[6, 6, 8, 9, 13]",1,652031.0
21.139699999999998,"[6, 6, 7, 9, 13]",1,651883.0
21.139499999999998,"[5, 6, 6, 9, 13]",1,651736.0
21.1394,"[4, 6, 6, 9, 13]",1,651588.0
21.1393,"[3, 6, 6, 9, 13]",1,651440.0
21.1392,"[2, 6, 6, 9, 13]",1,651292.0
21.138699999999996,"[6, 6, 7, 8, 13]",1,651145.0
21.138499999999997,"[5, 6, 6, 8, 13]",1,650997.0
21.138399999999997,"[4, 6, 6, 8, 13]",1,650849.0
21.138299999999997,"[3, 6, 6, 8, 13]",1,650701.0
21.138199999999998,"[2, 6, 6, 8, 13]",1,650554.0
21.1375,"[5, 6, 6, 7, 13]",1,650406.0
21.1374,"[4, 6, 6, 7, 13]",1,650258.0
21.1373,"[3, 6, 6, 7, 13]",1,650110.0
21.1372,"[2, 6, 6, 7, 13]",1,649963.0
21.135399999999997,"[4, 5, 6, 6, 13]",1,649815.0
21.135299999999997,"[3, 5, 6, 6, 13]",1,649667.0
21.135199999999998,"[2, 5, 6, 6, 13]",1,649519.0
21.1343,"[3, 4, 6, 6, 13]",1,649372.0
21.1342,"[2, 4, 6, 6, 13]",1,649224.0
21.1332,"[2, 3, 6, 6, 13]",1,649076.0
21.132,"[6, 6, 10, 11, 12]",1,648928.0
21.1319,"[6, 6, 9, 11, 12]",1,648781.0
21.131800000000002,"[6, 6, 8, 11, 12]",1,648633.0
21.1317,"[6, 6, 7, 11, 12]",1,648485.0
21.1315,"[5, 6, 6, 11, 12]",1,648337.0
21.1314,"[4, 6, 6, 11, 12]",1,648190.0
21.1313,"[3, 6, 6, 11, 12]",1,648042.0
21.1312,"[2, 6, 6, 11, 12]",1,647894.0
21.130900000000004,"[6, 6, 9, 10, 12]",1,647746.0
21.130800000000004,"[6, 6, 8, 10, 12]",1,647599.0
21.1307,"[6, 6, 7, 10, 12]",1,647451.0
21.1305,"[5, 6, 6, 10, 12]",1,647303.0
21.1304,"[4, 6, 6, 10, 12]",1,647155.0
21.130300000000002,"[3, 6, 6, 10, 12]",1,647008.0
21.130200000000002,"[2, 6, 6, 10, 12]",1,646860.0
21.129800000000003,"[6, 6, 8, 9, 12]",1,646712.0
21.1297,"[6, 6, 7, 9, 12]",1,646564.0
21.1295,"[5, 6, 6, 9, 12]",1,646417.0
21.1294,"[4, 6, 6, 9, 12]",1,646269.0
21.1293,"[3, 6, 6, 9, 12]",1,646121.0
21.1292,"[2, 6, 6, 9, 12]",1,645973.0
21.1287,"[6, 6, 7, 8, 12]",1,645826.0
21.1285,"[5, 6, 6, 8, 12]",1,645678.0
21.1284,"[4, 6, 6, 8, 12]",1,645530.0
21.1283,"[3, 6, 6, 8, 12]",1,645382.0
21.1282,"[2, 6, 6, 8, 12]",1,645235.0
21.1275,"[5, 6, 6, 7, 12]",1,645087.0
21.1274,"[4, 6, 6, 7, 12]",1,644939.0
21.1273,"[3, 6, 6, 7, 12]",1,644791.0
21.127200000000002,"[2, 6, 6, 7, 12]",1,644644.0
21.1254,"[4, 5, 6, 6, 12]",1,644496.0
21.1253,"[3, 5, 6, 6, 12]",1,644348.0
21.1252,"[2, 5, 6, 6, 12]",1,644200.0
21.1243,"[3, 4, 6, 6, 12]",1,644053.0
21.124200000000002,"[2, 4, 6, 6, 12]",1,643905.0
21.1232,"[2, 3, 6, 6, 12]",1,643757.0
21.120900000000002,"[6, 6, 9, 10, 11]",1,643609.0
21.120800000000003,"[6, 6, 8, 10, 11]",1,643462.0
21.1207,"[6, 6, 7, 10, 11]",1,643314.0
21.1205,"[5, 6, 6, 10, 11]",1,643166.0
21.1204,"[4, 6, 6, 10, 11]",1,643018.0
21.1203,"[3, 6, 6, 10, 11]",1,642871.0
21.1202,"[2, 6, 6, 10, 11]",1,642723.0
21.1198,"[6, 6, 8, 9, 11]",1,642575.0
21.119699999999998,"[6, 6, 7, 9, 11]",1,642427.0
21.1195,"[5, 6, 6, 9, 11]",1,642280.0
21.1194,"[4, 6, 6, 9, 11]",1,642132.0
21.1193,"[3, 6, 6, 9, 11]",1,641984.0
21.1192,"[2, 6, 6, 9, 11]",1,641836.0
21.118699999999997,"[6, 6, 7, 8, 11]",1,641689.0
21.118499999999997,"[5, 6, 6, 8, 11]",1,641541.0
21.118399999999998,"[4, 6, 6, 8, 11]",1,641393.0
21.118299999999998,"[3, 6, 6, 8, 11]",1,641245.0
21.118199999999998,"[2, 6, 6, 8, 11]",1,641098.0
21.1175,"[5, 6, 6, 7, 11]",1,640950.0
21.1174,"[4, 6, 6, 7, 11]",1,640802.0
21.1173,"[3, 6, 6, 7, 11]",1,640654.0
21.1172,"[2, 6, 6, 7, 11]",1,640507.0
21.115399999999998,"[4, 5, 6, 6, 11]",1,640359.0
21.115299999999998,"[3, 5, 6, 6, 11]",1,640211.0
21.115199999999998,"[2, 5, 6, 6, 11]",1,640063.0
21.1143,"[3, 4, 6, 6, 11]",1,639916.0
21.1142,"[2, 4, 6, 6, 11]",1,639768.0
21.1132,"[2, 3, 6, 6, 11]",1,639620.0
21.109800000000003,"[6, 6, 8, 9, 10]",1,639472.0
21.1097,"[6, 6, 7, 9, 10]",1,639325.0
21.1095,"[5, 6, 6, 9, 10]",1,639177.0
21.1094,"[4, 6, 6, 9, 10]",1,639029.0
21.1093,"[3, 6, 6, 9, 10]",1,638881.0
21.1092,"[2, 6, 6, 9, 10]",1,638734.0
21.1087,"[6, 6, 7, 8, 10]",1,638586.0
21.1085,"[5, 6, 6, 8, 10]",1,638438.0
21.1084,"[4, 6, 6, 8, 10]",1,638290.0
21.1083,"[3, 6, 6, 8, 10]",1,638143.0
21.1082,"[2, 6, 6, 8, 10]",1,637995.0
21.1075,"[5, 6, 6, 7, 10]",1,637847.0
21.107400000000002,"[4, 6, 6, 7, 10]",1,637699.0
21.107300000000002,"[3, 6, 6, 7, 10]",1,637552.0
21.107200000000002,"[2, 6, 6, 7, 10]",1,637404.0
21.1054,"[4, 5, 6, 6, 10]",1,637256.0
21.1053,"[3, 5, 6, 6, 10]",1,637108.0
21.1052,"[2, 5, 6, 6, 10]",1,636961.0
21.104300000000002,"[3, 4, 6, 6, 10]",1,636813.0
21.104200000000002,"[2, 4, 6, 6, 10]",1,636665.0
21.1032,"[2, 3, 6, 6, 10]",1,636517.0
21.098699999999997,"[6, 6, 7, 8, 9]",1,636370.0
21.098499999999998,"[5, 6, 6, 8, 9]",1,636222.0
21.098399999999998,"[4, 6, 6, 8, 9]",1,636074.0
21.0983,"[3, 6, 6, 8, 9]",1,635926.0
21.0982,"[2, 6, 6, 8, 9]",1,635779.0
21.0975,"[5, 6, 6, 7, 9]",1,635631.0
21.0974,"[4, 6, 6, 7, 9]",1,635483.0
21.0973,"[3, 6, 6, 7, 9]",1,635335.0
21.0972,"[2, 6, 6, 7, 9]",1,635188.0
21.095399999999998,"[4, 5, 6, 6, 9]",1,635040.0
21.095299999999998,"[3, 5, 6, 6, 9]",1,634892.0
21.0952,"[2, 5, 6, 6, 9]",1,634744.0
21.0943,"[3, 4, 6, 6, 9]",1,634597.0
21.0942,"[2, 4, 6, 6, 9]",1,634449.0
21.0932,"[2, 3, 6, 6, 9]",1,634301.0
21.0875,"[5, 6, 6, 7, 8]",1,634153.0
21.0874,"[4, 6, 6, 7, 8]",1,634006.0
21.0873,"[3, 6, 6, 7, 8]",1,633858.0
21.0872,"[2, 6, 6, 7, 8]",1,633710.0
21.085399999999996,"[4, 5, 6, 6, 8]",1,633562.0
21.085299999999997,"[3, 5, 6, 6, 8]",1,633415.0
21.085199999999997,"[2, 5, 6, 6, 8]",1,633267.0
21.0843,"[3, 4, 6, 6, 8]",1,633119.0
21.0842,"[2, 4, 6, 6, 8]",1,632971.0
21.083199999999998,"[2, 3, 6, 6, 8]",1,632824.0
21.0754,"[4, 5, 6, 6, 7]",1,632676.0
21.0753,"[3, 5, 6, 6, 7]",1,632528.0
21.0752,"[2, 5, 6, 6, 7]",1,632380.0
21.0743,"[3, 4, 6, 6, 7]",1,632233.0
21.0742,"[2, 4, 6, 6, 7]",1,632085.0
21.0732,"[2, 3, 6, 6, 7]",1,631937.0
21.0543,"[3, 4, 5, 6, 6]",1,631789.0
21.0542,"[2, 4, 5, 6, 6]",1,631642.0
21.0532,"[2, 3, 5, 6, 6]",1,631494.0
21.0432,"[2, 3, 4, 6, 6]",1,631346.0
20.154200000000003,"[5, 5, 12, 13, 14]",1,631198.0
20.154100000000003,"[5, 5, 11, 13, 14]",1,631050.0
20.154000000000003,"[5, 5, 10, 13, 14]",1,630903.0
20.153900000000004,"[5, 5, 9, 13, 14]",1,630755.0
20.153800000000004,"[5, 5, 8, 13, 14]",1,630607.0
20.1537,"[5, 5, 7, 13, 14]",1,630459.0
20.1536,"[5, 5, 6, 13, 14]",1,630312.0
20.1534,"[4, 5, 5, 13, 14]",1,630164.0
20.1533,"[3, 5, 5, 13, 14]",1,630016.0
20.153200000000002,"[2, 5, 5, 13, 14]",1,629868.0
20.153100000000002,"[5, 5, 11, 12, 14]",1,629721.0
20.153000000000002,"[5, 5, 10, 12, 14]",1,629573.0
20.152900000000002,"[5, 5, 9, 12, 14]",1,629425.0
20.152800000000003,"[5, 5, 8, 12, 14]",1,629277.0
20.1527,"[5, 5, 7, 12, 14]",1,629130.0
20.1526,"[5, 5, 6, 12, 14]",1,628982.0
20.1524,"[4, 5, 5, 12, 14]",1,628834.0
20.1523,"[3, 5, 5, 12, 14]",1,628686.0
20.1522,"[2, 5, 5, 12, 14]",1,628539.0
20.152,"[5, 5, 10, 11, 14]",1,628391.0
20.1519,"[5, 5, 9, 11, 14]",1,628243.0
20.1518,"[5, 5, 8, 11, 14]",1,628095.0
20.151699999999998,"[5, 5, 7, 11, 14]",1,627948.0
20.1516,"[5, 5, 6, 11, 14]",1,627800.0
20.1514,"[4, 5, 5, 11, 14]",1,627652.0
20.1513,"[3, 5, 5, 11, 14]",1,627504.0
20.1512,"[2, 5, 5, 11, 14]",1,627357.0
20.150900000000004,"[5, 5, 9, 10, 14]",1,627209.0
20.150800000000004,"[5, 5, 8, 10, 14]",1,627061.0
20.1507,"[5, 5, 7, 10, 14]",1,626913.0
20.1506,"[5, 5, 6, 10, 14]",1,626766.0
20.1504,"[4, 5, 5, 10, 14]",1,626618.0
20.1503,"[3, 5, 5, 10, 14]",1,626470.0
20.1502,"[2, 5, 5, 10, 14]",1,626322.0
20.149800000000003,"[5, 5, 8, 9, 14]",1,626175.0
20.1497,"[5, 5, 7, 9, 14]",1,626027.0
20.1496,"[5, 5, 6, 9, 14]",1,625879.0
20.1494,"[4, 5, 5, 9, 14]",1,625731.0
20.1493,"[3, 5, 5, 9, 14]",1,625584.0
20.1492,"[2, 5, 5, 9, 14]",1,625436.0
20.148699999999998,"[5, 5, 7, 8, 14]",1,625288.0
20.1486,"[5, 5, 6, 8, 14]",1,625140.0
20.1484,"[4, 5, 5, 8, 14]",1,624993.0
20.1483,"[3, 5, 5, 8, 14]",1,624845.0
20.1482,"[2, 5, 5, 8, 14]",1,624697.0
20.1476,"[5, 5, 6, 7, 14]",1,624549.0
20.1474,"[4, 5, 5, 7, 14]",1,624402.0
20.1473,"[3, 5, 5, 7, 14]",1,624254.0
20.1472,"[2, 5, 5, 7, 14]",1,624106.0
20.1464,"[4, 5, 5, 6, 14]",1,623958.0
20.1463,"[3, 5, 5, 6, 14]",1,623811.0
20.1462,"[2, 5, 5, 6, 14]",1,623663.0
20.1443,"[3, 4, 5, 5, 14]",1,623515.0
20.1442,"[2, 4, 5, 5, 14]",1,623367.0
20.1432,"[2, 3, 5, 5, 14]",1,623220.0
20.1431,"[5, 5, 11, 12, 13]",1,623072.0
20.143,"[5, 5, 10, 12, 13]",1,622924.0
20.1429,"[5, 5, 9, 12, 13]",1,622776.0
20.1428,"[5, 5, 8, 12, 13]",1,622629.0
20.142699999999998,"[5, 5, 7, 12, 13]",1,622481.0
20.142599999999998,"[5, 5, 6, 12, 13]",1,622333.0
20.1424,"[4, 5, 5, 12, 13]",1,622185.0
20.1423,"[3, 5, 5, 12, 13]",1,622038.0
20.1422,"[2, 5, 5, 12, 13]",1,621890.0
20.142,"[5, 5, 10, 11, 13]",1,621742.0
20.1419,"[5, 5, 9, 11, 13]",1,621594.0
20.1418,"[5, 5, 8, 11, 13]",1,621447.0
20.141699999999997,"[5, 5, 7, 11, 13]",1,621299.0
20.141599999999997,"[5, 5, 6, 11, 13]",1,621151.0
20.141399999999997,"[4, 5, 5, 11, 13]",1,621003.0
20.141299999999998,"[3, 5, 5, 11, 13]",1,620856.0
20.141199999999998,"[2, 5, 5, 11, 13]",1,620708.0
20.140900000000002,"[5, 5, 9, 10, 13]",1,620560.0
20.140800000000002,"[5, 5, 8, 10, 13]",1,620412.0
20.1407,"[5, 5, 7, 10, 13]",1,620265.0
20.1406,"[5, 5, 6, 10, 13]",1,620117.0
20.1404,"[4, 5, 5, 10, 13]",1,619969.0
20.1403,"[3, 5, 5, 10, 13]",1,619821.0
20.1402,"[2, 5, 5, 10, 13]",1,619674.0
20.1398,"[5, 5, 8, 9, 13]",1,619526.0
20.139699999999998,"[5, 5, 7, 9, 13]",1,619378.0
20.139599999999998,"[5, 5, 6, 9, 13]",1,619230.0
20.1394,"[4, 5, 5, 9, 13]",1,619083.0
20.1393,"[3, 5, 5, 9, 13]",1,618935.0
20.1392,"[2, 5, 5, 9, 13]",1,618787.0
20.138699999999996,"[5, 5, 7, 8, 13]",1,618639.0
20.138599999999997,"[5, 5, 6, 8, 13]",1,618492.0
20.138399999999997,"[4, 5, 5, 8, 13]",1,618344.0
20.138299999999997,"[3, 5, 5, 8, 13]",1,618196.0
20.138199999999998,"[2, 5, 5, 8, 13]",1,618048.0
20.1376,"[5, 5, 6, 7, 13]",1,617901.0
20.1374,"[4, 5, 5, 7, 13]",1,617753.0
20.1373,"[3, 5, 5, 7, 13]",1,617605.0
20.1372,"[2, 5, 5, 7, 13]",1,617457.0
20.1364,"[4, 5, 5, 6, 13]",1,617310.0
20.1363,"[3, 5, 5, 6, 13]",1,617162.0
20.1362,"[2, 5, 5, 6, 13]",1,617014.0
20.1343,"[3, 4, 5, 5, 13]",1,616866.0
20.1342,"[2, 4, 5, 5, 13]",1,616719.0
20.1332,"[2, 3, 5, 5, 13]",1,616571.0
20.132,"[5, 5, 10, 11, 12]",1,616423.0
20.1319,"[5, 5, 9, 11, 12]",1,616275.0
20.131800000000002,"[5, 5, 8, 11, 12]",1,616128.0
20.1317,"[5, 5, 7, 11, 12]",1,615980.0
20.1316,"[5, 5, 6, 11, 12]",1,615832.0
20.1314,"[4, 5, 5, 11, 12]",1,615684.0
20.1313,"[3, 5, 5, 11, 12]",1,615537.0
20.1312,"[2, 5, 5, 11, 12]",1,615389.0
20.130900000000004,"[5, 5, 9, 10, 12]",1,615241.0
20.130800000000004,"[5, 5, 8, 10, 12]",1,615093.0
20.1307,"[5, 5, 7, 10, 12]",1,614946.0
20.1306,"[5, 5, 6, 10, 12]",1,614798.0
20.1304,"[4, 5, 5, 10, 12]",1,614650.0
20.130300000000002,"[3, 5, 5, 10, 12]",1,614502.0
20.130200000000002,"[2, 5, 5, 10, 12]",1,614355.0
20.129800000000003,"[5, 5, 8, 9, 12]",1,614207.0
20.1297,"[5, 5, 7, 9, 12]",1,614059.0
20.1296,"[5, 5, 6, 9, 12]",1,613911.0
20.1294,"[4, 5, 5, 9, 12]",1,613764.0
20.1293,"[3, 5, 5, 9, 12]",1,613616.0
20.1292,"[2, 5, 5, 9, 12]",1,613468.0
20.1287,"[5, 5, 7, 8, 12]",1,613320.0
20.1286,"[5, 5, 6, 8, 12]",1,613173.0
20.1284,"[4, 5, 5, 8, 12]",1,613025.0
20.1283,"[3, 5, 5, 8, 12]",1,612877.0
20.1282,"[2, 5, 5, 8, 12]",1,612729.0
20.1276,"[5, 5, 6, 7, 12]",1,612582.0
20.1274,"[4, 5, 5, 7, 12]",1,612434.0
20.1273,"[3, 5, 5, 7, 12]",1,612286.0
20.127200000000002,"[2, 5, 5, 7, 12]",1,612138.0
20.1264,"[4, 5, 5, 6, 12]",1,611991.0
20.1263,"[3, 5, 5, 6, 12]",1,611843.0
20.1262,"[2, 5, 5, 6, 12]",1,611695.0
20.1243,"[3, 4, 5, 5, 12]",1,611547.0
20.124200000000002,"[2, 4, 5, 5, 12]",1,611400.0
20.1232,"[2, 3, 5, 5, 12]",1,611252.0
20.120900000000002,"[5, 5, 9, 10, 11]",1,611104.0
20.120800000000003,"[5, 5, 8, 10, 11]",1,610956.0
20.1207,"[5, 5, 7, 10, 11]",1,610809.0
20.1206,"[5, 5, 6, 10, 11]",1,610661.0
20.1204,"[4, 5, 5, 10, 11]",1,610513.0
20.1203,"[3, 5, 5, 10, 11]",1,610365.0
20.1202,"[2, 5, 5, 10, 11]",1,610218.0
20.1198,"[5, 5, 8, 9, 11]",1,610070.0
20.119699999999998,"[5, 5, 7, 9, 11]",1,609922.0
20.1196,"[5, 5, 6, 9, 11]",1,609774.0
20.1194,"[4, 5, 5, 9, 11]",1,609627.0
20.1193,"[3, 5, 5, 9, 11]",1,609479.0
20.1192,"[2, 5, 5, 9, 11]",1,609331.0
20.118699999999997,"[5, 5, 7, 8, 11]",1,609183.0
20.118599999999997,"[5, 5, 6, 8, 11]",1,609036.0
20.118399999999998,"[4, 5, 5, 8, 11]",1,608888.0
20.118299999999998,"[3, 5, 5, 8, 11]",1,608740.0
20.118199999999998,"[2, 5, 5, 8, 11]",1,608592.0
20.1176,"[5, 5, 6, 7, 11]",1,608445.0
20.1174,"[4, 5, 5, 7, 11]",1,608297.0
20.1173,"[3, 5, 5, 7, 11]",1,608149.0
20.1172,"[2, 5, 5, 7, 11]",1,608001.0
20.1164,"[4, 5, 5, 6, 11]",1,607854.0
20.1163,"[3, 5, 5, 6, 11]",1,607706.0
20.1162,"[2, 5, 5, 6, 11]",1,607558.0
20.1143,"[3, 4, 5, 5, 11]",1,607410.0
20.1142,"[2, 4, 5, 5, 11]",1,607263.0
20.1132,"[2, 3, 5, 5, 11]",1,607115.0
20.109800000000003,"[5, 5, 8, 9, 10]",1,606967.0
20.1097,"[5, 5, 7, 9, 10]",1,606819.0
20.1096,"[5, 5, 6, 9, 10]",1,606672.0
20.1094,"[4, 5, 5, 9, 10]",1,606524.0
20.1093,"[3, 5, 5, 9, 10]",1,606376.0
20.1092,"[2, 5, 5, 9, 10]",1,606228.0
20.1087,"[5, 5, 7, 8, 10]",1,606081.0
20.1086,"[5, 5, 6, 8, 10]",1,605933.0
20.1084,"[4, 5, 5, 8, 10]",1,605785.0
20.1083,"[3, 5, 5, 8, 10]",1,605637.0
20.1082,"[2, 5, 5, 8, 10]",1,605490.0
20.1076,"[5, 5, 6, 7, 10]",1,605342.0
20.107400000000002,"[4, 5, 5, 7, 10]",1,605194.0
20.107300000000002,"[3, 5, 5, 7, 10]",1,605046.0
20.107200000000002,"[2, 5, 5, 7, 10]",1,604898.0
20.1064,"[4, 5, 5, 6, 10]",1,604751.0
20.1063,"[3, 5, 5, 6, 10]",1,604603.0
20.1062,"[2, 5, 5, 6, 10]",1,604455.0
20.104300000000002,"[3, 4, 5, 5, 10]",1,604307.0
20.104200000000002,"[2, 4, 5, 5, 10]",1,604160.0
20.1032,"[2, 3, 5, 5, 10]",1,604012.0
20.098699999999997,"[5, 5, 7, 8, 9]",1,603864.0
20.098599999999998,"[5, 5, 6, 8, 9]",1,603716.0
20.098399999999998,"[4, 5, 5, 8, 9]",1,603569.0
20.0983,"[3, 5, 5, 8, 9]",1,603421.0
20.0982,"[2, 5, 5, 8, 9]",1,603273.0
20.0976,"[5, 5, 6, 7, 9]",1,603125.0
20.0974,"[4, 5, 5, 7, 9]",1,602978.0
20.0973,"[3, 5, 5, 7, 9]",1,602830.0
20.0972,"[2, 5, 5, 7, 9]",1,602682.0
20.0964,"[4, 5, 5, 6, 9]",1,602534.0
20.0963,"[3, 5, 5, 6, 9]",1,602387.0
20.0962,"[2, 5, 5, 6, 9]",1,602239.0
20.0943,"[3, 4, 5, 5, 9]",1,602091.0
20.0942,"[2, 4, 5, 5, 9]",1,601943.0
20.0932,"[2, 3, 5, 5, 9]",1,601796.0
20.0876,"[5, 5, 6, 7, 8]",1,601648.0
20.0874,"[4, 5, 5, 7, 8]",1,601500.0
20.0873,"[3, 5, 5, 7, 8]",1,601352.0
20.0872,"[2, 5, 5, 7, 8]",1,601205.0
20.086399999999998,"[4, 5, 5, 6, 8]",1,601057.0
20.086299999999998,"[3, 5, 5, 6, 8]",1,600909.0
20.086199999999998,"[2, 5, 5, 6, 8]",1,600761.0
20.0843,"[3, 4, 5, 5, 8]",1,600614.0
20.0842,"[2, 4, 5, 5, 8]",1,600466.0
20.083199999999998,"[2, 3, 5, 5, 8]",1,600318.0
20.0764,"[4, 5, 5, 6, 7]",1,600170.0
20.0763,"[3, 5, 5, 6, 7]",1,600023.0
20.0762,"[2, 5, 5, 6, 7]",1,599875.0
20.0743,"[3, 4, 5, 5, 7]",1,599727.0
20.0742,"[2, 4, 5, 5, 7]",1,599579.0
20.0732,"[2, 3, 5, 5, 7]",1,599432.0
20.0643,"[3, 4, 5, 5, 6]",1,599284.0
20.0642,"[2, 4, 5, 5, 6]",1,599136.0
20.0632,"[2, 3, 5, 5, 6]",1,598988.0
20.0432,"[2, 3, 4, 5, 5]",1,598841.0
19.154200000000003,"[4, 4, 12, 13, 14]",1,598693.0
19.154100000000003,"[4, 4, 11, 13, 14]",1,598545.0
19.154000000000003,"[4, 4, 10, 13, 14]",1,598397.0
19.153900000000004,"[4, 4, 9, 13, 14]",1,598250.0
19.153800000000004,"[4, 4, 8, 13, 14]",1,598102.0
19.1537,"[4, 4, 7, 13, 14]",1,597954.0
19.1536,"[4, 4, 6, 13, 14]",1,597806.0
19.1535,"[4, 4, 5, 13, 14]",1,597659.0
19.1533,"[3, 4, 4, 13, 14]",1,597511.0
19.153200000000002,"[2, 4, 4, 13, 14]",1,597363.0
19.153100000000002,"[4, 4, 11, 12, 14]",1,597215.0
19.153000000000002,"[4, 4, 10, 12, 14]",1,597068.0
19.152900000000002,"[4, 4, 9, 12, 14]",1,596920.0
19.152800000000003,"[4, 4, 8, 12, 14]",1,596772.0
19.1527,"[4, 4, 7, 12, 14]",1,596624.0
19.1526,"[4, 4, 6, 12, 14]",1,596477.0
19.1525,"[4, 4, 5, 12, 14]",1,596329.0
19.1523,"[3, 4, 4, 12, 14]",1,596181.0
19.1522,"[2, 4, 4, 12, 14]",1,596033.0
19.152,"[4, 4, 10, 11, 14]",1,595886.0
19.1519,"[4, 4, 9, 11, 14]",1,595738.0
19.1518,"[4, 4, 8, 11, 14]",1,595590.0
19.151699999999998,"[4, 4, 7, 11, 14]",1,595442.0
19.1516,"[4, 4, 6, 11, 14]",1,595295.0
19.1515,"[4, 4, 5, 11, 14]",1,595147.0
19.1513,"[3, 4, 4, 11, 14]",1,594999.0
19.1512,"[2, 4, 4, 11, 14]",1,594851.0
19.150900000000004,"[4, 4, 9, 10, 14]",1,594704.0
19.150800000000004,"[4, 4, 8, 10, 14]",1,594556.0
19.1507,"[4, 4, 7, 10, 14]",1,594408.0
19.1506,"[4, 4, 6, 10, 14]",1,594260.0
19.1505,"[4, 4, 5, 10, 14]",1,594113.0
19.1503,"[3, 4, 4, 10, 14]",1,593965.0
19.1502,"[2, 4, 4, 10, 14]",1,593817.0
19.149800000000003,"[4, 4, 8, 9, 14]",1,593669.0
19.1497,"[4, 4, 7, 9, 14]",1,593522.0
19.1496,"[4, 4, 6, 9, 14]",1,593374.0
19.1495,"[4, 4, 5, 9, 14]",1,593226.0
19.1493,"[3, 4, 4, 9, 14]",1,593078.0
19.1492,"[2, 4, 4, 9, 14]",1,592931.0
19.148699999999998,"[4, 4, 7, 8, 14]",1,592783.0
19.1486,"[4, 4, 6, 8, 14]",1,592635.0
19.1485,"[4, 4, 5, 8, 14]",1,592487.0
19.1483,"[3, 4, 4, 8, 14]",1,592340.0
19.1482,"[2, 4, 4, 8, 14]",1,592192.0
19.1476,"[4, 4, 6, 7, 14]",1,592044.0
19.1475,"[4, 4, 5, 7, 14]",1,591896.0
19.1473,"[3, 4, 4, 7, 14]",1,591749.0
19.1472,"[2, 4, 4, 7, 14]",1,591601.0
19.1465,"[4, 4, 5, 6, 14]",1,591453.0
19.1463,"[3, 4, 4, 6, 14]",1,591305.0
19.1462,"[2, 4, 4, 6, 14]",1,591158.0
19.1453,"[3, 4, 4, 5, 14]",1,591010.0
19.1452,"[2, 4, 4, 5, 14]",1,590862.0
19.1432,"[2, 3, 4, 4, 14]",1,590714.0
19.1431,"[4, 4, 11, 12, 13]",1,590567.0
19.143,"[4, 4, 10, 12, 13]",1,590419.0
19.1429,"[4, 4, 9, 12, 13]",1,590271.0
19.1428,"[4, 4, 8, 12, 13]",1,590123.0
19.142699999999998,"[4, 4, 7, 12, 13]",1,589976.0
19.142599999999998,"[4, 4, 6, 12, 13]",1,589828.0
19.1425,"[4, 4, 5, 12, 13]",1,589680.0
19.1423,"[3, 4, 4, 12, 13]",1,589532.0
19.1422,"[2, 4, 4, 12, 13]",1,589385.0
19.142,"[4, 4, 10, 11, 13]",1,589237.0
19.1419,"[4, 4, 9, 11, 13]",1,589089.0
19.1418,"[4, 4, 8, 11, 13]",1,588941.0
19.141699999999997,"[4, 4, 7, 11, 13]",1,588794.0
19.141599999999997,"[4, 4, 6, 11, 13]",1,588646.0
19.141499999999997,"[4, 4, 5, 11, 13]",1,588498.0
19.141299999999998,"[3, 4, 4, 11, 13]",1,588350.0
19.141199999999998,"[2, 4, 4, 11, 13]",1,588203.0
19.140900000000002,"[4, 4, 9, 10, 13]",1,588055.0
19.140800000000002,"[4, 4, 8, 10, 13]",1,587907.0
19.1407,"[4, 4, 7, 10, 13]",1,587759.0
19.1406,"[4, 4, 6, 10, 13]",1,587612.0
19.1405,"[4, 4, 5, 10, 13]",1,587464.0
19.1403,"[3, 4, 4, 10, 13]",1,587316.0
19.1402,"[2, 4, 4, 10, 13]",1,587168.0
19.1398,"[4, 4, 8, 9, 13]",1,587021.0
19.139699999999998,"[4, 4, 7, 9, 13]",1,586873.0
19.139599999999998,"[4, 4, 6, 9, 13]",1,586725.0
19.139499999999998,"[4, 4, 5, 9, 13]",1,586577.0
19.1393,"[3, 4, 4, 9, 13]",1,586430.0
19.1392,"[2, 4, 4, 9, 13]",1,586282.0
19.138699999999996,"[4, 4, 7, 8, 13]",1,586134.0
19.138599999999997,"[4, 4, 6, 8, 13]",1,585986.0
19.138499999999997,"[4, 4, 5, 8, 13]",1,585839.0
19.138299999999997,"[3, 4, 4, 8, 13]",1,585691.0
19.138199999999998,"[2, 4, 4, 8, 13]",1,585543.0
19.1376,"[4, 4, 6, 7, 13]",1,585395.0
19.1375,"[4, 4, 5, 7, 13]",1,585248.0
19.1373,"[3, 4, 4, 7, 13]",1,585100.0
19.1372,"[2, 4, 4, 7, 13]",1,584952.0
19.136499999999998,"[4, 4, 5, 6, 13]",1,584804.0
19.1363,"[3, 4, 4, 6, 13]",1,584657.0
19.1362,"[2, 4, 4, 6, 13]",1,584509.0
19.135299999999997,"[3, 4, 4, 5, 13]",1,584361.0
19.135199999999998,"[2, 4, 4, 5, 13]",1,584213.0
19.1332,"[2, 3, 4, 4, 13]",1,584066.0
19.132,"[4, 4, 10, 11, 12]",1,583918.0
19.1319,"[4, 4, 9, 11, 12]",1,583770.0
19.131800000000002,"[4, 4, 8, 11, 12]",1,583622.0
19.1317,"[4, 4, 7, 11, 12]",1,583475.0
19.1316,"[4, 4, 6, 11, 12]",1,583327.0
19.1315,"[4, 4, 5, 11, 12]",1,583179.0
19.1313,"[3, 4, 4, 11, 12]",1,583031.0
19.1312,"[2, 4, 4, 11, 12]",1,582884.0
19.130900000000004,"[4, 4, 9, 10, 12]",1,582736.0
19.130800000000004,"[4, 4, 8, 10, 12]",1,582588.0
19.1307,"[4, 4, 7, 10, 12]",1,582440.0
19.1306,"[4, 4, 6, 10, 12]",1,582293.0
19.1305,"[4, 4, 5, 10, 12]",1,582145.0
19.130300000000002,"[3, 4, 4, 10, 12]",1,581997.0
19.130200000000002,"[2, 4, 4, 10, 12]",1,581849.0
19.129800000000003,"[4, 4, 8, 9, 12]",1,581702.0
19.1297,"[4, 4, 7, 9, 12]",1,581554.0
19.1296,"[4, 4, 6, 9, 12]",1,581406.0
19.1295,"[4, 4, 5, 9, 12]",1,581258.0
19.1293,"[3, 4, 4, 9, 12]",1,581111.0
19.1292,"[2, 4, 4, 9, 12]",1,580963.0
19.1287,"[4, 4, 7, 8, 12]",1,580815.0
19.1286,"[4, 4, 6, 8, 12]",1,580667.0
19.1285,"[4, 4, 5, 8, 12]",1,580520.0
19.1283,"[3, 4, 4, 8, 12]",1,580372.0
19.1282,"[2, 4, 4, 8, 12]",1,580224.0
19.1276,"[4, 4, 6, 7, 12]",1,580076.0
19.1275,"[4, 4, 5, 7, 12]",1,579929.0
19.1273,"[3, 4, 4, 7, 12]",1,579781.0
19.127200000000002,"[2, 4, 4, 7, 12]",1,579633.0
19.1265,"[4, 4, 5, 6, 12]",1,579485.0
19.1263,"[3, 4, 4, 6, 12]",1,579338.0
19.1262,"[2, 4, 4, 6, 12]",1,579190.0
19.1253,"[3, 4, 4, 5, 12]",1,579042.0
19.1252,"[2, 4, 4, 5, 12]",1,578894.0
19.1232,"[2, 3, 4, 4, 12]",1,578746.0
19.120900000000002,"[4, 4, 9, 10, 11]",1,578599.0
19.120800000000003,"[4, 4, 8, 10, 11]",1,578451.0
19.1207,"[4, 4, 7, 10, 11]",1,578303.0
19.1206,"[4, 4, 6, 10, 11]",1,578155.0
19.1205,"[4, 4, 5, 10, 11]",1,578008.0
19.1203,"[3, 4, 4, 10, 11]",1,577860.0
19.1202,"[2, 4, 4, 10, 11]",1,577712.0
19.1198,"[4, 4, 8, 9, 11]",1,577564.0
19.119699999999998,"[4, 4, 7, 9, 11]",1,577417.0
19.1196,"[4, 4, 6, 9, 11]",1,577269.0
19.1195,"[4, 4, 5, 9, 11]",1,577121.0
19.1193,"[3, 4, 4, 9, 11]",1,576973.0
19.1192,"[2, 4, 4, 9, 11]",1,576826.0
19.118699999999997,"[4, 4, 7, 8, 11]",1,576678.0
19.118599999999997,"[4, 4, 6, 8, 11]",1,576530.0
19.118499999999997,"[4, 4, 5, 8, 11]",1,576382.0
19.118299999999998,"[3, 4, 4, 8, 11]",1,576235.0
19.118199999999998,"[2, 4, 4, 8, 11]",1,576087.0
19.1176,"[4, 4, 6, 7, 11]",1,575939.0
19.1175,"[4, 4, 5, 7, 11]",1,575791.0
19.1173,"[3, 4, 4, 7, 11]",1,575644.0
19.1172,"[2, 4, 4, 7, 11]",1,575496.0
19.1165,"[4, 4, 5, 6, 11]",1,575348.0
19.1163,"[3, 4, 4, 6, 11]",1,575200.0
19.1162,"[2, 4, 4, 6, 11]",1,575053.0
19.115299999999998,"[3, 4, 4, 5, 11]",1,574905.0
19.115199999999998,"[2, 4, 4, 5, 11]",1,574757.0
19.1132,"[2, 3, 4, 4, 11]",1,574609.0
19.109800000000003,"[4, 4, 8, 9, 10]",1,574462.0
19.1097,"[4, 4, 7, 9, 10]",1,574314.0
19.1096,"[4, 4, 6, 9, 10]",1,574166.0
19.1095,"[4, 4, 5, 9, 10]",1,574018.0
19.1093,"[3, 4, 4, 9, 10]",1,573871.0
19.1092,"[2, 4, 4, 9, 10]",1,573723.0
19.1087,"[4, 4, 7, 8, 10]",1,573575.0
19.1086,"[4, 4, 6, 8, 10]",1,573427.0
19.1085,"[4, 4, 5, 8, 10]",1,573280.0
19.1083,"[3, 4, 4, 8, 10]",1,573132.0
19.1082,"[2, 4, 4, 8, 10]",1,572984.0
19.1076,"[4, 4, 6, 7, 10]",1,572836.0
19.1075,"[4, 4, 5, 7, 10]",1,572689.0
19.107300000000002,"[3, 4, 4, 7, 10]",1,572541.0
19.107200000000002,"[2, 4, 4, 7, 10]",1,572393.0
19.1065,"[4, 4, 5, 6, 10]",1,572245.0
19.1063,"[3, 4, 4, 6, 10]",1,572098.0
19.1062,"[2, 4, 4, 6, 10]",1,571950.0
19.1053,"[3, 4, 4, 5, 10]",1,571802.0
19.1052,"[2, 4, 4, 5, 10]",1,571654.0
19.1032,"[2, 3, 4, 4, 10]",1,571507.0
19.098699999999997,"[4, 4, 7, 8, 9]",1,571359.0
19.098599999999998,"[4, 4, 6, 8, 9]",1,571211.0
19.098499999999998,"[4, 4, 5, 8, 9]",1,571063.0
19.0983,"[3, 4, 4, 8, 9]",1,570916.0
19.0982,"[2, 4, 4, 8, 9]",1,570768.0
19.0976,"[4, 4, 6, 7, 9]",1,570620.0
19.0975,"[4, 4, 5, 7, 9]",1,570472.0
19.0973,"[3, 4, 4, 7, 9]",1,570325.0
19.0972,"[2, 4, 4, 7, 9]",1,570177.0
19.0965,"[4, 4, 5, 6, 9]",1,570029.0
19.0963,"[3, 4, 4, 6, 9]",1,569881.0
19.0962,"[2, 4, 4, 6, 9]",1,569734.0
19.095299999999998,"[3, 4, 4, 5, 9]",1,569586.0
19.0952,"[2, 4, 4, 5, 9]",1,569438.0
19.0932,"[2, 3, 4, 4, 9]",1,569290.0
19.0876,"[4, 4, 6, 7, 8]",1,569143.0
19.0875,"[4, 4, 5, 7, 8]",1,568995.0
19.0873,"[3, 4, 4, 7, 8]",1,568847.0
19.0872,"[2, 4, 4, 7, 8]",1,568699.0
19.086499999999997,"[4, 4, 5, 6, 8]",1,568552.0
19.086299999999998,"[3, 4, 4, 6, 8]",1,568404.0
19.086199999999998,"[2, 4, 4, 6, 8]",1,568256.0
19.085299999999997,"[3, 4, 4, 5, 8]",1,568108.0
19.085199999999997,"[2, 4, 4, 5, 8]",1,567961.0
19.083199999999998,"[2, 3, 4, 4, 8]",1,567813.0
19.0765,"[4, 4, 5, 6, 7]",1,567665.0
19.0763,"[3, 4, 4, 6, 7]",1,567517.0
19.0762,"[2, 4, 4, 6, 7]",1,567370.0
19.0753,"[3, 4, 4, 5, 7]",1,567222.0
19.0752,"[2, 4, 4, 5, 7]",1,567074.0
19.0732,"[2, 3, 4, 4, 7]",1,566926.0
19.065299999999997,"[3, 4, 4, 5, 6]",1,566779.0
19.065199999999997,"[2, 4, 4, 5, 6]",1,566631.0
19.0632,"[2, 3, 4, 4, 6]",1,566483.0
19.0532,"[2, 3, 4, 4, 5]",1,566335.0
18.154200000000003,"[3, 3, 12, 13, 14]",1,566188.0
18.154100000000003,"[3, 3, 11, 13, 14]",1,566040.0
18.154000000000003,"[3, 3, 10, 13, 14]",1,565892.0
18.153900000000004,"[3, 3, 9, 13, 14]",1,565744.0
18.153800000000004,"[3, 3, 8, 13, 14]",1,565597.0
18.1537,"[3, 3, 7, 13, 14]",1,565449.0
18.1536,"[3, 3, 6, 13, 14]",1,565301.0
18.1535,"[3, 3, 5, 13, 14]",1,565153.0
18.1534,"[3, 3, 4, 13, 14]",1,565006.0
18.153200000000002,"[2, 3, 3, 13, 14]",1,564858.0
18.153100000000002,"[3, 3, 11, 12, 14]",1,564710.0
18.153000000000002,"[3, 3, 10, 12, 14]",1,564562.0
18.152900000000002,"[3, 3, 9, 12, 14]",1,564415.0
18.152800000000003,"[3, 3, 8, 12, 14]",1,564267.0
18.1527,"[3, 3, 7, 12, 14]",1,564119.0
18.1526,"[3, 3, 6, 12, 14]",1,563971.0
18.1525,"[3, 3, 5, 12, 14]",1,563824.0
18.1524,"[3, 3, 4, 12, 14]",1,563676.0
18.1522,"[2, 3, 3, 12, 14]",1,563528.0
18.152,"[3, 3, 10, 11, 14]",1,563380.0
18.1519,"[3, 3, 9, 11, 14]",1,563233.0
18.1518,"[3, 3, 8, 11, 14]",1,563085.0
18.151699999999998,"[3, 3, 7, 11, 14]",1,562937.0
18.1516,"[3, 3, 6, 11, 14]",1,562789.0
18.1515,"[3, 3, 5, 11, 14]",1,562642.0
18.1514,"[3, 3, 4, 11, 14]",1,562494.0
18.1512,"[2, 3, 3, 11, 14]",1,562346.0
18.150900000000004,"[3, 3, 9, 10, 14]",1,562198.0
18.150800000000004,"[3, 3, 8, 10, 14]",1,562051.0
18.1507,"[3, 3, 7, 10, 14]",1,561903.0
18.1506,"[3, 3, 6, 10, 14]",1,561755.0
18.1505,"[3, 3, 5, 10, 14]",1,561607.0
18.1504,"[3, 3, 4, 10, 14]",1,561460.0
18.1502,"[2, 3, 3, 10, 14]",1,561312.0
18.149800000000003,"[3, 3, 8, 9, 14]",1,561164.0
18.1497,"[3, 3, 7, 9, 14]",1,561016.0
18.1496,"[3, 3, 6, 9, 14]",1,560869.0
18.1495,"[3, 3, 5, 9, 14]",1,560721.0
18.1494,"[3, 3, 4, 9, 14]",1,560573.0
18.1492,"[2, 3, 3, 9, 14]",1,560425.0
18.148699999999998,"[3, 3, 7, 8, 14]",1,560278.0
18.1486,"[3, 3, 6, 8, 14]",1,560130.0
18.1485,"[3, 3, 5, 8, 14]",1,559982.0
18.1484,"[3, 3, 4, 8, 14]",1,559834.0
18.1482,"[2, 3, 3, 8, 14]",1,559687.0
18.1476,"[3, 3, 6, 7, 14]",1,559539.0
18.1475,"[3, 3, 5, 7, 14]",1,559391.0
18.1474,"[3, 3, 4, 7, 14]",1,559243.0
18.1472,"[2, 3, 3, 7, 14]",1,559096.0
18.1465,"[3, 3, 5, 6, 14]",1,558948.0
18.1464,"[3, 3, 4, 6, 14]",1,558800.0
18.1462,"[2, 3, 3, 6, 14]",1,558652.0
18.1454,"[3, 3, 4, 5, 14]",1,558505.0
18.1452,"[2, 3, 3, 5, 14]",1,558357.0
18.1442,"[2, 3, 3, 4, 14]",1,558209.0
18.1431,"[3, 3, 11, 12, 13]",1,558061.0
18.143,"[3, 3, 10, 12, 13]",1,557914.0
18.1429,"[3, 3, 9, 12, 13]",1,557766.0
18.1428,"[3, 3, 8, 12, 13]",1,557618.0
18.142699999999998,"[3, 3, 7, 12, 13]",1,557470.0
18.142599999999998,"[3, 3, 6, 12, 13]",1,557323.0
18.1425,"[3, 3, 5, 12, 13]",1,557175.0
18.1424,"[3, 3, 4, 12, 13]",1,557027.0
18.1422,"[2, 3, 3, 12, 13]",1,556879.0
18.142,"[3, 3, 10, 11, 13]",1,556732.0
18.1419,"[3, 3, 9, 11, 13]",1,556584.0
18.1418,"[3, 3, 8, 11, 13]",1,556436.0
18.141699999999997,"[3, 3, 7, 11, 13]",1,556288.0
18.141599999999997,"[3, 3, 6, 11, 13]",1,556141.0
18.141499999999997,"[3, 3, 5, 11, 13]",1,555993.0
18.141399999999997,"[3, 3, 4, 11, 13]",1,555845.0
18.141199999999998,"[2, 3, 3, 11, 13]",1,555697.0
18.140900000000002,"[3, 3, 9, 10, 13]",1,555550.0
18.140800000000002,"[3, 3, 8, 10, 13]",1,555402.0
18.1407,"[3, 3, 7, 10, 13]",1,555254.0
18.1406,"[3, 3, 6, 10, 13]",1,555106.0
18.1405,"[3, 3, 5, 10, 13]",1,554959.0
18.1404,"[3, 3, 4, 10, 13]",1,554811.0
18.1402,"[2, 3, 3, 10, 13]",1,554663.0
18.1398,"[3, 3, 8, 9, 13]",1,554515.0
18.139699999999998,"[3, 3, 7, 9, 13]",1,554368.0
18.139599999999998,"[3, 3, 6, 9, 13]",1,554220.0
18.139499999999998,"[3, 3, 5, 9, 13]",1,554072.0
18.1394,"[3, 3, 4, 9, 13]",1,553924.0
18.1392,"[2, 3, 3, 9, 13]",1,553777.0
18.138699999999996,"[3, 3, 7, 8, 13]",1,553629.0
18.138599999999997,"[3, 3, 6, 8, 13]",1,553481.0
18.138499999999997,"[3, 3, 5, 8, 13]",1,553333.0
18.138399999999997,"[3, 3, 4, 8, 13]",1,553186.0
18.138199999999998,"[2, 3, 3, 8, 13]",1,553038.0
18.1376,"[3, 3, 6, 7, 13]",1,552890.0
18.1375,"[3, 3, 5, 7, 13]",1,552742.0
18.1374,"[3, 3, 4, 7, 13]",1,552594.0
18.1372,"[2, 3, 3, 7, 13]",1,552447.0
18.136499999999998,"[3, 3, 5, 6, 13]",1,552299.0
18.1364,"[3, 3, 4, 6, 13]",1,552151.0
18.1362,"[2, 3, 3, 6, 13]",1,552003.0
18.135399999999997,"[3, 3, 4, 5, 13]",1,551856.0
18.135199999999998,"[2, 3, 3, 5, 13]",1,551708.0
18.1342,"[2, 3, 3, 4, 13]",1,551560.0
18.132,"[3, 3, 10, 11, 12]",1,551412.0
18.1319,"[3, 3, 9, 11, 12]",1,551265.0
18.131800000000002,"[3, 3, 8, 11, 12]",1,551117.0
18.1317,"[3, 3, 7, 11, 12]",1,550969.0
18.1316,"[3, 3, 6, 11, 12]",1,550821.0
18.1315,"[3, 3, 5, 11, 12]",1,550674.0
18.1314,"[3, 3, 4, 11, 12]",1,550526.0
18.1312,"[2, 3, 3, 11, 12]",1,550378.0
18.130900000000004,"[3, 3, 9, 10, 12]",1,550230.0
18.130800000000004,"[3, 3, 8, 10, 12]",1,550083.0
18.1307,"[3, 3, 7, 10, 12]",1,549935.0
18.1306,"[3, 3, 6, 10, 12]",1,549787.0
18.1305,"[3, 3, 5, 10, 12]",1,549639.0
18.1304,"[3, 3, 4, 10, 12]",1,549492.0
18.130200000000002,"[2, 3, 3, 10, 12]",1,549344.0
18.129800000000003,"[3, 3, 8, 9, 12]",1,549196.0
18.1297,"[3, 3, 7, 9, 12]",1,549048.0
18.1296,"[3, 3, 6, 9, 12]",1,548901.0
18.1295,"[3, 3, 5, 9, 12]",1,548753.0
18.1294,"[3, 3, 4, 9, 12]",1,548605.0
18.1292,"[2, 3, 3, 9, 12]",1,548457.0
18.1287,"[3, 3, 7, 8, 12]",1,548310.0
18.1286,"[3, 3, 6, 8, 12]",1,548162.0
18.1285,"[3, 3, 5, 8, 12]",1,548014.0
18.1284,"[3, 3, 4, 8, 12]",1,547866.0
18.1282,"[2, 3, 3, 8, 12]",1,547719.0
18.1276,"[3, 3, 6, 7, 12]",1,547571.0
18.1275,"[3, 3, 5, 7, 12]",1,547423.0
18.1274,"[3, 3, 4, 7, 12]",1,547275.0
18.127200000000002,"[2, 3, 3, 7, 12]",1,547128.0
18.1265,"[3, 3, 5, 6, 12]",1,546980.0
18.1264,"[3, 3, 4, 6, 12]",1,546832.0
18.1262,"[2, 3, 3, 6, 12]",1,546684.0
18.1254,"[3, 3, 4, 5, 12]",1,546537.0
18.1252,"[2, 3, 3, 5, 12]",1,546389.0
18.124200000000002,"[2, 3, 3, 4, 12]",1,546241.0
18.120900000000002,"[3, 3, 9, 10, 11]",1,546093.0
18.120800000000003,"[3, 3, 8, 10, 11]",1,545946.0
18.1207,"[3, 3, 7, 10, 11]",1,545798.0
18.1206,"[3, 3, 6, 10, 11]",1,545650.0
18.1205,"[3, 3, 5, 10, 11]",1,545502.0
18.1204,"[3, 3, 4, 10, 11]",1,545355.0
18.1202,"[2, 3, 3, 10, 11]",1,545207.0
18.1198,"[3, 3, 8, 9, 11]",1,545059.0
18.119699999999998,"[3, 3, 7, 9, 11]",1,544911.0
18.1196,"[3, 3, 6, 9, 11]",1,544764.0
18.1195,"[3, 3, 5, 9, 11]",1,544616.0
18.1194,"[3, 3, 4, 9, 11]",1,544468.0
18.1192,"[2, 3, 3, 9, 11]",1,544320.0
18.118699999999997,"[3, 3, 7, 8, 11]",1,544173.0
18.118599999999997,"[3, 3, 6, 8, 11]",1,544025.0
18.118499999999997,"[3, 3, 5, 8, 11]",1,543877.0
18.118399999999998,"[3, 3, 4, 8, 11]",1,543729.0
18.118199999999998,"[2, 3, 3, 8, 11]",1,543582.0
18.1176,"[3, 3, 6, 7, 11]",1,543434.0
18.1175,"[3, 3, 5, 7, 11]",1,543286.0
18.1174,"[3, 3, 4, 7, 11]",1,543138.0
18.1172,"[2, 3, 3, 7, 11]",1,542991.0
18.1165,"[3, 3, 5, 6, 11]",1,542843.0
18.1164,"[3, 3, 4, 6, 11]",1,542695.0
18.1162,"[2, 3, 3, 6, 11]",1,542547.0
18.115399999999998,"[3, 3, 4, 5, 11]",1,542400.0
18.115199999999998,"[2, 3, 3, 5, 11]",1,542252.0
18.1142,"[2, 3, 3, 4, 11]",1,542104.0
18.109800000000003,"[3, 3, 8, 9, 10]",1,541956.0
18.1097,"[3, 3, 7, 9, 10]",1,541809.0
18.1096,"[3, 3, 6, 9, 10]",1,541661.0
18.1095,"[3, 3, 5, 9, 10]",1,541513.0
18.1094,"[3, 3, 4, 9, 10]",1,541365.0
18.1092,"[2, 3, 3, 9, 10]",1,541218.0
18.1087,"[3, 3, 7, 8, 10]",1,541070.0
18.1086,"[3, 3, 6, 8, 10]",1,540922.0
18.1085,"[3, 3, 5, 8, 10]",1,540774.0
18.1084,"[3, 3, 4, 8, 10]",1,540627.0
18.1082,"[2, 3, 3, 8, 10]",1,540479.0
18.1076,"[3, 3, 6, 7, 10]",1,540331.0
18.1075,"[3, 3, 5, 7, 10]",1,540183.0
18.107400000000002,"[3, 3, 4, 7, 10]",1,540036.0
18.107200000000002,"[2, 3, 3, 7, 10]",1,539888.0
18.1065,"[3, 3, 5, 6, 10]",1,539740.0
18.1064,"[3, 3, 4, 6, 10]",1,539592.0
18.1062,"[2, 3, 3, 6, 10]",1,539445.0
18.1054,"[3, 3, 4, 5, 10]",1,539297.0
18.1052,"[2, 3, 3, 5, 10]",1,539149.0
18.104200000000002,"[2, 3, 3, 4, 10]",1,539001.0
18.098699999999997,"[3, 3, 7, 8, 9]",1,538854.0
18.098599999999998,"[3, 3, 6, 8, 9]",1,538706.0
18.098499999999998,"[3, 3, 5, 8, 9]",1,538558.0
18.098399999999998,"[3, 3, 4, 8, 9]",1,538410.0
18.0982,"[2, 3, 3, 8, 9]",1,538263.0
18.0976,"[3, 3, 6, 7, 9]",1,538115.0
18.0975,"[3, 3, 5, 7, 9]",1,537967.0
18.0974,"[3, 3, 4, 7, 9]",1,537819.0
18.0972,"[2, 3, 3, 7, 9]",1,537672.0
18.0965,"[3, 3, 5, 6, 9]",1,537524.0
18.0964,"[3, 3, 4, 6, 9]",1,537376.0
18.0962,"[2, 3, 3, 6, 9]",1,537228.0
18.095399999999998,"[3, 3, 4, 5, 9]",1,537081.0
18.0952,"[2, 3, 3, 5, 9]",1,536933.0
18.0942,"[2, 3, 3, 4, 9]",1,536785.0
18.0876,"[3, 3, 6, 7, 8]",1,536637.0
18.0875,"[3, 3, 5, 7, 8]",1,536490.0
18.0874,"[3, 3, 4, 7, 8]",1,536342.0
18.0872,"[2, 3, 3, 7, 8]",1,536194.0
18.086499999999997,"[3, 3, 5, 6, 8]",1,536046.0
18.086399999999998,"[3, 3, 4, 6, 8]",1,535899.0
18.086199999999998,"[2, 3, 3, 6, 8]",1,535751.0
18.085399999999996,"[3, 3, 4, 5, 8]",1,535603.0
18.085199999999997,"[2, 3, 3, 5, 8]",1,535455.0
18.0842,"[2, 3, 3, 4, 8]",1,535308.0
18.0765,"[3, 3, 5, 6, 7]",1,535160.0
18.0764,"[3, 3, 4, 6, 7]",1,535012.0
18.0762,"[2, 3, 3, 6, 7]",1,534864.0
18.0754,"[3, 3, 4, 5, 7]",1,534717.0
18.0752,"[2, 3, 3, 5, 7]",1,534569.0
18.0742,"[2, 3, 3, 4, 7]",1,534421.0
18.065399999999997,"[3, 3, 4, 5, 6]",1,534273.0
18.065199999999997,"[2, 3, 3, 5, 6]",1,534126.0
18.0642,"[2, 3, 3, 4, 6]",1,533978.0
18.0542,"[2, 3, 3, 4, 5]",1,533830.0
17.154200000000003,"[2, 2, 12, 13, 14]",1,533682.0
17.154100000000003,"[2, 2, 11, 13, 14]",1,533535.0
17.154000000000003,"[2, 2, 10, 13, 14]",1,533387.0
17.153900000000004,"[2, 2, 9, 13, 14]",1,533239.0
17.153800000000004,"[2, 2, 8, 13, 14]",1,533091.0
17.1537,"[2, 2, 7, 13, 14]",1,532944.0
17.1536,"[2, 2, 6, 13, 14]",1,532796.0
17.1535,"[2, 2, 5, 13, 14]",1,532648.0
17.1534,"[2, 2, 4, 13, 14]",1,532500.0
17.1533,"[2, 2, 3, 13, 14]",1,532353.0
17.153100000000002,"[2, 2, 11, 12, 14]",1,532205.0
17.153000000000002,"[2, 2, 10, 12, 14]",1,532057.0
17.152900000000002,"[2, 2, 9, 12, 14]",1,531909.0
17.152800000000003,"[2, 2, 8, 12, 14]",1,531762.0
17.1527,"[2, 2, 7, 12, 14]",1,531614.0
17.1526,"[2, 2, 6, 12, 14]",1,531466.0
17.1525,"[2, 2, 5, 12, 14]",1,531318.0
17.1524,"[2, 2, 4, 12, 14]",1,531171.0
17.1523,"[2, 2, 3, 12, 14]",1,531023.0
17.152,"[2, 2, 10, 11, 14]",1,530875.0
17.1519,"[2, 2, 9, 11, 14]",1,530727.0
17.1518,"[2, 2, 8, 11, 14]",1,530580.0
17.151699999999998,"[2, 2, 7, 11, 14]",1,530432.0
17.1516,"[2, 2, 6, 11, 14]",1,530284.0
17.1515,"[2, 2, 5, 11, 14]",1,530136.0
17.1514,"[2, 2, 4, 11, 14]",1,529989.0
17.1513,"[2, 2, 3, 11, 14]",1,529841.0
17.150900000000004,"[2, 2, 9, 10, 14]",1,529693.0
17.150800000000004,"[2, 2, 8, 10, 14]",1,529545.0
17.1507,"[2, 2, 7, 10, 14]",1,529398.0
17.1506,"[2, 2, 6, 10, 14]",1,529250.0
17.1505,"[2, 2, 5, 10, 14]",1,529102.0
17.1504,"[2, 2, 4, 10, 14]",1,528954.0
17.1503,"[2, 2, 3, 10, 14]",1,528807.0
17.149800000000003,"[2, 2, 8, 9, 14]",1,528659.0
17.1497,"[2, 2, 7, 9, 14]",1,528511.0
17.1496,"[2, 2, 6, 9, 14]",1,528363.0
17.1495,"[2, 2, 5, 9, 14]",1,528216.0
17.1494,"[2, 2, 4, 9, 14]",1,528068.0
17.1493,"[2, 2, 3, 9, 14]",1,527920.0
17.148699999999998,"[2, 2, 7, 8, 14]",1,527772.0
17.1486,"[2, 2, 6, 8, 14]",1,527625.0
17.1485,"[2, 2, 5, 8, 14]",1,527477.0
17.1484,"[2, 2, 4, 8, 14]",1,527329.0
17.1483,"[2, 2, 3, 8, 14]",1,527181.0
17.1476,"[2, 2, 6, 7, 14]",1,527034.0
17.1475,"[2, 2, 5, 7, 14]",1,526886.0
17.1474,"[2, 2, 4, 7, 14]",1,526738.0
17.1473,"[2, 2, 3, 7, 14]",1,526590.0
17.1465,"[2, 2, 5, 6, 14]",1,526443.0
17.1464,"[2, 2, 4, 6, 14]",1,526295.0
17.1463,"[2, 2, 3, 6, 14]",1,526147.0
17.1454,"[2, 2, 4, 5, 14]",1,525999.0
17.1453,"[2, 2, 3, 5, 14]",1,525851.0
17.1443,"[2, 2, 3, 4, 14]",1,525704.0
17.1431,"[2, 2, 11, 12, 13]",1,525556.0
17.143,"[2, 2, 10, 12, 13]",1,525408.0
17.1429,"[2, 2, 9, 12, 13]",1,525260.0
17.1428,"[2, 2, 8, 12, 13]",1,525113.0
17.142699999999998,"[2, 2, 7, 12, 13]",1,524965.0
17.142599999999998,"[2, 2, 6, 12, 13]",1,524817.0
17.1425,"[2, 2, 5, 12, 13]",1,524669.0
17.1424,"[2, 2, 4, 12, 13]",1,524522.0
17.1423,"[2, 2, 3, 12, 13]",1,524374.0
17.142,"[2, 2, 10, 11, 13]",1,524226.0
17.1419,"[2, 2, 9, 11, 13]",1,524078.0
17.1418,"[2, 2, 8, 11, 13]",1,523931.0
17.141699999999997,"[2, 2, 7, 11, 13]",1,523783.0
17.141599999999997,"[2, 2, 6, 11, 13]",1,523635.0
17.141499999999997,"[2, 2, 5, 11, 13]",1,523487.0
17.141399999999997,"[2, 2, 4, 11, 13]",1,523340.0
17.141299999999998,"[2, 2, 3, 11, 13]",1,523192.0
17.140900000000002,"[2, 2, 9, 10, 13]",1,523044.0
17.140800000000002,"[2, 2, 8, 10, 13]",1,522896.0
17.1407,"[2, 2, 7, 10, 13]",1,522749.0
17.1406,"[2, 2, 6, 10, 13]",1,522601.0
17.1405,"[2, 2, 5, 10, 13]",1,522453.0
17.1404,"[2, 2, 4, 10, 13]",1,522305.0
17.1403,"[2, 2, 3, 10, 13]",1,522158.0
17.1398,"[2, 2, 8, 9, 13]",1,522010.0
17.139699999999998,"[2, 2, 7, 9, 13]",1,521862.0
17.139599999999998,"[2, 2, 6, 9, 13]",1,521714.0
17.139499999999998,"[2, 2, 5, 9, 13]",1,521567.0
17.1394,"[2, 2, 4, 9, 13]",1,521419.0
17.1393,"[2, 2, 3, 9, 13]",1,521271.0
17.138699999999996,"[2, 2, 7, 8, 13]",1,521123.0
17.138599999999997,"[2, 2, 6, 8, 13]",1,520976.0
17.138499999999997,"[2, 2, 5, 8, 13]",1,520828.0
17.138399999999997,"[2, 2, 4, 8, 13]",1,520680.0
17.138299999999997,"[2, 2, 3, 8, 13]",1,520532.0
17.1376,"[2, 2, 6, 7, 13]",1,520385.0
17.1375,"[2, 2, 5, 7, 13]",1,520237.0
17.1374,"[2, 2, 4, 7, 13]",1,520089.0
17.1373,"[2, 2, 3, 7, 13]",1,519941.0
17.136499999999998,"[2, 2, 5, 6, 13]",1,519794.0
17.1364,"[2, 2, 4, 6, 13]",1,519646.0
17.1363,"[2, 2, 3, 6, 13]",1,519498.0
17.135399999999997,"[2, 2, 4, 5, 13]",1,519350.0
17.135299999999997,"[2, 2, 3, 5, 13]",1,519203.0
17.1343,"[2, 2, 3, 4, 13]",1,519055.0
17.132,"[2, 2, 10, 11, 12]",1,518907.0
17.1319,"[2, 2, 9, 11, 12]",1,518759.0
17.131800000000002,"[2, 2, 8, 11, 12]",1,518612.0
17.1317,"[2, 2, 7, 11, 12]",1,518464.0
17.1316,"[2, 2, 6, 11, 12]",1,518316.0
17.1315,"[2, 2, 5, 11, 12]",1,518168.0
17.1314,"[2, 2, 4, 11, 12]",1,518021.0
17.1313,"[2, 2, 3, 11, 12]",1,517873.0
17.130900000000004,"[2, 2, 9, 10, 12]",1,517725.0
17.130800000000004,"[2, 2, 8, 10, 12]",1,517577.0
17.1307,"[2, 2, 7, 10, 12]",1,517430.0
17.1306,"[2, 2, 6, 10, 12]",1,517282.0
17.1305,"[2, 2, 5, 10, 12]",1,517134.0
17.1304,"[2, 2, 4, 10, 12]",1,516986.0
17.130300000000002,"[2, 2, 3, 10, 12]",1,516839.0
17.129800000000003,"[2, 2, 8, 9, 12]",1,516691.0
17.1297,"[2, 2, 7, 9, 12]",1,516543.0
17.1296,"[2, 2, 6, 9, 12]",1,516395.0
17.1295,"[2, 2, 5, 9, 12]",1,516248.0
17.1294,"[2, 2, 4, 9, 12]",1,516100.0
17.1293,"[2, 2, 3, 9, 12]",1,515952.0
17.1287,"[2, 2, 7, 8, 12]",1,515804.0
17.1286,"[2, 2, 6, 8, 12]",1,515657.0
17.1285,"[2, 2, 5, 8, 12]",1,515509.0
17.1284,"[2, 2, 4, 8, 12]",1,515361.0
17.1283,"[2, 2, 3, 8, 12]",1,515213.0
17.1276,"[2, 2, 6, 7, 12]",1,515066.0
17.1275,"[2, 2, 5, 7, 12]",1,514918.0
17.1274,"[2, 2, 4, 7, 12]",1,514770.0
17.1273,"[2, 2, 3, 7, 12]",1,514622.0
17.1265,"[2, 2, 5, 6, 12]",1,514475.0
17.1264,"[2, 2, 4, 6, 12]",1,514327.0
17.1263,"[2, 2, 3, 6, 12]",1,514179.0
17.1254,"[2, 2, 4, 5, 12]",1,514031.0
17.1253,"[2, 2, 3, 5, 12]",1,513884.0
17.1243,"[2, 2, 3, 4, 12]",1,513736.0
17.120900000000002,"[2, 2, 9, 10, 11]",1,513588.0
17.120800000000003,"[2, 2, 8, 10, 11]",1,513440.0
17.1207,"[2, 2, 7, 10, 11]",1,513293.0
17.1206,"[2, 2, 6, 10, 11]",1,513145.0
17.1205,"[2, 2, 5, 10, 11]",1,512997.0
17.1204,"[2, 2, 4, 10, 11]",1,512849.0
17.1203,"[2, 2, 3, 10, 11]",1,512702.0
17.1198,"[2, 2, 8, 9, 11]",1,512554.0
17.119699999999998,"[2, 2, 7, 9, 11]",1,512406.0
17.1196,"[2, 2, 6, 9, 11]",1,512258.0
17.1195,"[2, 2, 5, 9, 11]",1,512111.0
17.1194,"[2, 2, 4, 9, 11]",1,511963.0
17.1193,"[2, 2, 3, 9, 11]",1,511815.0
17.118699999999997,"[2, 2, 7, 8, 11]",1,511667.0
17.118599999999997,"[2, 2, 6, 8, 11]",1,511520.0
17.118499999999997,"[2, 2, 5, 8, 11]",1,511372.0
17.118399999999998,"[2, 2, 4, 8, 11]",1,511224.0
17.118299999999998,"[2, 2, 3, 8, 11]",1,511076.0
17.1176,"[2, 2, 6, 7, 11]",1,510929.0
17.1175,"[2, 2, 5, 7, 11]",1,510781.0
17.1174,"[2, 2, 4, 7, 11]",1,510633.0
17.1173,"[2, 2, 3, 7, 11]",1,510485.0
17.1165,"[2, 2, 5, 6, 11]",1,510338.0
17.1164,"[2, 2, 4, 6, 11]",1,510190.0
17.1163,"[2, 2, 3, 6, 11]",1,510042.0
17.115399999999998,"[2, 2, 4, 5, 11]",1,509894.0
17.115299999999998,"[2, 2, 3, 5, 11]",1,509747.0
17.1143,"[2, 2, 3, 4, 11]",1,509599.0
17.109800000000003,"[2, 2, 8, 9, 10]",1,509451.0
17.1097,"[2, 2, 7, 9, 10]",1,509303.0
17.1096,"[2, 2, 6, 9, 10]",1,509156.0
17.1095,"[2, 2, 5, 9, 10]",1,509008.0
17.1094,"[2, 2, 4, 9, 10]",1,508860.0
17.1093,"[2, 2, 3, 9, 10]",1,508712.0
17.1087,"[2, 2, 7, 8, 10]",1,508565.0
17.1086,"[2, 2, 6, 8, 10]",1,508417.0
17.1085,"[2, 2, 5, 8, 10]",1,508269.0
17.1084,"[2, 2, 4, 8, 10]",1,508121.0
17.1083,"[2, 2, 3, 8, 10]",1,507974.0
17.1076,"[2, 2, 6, 7, 10]",1,507826.0
17.1075,"[2, 2, 5, 7, 10]",1,507678.0
17.107400000000002,"[2, 2, 4, 7, 10]",1,507530.0
17.107300000000002,"[2, 2, 3, 7, 10]",1,507383.0
17.1065,"[2, 2, 5, 6, 10]",1,507235.0
17.1064,"[2, 2, 4, 6, 10]",1,507087.0
17.1063,"[2, 2, 3, 6, 10]",1,506939.0
17.1054,"[2, 2, 4, 5, 10]",1,506792.0
17.1053,"[2, 2, 3, 5, 10]",1,506644.0
17.104300000000002,"[2, 2, 3, 4, 10]",1,506496.0
17.098699999999997,"[2, 2, 7, 8, 9]",1,506348.0
17.098599999999998,"[2, 2, 6, 8, 9]",1,506201.0
17.098499999999998,"[2, 2, 5, 8, 9]",1,506053.0
17.098399999999998,"[2, 2, 4, 8, 9]",1,505905.0
17.0983,"[2, 2, 3, 8, 9]",1,505757.0
17.0976,"[2, 2, 6, 7, 9]",1,505610.0
17.0975,"[2, 2, 5, 7, 9]",1,505462.0
17.0974,"[2, 2, 4, 7, 9]",1,505314.0
17.0973,"[2, 2, 3, 7, 9]",1,505166.0
17.0965,"[2, 2, 5, 6, 9]",1,505019.0
17.0964,"[2, 2, 4, 6, 9]",1,504871.0
17.0963,"[2, 2, 3, 6, 9]",1,504723.0
17.095399999999998,"[2, 2, 4, 5, 9]",1,504575.0
17.095299999999998,"[2, 2, 3, 5, 9]",1,504428.0
17.0943,"[2, 2, 3, 4, 9]",1,504280.0
17.0876,"[2, 2, 6, 7, 8]",1,504132.0
17.0875,"[2, 2, 5, 7, 8]",1,503984.0
17.0874,"[2, 2, 4, 7, 8]",1,503837.0
17.0873,"[2, 2, 3, 7, 8]",1,503689.0
17.086499999999997,"[2, 2, 5, 6, 8]",1,503541.0
17.086399999999998,"[2, 2, 4, 6, 8]",1,503393.0
17.086299999999998,"[2, 2, 3, 6, 8]",1,503246.0
17.085399999999996,"[2, 2, 4, 5, 8]",1,503098.0
17.085299999999997,"[2, 2, 3, 5, 8]",1,502950.0
17.0843,"[2, 2, 3, 4, 8]",1,502802.0
17.0765,"[2, 2, 5, 6, 7]",1,502655.0
17.0764,"[2, 2, 4, 6, 7]",1,502507.0
17.0763,"[2, 2, 3, 6, 7]",1,502359.0
17.0754,"[2, 2, 4, 5, 7]",1,502211.0
17.0753,"[2, 2, 3, 5, 7]",1,502064.0
17.0743,"[2, 2, 3, 4, 7]",1,501916.0
17.065399999999997,"[2, 2, 4, 5, 6]",1,501768.0
17.065299999999997,"[2, 2, 3, 5, 6]",1,501620.0
17.0643,"[2, 2, 3, 4, 6]",1,501473.0
17.0543,"[2, 2, 3, 4, 5]",1,501325.0
14.14319,"[9, 11, 12, 13, 14]",0,501177.0
14.143180000000001,"[8, 11, 12, 13, 14]",0,500785.0
14.14317,"[7, 11, 12, 13, 14]",0,500392.0
14.14316,"[6, 11, 12, 13, 14]",0,500000.0
14.14315,"[5, 11, 12, 13, 14]",0,499607.0
14.14314,"[4, 11, 12, 13, 14]",0,499215.0
14.143130000000001,"[3, 11, 12, 13, 14]",0,498822.0
14.14312,"[2, 11, 12, 13, 14]",0,498430.0
14.14309,"[9, 10, 12, 13, 14]",0,498037.0
14.143080000000001,"[8, 10, 12, 13, 14]",0,497645.0
14.14307,"[7, 10, 12, 13, 14]",0,497252.0
14.14306,"[6, 10, 12, 13, 14]",0,496860.0
14.14305,"[5, 10, 12, 13, 14]",0,496467.0
14.143040000000001,"[4, 10, 12, 13, 14]",0,496075.0
14.143030000000001,"[3, 10, 12, 13, 14]",0,495683.0
14.14302,"[2, 10, 12, 13, 14]",0,495290.0
14.142980000000001,"[8, 9, 12, 13, 14]",0,494898.0
14.14297,"[7, 9, 12, 13, 14]",0,494505.0
14.14296,"[6, 9, 12, 13, 14]",0,494113.0
14.14295,"[5, 9, 12, 13, 14]",0,493720.0
14.142940000000001,"[4, 9, 12, 13, 14]",0,493328.0
14.142930000000002,"[3, 9, 12, 13, 14]",0,492935.0
14.14292,"[2, 9, 12, 13, 14]",0,492543.0
14.14287,"[7, 8, 12, 13, 14]",0,492150.0
14.14286,"[6, 8, 12, 13, 14]",0,491758.0
14.142850000000001,"[5, 8, 12, 13, 14]",0,491365.0
14.142840000000001,"[4, 8, 12, 13, 14]",0,490973.0
14.142830000000002,"[3, 8, 12, 13, 14]",0,490580.0
14.14282,"[2, 8, 12, 13, 14]",0,490188.0
14.14276,"[6, 7, 12, 13, 14]",0,489796.0
14.142750000000001,"[5, 7, 12, 13, 14]",0,489403.0
14.142740000000002,"[4, 7, 12, 13, 14]",0,489011.0
14.142730000000002,"[3, 7, 12, 13, 14]",0,488618.0
14.14272,"[2, 7, 12, 13, 14]",0,488226.0
14.142650000000001,"[5, 6, 12, 13, 14]",0,487833.0
14.142640000000002,"[4, 6, 12, 13, 14]",0,487441.0
14.142630000000002,"[3, 6, 12, 13, 14]",0,487048.0
14.14262,"[2, 6, 12, 13, 14]",0,486656.0
14.142540000000002,"[4, 5, 12, 13, 14]",0,486263.0
14.142530000000002,"[3, 5, 12, 13, 14]",0,485871.0
14.142520000000001,"[2, 5, 12, 13, 14]",0,485478.0
14.142430000000003,"[3, 4, 12, 13, 14]",0,485086.0
14.142420000000001,"[2, 4, 12, 13, 14]",0,484693.0
14.14232,"[2, 3, 12, 13, 14]",0,484301.0
14.14209,"[9, 10, 11, 13, 14]",0,483909.0
14.14208,"[8, 10, 11, 13, 14]",0,483516.0
14.142069999999999,"[7, 10, 11, 13, 14]",0,483124.0
14.142059999999999,"[6, 10, 11, 13, 14]",0,482731.0
14.14205,"[5, 10, 11, 13, 14]",0,482339.0
14.14204,"[4, 10, 11, 13, 14]",0,481946.0
14.14203,"[3, 10, 11, 13, 14]",0,481554.0
14.142019999999999,"[2, 10, 11, 13, 14]",0,481161.0
14.14198,"[8, 9, 11, 13, 14]",0,480769.0
14.141969999999999,"[7, 9, 11, 13, 14]",0,480376.0
14.14196,"[6, 9, 11, 13, 14]",0,479984.0
14.14195,"[5, 9, 11, 13, 14]",0,479591.0
14.14194,"[4, 9, 11, 13, 14]",0,479199.0
14.14193,"[3, 9, 11, 13, 14]",0,478807.0
14.141919999999999,"[2, 9, 11, 13, 14]",0,478414.0
14.141869999999999,"[7, 8, 11, 13, 14]",0,478022.0
14.14186,"[6, 8, 11, 13, 14]",0,477629.0
14.14185,"[5, 8, 11, 13, 14]",0,477237.0
14.14184,"[4, 8, 11, 13, 14]",0,476844.0
14.14183,"[3, 8, 11, 13, 14]",0,476452.0
14.14182,"[2, 8, 11, 13, 14]",0,476059.0
14.14176,"[6, 7, 11, 13, 14]",0,475667.0
14.14175,"[5, 7, 11, 13, 14]",0,475274.0
14.14174,"[4, 7, 11, 13, 14]",0,474882.0
14.14173,"[3, 7, 11, 13, 14]",0,474489.0
14.14172,"[2, 7, 11, 13, 14]",0,474097.0
14.14165,"[5, 6, 11, 13, 14]",0,473704.0
14.14164,"[4, 6, 11, 13, 14]",0,473312.0
14.141630000000001,"[3, 6, 11, 13, 14]",0,472920.0
14.14162,"[2, 6, 11, 13, 14]",0,472527.0
14.14154,"[4, 5, 11, 13, 14]",0,472135.0
14.141530000000001,"[3, 5, 11, 13, 14]",0,471742.0
14.14152,"[2, 5, 11, 13, 14]",0,471350.0
14.141430000000001,"[3, 4, 11, 13, 14]",0,470957.0
14.14142,"[2, 4, 11, 13, 14]",0,470565.0
14.141319999999999,"[2, 3, 11, 13, 14]",0,470172.0
14.14098,"[8, 9, 10, 13, 14]",0,469780.0
14.14097,"[7, 9, 10, 13, 14]",0,469387.0
14.14096,"[6, 9, 10, 13, 14]",0,468995.0
14.14095,"[5, 9, 10, 13, 14]",0,468602.0
14.14094,"[4, 9, 10, 13, 14]",0,468210.0
14.14093,"[3, 9, 10, 13, 14]",0,467818.0
14.14092,"[2, 9, 10, 13, 14]",0,467425.0
14.14087,"[7, 8, 10, 13, 14]",0,467033.0
14.14086,"[6, 8, 10, 13, 14]",0,466640.0
14.14085,"[5, 8, 10, 13, 14]",0,466248.0
14.14084,"[4, 8, 10, 13, 14]",0,465855.0
14.140830000000001,"[3, 8, 10, 13, 14]",0,465463.0
14.14082,"[2, 8, 10, 13, 14]",0,465070.0
14.14076,"[6, 7, 10, 13, 14]",0,464678.0
14.14075,"[5, 7, 10, 13, 14]",0,464285.0
14.140740000000001,"[4, 7, 10, 13, 14]",0,463893.0
14.140730000000001,"[3, 7, 10, 13, 14]",0,463500.0
14.14072,"[2, 7, 10, 13, 14]",0,463108.0
14.14065,"[5, 6, 10, 13, 14]",0,462715.0
14.140640000000001,"[4, 6, 10, 13, 14]",0,462323.0
14.140630000000002,"[3, 6, 10, 13, 14]",0,461931.0
14.14062,"[2, 6, 10, 13, 14]",0,461538.0
14.140540000000001,"[4, 5, 10, 13, 14]",0,461146.0
14.140530000000002,"[3, 5, 10, 13, 14]",0,460753.0
14.14052,"[2, 5, 10, 13, 14]",0,460361.0
14.140430000000002,"[3, 4, 10, 13, 14]",0,459968.0
14.14042,"[2, 4, 10, 13, 14]",0,459576.0
14.14032,"[2, 3, 10, 13, 14]",0,459183.0
14.13987,"[7, 8, 9, 13, 14]",0,458791.0
14.13986,"[6, 8, 9, 13, 14]",0,458398.0
14.139850000000001,"[5, 8, 9, 13, 14]",0,458006.0
14.139840000000001,"[4, 8, 9, 13, 14]",0,457613.0
14.139830000000002,"[3, 8, 9, 13, 14]",0,457221.0
14.13982,"[2, 8, 9, 13, 14]",0,456829.0
14.13976,"[6, 7, 9, 13, 14]",0,456436.0
14.139750000000001,"[5, 7, 9, 13, 14]",0,456044.0
14.139740000000002,"[4, 7, 9, 13, 14]",0,455651.0
14.139730000000002,"[3, 7, 9, 13, 14]",0,455259.0
14.13972,"[2, 7, 9, 13, 14]",0,454866.0
14.139650000000001,"[5, 6, 9, 13, 14]",0,454474.0
14.139640000000002,"[4, 6, 9, 13, 14]",0,454081.0
14.139630000000002,"[3, 6, 9, 13, 14]",0,453689.0
14.13962,"[2, 6, 9, 13, 14]",0,453296.0
14.139540000000002,"[4, 5, 9, 13, 14]",0,452904.0
14.139530000000002,"[3, 5, 9, 13, 14]",0,452511.0
14.139520000000001,"[2, 5, 9, 13, 14]",0,452119.0
14.139430000000003,"[3, 4, 9, 13, 14]",0,451726.0
14.139420000000001,"[2, 4, 9, 13, 14]",0,451334.0
14.13932,"[2, 3, 9, 13, 14]",0,450942.0
14.13876,"[6, 7, 8, 13, 14]",0,450549.0
14.13875,"[5, 7, 8, 13, 14]",0,450157.0
14.13874,"[4, 7, 8, 13, 14]",0,449764.0
14.13873,"[3, 7, 8, 13, 14]",0,449372.0
14.13872,"[2, 7, 8, 13, 14]",0,448979.0
14.13865,"[5, 6, 8, 13, 14]",0,448587.0
14.13864,"[4, 6, 8, 13, 14]",0,448194.0
14.138630000000001,"[3, 6, 8, 13, 14]",0,447802.0
14.13862,"[2, 6, 8, 13, 14]",0,447409.0
14.13854,"[4, 5, 8, 13, 14]",0,447017.0
14.138530000000001,"[3, 5, 8, 13, 14]",0,446624.0
14.13852,"[2, 5, 8, 13, 14]",0,446232.0
14.138430000000001,"[3, 4, 8, 13, 14]",0,445839.0
14.13842,"[2, 4, 8, 13, 14]",0,445447.0
14.138319999999998,"[2, 3, 8, 13, 14]",0,445055.0
14.13765,"[5, 6, 7, 13, 14]",0,444662.0
14.137640000000001,"[4, 6, 7, 13, 14]",0,444270.0
14.137630000000001,"[3, 6, 7, 13, 14]",0,443877.0
14.13762,"[2, 6, 7, 13, 14]",0,443485.0
14.137540000000001,"[4, 5, 7, 13, 14]",0,443092.0
14.137530000000002,"[3, 5, 7, 13, 14]",0,442700.0
14.13752,"[2, 5, 7, 13, 14]",0,442307.0
14.137430000000002,"[3, 4, 7, 13, 14]",0,441915.0
14.13742,"[2, 4, 7, 13, 14]",0,441522.0
14.137319999999999,"[2, 3, 7, 13, 14]",0,441130.0
14.136540000000002,"[4, 5, 6, 13, 14]",0,440737.0
14.136530000000002,"[3, 5, 6, 13, 14]",0,440345.0
14.13652,"[2, 5, 6, 13, 14]",0,439953.0
14.136430000000002,"[3, 4, 6, 13, 14]",0,439560.0
14.136420000000001,"[2, 4, 6, 13, 14]",0,439168.0
14.13632,"[2, 3, 6, 13, 14]",0,438775.0
14.135430000000003,"[3, 4, 5, 13, 14]",0,438383.0
14.135420000000002,"[2, 4, 5, 13, 14]",0,437990.0
14.13532,"[2, 3, 5, 13, 14]",0,437598.0
14.134319999999999,"[2, 3, 4, 13, 14]",0,437205.0
14.132089999999998,"[9, 10, 11, 12, 14]",0,436813.0
14.132079999999998,"[8, 10, 11, 12, 14]",0,436420.0
14.132069999999997,"[7, 10, 11, 12, 14]",0,436028.0
14.132059999999997,"[6, 10, 11, 12, 14]",0,435635.0
14.132049999999998,"[5, 10, 11, 12, 14]",0,435243.0
14.132039999999998,"[4, 10, 11, 12, 14]",0,434850.0
14.132029999999999,"[3, 10, 11, 12, 14]",0,434458.0
14.132019999999997,"[2, 10, 11, 12, 14]",0,434066.0
14.131979999999999,"[8, 9, 11, 12, 14]",0,433673.0
14.131969999999997,"[7, 9, 11, 12, 14]",0,433281.0
14.131959999999998,"[6, 9, 11, 12, 14]",0,432888.0
14.131949999999998,"[5, 9, 11, 12, 14]",0,432496.0
14.131939999999998,"[4, 9, 11, 12, 14]",0,432103.0
14.131929999999999,"[3, 9, 11, 12, 14]",0,431711.0
14.131919999999997,"[2, 9, 11, 12, 14]",0,431318.0
14.131869999999997,"[7, 8, 11, 12, 14]",0,430926.0
14.131859999999998,"[6, 8, 11, 12, 14]",0,430533.0
14.131849999999998,"[5, 8, 11, 12, 14]",0,430141.0
14.131839999999999,"[4, 8, 11, 12, 14]",0,429748.0
14.131829999999999,"[3, 8, 11, 12, 14]",0,429356.0
14.131819999999998,"[2, 8, 11, 12, 14]",0,428964.0
14.131759999999998,"[6, 7, 11, 12, 14]",0,428571.0
14.131749999999998,"[5, 7, 11, 12, 14]",0,428179.0
14.131739999999999,"[4, 7, 11, 12, 14]",0,427786.0
14.13173,"[3, 7, 11, 12, 14]",0,427394.0
14.131719999999998,"[2, 7, 11, 12, 14]",0,427001.0
14.131649999999999,"[5, 6, 11, 12, 14]",0,426609.0
14.131639999999999,"[4, 6, 11, 12, 14]",0,426216.0
14.13163,"[3, 6, 11, 12, 14]",0,425824.0
14.131619999999998,"[2, 6, 11, 12, 14]",0,425431.0
14.13154,"[4, 5, 11, 12, 14]",0,425039.0
14.13153,"[3, 5, 11, 12, 14]",0,424646.0
14.131519999999998,"[2, 5, 11, 12, 14]",0,424254.0
14.13143,"[3, 4, 11, 12, 14]",0,423861.0
14.131419999999999,"[2, 4, 11, 12, 14]",0,423469.0
14.131319999999997,"[2, 3, 11, 12, 14]",0,423077.0
14.13098,"[8, 9, 10, 12, 14]",0,422684.0
14.130969999999998,"[7, 9, 10, 12, 14]",0,422292.0
14.130959999999998,"[6, 9, 10, 12, 14]",0,421899.0
14.130949999999999,"[5, 9, 10, 12, 14]",0,421507.0
14.130939999999999,"[4, 9, 10, 12, 14]",0,421114.0
14.13093,"[3, 9, 10, 12, 14]",0,420722.0
14.130919999999998,"[2, 9, 10, 12, 14]",0,420329.0
14.130869999999998,"[7, 8, 10, 12, 14]",0,419937.0
14.130859999999998,"[6, 8, 10, 12, 14]",0,419544.0
14.130849999999999,"[5, 8, 10, 12, 14]",0,419152.0
14.13084,"[4, 8, 10, 12, 14]",0,418759.0
14.13083,"[3, 8, 10, 12, 14]",0,418367.0
14.130819999999998,"[2, 8, 10, 12, 14]",0,417974.0
14.130759999999999,"[6, 7, 10, 12, 14]",0,417582.0
14.130749999999999,"[5, 7, 10, 12, 14]",0,417190.0
14.13074,"[4, 7, 10, 12, 14]",0,416797.0
14.13073,"[3, 7, 10, 12, 14]",0,416405.0
14.130719999999998,"[2, 7, 10, 12, 14]",0,416012.0
14.13065,"[5, 6, 10, 12, 14]",0,415620.0
14.13064,"[4, 6, 10, 12, 14]",0,415227.0
14.13063,"[3, 6, 10, 12, 14]",0,414835.0
14.130619999999999,"[2, 6, 10, 12, 14]",0,414442.0
14.13054,"[4, 5, 10, 12, 14]",0,414050.0
14.13053,"[3, 5, 10, 12, 14]",0,413657.0
14.130519999999999,"[2, 5, 10, 12, 14]",0,413265.0
14.13043,"[3, 4, 10, 12, 14]",0,412872.0
14.130419999999999,"[2, 4, 10, 12, 14]",0,412480.0
14.130319999999998,"[2, 3, 10, 12, 14]",0,412088.0
14.129869999999999,"[7, 8, 9, 12, 14]",0,411695.0
14.129859999999999,"[6, 8, 9, 12, 14]",0,411303.0
14.12985,"[5, 8, 9, 12, 14]",0,410910.0
14.12984,"[4, 8, 9, 12, 14]",0,410518.0
14.12983,"[3, 8, 9, 12, 14]",0,410125.0
14.129819999999999,"[2, 8, 9, 12, 14]",0,409733.0
14.12976,"[6, 7, 9, 12, 14]",0,409340.0
14.12975,"[5, 7, 9, 12, 14]",0,408948.0
14.12974,"[4, 7, 9, 12, 14]",0,408555.0
14.12973,"[3, 7, 9, 12, 14]",0,408163.0
14.129719999999999,"[2, 7, 9, 12, 14]",0,407770.0
14.12965,"[5, 6, 9, 12, 14]",0,407378.0
14.12964,"[4, 6, 9, 12, 14]",0,406985.0
14.12963,"[3, 6, 9, 12, 14]",0,406593.0
14.12962,"[2, 6, 9, 12, 14]",0,406201.0
14.12954,"[4, 5, 9, 12, 14]",0,405808.0
14.12953,"[3, 5, 9, 12, 14]",0,405416.0
14.12952,"[2, 5, 9, 12, 14]",0,405023.0
14.129430000000001,"[3, 4, 9, 12, 14]",0,404631.0
14.12942,"[2, 4, 9, 12, 14]",0,404238.0
14.129319999999998,"[2, 3, 9, 12, 14]",0,403846.0
14.128759999999998,"[6, 7, 8, 12, 14]",0,403453.0
14.128749999999998,"[5, 7, 8, 12, 14]",0,403061.0
14.128739999999999,"[4, 7, 8, 12, 14]",0,402668.0
14.12873,"[3, 7, 8, 12, 14]",0,402276.0
14.128719999999998,"[2, 7, 8, 12, 14]",0,401883.0
14.128649999999999,"[5, 6, 8, 12, 14]",0,401491.0
14.128639999999999,"[4, 6, 8, 12, 14]",0,401099.0
14.12863,"[3, 6, 8, 12, 14]",0,400706.0
14.128619999999998,"[2, 6, 8, 12, 14]",0,400314.0
14.12854,"[4, 5, 8, 12, 14]",0,399921.0
14.12853,"[3, 5, 8, 12, 14]",0,399529.0
14.128519999999998,"[2, 5, 8, 12, 14]",0,399136.0
14.12843,"[3, 4, 8, 12, 14]",0,398744.0
14.128419999999998,"[2, 4, 8, 12, 14]",0,398351.0
14.128319999999997,"[2, 3, 8, 12, 14]",0,397959.0
14.12765,"[5, 6, 7, 12, 14]",0,397566.0
14.12764,"[4, 6, 7, 12, 14]",0,397174.0
14.12763,"[3, 6, 7, 12, 14]",0,396781.0
14.127619999999999,"[2, 6, 7, 12, 14]",0,396389.0
14.12754,"[4, 5, 7, 12, 14]",0,395996.0
14.12753,"[3, 5, 7, 12, 14]",0,395604.0
14.127519999999999,"[2, 5, 7, 12, 14]",0,395212.0
14.12743,"[3, 4, 7, 12, 14]",0,394819.0
14.127419999999999,"[2, 4, 7, 12, 14]",0,394427.0
14.127319999999997,"[2, 3, 7, 12, 14]",0,394034.0
14.12654,"[4, 5, 6, 12, 14]",0,393642.0
14.12653,"[3, 5, 6, 12, 14]",0,393249.0
14.12652,"[2, 5, 6, 12, 14]",0,392857.0
14.126430000000001,"[3, 4, 6, 12, 14]",0,392464.0
14.12642,"[2, 4, 6, 12, 14]",0,392072.0
14.126319999999998,"[2, 3, 6, 12, 14]",0,391679.0
14.125430000000001,"[3, 4, 5, 12, 14]",0,391287.0
14.12542,"[2, 4, 5, 12, 14]",0,390894.0
14.125319999999999,"[2, 3, 5, 12, 14]",0,390502.0
14.124319999999997,"[2, 3, 4, 12, 14]",0,390110.0
14.12098,"[8, 9, 10, 11, 14]",0,389717.0
14.120969999999998,"[7, 9, 10, 11, 14]",0,389325.0
14.120959999999998,"[6, 9, 10, 11, 14]",0,388932.0
14.120949999999999,"[5, 9, 10, 11, 14]",0,388540.0
14.12094,"[4, 9, 10, 11, 14]",0,388147.0
14.12093,"[3, 9, 10, 11, 14]",0,387755.0
14.120919999999998,"[2, 9, 10, 11, 14]",0,387362.0
14.120869999999998,"[7, 8, 10, 11, 14]",0,386970.0
14.120859999999999,"[6, 8, 10, 11, 14]",0,386577.0
14.120849999999999,"[5, 8, 10, 11, 14]",0,386185.0
14.12084,"[4, 8, 10, 11, 14]",0,385792.0
14.12083,"[3, 8, 10, 11, 14]",0,385400.0
14.120819999999998,"[2, 8, 10, 11, 14]",0,385007.0
14.120759999999999,"[6, 7, 10, 11, 14]",0,384615.0
14.12075,"[5, 7, 10, 11, 14]",0,384223.0
14.12074,"[4, 7, 10, 11, 14]",0,383830.0
14.12073,"[3, 7, 10, 11, 14]",0,383438.0
14.120719999999999,"[2, 7, 10, 11, 14]",0,383045.0
14.12065,"[5, 6, 10, 11, 14]",0,382653.0
14.12064,"[4, 6, 10, 11, 14]",0,382260.0
14.12063,"[3, 6, 10, 11, 14]",0,381868.0
14.120619999999999,"[2, 6, 10, 11, 14]",0,381475.0
14.12054,"[4, 5, 10, 11, 14]",0,381083.0
14.12053,"[3, 5, 10, 11, 14]",0,380690.0
14.120519999999999,"[2, 5, 10, 11, 14]",0,380298.0
14.12043,"[3, 4, 10, 11, 14]",0,379905.0
14.12042,"[2, 4, 10, 11, 14]",0,379513.0
14.120319999999998,"[2, 3, 10, 11, 14]",0,379120.0
14.119869999999999,"[7, 8, 9, 11, 14]",0,378728.0
14.11986,"[6, 8, 9, 11, 14]",0,378336.0
14.11985,"[5, 8, 9, 11, 14]",0,377943.0
14.11984,"[4, 8, 9, 11, 14]",0,377551.0
14.11983,"[3, 8, 9, 11, 14]",0,377158.0
14.119819999999999,"[2, 8, 9, 11, 14]",0,376766.0
14.11976,"[6, 7, 9, 11, 14]",0,376373.0
14.11975,"[5, 7, 9, 11, 14]",0,375981.0
14.11974,"[4, 7, 9, 11, 14]",0,375588.0
14.11973,"[3, 7, 9, 11, 14]",0,375196.0
14.11972,"[2, 7, 9, 11, 14]",0,374803.0
14.11965,"[5, 6, 9, 11, 14]",0,374411.0
14.11964,"[4, 6, 9, 11, 14]",0,374018.0
14.11963,"[3, 6, 9, 11, 14]",0,373626.0
14.11962,"[2, 6, 9, 11, 14]",0,373234.0
14.11954,"[4, 5, 9, 11, 14]",0,372841.0
14.119530000000001,"[3, 5, 9, 11, 14]",0,372449.0
14.11952,"[2, 5, 9, 11, 14]",0,372056.0
14.119430000000001,"[3, 4, 9, 11, 14]",0,371664.0
14.11942,"[2, 4, 9, 11, 14]",0,371271.0
14.119319999999998,"[2, 3, 9, 11, 14]",0,370879.0
14.118759999999998,"[6, 7, 8, 11, 14]",0,370486.0
14.118749999999999,"[5, 7, 8, 11, 14]",0,370094.0
14.118739999999999,"[4, 7, 8, 11, 14]",0,369701.0
14.11873,"[3, 7, 8, 11, 14]",0,369309.0
14.118719999999998,"[2, 7, 8, 11, 14]",0,368916.0
14.118649999999999,"[5, 6, 8, 11, 14]",0,368524.0
14.11864,"[4, 6, 8, 11, 14]",0,368131.0
14.11863,"[3, 6, 8, 11, 14]",0,367739.0
14.118619999999998,"[2, 6, 8, 11, 14]",0,367347.0
14.11854,"[4, 5, 8, 11, 14]",0,366954.0
14.11853,"[3, 5, 8, 11, 14]",0,366562.0
14.118519999999998,"[2, 5, 8, 11, 14]",0,366169.0
14.11843,"[3, 4, 8, 11, 14]",0,365777.0
14.118419999999999,"[2, 4, 8, 11, 14]",0,365384.0
14.118319999999997,"[2, 3, 8, 11, 14]",0,364992.0
14.11765,"[5, 6, 7, 11, 14]",0,364599.0
14.11764,"[4, 6, 7, 11, 14]",0,364207.0
14.11763,"[3, 6, 7, 11, 14]",0,363814.0
14.117619999999999,"[2, 6, 7, 11, 14]",0,363422.0
14.11754,"[4, 5, 7, 11, 14]",0,363029.0
14.11753,"[3, 5, 7, 11, 14]",0,362637.0
14.117519999999999,"[2, 5, 7, 11, 14]",0,362245.0
14.11743,"[3, 4, 7, 11, 14]",0,361852.0
14.11742,"[2, 4, 7, 11, 14]",0,361460.0
14.117319999999998,"[2, 3, 7, 11, 14]",0,361067.0
14.11654,"[4, 5, 6, 11, 14]",0,360675.0
14.116530000000001,"[3, 5, 6, 11, 14]",0,360282.0
14.11652,"[2, 5, 6, 11, 14]",0,359890.0
14.116430000000001,"[3, 4, 6, 11, 14]",0,359497.0
14.11642,"[2, 4, 6, 11, 14]",0,359105.0
14.116319999999998,"[2, 3, 6, 11, 14]",0,358712.0
14.115430000000002,"[3, 4, 5, 11, 14]",0,358320.0
14.11542,"[2, 4, 5, 11, 14]",0,357927.0
14.115319999999999,"[2, 3, 5, 11, 14]",0,357535.0
14.114319999999998,"[2, 3, 4, 11, 14]",0,357142.0
14.109869999999999,"[7, 8, 9, 10, 14]",0,356750.0
14.10986,"[6, 8, 9, 10, 14]",0,356358.0
14.10985,"[5, 8, 9, 10, 14]",0,355965.0
14.10984,"[4, 8, 9, 10, 14]",0,355573.0
14.10983,"[3, 8, 9, 10, 14]",0,355180.0
14.10982,"[2, 8, 9, 10, 14]",0,354788.0
14.10976,"[6, 7, 9, 10, 14]",0,354395.0
14.10975,"[5, 7, 9, 10, 14]",0,354003.0
14.10974,"[4, 7, 9, 10, 14]",0,353610.0
14.10973,"[3, 7, 9, 10, 14]",0,353218.0
14.10972,"[2, 7, 9, 10, 14]",0,352825.0
14.10965,"[5, 6, 9, 10, 14]",0,352433.0
14.10964,"[4, 6, 9, 10, 14]",0,352040.0
14.109630000000001,"[3, 6, 9, 10, 14]",0,351648.0
14.10962,"[2, 6, 9, 10, 14]",0,351256.0
14.10954,"[4, 5, 9, 10, 14]",0,350863.0
14.109530000000001,"[3, 5, 9, 10, 14]",0,350471.0
14.10952,"[2, 5, 9, 10, 14]",0,350078.0
14.109430000000001,"[3, 4, 9, 10, 14]",0,349686.0
14.10942,"[2, 4, 9, 10, 14]",0,349293.0
14.109319999999999,"[2, 3, 9, 10, 14]",0,348901.0
14.108759999999998,"[6, 7, 8, 10, 14]",0,348508.0
14.108749999999999,"[5, 7, 8, 10, 14]",0,348116.0
14.10874,"[4, 7, 8, 10, 14]",0,347723.0
14.10873,"[3, 7, 8, 10, 14]",0,347331.0
14.108719999999998,"[2, 7, 8, 10, 14]",0,346938.0
14.108649999999999,"[5, 6, 8, 10, 14]",0,346546.0
14.10864,"[4, 6, 8, 10, 14]",0,346153.0
14.10863,"[3, 6, 8, 10, 14]",0,345761.0
14.108619999999998,"[2, 6, 8, 10, 14]",0,345369.0
14.10854,"[4, 5, 8, 10, 14]",0,344976.0
14.10853,"[3, 5, 8, 10, 14]",0,344584.0
14.108519999999999,"[2, 5, 8, 10, 14]",0,344191.0
14.10843,"[3, 4, 8, 10, 14]",0,343799.0
14.108419999999999,"[2, 4, 8, 10, 14]",0,343406.0
14.108319999999997,"[2, 3, 8, 10, 14]",0,343014.0
14.10765,"[5, 6, 7, 10, 14]",0,342621.0
14.10764,"[4, 6, 7, 10, 14]",0,342229.0
14.10763,"[3, 6, 7, 10, 14]",0,341836.0
14.107619999999999,"[2, 6, 7, 10, 14]",0,341444.0
14.10754,"[4, 5, 7, 10, 14]",0,341051.0
14.10753,"[3, 5, 7, 10, 14]",0,340659.0
14.10752,"[2, 5, 7, 10, 14]",0,340266.0
14.10743,"[3, 4, 7, 10, 14]",0,339874.0
14.10742,"[2, 4, 7, 10, 14]",0,339482.0
14.107319999999998,"[2, 3, 7, 10, 14]",0,339089.0
14.10654,"[4, 5, 6, 10, 14]",0,338697.0
14.106530000000001,"[3, 5, 6, 10, 14]",0,338304.0
14.10652,"[2, 5, 6, 10, 14]",0,337912.0
14.106430000000001,"[3, 4, 6, 10, 14]",0,337519.0
14.10642,"[2, 4, 6, 10, 14]",0,337127.0
14.106319999999998,"[2, 3, 6, 10, 14]",0,336734.0
14.105430000000002,"[3, 4, 5, 10, 14]",0,336342.0
14.10542,"[2, 4, 5, 10, 14]",0,335949.0
14.105319999999999,"[2, 3, 5, 10, 14]",0,335557.0
14.104319999999998,"[2, 3, 4, 10, 14]",0,335164.0
14.098759999999999,"[6, 7, 8, 9, 14]",0,334772.0
14.098749999999999,"[5, 7, 8, 9, 14]",0,334380.0
14.09874,"[4, 7, 8, 9, 14]",0,333987.0
14.09873,"[3, 7, 8, 9, 14]",0,333595.0
14.098719999999998,"[2, 7, 8, 9, 14]",0,333202.0
14.09865,"[5, 6, 8, 9, 14]",0,332810.0
14.09864,"[4, 6, 8, 9, 14]",0,332417.0
14.09863,"[3, 6, 8, 9, 14]",0,332025.0
14.098619999999999,"[2, 6, 8, 9, 14]",0,331632.0
14.09854,"[4, 5, 8, 9, 14]",0,331240.0
14.09853,"[3, 5, 8, 9, 14]",0,330847.0
14.098519999999999,"[2, 5, 8, 9, 14]",0,330455.0
14.09843,"[3, 4, 8, 9, 14]",0,330062.0
14.098419999999999,"[2, 4, 8, 9, 14]",0,329670.0
14.098319999999998,"[2, 3, 8, 9, 14]",0,329277.0
14.09765,"[5, 6, 7, 9, 14]",0,328885.0
14.09764,"[4, 6, 7, 9, 14]",0,328493.0
14.09763,"[3, 6, 7, 9, 14]",0,328100.0
14.09762,"[2, 6, 7, 9, 14]",0,327708.0
14.09754,"[4, 5, 7, 9, 14]",0,327315.0
14.09753,"[3, 5, 7, 9, 14]",0,326923.0
14.09752,"[2, 5, 7, 9, 14]",0,326530.0
14.097430000000001,"[3, 4, 7, 9, 14]",0,326138.0
14.09742,"[2, 4, 7, 9, 14]",0,325745.0
14.097319999999998,"[2, 3, 7, 9, 14]",0,325353.0
14.096540000000001,"[4, 5, 6, 9, 14]",0,324960.0
14.096530000000001,"[3, 5, 6, 9, 14]",0,324568.0
14.09652,"[2, 5, 6, 9, 14]",0,324175.0
14.096430000000002,"[3, 4, 6, 9, 14]",0,323783.0
14.09642,"[2, 4, 6, 9, 14]",0,323391.0
14.096319999999999,"[2, 3, 6, 9, 14]",0,322998.0
14.095430000000002,"[3, 4, 5, 9, 14]",0,322606.0
14.09542,"[2, 4, 5, 9, 14]",0,322213.0
14.09532,"[2, 3, 5, 9, 14]",0,321821.0
14.094319999999998,"[2, 3, 4, 9, 14]",0,321428.0
14.08765,"[5, 6, 7, 8, 14]",0,321036.0
14.08764,"[4, 6, 7, 8, 14]",0,320643.0
14.08763,"[3, 6, 7, 8, 14]",0,320251.0
14.08762,"[2, 6, 7, 8, 14]",0,319858.0
14.08754,"[4, 5, 7, 8, 14]",0,319466.0
14.087530000000001,"[3, 5, 7, 8, 14]",0,319073.0
14.08752,"[2, 5, 7, 8, 14]",0,318681.0
14.087430000000001,"[3, 4, 7, 8, 14]",0,318288.0
14.08742,"[2, 4, 7, 8, 14]",0,317896.0
14.087319999999998,"[2, 3, 7, 8, 14]",0,317504.0
14.086540000000001,"[4, 5, 6, 8, 14]",0,317111.0
14.086530000000002,"[3, 5, 6, 8, 14]",0,316719.0
14.08652,"[2, 5, 6, 8, 14]",0,316326.0
14.086430000000002,"[3, 4, 6, 8, 14]",0,315934.0
14.08642,"[2, 4, 6, 8, 14]",0,315541.0
14.086319999999999,"[2, 3, 6, 8, 14]",0,315149.0
14.085430000000002,"[3, 4, 5, 8, 14]",0,314756.0
14.085420000000001,"[2, 4, 5, 8, 14]",0,314364.0
14.08532,"[2, 3, 5, 8, 14]",0,313971.0
14.084319999999998,"[2, 3, 4, 8, 14]",0,313579.0
14.076540000000001,"[4, 5, 6, 7, 14]",0,313186.0
14.076530000000002,"[3, 5, 6, 7, 14]",0,312794.0
14.07652,"[2, 5, 6, 7, 14]",0,312401.0
14.076430000000002,"[3, 4, 6, 7, 14]",0,312009.0
14.07642,"[2, 4, 6, 7, 14]",0,311617.0
14.076319999999999,"[2, 3, 6, 7, 14]",0,311224.0
14.075430000000003,"[3, 4, 5, 7, 14]",0,310832.0
14.075420000000001,"[2, 4, 5, 7, 14]",0,310439.0
14.07532,"[2, 3, 5, 7, 14]",0,310047.0
14.074319999999998,"[2, 3, 4, 7, 14]",0,309654.0
14.065430000000003,"[3, 4, 5, 6, 14]",0,309262.0
14.065420000000001,"[2, 4, 5, 6, 14]",0,308869.0
14.06532,"[2, 3, 5, 6, 14]",0,308477.0
14.064319999999999,"[2, 3, 4, 6, 14]",0,308084.0
13.132079999999998,"[8, 10, 11, 12, 13]",0,307692.0
13.132069999999997,"[7, 10, 11, 12, 13]",0,307299.0
13.132059999999997,"[6, 10, 11, 12, 13]",0,306907.0
13.132049999999998,"[5, 10, 11, 12, 13]",0,306515.0
13.132039999999998,"[4, 10, 11, 12, 13]",0,306122.0
13.132029999999999,"[3, 10, 11, 12, 13]",0,305730.0
13.132019999999997,"[2, 10, 11, 12, 13]",0,305337.0
13.131979999999999,"[8, 9, 11, 12, 13]",0,304945.0
13.131969999999997,"[7, 9, 11, 12, 13]",0,304552.0
13.131959999999998,"[6, 9, 11, 12, 13]",0,304160.0
13.131949999999998,"[5, 9, 11, 12, 13]",0,303767.0
13.131939999999998,"[4, 9, 11, 12, 13]",0,303375.0
13.131929999999999,"[3, 9, 11, 12, 13]",0,302982.0
13.131919999999997,"[2, 9, 11, 12, 13]",0,302590.0
13.131869999999997,"[7, 8, 11, 12, 13]",0,302197.0
13.131859999999998,"[6, 8, 11, 12, 13]",0,301805.0
13.131849999999998,"[5, 8, 11, 12, 13]",0,301412.0
13.131839999999999,"[4, 8, 11, 12, 13]",0,301020.0
13.131829999999999,"[3, 8, 11, 12, 13]",0,300628.0
13.131819999999998,"[2, 8, 11, 12, 13]",0,300235.0
13.131759999999998,"[6, 7, 11, 12, 13]",0,299843.0
13.131749999999998,"[5, 7, 11, 12, 13]",0,299450.0
13.131739999999999,"[4, 7, 11, 12, 13]",0,299058.0
13.13173,"[3, 7, 11, 12, 13]",0,298665.0
13.131719999999998,"[2, 7, 11, 12, 13]",0,298273.0
13.131649999999999,"[5, 6, 11, 12, 13]",0,297880.0
13.131639999999999,"[4, 6, 11, 12, 13]",0,297488.0
13.13163,"[3, 6, 11, 12, 13]",0,297095.0
13.131619999999998,"[2, 6, 11, 12, 13]",0,296703.0
13.13154,"[4, 5, 11, 12, 13]",0,296310.0
13.13153,"[3, 5, 11, 12, 13]",0,295918.0
13.131519999999998,"[2, 5, 11, 12, 13]",0,295526.0
13.13143,"[3, 4, 11, 12, 13]",0,295133.0
13.131419999999999,"[2, 4, 11, 12, 13]",0,294741.0
13.131319999999997,"[2, 3, 11, 12, 13]",0,294348.0
13.13098,"[8, 9, 10, 12, 13]",0,293956.0
13.130969999999998,"[7, 9, 10, 12, 13]",0,293563.0
13.130959999999998,"[6, 9, 10, 12, 13]",0,293171.0
13.130949999999999,"[5, 9, 10, 12, 13]",0,292778.0
13.130939999999999,"[4, 9, 10, 12, 13]",0,292386.0
13.13093,"[3, 9, 10, 12, 13]",0,291993.0
13.130919999999998,"[2, 9, 10, 12, 13]",0,291601.0
13.130869999999998,"[7, 8, 10, 12, 13]",0,291208.0
13.130859999999998,"[6, 8, 10, 12, 13]",0,290816.0
13.130849999999999,"[5, 8, 10, 12, 13]",0,290423.0
13.13084,"[4, 8, 10, 12, 13]",0,290031.0
13.13083,"[3, 8, 10, 12, 13]",0,289639.0
13.130819999999998,"[2, 8, 10, 12, 13]",0,289246.0
13.130759999999999,"[6, 7, 10, 12, 13]",0,288854.0
13.130749999999999,"[5, 7, 10, 12, 13]",0,288461.0
13.13074,"[4, 7, 10, 12, 13]",0,288069.0
13.13073,"[3, 7, 10, 12, 13]",0,287676.0
13.130719999999998,"[2, 7, 10, 12, 13]",0,287284.0
13.13065,"[5, 6, 10, 12, 13]",0,286891.0
13.13064,"[4, 6, 10, 12, 13]",0,286499.0
13.13063,"[3, 6, 10, 12, 13]",0,286106.0
13.130619999999999,"[2, 6, 10, 12, 13]",0,285714.0
13.13054,"[4, 5, 10, 12, 13]",0,285321.0
13.13053,"[3, 5, 10, 12, 13]",0,284929.0
13.130519999999999,"[2, 5, 10, 12, 13]",0,284537.0
13.13043,"[3, 4, 10, 12, 13]",0,284144.0
13.130419999999999,"[2, 4, 10, 12, 13]",0,283752.0
13.130319999999998,"[2, 3, 10, 12, 13]",0,283359.0
13.129869999999999,"[7, 8, 9, 12, 13]",0,282967.0
13.129859999999999,"[6, 8, 9, 12, 13]",0,282574.0
13.12985,"[5, 8, 9, 12, 13]",0,282182.0
13.12984,"[4, 8, 9, 12, 13]",0,281789.0
13.12983,"[3, 8, 9, 12, 13]",0,281397.0
13.129819999999999,"[2, 8, 9, 12, 13]",0,281004.0
13.12976,"[6, 7, 9, 12, 13]",0,280612.0
13.12975,"[5, 7, 9, 12, 13]",0,280219.0
13.12974,"[4, 7, 9, 12, 13]",0,279827.0
13.12973,"[3, 7, 9, 12, 13]",0,279434.0
13.129719999999999,"[2, 7, 9, 12, 13]",0,279042.0
13.12965,"[5, 6, 9, 12, 13]",0,278650.0
13.12964,"[4, 6, 9, 12, 13]",0,278257.0
13.12963,"[3, 6, 9, 12, 13]",0,277865.0
13.12962,"[2, 6, 9, 12, 13]",0,277472.0
13.12954,"[4, 5, 9, 12, 13]",0,277080.0
13.12953,"[3, 5, 9, 12, 13]",0,276687.0
13.12952,"[2, 5, 9, 12, 13]",0,276295.0
13.129430000000001,"[3, 4, 9, 12, 13]",0,275902.0
13.12942,"[2, 4, 9, 12, 13]",0,275510.0
13.129319999999998,"[2, 3, 9, 12, 13]",0,275117.0
13.128759999999998,"[6, 7, 8, 12, 13]",0,274725.0
13.128749999999998,"[5, 7, 8, 12, 13]",0,274332.0
13.128739999999999,"[4, 7, 8, 12, 13]",0,273940.0
13.12873,"[3, 7, 8, 12, 13]",0,273547.0
13.128719999999998,"[2, 7, 8, 12, 13]",0,273155.0
13.128649999999999,"[5, 6, 8, 12, 13]",0,272763.0
13.128639999999999,"[4, 6, 8, 12, 13]",0,272370.0
13.12863,"[3, 6, 8, 12, 13]",0,271978.0
13.128619999999998,"[2, 6, 8, 12, 13]",0,271585.0
13.12854,"[4, 5, 8, 12, 13]",0,271193.0
13.12853,"[3, 5, 8, 12, 13]",0,270800.0
13.128519999999998,"[2, 5, 8, 12, 13]",0,270408.0
13.12843,"[3, 4, 8, 12, 13]",0,270015.0
13.128419999999998,"[2, 4, 8, 12, 13]",0,269623.0
13.128319999999997,"[2, 3, 8, 12, 13]",0,269230.0
13.12765,"[5, 6, 7, 12, 13]",0,268838.0
13.12764,"[4, 6, 7, 12, 13]",0,268445.0
13.12763,"[3, 6, 7, 12, 13]",0,268053.0
13.127619999999999,"[2, 6, 7, 12, 13]",0,267661.0
13.12754,"[4, 5, 7, 12, 13]",0,267268.0
13.12753,"[3, 5, 7, 12, 13]",0,266876.0
13.127519999999999,"[2, 5, 7, 12, 13]",0,266483.0
13.12743,"[3, 4, 7, 12, 13]",0,266091.0
13.127419999999999,"[2, 4, 7, 12, 13]",0,265698.0
13.127319999999997,"[2, 3, 7, 12, 13]",0,265306.0
13.12654,"[4, 5, 6, 12, 13]",0,264913.0
13.12653,"[3, 5, 6, 12, 13]",0,264521.0
13.12652,"[2, 5, 6, 12, 13]",0,264128.0
13.126430000000001,"[3, 4, 6, 12, 13]",0,263736.0
13.12642,"[2, 4, 6, 12, 13]",0,263343.0
13.126319999999998,"[2, 3, 6, 12, 13]",0,262951.0
13.125430000000001,"[3, 4, 5, 12, 13]",0,262558.0
13.12542,"[2, 4, 5, 12, 13]",0,262166.0
13.125319999999999,"[2, 3, 5, 12, 13]",0,261774.0
13.124319999999997,"[2, 3, 4, 12, 13]",0,261381.0
13.12098,"[8, 9, 10, 11, 13]",0,260989.0
13.120969999999998,"[7, 9, 10, 11, 13]",0,260596.0
13.120959999999998,"[6, 9, 10, 11, 13]",0,260204.0
13.120949999999999,"[5, 9, 10, 11, 13]",0,259811.0
13.12094,"[4, 9, 10, 11, 13]",0,259419.0
13.12093,"[3, 9, 10, 11, 13]",0,259026.0
13.120919999999998,"[2, 9, 10, 11, 13]",0,258634.0
13.120869999999998,"[7, 8, 10, 11, 13]",0,258241.0
13.120859999999999,"[6, 8, 10, 11, 13]",0,257849.0
13.120849999999999,"[5, 8, 10, 11, 13]",0,257456.0
13.12084,"[4, 8, 10, 11, 13]",0,257064.0
13.12083,"[3, 8, 10, 11, 13]",0,256672.0
13.120819999999998,"[2, 8, 10, 11, 13]",0,256279.0
13.120759999999999,"[6, 7, 10, 11, 13]",0,255887.0
13.12075,"[5, 7, 10, 11, 13]",0,255494.0
13.12074,"[4, 7, 10, 11, 13]",0,255102.0
13.12073,"[3, 7, 10, 11, 13]",0,254709.0
13.120719999999999,"[2, 7, 10, 11, 13]",0,254317.0
13.12065,"[5, 6, 10, 11, 13]",0,253924.0
13.12064,"[4, 6, 10, 11, 13]",0,253532.0
13.12063,"[3, 6, 10, 11, 13]",0,253139.0
13.120619999999999,"[2, 6, 10, 11, 13]",0,252747.0
13.12054,"[4, 5, 10, 11, 13]",0,252354.0
13.12053,"[3, 5, 10, 11, 13]",0,251962.0
13.120519999999999,"[2, 5, 10, 11, 13]",0,251569.0
13.12043,"[3, 4, 10, 11, 13]",0,251177.0
13.12042,"[2, 4, 10, 11, 13]",0,250785.0
13.120319999999998,"[2, 3, 10, 11, 13]",0,250392.0
13.119869999999999,"[7, 8, 9, 11, 13]",0,250000.0
13.11986,"[6, 8, 9, 11, 13]",0,249607.0
13.11985,"[5, 8, 9, 11, 13]",0,249215.0
13.11984,"[4, 8, 9, 11, 13]",0,248822.0
13.11983,"[3, 8, 9, 11, 13]",0,248430.0
13.119819999999999,"[2, 8, 9, 11, 13]",0,248037.0
13.11976,"[6, 7, 9, 11, 13]",0,247645.0
13.11975,"[5, 7, 9, 11, 13]",0,247252.0
13.11974,"[4, 7, 9, 11, 13]",0,246860.0
13.11973,"[3, 7, 9, 11, 13]",0,246467.0
13.11972,"[2, 7, 9, 11, 13]",0,246075.0
13.11965,"[5, 6, 9, 11, 13]",0,245683.0
13.11964,"[4, 6, 9, 11, 13]",0,245290.0
13.11963,"[3, 6, 9, 11, 13]",0,244898.0
13.11962,"[2, 6, 9, 11, 13]",0,244505.0
13.11954,"[4, 5, 9, 11, 13]",0,244113.0
13.119530000000001,"[3, 5, 9, 11, 13]",0,243720.0
13.11952,"[2, 5, 9, 11, 13]",0,243328.0
13.119430000000001,"[3, 4, 9, 11, 13]",0,242935.0
13.11942,"[2, 4, 9, 11, 13]",0,242543.0
13.119319999999998,"[2, 3, 9, 11, 13]",0,242150.0
13.118759999999998,"[6, 7, 8, 11, 13]",0,241758.0
13.118749999999999,"[5, 7, 8, 11, 13]",0,241365.0
13.118739999999999,"[4, 7, 8, 11, 13]",0,240973.0
13.11873,"[3, 7, 8, 11, 13]",0,240580.0
13.118719999999998,"[2, 7, 8, 11, 13]",0,240188.0
13.118649999999999,"[5, 6, 8, 11, 13]",0,239796.0
13.11864,"[4, 6, 8, 11, 13]",0,239403.0
13.11863,"[3, 6, 8, 11, 13]",0,239011.0
13.118619999999998,"[2, 6, 8, 11, 13]",0,238618.0
13.11854,"[4, 5, 8, 11, 13]",0,238226.0
13.11853,"[3, 5, 8, 11, 13]",0,237833.0
13.118519999999998,"[2, 5, 8, 11, 13]",0,237441.0
13.11843,"[3, 4, 8, 11, 13]",0,237048.0
13.118419999999999,"[2, 4, 8, 11, 13]",0,236656.0
13.118319999999997,"[2, 3, 8, 11, 13]",0,236263.0
13.11765,"[5, 6, 7, 11, 13]",0,235871.0
13.11764,"[4, 6, 7, 11, 13]",0,235478.0
13.11763,"[3, 6, 7, 11, 13]",0,235086.0
13.117619999999999,"[2, 6, 7, 11, 13]",0,234693.0
13.11754,"[4, 5, 7, 11, 13]",0,234301.0
13.11753,"[3, 5, 7, 11, 13]",0,233909.0
13.117519999999999,"[2, 5, 7, 11, 13]",0,233516.0
13.11743,"[3, 4, 7, 11, 13]",0,233124.0
13.11742,"[2, 4, 7, 11, 13]",0,232731.0
13.117319999999998,"[2, 3, 7, 11, 13]",0,232339.0
13.11654,"[4, 5, 6, 11, 13]",0,231946.0
13.116530000000001,"[3, 5, 6, 11, 13]",0,231554.0
13.11652,"[2, 5, 6, 11, 13]",0,231161.0
13.116430000000001,"[3, 4, 6, 11, 13]",0,230769.0
13.11642,"[2, 4, 6, 11, 13]",0,230376.0
13.116319999999998,"[2, 3, 6, 11, 13]",0,229984.0
13.115430000000002,"[3, 4, 5, 11, 13]",0,229591.0
13.11542,"[2, 4, 5, 11, 13]",0,229199.0
13.115319999999999,"[2, 3, 5, 11, 13]",0,228807.0
13.114319999999998,"[2, 3, 4, 11, 13]",0,228414.0
13.109869999999999,"[7, 8, 9, 10, 13]",0,228022.0
13.10986,"[6, 8, 9, 10, 13]",0,227629.0
13.10985,"[5, 8, 9, 10, 13]",0,227237.0
13.10984,"[4, 8, 9, 10, 13]",0,226844.0
13.10983,"[3, 8, 9, 10, 13]",0,226452.0
13.10982,"[2, 8, 9, 10, 13]",0,226059.0
13.10976,"[6, 7, 9, 10, 13]",0,225667.0
13.10975,"[5, 7, 9, 10, 13]",0,225274.0
13.10974,"[4, 7, 9, 10, 13]",0,224882.0
13.10973,"[3, 7, 9, 10, 13]",0,224489.0
13.10972,"[2, 7, 9, 10, 13]",0,224097.0
13.10965,"[5, 6, 9, 10, 13]",0,223704.0
13.10964,"[4, 6, 9, 10, 13]",0,223312.0
13.109630000000001,"[3, 6, 9, 10, 13]",0,222920.0
13.10962,"[2, 6, 9, 10, 13]",0,222527.0
13.10954,"[4, 5, 9, 10, 13]",0,222135.0
13.109530000000001,"[3, 5, 9, 10, 13]",0,221742.0
13.10952,"[2, 5, 9, 10, 13]",0,221350.0
13.109430000000001,"[3, 4, 9, 10, 13]",0,220957.0
13.10942,"[2, 4, 9, 10, 13]",0,220565.0
13.109319999999999,"[2, 3, 9, 10, 13]",0,220172.0
13.108759999999998,"[6, 7, 8, 10, 13]",0,219780.0
13.108749999999999,"[5, 7, 8, 10, 13]",0,219387.0
13.10874,"[4, 7, 8, 10, 13]",0,218995.0
13.10873,"[3, 7, 8, 10, 13]",0,218602.0
13.108719999999998,"[2, 7, 8, 10, 13]",0,218210.0
13.108649999999999,"[5, 6, 8, 10, 13]",0,217818.0
13.10864,"[4, 6, 8, 10, 13]",0,217425.0
13.10863,"[3, 6, 8, 10, 13]",0,217033.0
13.108619999999998,"[2, 6, 8, 10, 13]",0,216640.0
13.10854,"[4, 5, 8, 10, 13]",0,216248.0
13.10853,"[3, 5, 8, 10, 13]",0,215855.0
13.108519999999999,"[2, 5, 8, 10, 13]",0,215463.0
13.10843,"[3, 4, 8, 10, 13]",0,215070.0
13.108419999999999,"[2, 4, 8, 10, 13]",0,214678.0
13.108319999999997,"[2, 3, 8, 10, 13]",0,214285.0
13.10765,"[5, 6, 7, 10, 13]",0,213893.0
13.10764,"[4, 6, 7, 10, 13]",0,213500.0
13.10763,"[3, 6, 7, 10, 13]",0,213108.0
13.107619999999999,"[2, 6, 7, 10, 13]",0,212715.0
13.10754,"[4, 5, 7, 10, 13]",0,212323.0
13.10753,"[3, 5, 7, 10, 13]",0,211931.0
13.10752,"[2, 5, 7, 10, 13]",0,211538.0
13.10743,"[3, 4, 7, 10, 13]",0,211146.0
13.10742,"[2, 4, 7, 10, 13]",0,210753.0
13.107319999999998,"[2, 3, 7, 10, 13]",0,210361.0
13.10654,"[4, 5, 6, 10, 13]",0,209968.0
13.106530000000001,"[3, 5, 6, 10, 13]",0,209576.0
13.10652,"[2, 5, 6, 10, 13]",0,209183.0
13.106430000000001,"[3, 4, 6, 10, 13]",0,208791.0
13.10642,"[2, 4, 6, 10, 13]",0,208398.0
13.106319999999998,"[2, 3, 6, 10, 13]",0,208006.0
13.105430000000002,"[3, 4, 5, 10, 13]",0,207613.0
13.10542,"[2, 4, 5, 10, 13]",0,207221.0
13.105319999999999,"[2, 3, 5, 10, 13]",0,206829.0
13.104319999999998,"[2, 3, 4, 10, 13]",0,206436.0
13.098759999999999,"[6, 7, 8, 9, 13]",0,206044.0
13.098749999999999,"[5, 7, 8, 9, 13]",0,205651.0
13.09874,"[4, 7, 8, 9, 13]",0,205259.0
13.09873,"[3, 7, 8, 9, 13]",0,204866.0
13.098719999999998,"[2, 7, 8, 9, 13]",0,204474.0
13.09865,"[5, 6, 8, 9, 13]",0,204081.0
13.09864,"[4, 6, 8, 9, 13]",0,203689.0
13.09863,"[3, 6, 8, 9, 13]",0,203296.0
13.098619999999999,"[2, 6, 8, 9, 13]",0,202904.0
13.09854,"[4, 5, 8, 9, 13]",0,202511.0
13.09853,"[3, 5, 8, 9, 13]",0,202119.0
13.098519999999999,"[2, 5, 8, 9, 13]",0,201726.0
13.09843,"[3, 4, 8, 9, 13]",0,201334.0
13.098419999999999,"[2, 4, 8, 9, 13]",0,200942.0
13.098319999999998,"[2, 3, 8, 9, 13]",0,200549.0
13.09765,"[5, 6, 7, 9, 13]",0,200157.0
13.09764,"[4, 6, 7, 9, 13]",0,199764.0
13.09763,"[3, 6, 7, 9, 13]",0,199372.0
13.09762,"[2, 6, 7, 9, 13]",0,198979.0
13.09754,"[4, 5, 7, 9, 13]",0,198587.0
13.09753,"[3, 5, 7, 9, 13]",0,198194.0
13.09752,"[2, 5, 7, 9, 13]",0,197802.0
13.097430000000001,"[3, 4, 7, 9, 13]",0,197409.0
13.09742,"[2, 4, 7, 9, 13]",0,197017.0
13.097319999999998,"[2, 3, 7, 9, 13]",0,196624.0
13.096540000000001,"[4, 5, 6, 9, 13]",0,196232.0
13.096530000000001,"[3, 5, 6, 9, 13]",0,195839.0
13.09652,"[2, 5, 6, 9, 13]",0,195447.0
13.096430000000002,"[3, 4, 6, 9, 13]",0,195055.0
13.09642,"[2, 4, 6, 9, 13]",0,194662.0
13.096319999999999,"[2, 3, 6, 9, 13]",0,194270.0
13.095430000000002,"[3, 4, 5, 9, 13]",0,193877.0
13.09542,"[2, 4, 5, 9, 13]",0,193485.0
13.09532,"[2, 3, 5, 9, 13]",0,193092.0
13.094319999999998,"[2, 3, 4, 9, 13]",0,192700.0
13.08765,"[5, 6, 7, 8, 13]",0,192307.0
13.08764,"[4, 6, 7, 8, 13]",0,191915.0
13.08763,"[3, 6, 7, 8, 13]",0,191522.0
13.08762,"[2, 6, 7, 8, 13]",0,191130.0
13.08754,"[4, 5, 7, 8, 13]",0,190737.0
13.087530000000001,"[3, 5, 7, 8, 13]",0,190345.0
13.08752,"[2, 5, 7, 8, 13]",0,189953.0
13.087430000000001,"[3, 4, 7, 8, 13]",0,189560.0
13.08742,"[2, 4, 7, 8, 13]",0,189168.0
13.087319999999998,"[2, 3, 7, 8, 13]",0,188775.0
13.086540000000001,"[4, 5, 6, 8, 13]",0,188383.0
13.086530000000002,"[3, 5, 6, 8, 13]",0,187990.0
13.08652,"[2, 5, 6, 8, 13]",0,187598.0
13.086430000000002,"[3, 4, 6, 8, 13]",0,187205.0
13.08642,"[2, 4, 6, 8, 13]",0,186813.0
13.086319999999999,"[2, 3, 6, 8, 13]",0,186420.0
13.085430000000002,"[3, 4, 5, 8, 13]",0,186028.0
13.085420000000001,"[2, 4, 5, 8, 13]",0,185635.0
13.08532,"[2, 3, 5, 8, 13]",0,185243.0
13.084319999999998,"[2, 3, 4, 8, 13]",0,184850.0
13.076540000000001,"[4, 5, 6, 7, 13]",0,184458.0
13.076530000000002,"[3, 5, 6, 7, 13]",0,184066.0
13.07652,"[2, 5, 6, 7, 13]",0,183673.0
13.076430000000002,"[3, 4, 6, 7, 13]",0,183281.0
13.07642,"[2, 4, 6, 7, 13]",0,182888.0
13.076319999999999,"[2, 3, 6, 7, 13]",0,182496.0
13.075430000000003,"[3, 4, 5, 7, 13]",0,182103.0
13.075420000000001,"[2, 4, 5, 7, 13]",0,181711.0
13.07532,"[2, 3, 5, 7, 13]",0,181318.0
13.074319999999998,"[2, 3, 4, 7, 13]",0,180926.0
13.065430000000003,"[3, 4, 5, 6, 13]",0,180533.0
13.065420000000001,"[2, 4, 5, 6, 13]",0,180141.0
13.06532,"[2, 3, 5, 6, 13]",0,179748.0
13.064319999999999,"[2, 3, 4, 6, 13]",0,179356.0
13.054319999999999,"[2, 3, 4, 5, 13]",0,178964.0
12.120969999999998,"[7, 9, 10, 11, 12]",0,178571.0
12.120959999999998,"[6, 9, 10, 11, 12]",0,178179.0
12.120949999999999,"[5, 9, 10, 11, 12]",0,177786.0
12.12094,"[4, 9, 10, 11, 12]",0,177394.0
12.12093,"[3, 9, 10, 11, 12]",0,177001.0
12.120919999999998,"[2, 9, 10, 11, 12]",0,176609.0
12.120869999999998,"[7, 8, 10, 11, 12]",0,176216.0
12.120859999999999,"[6, 8, 10, 11, 12]",0,175824.0
12.120849999999999,"[5, 8, 10, 11, 12]",0,175431.0
12.12084,"[4, 8, 10, 11, 12]",0,175039.0
12.12083,"[3, 8, 10, 11, 12]",0,174646.0
12.120819999999998,"[2, 8, 10, 11, 12]",0,174254.0
12.120759999999999,"[6, 7, 10, 11, 12]",0,173861.0
12.12075,"[5, 7, 10, 11, 12]",0,173469.0
12.12074,"[4, 7, 10, 11, 12]",0,173077.0
12.12073,"[3, 7, 10, 11, 12]",0,172684.0
12.120719999999999,"[2, 7, 10, 11, 12]",0,172292.0
12.12065,"[5, 6, 10, 11, 12]",0,171899.0
12.12064,"[4, 6, 10, 11, 12]",0,171507.0
12.12063,"[3, 6, 10, 11, 12]",0,171114.0
12.120619999999999,"[2, 6, 10, 11, 12]",0,170722.0
12.12054,"[4, 5, 10, 11, 12]",0,170329.0
12.12053,"[3, 5, 10, 11, 12]",0,169937.0
12.120519999999999,"[2, 5, 10, 11, 12]",0,169544.0
12.12043,"[3, 4, 10, 11, 12]",0,169152.0
12.12042,"[2, 4, 10, 11, 12]",0,168759.0
12.120319999999998,"[2, 3, 10, 11, 12]",0,168367.0
12.119869999999999,"[7, 8, 9, 11, 12]",0,167974.0
12.11986,"[6, 8, 9, 11, 12]",0,167582.0
12.11985,"[5, 8, 9, 11, 12]",0,167190.0
12.11984,"[4, 8, 9, 11, 12]",0,166797.0
12.11983,"[3, 8, 9, 11, 12]",0,166405.0
12.119819999999999,"[2, 8, 9, 11, 12]",0,166012.0
12.11976,"[6, 7, 9, 11, 12]",0,165620.0
12.11975,"[5, 7, 9, 11, 12]",0,165227.0
12.11974,"[4, 7, 9, 11, 12]",0,164835.0
12.11973,"[3, 7, 9, 11, 12]",0,164442.0
12.11972,"[2, 7, 9, 11, 12]",0,164050.0
12.11965,"[5, 6, 9, 11, 12]",0,163657.0
12.11964,"[4, 6, 9, 11, 12]",0,163265.0
12.11963,"[3, 6, 9, 11, 12]",0,162872.0
12.11962,"[2, 6, 9, 11, 12]",0,162480.0
12.11954,"[4, 5, 9, 11, 12]",0,162088.0
12.119530000000001,"[3, 5, 9, 11, 12]",0,161695.0
12.11952,"[2, 5, 9, 11, 12]",0,161303.0
12.119430000000001,"[3, 4, 9, 11, 12]",0,160910.0
12.11942,"[2, 4, 9, 11, 12]",0,160518.0
12.119319999999998,"[2, 3, 9, 11, 12]",0,160125.0
12.118759999999998,"[6, 7, 8, 11, 12]",0,159733.0
12.118749999999999,"[5, 7, 8, 11, 12]",0,159340.0
12.118739999999999,"[4, 7, 8, 11, 12]",0,158948.0
12.11873,"[3, 7, 8, 11, 12]",0,158555.0
12.118719999999998,"[2, 7, 8, 11, 12]",0,158163.0
12.118649999999999,"[5, 6, 8, 11, 12]",0,157770.0
12.11864,"[4, 6, 8, 11, 12]",0,157378.0
12.11863,"[3, 6, 8, 11, 12]",0,156985.0
12.118619999999998,"[2, 6, 8, 11, 12]",0,156593.0
12.11854,"[4, 5, 8, 11, 12]",0,156201.0
12.11853,"[3, 5, 8, 11, 12]",0,155808.0
12.118519999999998,"[2, 5, 8, 11, 12]",0,155416.0
12.11843,"[3, 4, 8, 11, 12]",0,155023.0
12.118419999999999,"[2, 4, 8, 11, 12]",0,154631.0
12.118319999999997,"[2, 3, 8, 11, 12]",0,154238.0
12.11765,"[5, 6, 7, 11, 12]",0,153846.0
12.11764,"[4, 6, 7, 11, 12]",0,153453.0
12.11763,"[3, 6, 7, 11, 12]",0,153061.0
12.117619999999999,"[2, 6, 7, 11, 12]",0,152668.0
12.11754,"[4, 5, 7, 11, 12]",0,152276.0
12.11753,"[3, 5, 7, 11, 12]",0,151883.0
12.117519999999999,"[2, 5, 7, 11, 12]",0,151491.0
12.11743,"[3, 4, 7, 11, 12]",0,151099.0
12.11742,"[2, 4, 7, 11, 12]",0,150706.0
12.117319999999998,"[2, 3, 7, 11, 12]",0,150314.0
12.11654,"[4, 5, 6, 11, 12]",0,149921.0
12.116530000000001,"[3, 5, 6, 11, 12]",0,149529.0
12.11652,"[2, 5, 6, 11, 12]",0,149136.0
12.116430000000001,"[3, 4, 6, 11, 12]",0,148744.0
12.11642,"[2, 4, 6, 11, 12]",0,148351.0
12.116319999999998,"[2, 3, 6, 11, 12]",0,147959.0
12.115430000000002,"[3, 4, 5, 11, 12]",0,147566.0
12.11542,"[2, 4, 5, 11, 12]",0,147174.0
12.115319999999999,"[2, 3, 5, 11, 12]",0,146781.0
12.114319999999998,"[2, 3, 4, 11, 12]",0,146389.0
12.109869999999999,"[7, 8, 9, 10, 12]",0,145996.0
12.10986,"[6, 8, 9, 10, 12]",0,145604.0
12.10985,"[5, 8, 9, 10, 12]",0,145212.0
12.10984,"[4, 8, 9, 10, 12]",0,144819.0
12.10983,"[3, 8, 9, 10, 12]",0,144427.0
12.10982,"[2, 8, 9, 10, 12]",0,144034.0
12.10976,"[6, 7, 9, 10, 12]",0,143642.0
12.10975,"[5, 7, 9, 10, 12]",0,143249.0
12.10974,"[4, 7, 9, 10, 12]",0,142857.0
12.10973,"[3, 7, 9, 10, 12]",0,142464.0
12.10972,"[2, 7, 9, 10, 12]",0,142072.0
12.10965,"[5, 6, 9, 10, 12]",0,141679.0
12.10964,"[4, 6, 9, 10, 12]",0,141287.0
12.109630000000001,"[3, 6, 9, 10, 12]",0,140894.0
12.10962,"[2, 6, 9, 10, 12]",0,140502.0
12.10954,"[4, 5, 9, 10, 12]",0,140110.0
12.109530000000001,"[3, 5, 9, 10, 12]",0,139717.0
12.10952,"[2, 5, 9, 10, 12]",0,139325.0
12.109430000000001,"[3, 4, 9, 10, 12]",0,138932.0
12.10942,"[2, 4, 9, 10, 12]",0,138540.0
12.109319999999999,"[2, 3, 9, 10, 12]",0,138147.0
12.108759999999998,"[6, 7, 8, 10, 12]",0,137755.0
12.108749999999999,"[5, 7, 8, 10, 12]",0,137362.0
12.10874,"[4, 7, 8, 10, 12]",0,136970.0
12.10873,"[3, 7, 8, 10, 12]",0,136577.0
12.108719999999998,"[2, 7, 8, 10, 12]",0,136185.0
12.108649999999999,"[5, 6, 8, 10, 12]",0,135792.0
12.10864,"[4, 6, 8, 10, 12]",0,135400.0
12.10863,"[3, 6, 8, 10, 12]",0,135007.0
12.108619999999998,"[2, 6, 8, 10, 12]",0,134615.0
12.10854,"[4, 5, 8, 10, 12]",0,134223.0
12.10853,"[3, 5, 8, 10, 12]",0,133830.0
12.108519999999999,"[2, 5, 8, 10, 12]",0,133438.0
12.10843,"[3, 4, 8, 10, 12]",0,133045.0
12.108419999999999,"[2, 4, 8, 10, 12]",0,132653.0
12.108319999999997,"[2, 3, 8, 10, 12]",0,132260.0
12.10765,"[5, 6, 7, 10, 12]",0,131868.0
12.10764,"[4, 6, 7, 10, 12]",0,131475.0
12.10763,"[3, 6, 7, 10, 12]",0,131083.0
12.107619999999999,"[2, 6, 7, 10, 12]",0,130690.0
12.10754,"[4, 5, 7, 10, 12]",0,130298.0
12.10753,"[3, 5, 7, 10, 12]",0,129905.0
12.10752,"[2, 5, 7, 10, 12]",0,129513.0
12.10743,"[3, 4, 7, 10, 12]",0,129120.0
12.10742,"[2, 4, 7, 10, 12]",0,128728.0
12.107319999999998,"[2, 3, 7, 10, 12]",0,128336.0
12.10654,"[4, 5, 6, 10, 12]",0,127943.0
12.106530000000001,"[3, 5, 6, 10, 12]",0,127551.0
12.10652,"[2, 5, 6, 10, 12]",0,127158.0
12.106430000000001,"[3, 4, 6, 10, 12]",0,126766.0
12.10642,"[2, 4, 6, 10, 12]",0,126373.0
12.106319999999998,"[2, 3, 6, 10, 12]",0,125981.0
12.105430000000002,"[3, 4, 5, 10, 12]",0,125588.0
12.10542,"[2, 4, 5, 10, 12]",0,125196.0
12.105319999999999,"[2, 3, 5, 10, 12]",0,124803.0
12.104319999999998,"[2, 3, 4, 10, 12]",0,124411.0
12.098759999999999,"[6, 7, 8, 9, 12]",0,124018.0
12.098749999999999,"[5, 7, 8, 9, 12]",0,123626.0
12.09874,"[4, 7, 8, 9, 12]",0,123234.0
12.09873,"[3, 7, 8, 9, 12]",0,122841.0
12.098719999999998,"[2, 7, 8, 9, 12]",0,122449.0
12.09865,"[5, 6, 8, 9, 12]",0,122056.0
12.09864,"[4, 6, 8, 9, 12]",0,121664.0
12.09863,"[3, 6, 8, 9, 12]",0,121271.0
12.098619999999999,"[2, 6, 8, 9, 12]",0,120879.0
12.09854,"[4, 5, 8, 9, 12]",0,120486.0
12.09853,"[3, 5, 8, 9, 12]",0,120094.0
12.098519999999999,"[2, 5, 8, 9, 12]",0,119701.0
12.09843,"[3, 4, 8, 9, 12]",0,119309.0
12.098419999999999,"[2, 4, 8, 9, 12]",0,118916.0
12.098319999999998,"[2, 3, 8, 9, 12]",0,118524.0
12.09765,"[5, 6, 7, 9, 12]",0,118131.0
12.09764,"[4, 6, 7, 9, 12]",0,117739.0
12.09763,"[3, 6, 7, 9, 12]",0,117347.0
12.09762,"[2, 6, 7, 9, 12]",0,116954.0
12.09754,"[4, 5, 7, 9, 12]",0,116562.0
12.09753,"[3, 5, 7, 9, 12]",0,116169.0
12.09752,"[2, 5, 7, 9, 12]",0,115777.0
12.097430000000001,"[3, 4, 7, 9, 12]",0,115384.0
12.09742,"[2, 4, 7, 9, 12]",0,114992.0
12.097319999999998,"[2, 3, 7, 9, 12]",0,114599.0
12.096540000000001,"[4, 5, 6, 9, 12]",0,114207.0
12.096530000000001,"[3, 5, 6, 9, 12]",0,113814.0
12.09652,"[2, 5, 6, 9, 12]",0,113422.0
12.096430000000002,"[3, 4, 6, 9, 12]",0,113029.0
12.09642,"[2, 4, 6, 9, 12]",0,112637.0
12.096319999999999,"[2, 3, 6, 9, 12]",0,112245.0
12.095430000000002,"[3, 4, 5, 9, 12]",0,111852.0
12.09542,"[2, 4, 5, 9, 12]",0,111460.0
12.09532,"[2, 3, 5, 9, 12]",0,111067.0
12.094319999999998,"[2, 3, 4, 9, 12]",0,110675.0
12.08765,"[5, 6, 7, 8, 12]",0,110282.0
12.08764,"[4, 6, 7, 8, 12]",0,109890.0
12.08763,"[3, 6, 7, 8, 12]",0,109497.0
12.08762,"[2, 6, 7, 8, 12]",0,109105.0
12.08754,"[4, 5, 7, 8, 12]",0,108712.0
12.087530000000001,"[3, 5, 7, 8, 12]",0,108320.0
12.08752,"[2, 5, 7, 8, 12]",0,107927.0
12.087430000000001,"[3, 4, 7, 8, 12]",0,107535.0
12.08742,"[2, 4, 7, 8, 12]",0,107142.0
12.087319999999998,"[2, 3, 7, 8, 12]",0,106750.0
12.086540000000001,"[4, 5, 6, 8, 12]",0,106358.0
12.086530000000002,"[3, 5, 6, 8, 12]",0,105965.0
12.08652,"[2, 5, 6, 8, 12]",0,105573.0
12.086430000000002,"[3, 4, 6, 8, 12]",0,105180.0
12.08642,"[2, 4, 6, 8, 12]",0,104788.0
12.086319999999999,"[2, 3, 6, 8, 12]",0,104395.0
12.085430000000002,"[3, 4, 5, 8, 12]",0,104003.0
12.085420000000001,"[2, 4, 5, 8, 12]",0,103610.0
12.08532,"[2, 3, 5, 8, 12]",0,103218.0
12.084319999999998,"[2, 3, 4, 8, 12]",0,102825.0
12.076540000000001,"[4, 5, 6, 7, 12]",0,102433.0
12.076530000000002,"[3, 5, 6, 7, 12]",0,102040.0
12.07652,"[2, 5, 6, 7, 12]",0,101648.0
12.076430000000002,"[3, 4, 6, 7, 12]",0,101256.0
12.07642,"[2, 4, 6, 7, 12]",0,100863.0
12.076319999999999,"[2, 3, 6, 7, 12]",0,100471.0
12.075430000000003,"[3, 4, 5, 7, 12]",0,100078.0
12.075420000000001,"[2, 4, 5, 7, 12]",0,99686.0
12.07532,"[2, 3, 5, 7, 12]",0,99293.0
12.074319999999998,"[2, 3, 4, 7, 12]",0,98901.0
12.065430000000003,"[3, 4, 5, 6, 12]",0,98508.0
12.065420000000001,"[2, 4, 5, 6, 12]",0,98116.0
12.06532,"[2, 3, 5, 6, 12]",0,97723.0
12.064319999999999,"[2, 3, 4, 6, 12]",0,97331.0
12.054319999999999,"[2, 3, 4, 5, 12]",0,96938.0
11.10986,"[6, 8, 9, 10, 11]",0,96546.0
11.10985,"[5, 8, 9, 10, 11]",0,96153.0
11.10984,"[4, 8, 9, 10, 11]",0,95761.0
11.10983,"[3, 8, 9, 10, 11]",0,95369.0
11.10982,"[2, 8, 9, 10, 11]",0,94976.0
11.10976,"[6, 7, 9, 10, 11]",0,94584.0
11.10975,"[5, 7, 9, 10, 11]",0,94191.0
11.10974,"[4, 7, 9, 10, 11]",0,93799.0
11.10973,"[3, 7, 9, 10, 11]",0,93406.0
11.10972,"[2, 7, 9, 10, 11]",0,93014.0
11.10965,"[5, 6, 9, 10, 11]",0,92621.0
11.10964,"[4, 6, 9, 10, 11]",0,92229.0
11.109630000000001,"[3, 6, 9, 10, 11]",0,91836.0
11.10962,"[2, 6, 9, 10, 11]",0,91444.0
11.10954,"[4, 5, 9, 10, 11]",0,91051.0
11.109530000000001,"[3, 5, 9, 10, 11]",0,90659.0
11.10952,"[2, 5, 9, 10, 11]",0,90266.0
11.109430000000001,"[3, 4, 9, 10, 11]",0,89874.0
11.10942,"[2, 4, 9, 10, 11]",0,89482.0
11.109319999999999,"[2, 3, 9, 10, 11]",0,89089.0
11.108759999999998,"[6, 7, 8, 10, 11]",0,88697.0
11.108749999999999,"[5, 7, 8, 10, 11]",0,88304.0
11.10874,"[4, 7, 8, 10, 11]",0,87912.0
11.10873,"[3, 7, 8, 10, 11]",0,87519.0
11.108719999999998,"[2, 7, 8, 10, 11]",0,87127.0
11.108649999999999,"[5, 6, 8, 10, 11]",0,86734.0
11.10864,"[4, 6, 8, 10, 11]",0,86342.0
11.10863,"[3, 6, 8, 10, 11]",0,85949.0
11.108619999999998,"[2, 6, 8, 10, 11]",0,85557.0
11.10854,"[4, 5, 8, 10, 11]",0,85164.0
11.10853,"[3, 5, 8, 10, 11]",0,84772.0
11.108519999999999,"[2, 5, 8, 10, 11]",0,84380.0
11.10843,"[3, 4, 8, 10, 11]",0,83987.0
11.108419999999999,"[2, 4, 8, 10, 11]",0,83595.0
11.108319999999997,"[2, 3, 8, 10, 11]",0,83202.0
11.10765,"[5, 6, 7, 10, 11]",0,82810.0
11.10764,"[4, 6, 7, 10, 11]",0,82417.0
11.10763,"[3, 6, 7, 10, 11]",0,82025.0
11.107619999999999,"[2, 6, 7, 10, 11]",0,81632.0
11.10754,"[4, 5, 7, 10, 11]",0,81240.0
11.10753,"[3, 5, 7, 10, 11]",0,80847.0
11.10752,"[2, 5, 7, 10, 11]",0,80455.0
11.10743,"[3, 4, 7, 10, 11]",0,80062.0
11.10742,"[2, 4, 7, 10, 11]",0,79670.0
11.107319999999998,"[2, 3, 7, 10, 11]",0,79277.0
11.10654,"[4, 5, 6, 10, 11]",0,78885.0
11.106530000000001,"[3, 5, 6, 10, 11]",0,78493.0
11.10652,"[2, 5, 6, 10, 11]",0,78100.0
11.106430000000001,"[3, 4, 6, 10, 11]",0,77708.0
11.10642,"[2, 4, 6, 10, 11]",0,77315.0
11.106319999999998,"[2, 3, 6, 10, 11]",0,76923.0
11.105430000000002,"[3, 4, 5, 10, 11]",0,76530.0
11.10542,"[2, 4, 5, 10, 11]",0,76138.0
11.105319999999999,"[2, 3, 5, 10, 11]",0,75745.0
11.104319999999998,"[2, 3, 4, 10, 11]",0,75353.0
11.098759999999999,"[6, 7, 8, 9, 11]",0,74960.0
11.098749999999999,"[5, 7, 8, 9, 11]",0,74568.0
11.09874,"[4, 7, 8, 9, 11]",0,74175.0
11.09873,"[3, 7, 8, 9, 11]",0,73783.0
11.098719999999998,"[2, 7, 8, 9, 11]",0,73391.0
11.09865,"[5, 6, 8, 9, 11]",0,72998.0
11.09864,"[4, 6, 8, 9, 11]",0,72606.0
11.09863,"[3, 6, 8, 9, 11]",0,72213.0
11.098619999999999,"[2, 6, 8, 9, 11]",0,71821.0
11.09854,"[4, 5, 8, 9, 11]",0,71428.0
11.09853,"[3, 5, 8, 9, 11]",0,71036.0
11.098519999999999,"[2, 5, 8, 9, 11]",0,70643.0
11.09843,"[3, 4, 8, 9, 11]",0,70251.0
11.098419999999999,"[2, 4, 8, 9, 11]",0,69858.0
11.098319999999998,"[2, 3, 8, 9, 11]",0,69466.0
11.09765,"[5, 6, 7, 9, 11]",0,69073.0
11.09764,"[4, 6, 7, 9, 11]",0,68681.0
11.09763,"[3, 6, 7, 9, 11]",0,68288.0
11.09762,"[2, 6, 7, 9, 11]",0,67896.0
11.09754,"[4, 5, 7, 9, 11]",0,67504.0
11.09753,"[3, 5, 7, 9, 11]",0,67111.0
11.09752,"[2, 5, 7, 9, 11]",0,66719.0
11.097430000000001,"[3, 4, 7, 9, 11]",0,66326.0
11.09742,"[2, 4, 7, 9, 11]",0,65934.0
11.097319999999998,"[2, 3, 7, 9, 11]",0,65541.0
11.096540000000001,"[4, 5, 6, 9, 11]",0,65149.0
11.096530000000001,"[3, 5, 6, 9, 11]",0,64756.0
11.09652,"[2, 5, 6, 9, 11]",0,64364.0
11.096430000000002,"[3, 4, 6, 9, 11]",0,63971.0
11.09642,"[2, 4, 6, 9, 11]",0,63579.0
11.096319999999999,"[2, 3, 6, 9, 11]",0,63186.0
11.095430000000002,"[3, 4, 5, 9, 11]",0,62794.0
11.09542,"[2, 4, 5, 9, 11]",0,62401.0
11.09532,"[2, 3, 5, 9, 11]",0,62009.0
11.094319999999998,"[2, 3, 4, 9, 11]",0,61617.0
11.08765,"[5, 6, 7, 8, 11]",0,61224.0
11.08764,"[4, 6, 7, 8, 11]",0,60832.0
11.08763,"[3, 6, 7, 8, 11]",0,60439.0
11.08762,"[2, 6, 7, 8, 11]",0,60047.0
11.08754,"[4, 5, 7, 8, 11]",0,59654.0
11.087530000000001,"[3, 5, 7, 8, 11]",0,59262.0
11.08752,"[2, 5, 7, 8, 11]",0,58869.0
11.087430000000001,"[3, 4, 7, 8, 11]",0,58477.0
11.08742,"[2, 4, 7, 8, 11]",0,58084.0
11.087319999999998,"[2, 3, 7, 8, 11]",0,57692.0
11.086540000000001,"[4, 5, 6, 8, 11]",0,57299.0
11.086530000000002,"[3, 5, 6, 8, 11]",0,56907.0
11.08652,"[2, 5, 6, 8, 11]",0,56515.0
11.086430000000002,"[3, 4, 6, 8, 11]",0,56122.0
11.08642,"[2, 4, 6, 8, 11]",0,55730.0
11.086319999999999,"[2, 3, 6, 8, 11]",0,55337.0
11.085430000000002,"[3, 4, 5, 8, 11]",0,54945.0
11.085420000000001,"[2, 4, 5, 8, 11]",0,54552.0
11.08532,"[2, 3, 5, 8, 11]",0,54160.0
11.084319999999998,"[2, 3, 4, 8, 11]",0,53767.0
11.076540000000001,"[4, 5, 6, 7, 11]",0,53375.0
11.076530000000002,"[3, 5, 6, 7, 11]",0,52982.0
11.07652,"[2, 5, 6, 7, 11]",0,52590.0
11.076430000000002,"[3, 4, 6, 7, 11]",0,52197.0
11.07642,"[2, 4, 6, 7, 11]",0,51805.0
11.076319999999999,"[2, 3, 6, 7, 11]",0,51412.0
11.075430000000003,"[3, 4, 5, 7, 11]",0,51020.0
11.075420000000001,"[2, 4, 5, 7, 11]",0,50628.0
11.07532,"[2, 3, 5, 7, 11]",0,50235.0
11.074319999999998,"[2, 3, 4, 7, 11]",0,49843.0
11.065430000000003,"[3, 4, 5, 6, 11]",0,49450.0
11.065420000000001,"[2, 4, 5, 6, 11]",0,49058.0
11.06532,"[2, 3, 5, 6, 11]",0,48665.0
11.064319999999999,"[2, 3, 4, 6, 11]",0,48273.0
11.054319999999999,"[2, 3, 4, 5, 11]",0,47880.0
10.098749999999999,"[5, 7, 8, 9, 10]",0,47488.0
10.09874,"[4, 7, 8, 9, 10]",0,47095.0
10.09873,"[3, 7, 8, 9, 10]",0,46703.0
10.098719999999998,"[2, 7, 8, 9, 10]",0,46310.0
10.09865,"[5, 6, 8, 9, 10]",0,45918.0
10.09864,"[4, 6, 8, 9, 10]",0,45526.0
10.09863,"[3, 6, 8, 9, 10]",0,45133.0
10.098619999999999,"[2, 6, 8, 9, 10]",0,44741.0
10.09854,"[4, 5, 8, 9, 10]",0,44348.0
10.09853,"[3, 5, 8, 9, 10]",0,43956.0
10.098519999999999,"[2, 5, 8, 9, 10]",0,43563.0
10.09843,"[3, 4, 8, 9, 10]",0,43171.0
10.098419999999999,"[2, 4, 8, 9, 10]",0,42778.0
10.098319999999998,"[2, 3, 8, 9, 10]",0,42386.0
10.09765,"[5, 6, 7, 9, 10]",0,41993.0
10.09764,"[4, 6, 7, 9, 10]",0,41601.0
10.09763,"[3, 6, 7, 9, 10]",0,41208.0
10.09762,"[2, 6, 7, 9, 10]",0,40816.0
10.09754,"[4, 5, 7, 9, 10]",0,40423.0
10.09753,"[3, 5, 7, 9, 10]",0,40031.0
10.09752,"[2, 5, 7, 9, 10]",0,39639.0
10.097430000000001,"[3, 4, 7, 9, 10]",0,39246.0
10.09742,"[2, 4, 7, 9, 10]",0,38854.0
10.097319999999998,"[2, 3, 7, 9, 10]",0,38461.0
10.096540000000001,"[4, 5, 6, 9, 10]",0,38069.0
10.096530000000001,"[3, 5, 6, 9, 10]",0,37676.0
10.09652,"[2, 5, 6, 9, 10]",0,37284.0
10.096430000000002,"[3, 4, 6, 9, 10]",0,36891.0
10.09642,"[2, 4, 6, 9, 10]",0,36499.0
10.096319999999999,"[2, 3, 6, 9, 10]",0,36106.0
10.095430000000002,"[3, 4, 5, 9, 10]",0,35714.0
10.09542,"[2, 4, 5, 9, 10]",0,35321.0
10.09532,"[2, 3, 5, 9, 10]",0,34929.0
10.094319999999998,"[2, 3, 4, 9, 10]",0,34537.0
10.08765,"[5, 6, 7, 8, 10]",0,34144.0
10.08764,"[4, 6, 7, 8, 10]",0,33752.0
10.08763,"[3, 6, 7, 8, 10]",0,33359.0
10.08762,"[2, 6, 7, 8, 10]",0,32967.0
10.08754,"[4, 5, 7, 8, 10]",0,32574.0
10.087530000000001,"[3, 5, 7, 8, 10]",0,32182.0
10.08752,"[2, 5, 7, 8, 10]",0,31789.0
10.087430000000001,"[3, 4, 7, 8, 10]",0,31397.0
10.08742,"[2, 4, 7, 8, 10]",0,31004.0
10.087319999999998,"[2, 3, 7, 8, 10]",0,30612.0
10.086540000000001,"[4, 5, 6, 8, 10]",0,30219.0
10.086530000000002,"[3, 5, 6, 8, 10]",0,29827.0
10.08652,"[2, 5, 6, 8, 10]",0,29434.0
10.086430000000002,"[3, 4, 6, 8, 10]",0,29042.0
10.08642,"[2, 4, 6, 8, 10]",0,28650.0
10.086319999999999,"[2, 3, 6, 8, 10]",0,28257.0
10.085430000000002,"[3, 4, 5, 8, 10]",0,27865.0
10.085420000000001,"[2, 4, 5, 8, 10]",0,27472.0
10.08532,"[2, 3, 5, 8, 10]",0,27080.0
10.084319999999998,"[2, 3, 4, 8, 10]",0,26687.0
10.076540000000001,"[4, 5, 6, 7, 10]",0,26295.0
10.076530000000002,"[3, 5, 6, 7, 10]",0,25902.0
10.07652,"[2, 5, 6, 7, 10]",0,25510.0
10.076430000000002,"[3, 4, 6, 7, 10]",0,25117.0
10.07642,"[2, 4, 6, 7, 10]",0,24725.0
10.076319999999999,"[2, 3, 6, 7, 10]",0,24332.0
10.075430000000003,"[3, 4, 5, 7, 10]",0,23940.0
10.075420000000001,"[2, 4, 5, 7, 10]",0,23547.0
10.07532,"[2, 3, 5, 7, 10]",0,23155.0
10.074319999999998,"[2, 3, 4, 7, 10]",0,22763.0
10.065430000000003,"[3, 4, 5, 6, 10]",0,22370.0
10.065420000000001,"[2, 4, 5, 6, 10]",0,21978.0
10.06532,"[2, 3, 5, 6, 10]",0,21585.0
10.064319999999999,"[2, 3, 4, 6, 10]",0,21193.0
10.054319999999999,"[2, 3, 4, 5, 10]",0,20800.0
9.08764,"[4, 6, 7, 8, 9]",0,20408.0
9.08763,"[3, 6, 7, 8, 9]",0,20015.0
9.08762,"[2, 6, 7, 8, 9]",0,19623.0
9.08754,"[4, 5, 7, 8, 9]",0,19230.0
9.087530000000001,"[3, 5, 7, 8, 9]",0,18838.0
9.08752,"[2, 5, 7, 8, 9]",0,18445.0
9.087430000000001,"[3, 4, 7, 8, 9]",0,18053.0
9.08742,"[2, 4, 7, 8, 9]",0,17661.0
9.087319999999998,"[2, 3, 7, 8, 9]",0,17268.0
9.086540000000001,"[4, 5, 6, 8, 9]",0,16876.0
9.086530000000002,"[3, 5, 6, 8, 9]",0,16483.0
9.08652,"[2, 5, 6, 8, 9]",0,16091.0
9.086430000000002,"[3, 4, 6, 8, 9]",0,15698.0
9.08642,"[2, 4, 6, 8, 9]",0,15306.0
9.086319999999999,"[2, 3, 6, 8, 9]",0,14913.0
9.085430000000002,"[3, 4, 5, 8, 9]",0,14521.0
9.085420000000001,"[2, 4, 5, 8, 9]",0,14128.0
9.08532,"[2, 3, 5, 8, 9]",0,13736.0
9.084319999999998,"[2, 3, 4, 8, 9]",0,13343.0
9.076540000000001,"[4, 5, 6, 7, 9]",0,12951.0
9.076530000000002,"[3, 5, 6, 7, 9]",0,12558.0
9.07652,"[2, 5, 6, 7, 9]",0,12166.0
9.076430000000002,"[3, 4, 6, 7, 9]",0,11774.0
9.07642,"[2, 4, 6, 7, 9]",0,11381.0
9.076319999999999,"[2, 3, 6, 7, 9]",0,10989.0
9.075430000000003,"[3, 4, 5, 7, 9]",0,10596.0
9.075420000000001,"[2, 4, 5, 7, 9]",0,10204.0
9.07532,"[2, 3, 5, 7, 9]",0,9811.0
9.074319999999998,"[2, 3, 4, 7, 9]",0,9419.0
9.065430000000003,"[3, 4, 5, 6, 9]",0,9026.0
9.065420000000001,"[2, 4, 5, 6, 9]",0,8634.0
9.06532,"[2, 3, 5, 6, 9]",0,8241.0
9.064319999999999,"[2, 3, 4, 6, 9]",0,7849.0
9.054319999999999,"[2, 3, 4, 5, 9]",0,7456.0
8.076530000000002,"[3, 5, 6, 7, 8]",0,7064.0
8.07652,"[2, 5, 6, 7, 8]",0,6672.0
8.076430000000002,"[3, 4, 6, 7, 8]",0,6279.0
8.07642,"[2, 4, 6, 7, 8]",0,5887.0
8.076319999999999,"[2, 3, 6, 7, 8]",0,5494.0
8.075430000000003,"[3, 4, 5, 7, 8]",0,5102.0
8.075420000000001,"[2, 4, 5, 7, 8]",0,4709.0
8.07532,"[2, 3, 5, 7, 8]",0,4317.0
8.074319999999998,"[2, 3, 4, 7, 8]",0,3924.0
8.065430000000003,"[3, 4, 5, 6, 8]",0,3532.0
8.065420000000001,"[2, 4, 5, 6, 8]",0,3139.0
8.06532,"[2, 3, 5, 6, 8]",0,2747.0
8.064319999999999,"[2, 3, 4, 6, 8]",0,2354.0
8.054319999999999,"[2, 3, 4, 5, 8]",0,1962.0
7.06542,"[2, 4, 5, 6, 7]",0,1569.0
7.06532,"[2, 3, 5, 6, 7]",0,1177.0
7.0643199999999995,"[2, 3, 4, 6, 7]",0,785.0
7.05432,"[2, 3, 4, 5, 7]",0,392.0
