hand,value,handvalue,score
"('11D', '10D', '12D', '13D', '14D')",134.0,,1000000.0
"('11D', '10D', '12D', '13D', '09D')",133.0,,999998.0
"('11D', '10D', '12D', '09D', '08D')",132.0,,999997.0
"('11D', '10D', '09D', '08D', '07D')",131.0,,999995.0
"('10D', '09D', '08D', '07D', '06D')",130.0,,999993.0
"('06C', '09C', '05C', '08C', '07C')",129.0,,999992.0
"('06C', '04C', '05C', '08C', '07C')",128.0,,999990.0
"('06C', '04C', '05C', '07C', '03C')",127.0,,999989.0
"('06C', '02C', '04C', '05C', '03C')",126.0,,999987.0
"('14S', '13S', '14H', '14C', '14D')",119.13,,999986.0
"('12D', '14S', '14H', '14C', '14D')",119.12,,999984.0
"('11D', '14S', '14H', '14C', '14D')",119.11,,999983.0
"('10D', '14S', '14H', '14C', '14D')",119.1,,999981.0
"('14S', '14H', '14C', '09S', '14D')",119.09,,999980.0
"('14S', '14H', '08H', '14C', '14D')",119.08,,999978.0
"('14S', '14H', '14C', '07D', '14D')",119.07,,999977.0
"('06C', '14S', '14H', '14C', '14D')",119.06,,999975.0
"('05S', '14S', '14H', '14C', '14D')",119.05,,999973.0
"('14S', '14H', '04C', '14C', '14D')",119.04,,999972.0
"('03S', '14S', '14H', '14C', '14D')",119.03,,999970.0
"('02D', '14S', '14H', '14C', '14D')",119.02,,999969.0
"('14S', '13S', '13D', '13C', '13H')",118.14,,999967.0
"('12D', '13S', '13D', '13C', '13H')",118.12,,999966.0
"('11D', '13S', '13D', '13C', '13H')",118.11,,999964.0
"('10D', '13S', '13D', '13C', '13H')",118.1,,999963.0
"('13S', '13D', '13C', '09S', '13H')",118.09,,999961.0
"('13S', '13D', '08H', '13C', '13H')",118.08,,999960.0
"('13S', '13D', '13C', '13H', '07D')",118.07,,999958.0
"('06C', '13S', '13D', '13C', '13H')",118.06,,999957.0
"('05S', '13S', '13D', '13C', '13H')",118.05,,999955.0
"('13S', '13D', '04C', '13C', '13H')",118.04,,999953.0
"('03S', '13S', '13D', '13C', '13H')",118.03,,999952.0
"('02D', '13S', '13D', '13C', '13H')",118.02,,999950.0
"('12D', '12S', '14S', '12H', '12C')",117.14,,999949.0
"('12D', '12S', '13S', '12H', '12C')",117.13,,999947.0
"('11D', '12D', '12S', '12H', '12C')",117.11,,999946.0
"('10D', '12D', '12S', '12H', '12C')",117.1,,999944.0
"('12D', '12S', '09S', '12H', '12C')",117.09,,999943.0
"('12D', '12S', '08H', '12H', '12C')",117.08,,999941.0
"('12D', '12S', '12H', '07D', '12C')",117.07,,999940.0
"('06C', '12D', '12S', '12H', '12C')",117.06,,999938.0
"('12D', '05S', '12S', '12H', '12C')",117.05,,999937.0
"('12D', '12S', '04C', '12H', '12C')",117.04,,999935.0
"('03S', '12D', '12S', '12H', '12C')",117.03,,999933.0
"('12D', '02D', '12S', '12H', '12C')",117.02,,999932.0
"('11D', '14S', '11S', '11H', '11C')",116.14,,999930.0
"('11D', '13S', '11S', '11H', '11C')",116.13,,999929.0
"('11D', '12D', '11S', '11H', '11C')",116.12,,999927.0
"('11D', '10D', '11S', '11H', '11C')",116.1,,999926.0
"('11D', '09S', '11S', '11H', '11C')",116.09,,999924.0
"('11D', '08H', '11S', '11H', '11C')",116.08,,999923.0
"('11D', '07D', '11S', '11H', '11C')",116.07,,999921.0
"('11D', '06C', '11S', '11H', '11C')",116.06,,999920.0
"('11D', '05S', '11S', '11H', '11C')",116.05,,999918.0
"('11D', '04C', '11S', '11H', '11C')",116.04,,999917.0
"('11D', '03S', '11S', '11H', '11C')",116.03,,999915.0
"('11D', '02D', '11S', '11H', '11C')",116.02,,999913.0
"('10D', '10C', '14S', '10H', '10S')",115.14,,999912.0
"('10D', '10C', '13S', '10H', '10S')",115.13,,999910.0
"('10D', '10C', '12D', '10H', '10S')",115.12,,999909.0
"('11D', '10D', '10C', '10H', '10S')",115.11,,999907.0
"('10D', '10C', '10H', '09S', '10S')",115.09,,999906.0
"('10D', '10C', '10H', '08H', '10S')",115.08,,999904.0
"('10D', '10C', '10H', '10S', '07D')",115.07,,999903.0
"('10D', '06C', '10C', '10H', '10S')",115.06,,999901.0
"('10D', '10C', '05S', '10H', '10S')",115.05,,999900.0
"('10D', '10C', '10H', '04C', '10S')",115.04,,999898.0
"('10D', '10C', '03S', '10H', '10S')",115.03,,999896.0
"('10D', '10C', '02D', '10H', '10S')",115.02,,999895.0
"('14S', '09S', '09D', '09C', '09H')",114.14,,999893.0
"('13S', '09S', '09D', '09C', '09H')",114.13,,999892.0
"('12D', '09S', '09D', '09C', '09H')",114.12,,999890.0
"('11D', '09S', '09D', '09C', '09H')",114.11,,999889.0
"('10D', '09S', '09D', '09C', '09H')",114.1,,999887.0
"('08H', '09S', '09D', '09C', '09H')",114.08,,999886.0
"('09S', '09D', '09C', '07D', '09H')",114.07,,999884.0
"('06C', '09S', '09D', '09C', '09H')",114.06,,999883.0
"('05S', '09S', '09D', '09C', '09H')",114.05,,999881.0
"('04C', '09S', '09D', '09C', '09H')",114.04,,999880.0
"('03S', '09S', '09D', '09C', '09H')",114.03,,999878.0
"('02D', '09S', '09D', '09C', '09H')",114.02,,999876.0
"('14S', '08H', '08D', '08C', '08S')",113.14,,999875.0
"('13S', '08H', '08D', '08C', '08S')",113.13,,999873.0
"('12D', '08H', '08D', '08C', '08S')",113.12,,999872.0
"('11D', '08H', '08D', '08C', '08S')",113.11,,999870.0
"('10D', '08H', '08D', '08C', '08S')",113.1,,999869.0
"('08H', '09S', '08D', '08C', '08S')",113.09,,999867.0
"('08H', '08D', '07D', '08C', '08S')",113.07,,999866.0
"('06C', '08H', '08D', '08C', '08S')",113.06,,999864.0
"('05S', '08H', '08D', '08C', '08S')",113.05,,999863.0
"('08H', '04C', '08D', '08C', '08S')",113.04,,999861.0
"('03S', '08H', '08D', '08C', '08S')",113.03,,999860.0
"('02D', '08H', '08D', '08C', '08S')",113.02,,999858.0
"('14S', '07D', '07S', '07H', '07C')",112.14,,999856.0
"('13S', '07D', '07S', '07H', '07C')",112.13,,999855.0
"('12D', '07D', '07S', '07H', '07C')",112.12,,999853.0
"('11D', '07D', '07S', '07H', '07C')",112.11,,999852.0
"('10D', '07D', '07S', '07H', '07C')",112.1,,999850.0
"('09S', '07D', '07S', '07H', '07C')",112.09,,999849.0
"('08H', '07D', '07S', '07H', '07C')",112.08,,999847.0
"('06C', '07D', '07S', '07H', '07C')",112.06,,999846.0
"('05S', '07D', '07S', '07H', '07C')",112.05,,999844.0
"('04C', '07D', '07S', '07H', '07C')",112.04,,999843.0
"('03S', '07D', '07S', '07H', '07C')",112.03,,999841.0
"('02D', '07D', '07S', '07H', '07C')",112.02,,999840.0
"('06C', '14S', '06H', '06S', '06D')",111.14,,999838.0
"('06C', '13S', '06H', '06S', '06D')",111.13,,999836.0
"('06C', '12D', '06H', '06S', '06D')",111.12,,999835.0
"('11D', '06C', '06H', '06S', '06D')",111.11,,999833.0
"('10D', '06C', '06H', '06S', '06D')",111.1,,999832.0
"('06C', '09S', '06H', '06S', '06D')",111.09,,999830.0
"('06C', '08H', '06H', '06S', '06D')",111.08,,999829.0
"('06C', '07D', '06H', '06S', '06D')",111.07,,999827.0
"('06C', '05S', '06H', '06S', '06D')",111.05,,999826.0
"('06C', '04C', '06H', '06S', '06D')",111.04,,999824.0
"('06C', '03S', '06H', '06S', '06D')",111.03,,999823.0
"('06C', '02D', '06H', '06S', '06D')",111.02,,999821.0
"('05S', '14S', '05D', '05C', '05H')",110.14,,999820.0
"('05S', '13S', '05D', '05C', '05H')",110.13,,999818.0
"('12D', '05S', '05D', '05C', '05H')",110.12,,999816.0
"('11D', '05S', '05D', '05C', '05H')",110.11,,999815.0
"('10D', '05S', '05D', '05C', '05H')",110.1,,999813.0
"('05S', '09S', '05D', '05C', '05H')",110.09,,999812.0
"('05S', '08H', '05D', '05C', '05H')",110.08,,999810.0
"('05S', '05D', '07D', '05C', '05H')",110.07,,999809.0
"('06C', '05S', '05D', '05C', '05H')",110.06,,999807.0
"('05S', '04C', '05D', '05C', '05H')",110.04,,999806.0
"('03S', '05S', '05D', '05C', '05H')",110.03,,999804.0
"('02D', '05S', '05D', '05C', '05H')",110.02,,999803.0
"('14S', '04C', '04D', '04H', '04S')",109.14,,999801.0
"('13S', '04C', '04D', '04H', '04S')",109.13,,999800.0
"('12D', '04C', '04D', '04H', '04S')",109.12,,999798.0
"('11D', '04C', '04D', '04H', '04S')",109.11,,999796.0
"('10D', '04C', '04D', '04H', '04S')",109.1,,999795.0
"('04C', '09S', '04D', '04H', '04S')",109.09,,999793.0
"('08H', '04C', '04D', '04H', '04S')",109.08,,999792.0
"('04C', '04D', '07D', '04H', '04S')",109.07,,999790.0
"('06C', '04C', '04D', '04H', '04S')",109.06,,999789.0
"('05S', '04C', '04D', '04H', '04S')",109.05,,999787.0
"('03S', '04C', '04D', '04H', '04S')",109.03,,999786.0
"('02D', '04C', '04D', '04H', '04S')",109.02,,999784.0
"('03S', '03D', '14S', '03H', '03C')",108.14,,999783.0
"('03S', '03D', '13S', '03H', '03C')",108.13,,999781.0
"('03S', '12D', '03D', '03H', '03C')",108.12,,999780.0
"('11D', '03S', '03D', '03H', '03C')",108.11,,999778.0
"('10D', '03S', '03D', '03H', '03C')",108.1,,999776.0
"('03S', '03D', '09S', '03H', '03C')",108.09,,999775.0
"('03S', '03D', '08H', '03H', '03C')",108.08,,999773.0
"('03S', '03D', '07D', '03H', '03C')",108.07,,999772.0
"('06C', '03S', '03D', '03H', '03C')",108.06,,999770.0
"('03S', '03D', '05S', '03H', '03C')",108.05,,999769.0
"('03S', '03D', '04C', '03H', '03C')",108.04,,999767.0
"('03S', '02D', '03D', '03H', '03C')",108.02,,999766.0
"('02D', '02C', '02S', '14S', '02H')",107.14,,999764.0
"('02D', '02C', '02S', '13S', '02H')",107.13,,999763.0
"('12D', '02D', '02C', '02S', '02H')",107.12,,999761.0
"('11D', '02D', '02C', '02S', '02H')",107.11,,999760.0
"('10D', '02D', '02C', '02S', '02H')",107.1,,999758.0
"('02D', '02C', '02S', '09S', '02H')",107.09,,999756.0
"('02D', '02C', '02S', '08H', '02H')",107.08,,999755.0
"('02D', '02C', '02S', '07D', '02H')",107.07,,999753.0
"('06C', '02D', '02C', '02S', '02H')",107.06,,999752.0
"('02D', '02C', '05S', '02S', '02H')",107.05,,999750.0
"('02D', '02C', '02S', '04C', '02H')",107.04,,999749.0
"('03S', '02D', '02C', '02S', '02H')",107.03,,999747.0
"('14S', '13S', '14H', '13D', '14C')",104.13,,999746.0
"('12D', '12S', '14S', '14H', '14C')",104.12,,999736.0
"('11D', '14S', '14H', '14C', '11S')",104.11,,999727.0
"('10D', '10C', '14S', '14H', '14C')",104.1,,999718.0
"('14S', '14H', '14C', '09S', '09D')",104.09,,999709.0
"('14S', '14H', '08H', '14C', '08D')",104.08,,999699.0
"('14S', '14H', '14C', '07D', '07S')",104.07,,999690.0
"('06C', '14S', '14H', '14C', '06H')",104.06,,999681.0
"('05S', '14S', '14H', '14C', '05D')",104.05,,999672.0
"('14S', '14H', '04C', '14C', '04D')",104.04,,999663.0
"('03S', '03D', '14S', '14H', '14C')",104.03,,999653.0
"('02D', '02C', '14S', '14H', '14C')",104.02,,999644.0
"('14S', '13S', '14H', '13D', '13C')",103.14,,999635.0
"('12D', '12S', '13S', '13D', '13C')",103.12,,999626.0
"('11D', '13S', '13D', '13C', '11S')",103.11,,999616.0
"('10D', '10C', '13S', '13D', '13C')",103.1,,999607.0
"('13S', '13D', '13C', '09S', '09D')",103.09,,999598.0
"('13S', '13D', '08H', '13C', '08D')",103.08,,999589.0
"('13S', '13D', '13C', '07D', '07S')",103.07,,999579.0
"('06C', '13S', '13D', '13C', '06H')",103.06,,999570.0
"('05S', '13S', '13D', '13C', '05D')",103.05,,999561.0
"('13S', '13D', '04C', '13C', '04D')",103.04,,999552.0
"('03S', '03D', '13S', '13D', '13C')",103.03,,999543.0
"('02D', '02C', '13S', '13D', '13C')",103.02,,999533.0
"('12D', '12S', '14S', '14H', '12H')",102.14,,999524.0
"('12D', '12S', '13S', '13D', '12H')",102.13,,999515.0
"('11D', '12D', '12S', '12H', '11S')",102.11,,999506.0
"('10D', '10C', '12D', '12S', '12H')",102.1,,999496.0
"('12D', '12S', '09S', '12H', '09D')",102.09,,999487.0
"('12D', '12S', '08H', '12H', '08D')",102.08,,999478.0
"('12D', '12S', '12H', '07D', '07S')",102.07,,999469.0
"('06C', '12D', '12S', '12H', '06H')",102.06,,999459.0
"('12D', '05S', '12S', '05D', '12H')",102.05,,999450.0
"('12D', '12S', '04C', '12H', '04D')",102.04,,999441.0
"('03S', '12D', '03D', '12S', '12H')",102.03,,999432.0
"('12D', '02D', '02C', '12S', '12H')",102.02,,999422.0
"('11D', '14S', '14H', '11S', '11H')",101.14,,999413.0
"('11D', '13S', '13D', '11S', '11H')",101.13,,999404.0
"('11D', '12D', '12S', '11S', '11H')",101.12,,999395.0
"('11D', '10D', '10C', '11S', '11H')",101.1,,999386.0
"('11D', '09S', '09D', '11S', '11H')",101.09,,999376.0
"('11D', '08H', '08D', '11S', '11H')",101.08,,999367.0
"('11D', '07D', '11S', '11H', '07S')",101.07,,999358.0
"('11D', '06C', '11S', '11H', '06H')",101.06,,999349.0
"('11D', '05S', '05D', '11S', '11H')",101.05,,999339.0
"('11D', '04C', '04D', '11S', '11H')",101.04,,999330.0
"('11D', '03S', '03D', '11S', '11H')",101.03,,999321.0
"('11D', '02D', '02C', '11S', '11H')",101.02,,999312.0
"('10D', '10C', '14S', '14H', '10H')",100.14,,999302.0
"('10D', '10C', '13S', '10H', '13D')",100.13,,999293.0
"('10D', '10C', '12D', '12S', '10H')",100.12,,999284.0
"('11D', '10D', '10C', '10H', '11S')",100.11,,999275.0
"('10D', '10C', '10H', '09S', '09D')",100.09,,999265.0
"('10D', '10C', '10H', '08H', '08D')",100.08,,999256.0
"('10D', '10C', '10H', '07D', '07S')",100.07,,999247.0
"('10D', '06C', '10C', '10H', '06H')",100.06,,999238.0
"('10D', '10C', '05S', '10H', '05D')",100.05,,999229.0
"('10D', '10C', '10H', '04C', '04D')",100.04,,999219.0
"('10D', '10C', '03S', '03D', '10H')",100.03,,999210.0
"('10D', '10C', '02D', '02C', '10H')",100.02,,999201.0
"('14S', '14H', '09S', '09D', '09C')",99.14,,999192.0
"('13S', '13D', '09S', '09D', '09C')",99.13,,999182.0
"('12D', '12S', '09S', '09D', '09C')",99.12,,999173.0
"('11D', '09S', '09D', '09C', '11S')",99.11,,999164.0
"('10D', '10C', '09S', '09D', '09C')",99.1,,999155.0
"('08H', '09S', '09D', '09C', '08D')",99.08,,999145.0
"('09S', '09D', '09C', '07D', '07S')",99.07,,999136.0
"('06C', '09S', '09D', '09C', '06H')",99.06,,999127.0
"('05S', '09S', '05D', '09D', '09C')",99.05,,999118.0
"('04C', '09S', '09D', '04D', '09C')",99.04,,999108.0
"('03S', '03D', '09S', '09D', '09C')",99.03,,999099.0
"('02D', '02C', '09S', '09D', '09C')",99.02,,999090.0
"('14S', '14H', '08H', '08D', '08C')",98.14,,999081.0
"('13S', '13D', '08H', '08D', '08C')",98.13,,999072.0
"('12D', '12S', '08H', '08D', '08C')",98.12,,999062.0
"('11D', '08H', '08D', '11S', '08C')",98.11,,999053.0
"('10D', '10C', '08H', '08D', '08C')",98.1,,999044.0
"('08H', '09S', '09D', '08D', '08C')",98.09,,999035.0
"('08H', '08D', '07D', '07S', '08C')",98.07,,999025.0
"('06C', '08H', '08D', '06H', '08C')",98.06,,999016.0
"('05S', '08H', '05D', '08D', '08C')",98.05,,999007.0
"('08H', '04C', '04D', '08D', '08C')",98.04,,998998.0
"('03S', '03D', '08H', '08D', '08C')",98.03,,998988.0
"('02D', '02C', '08H', '08D', '08C')",98.02,,998979.0
"('14S', '14H', '07D', '07S', '07H')",97.14,,998970.0
"('13S', '13D', '07D', '07S', '07H')",97.13,,998961.0
"('12D', '12S', '07D', '07S', '07H')",97.12,,998952.0
"('11D', '07D', '11S', '07S', '07H')",97.11,,998942.0
"('10D', '10C', '07D', '07S', '07H')",97.1,,998933.0
"('09S', '09D', '07D', '07S', '07H')",97.09,,998924.0
"('08H', '08D', '07D', '07S', '07H')",97.08,,998915.0
"('06C', '07D', '06H', '07S', '07H')",97.06,,998905.0
"('05S', '05D', '07D', '07S', '07H')",97.05,,998896.0
"('04C', '04D', '07D', '07S', '07H')",97.04,,998887.0
"('03S', '03D', '07D', '07S', '07H')",97.03,,998878.0
"('02D', '02C', '07D', '07S', '07H')",97.02,,998868.0
"('06C', '14S', '14H', '06H', '06S')",96.14,,998859.0
"('06C', '13S', '13D', '06H', '06S')",96.13,,998850.0
"('06C', '12D', '12S', '06H', '06S')",96.12,,998841.0
"('11D', '06C', '11S', '06H', '06S')",96.11,,998831.0
"('10D', '06C', '10C', '06H', '06S')",96.1,,998822.0
"('06C', '09S', '09D', '06H', '06S')",96.09,,998813.0
"('06C', '08H', '08D', '06H', '06S')",96.08,,998804.0
"('06C', '07D', '06H', '07S', '06S')",96.07,,998795.0
"('06C', '05S', '05D', '06H', '06S')",96.05,,998785.0
"('06C', '04C', '04D', '06H', '06S')",96.04,,998776.0
"('06C', '03S', '03D', '06H', '06S')",96.03,,998767.0
"('06C', '02D', '02C', '06H', '06S')",96.02,,998758.0
"('05S', '14S', '14H', '05D', '05C')",95.14,,998748.0
"('05S', '13S', '13D', '05D', '05C')",95.13,,998739.0
"('12D', '05S', '12S', '05D', '05C')",95.12,,998730.0
"('11D', '05S', '05D', '11S', '05C')",95.11,,998721.0
"('10D', '10C', '05S', '05D', '05C')",95.1,,998711.0
"('05S', '09S', '05D', '09D', '05C')",95.09,,998702.0
"('05S', '08H', '05D', '08D', '05C')",95.08,,998693.0
"('05S', '05D', '07D', '07S', '05C')",95.07,,998684.0
"('06C', '05S', '05D', '06H', '05C')",95.06,,998674.0
"('05S', '04C', '05D', '04D', '05C')",95.04,,998665.0
"('03S', '03D', '05S', '05D', '05C')",95.03,,998656.0
"('02D', '02C', '05S', '05D', '05C')",95.02,,998647.0
"('14S', '14H', '04C', '04D', '04H')",94.14,,998638.0
"('13S', '13D', '04C', '04D', '04H')",94.13,,998628.0
"('12D', '12S', '04C', '04D', '04H')",94.12,,998619.0
"('11D', '04C', '04D', '11S', '04H')",94.11,,998610.0
"('10D', '10C', '04C', '04D', '04H')",94.1,,998601.0
"('04C', '09S', '09D', '04D', '04H')",94.09,,998591.0
"('08H', '04C', '04D', '08D', '04H')",94.08,,998582.0
"('04C', '04D', '07D', '07S', '04H')",94.07,,998573.0
"('06C', '04C', '04D', '06H', '04H')",94.06,,998564.0
"('05S', '04C', '05D', '04D', '04H')",94.05,,998554.0
"('03S', '03D', '04C', '04D', '04H')",94.03,,998545.0
"('02D', '02C', '04C', '04D', '04H')",94.02,,998536.0
"('03S', '03D', '14S', '14H', '03H')",93.14,,998527.0
"('03S', '03D', '13S', '13D', '03H')",93.13,,998517.0
"('03S', '12D', '03D', '12S', '03H')",93.12,,998508.0
"('11D', '03S', '03D', '11S', '03H')",93.11,,998499.0
"('10D', '10C', '03S', '03D', '03H')",93.1,,998490.0
"('03S', '03D', '09S', '09D', '03H')",93.09,,998481.0
"('03S', '03D', '08H', '08D', '03H')",93.08,,998471.0
"('03S', '03D', '07D', '03H', '07S')",93.07,,998462.0
"('06C', '03S', '03D', '06H', '03H')",93.06,,998453.0
"('03S', '03D', '05S', '05D', '03H')",93.05,,998444.0
"('03S', '03D', '04C', '04D', '03H')",93.04,,998434.0
"('03S', '02D', '03D', '02C', '03H')",93.02,,998425.0
"('02D', '02C', '02S', '14S', '14H')",92.14,,998416.0
"('02D', '02C', '02S', '13S', '13D')",92.13,,998407.0
"('12D', '02D', '02C', '02S', '12S')",92.12,,998397.0
"('11D', '02D', '02C', '02S', '11S')",92.11,,998388.0
"('10D', '10C', '02D', '02C', '02S')",92.1,,998379.0
"('02D', '02C', '02S', '09S', '09D')",92.09,,998370.0
"('02D', '02C', '02S', '08H', '08D')",92.08,,998360.0
"('02D', '02C', '02S', '07D', '07S')",92.07,,998351.0
"('06C', '02D', '02C', '02S', '06H')",92.06,,998342.0
"('02D', '02C', '05S', '02S', '05D')",92.05,,998333.0
"('02D', '02C', '02S', '04C', '04D')",92.04,,998324.0
"('03S', '02D', '03D', '02C', '02S')",92.03,,998314.0
"('11D', '10D', '12D', '02D', '14D')",89.0,,998305.0
"('11D', '10D', '12D', '02D', '13D')",88.0,,997545.0
"('11D', '10D', '12D', '02D', '03D')",87.0,,997038.0
"('11D', '10D', '02D', '03D', '05D')",86.0,,996717.0
"('10D', '02D', '03D', '05D', '09D')",85.0,,996524.0
"('06C', '02C', '04C', '09C', '05C')",84.0,,996418.0
"('06C', '02C', '04C', '05C', '08C')",83.0,,996366.0
"('06C', '02C', '04C', '05C', '07C')",82.0,,996344.0
"('11D', '10D', '12D', '14S', '13S')",79.0,,996338.0
"('11D', '10D', '12D', '13S', '09S')",78.0,,995946.0
"('11D', '10D', '12D', '08H', '09S')",77.0,,995553.0
"('11D', '10D', '08H', '09S', '07D')",76.0,,995161.0
"('10D', '06C', '08H', '09S', '07D')",75.0,,994768.0
"('06C', '05S', '08H', '09S', '07D')",74.0,,994376.0
"('06C', '05S', '08H', '04C', '07D')",73.0,,993983.0
"('12D', '14S', '13S', '14H', '14C')",72.012,,993591.0
"('11D', '14S', '13S', '14H', '14C')",72.011,,993542.0
"('10D', '14S', '13S', '14H', '14C')",72.01,,993492.0
"('14S', '13S', '14H', '14C', '09S')",72.009,,993443.0
"('14S', '13S', '14H', '08H', '14C')",72.008,,993394.0
"('14S', '13S', '14H', '14C', '07D')",72.007,,993345.0
"('06C', '14S', '13S', '14H', '14C')",72.006,,993295.0
"('05S', '14S', '13S', '14H', '14C')",72.005,,993246.0
"('14S', '13S', '14H', '04C', '14C')",72.004,,993197.0
"('03S', '14S', '13S', '14H', '14C')",72.003,,993148.0
"('02D', '14S', '13S', '14H', '14C')",72.002,,993098.0
"('06C', '03S', '05S', '04C', '07D')",72.0,,993049.0
"('12D', '12S', '14S', '13S', '12H')",71.013,,992657.0
"('11D', '12D', '12S', '14S', '12H')",71.011,,992632.0
"('10D', '12D', '12S', '14S', '12H')",71.01,,992583.0
"('12D', '12S', '14S', '09S', '12H')",71.009,,992534.0
"('12D', '12S', '14S', '08H', '12H')",71.008,,992484.0
"('12D', '12S', '14S', '12H', '07D')",71.007,,992435.0
"('06C', '12D', '12S', '14S', '12H')",71.006,,992386.0
"('12D', '05S', '12S', '14S', '12H')",71.005,,992337.0
"('12D', '12S', '14S', '04C', '12H')",71.004,,992287.0
"('03S', '12D', '12S', '14S', '12H')",71.003,,992238.0
"('12D', '02D', '12S', '14S', '12H')",71.002,,992189.0
"('06C', '03S', '02D', '05S', '04C')",71.0,,992140.0
"('11D', '14S', '13S', '11S', '11H')",70.013,,991747.0
"('11D', '12D', '14S', '11S', '11H')",70.012,,991722.0
"('11D', '12D', '12S', '13S', '12H')",70.011,,991698.0
"('11D', '10D', '14S', '14H', '14C')",70.01,,991649.0
"('11D', '14S', '14H', '14C', '09S')",70.009,,991550.0
"('11D', '14S', '14H', '08H', '14C')",70.008,,991452.0
"('11D', '14S', '14H', '14C', '07D')",70.007,,991353.0
"('11D', '06C', '14S', '14H', '14C')",70.006,,991255.0
"('11D', '05S', '14S', '14H', '14C')",70.005,,991156.0
"('11D', '14S', '14H', '04C', '14C')",70.004,,991058.0
"('11D', '03S', '14S', '14H', '14C')",70.003,,990959.0
"('11D', '02D', '14S', '14H', '14C')",70.002,,990861.0
"('10D', '10C', '14S', '13S', '10H')",69.013,,990762.0
"('11D', '12D', '13S', '11S', '11H')",69.012,,990737.0
"('11D', '10D', '10C', '14S', '10H')",69.011,,990688.0
"('11D', '10D', '13S', '13D', '13C')",69.01,,990664.0
"('11D', '13S', '13D', '13C', '09S')",69.009,,990614.0
"('11D', '13S', '13D', '08H', '13C')",69.008,,990516.0
"('11D', '13S', '13D', '13C', '07D')",69.007,,990417.0
"('11D', '06C', '13S', '13D', '13C')",69.006,,990319.0
"('11D', '05S', '13S', '13D', '13C')",69.005,,990220.0
"('11D', '13S', '13D', '04C', '13C')",69.004,,990122.0
"('11D', '03S', '13S', '13D', '13C')",69.003,,990023.0
"('11D', '02D', '13S', '13D', '13C')",69.002,,989925.0
"('14S', '13S', '09S', '09D', '09C')",68.013,,989826.0
"('10D', '10C', '12D', '13S', '10H')",68.012,,989802.0
"('11D', '10D', '10C', '13S', '10H')",68.011,,989752.0
"('11D', '10D', '12D', '12S', '12H')",68.01,,989703.0
"('11D', '12D', '12S', '09S', '12H')",68.009,,989629.0
"('11D', '12D', '12S', '08H', '12H')",68.008,,989531.0
"('11D', '12D', '12S', '12H', '07D')",68.007,,989383.0
"('11D', '06C', '12D', '12S', '12H')",68.006,,989235.0
"('11D', '12D', '05S', '12S', '12H')",68.005,,989088.0
"('11D', '12D', '12S', '04C', '12H')",68.004,,988940.0
"('11D', '03S', '12D', '12S', '12H')",68.003,,988792.0
"('11D', '12D', '02D', '12S', '12H')",68.002,,988644.0
"('14S', '13S', '08H', '08D', '08C')",67.013,,988497.0
"('12D', '14S', '08H', '08D', '08C')",67.012,,988472.0
"('11D', '10D', '10C', '12D', '10H')",67.011,,988423.0
"('10D', '14S', '08H', '08D', '08C')",67.01,,988349.0
"('10D', '10C', '12D', '10H', '09S')",67.009,,988300.0
"('10D', '10C', '12D', '10H', '08H')",67.008,,988226.0
"('10D', '10C', '12D', '10H', '07D')",67.007,,988127.0
"('10D', '06C', '10C', '12D', '10H')",67.006,,987979.0
"('10D', '10C', '12D', '05S', '10H')",67.005,,987832.0
"('10D', '10C', '12D', '10H', '04C')",67.004,,987684.0
"('10D', '10C', '03S', '12D', '10H')",67.003,,987536.0
"('10D', '10C', '12D', '02D', '10H')",67.002,,987388.0
"('14S', '13S', '07D', '07S', '07H')",66.013,,987241.0
"('12D', '14S', '07D', '07S', '07H')",66.012,,987216.0
"('11D', '12D', '09S', '09D', '09C')",66.011,,987167.0
"('10D', '12D', '09S', '09D', '09C')",66.01,,987093.0
"('11D', '10D', '10C', '10H', '09S')",66.009,,987019.0
"('11D', '10D', '10C', '10H', '08H')",66.008,,986921.0
"('11D', '10D', '10C', '10H', '07D')",66.007,,986797.0
"('11D', '10D', '06C', '10C', '10H')",66.006,,986650.0
"('11D', '10D', '10C', '05S', '10H')",66.005,,986453.0
"('11D', '10D', '10C', '10H', '04C')",66.004,,986256.0
"('11D', '10D', '10C', '03S', '10H')",66.003,,986059.0
"('11D', '10D', '10C', '02D', '10H')",66.002,,985862.0
"('06C', '14S', '13S', '06H', '06S')",65.013,,985665.0
"('06C', '12D', '14S', '06H', '06S')",65.012,,985640.0
"('11D', '06C', '14S', '06H', '06S')",65.011,,985591.0
"('11D', '10D', '09S', '09D', '09C')",65.01,,985517.0
"('06C', '14S', '09S', '06H', '06S')",65.009,,985418.0
"('11D', '08H', '09S', '09D', '09C')",65.008,,985345.0
"('11D', '09S', '09D', '09C', '07D')",65.007,,985246.0
"('11D', '06C', '09S', '09D', '09C')",65.006,,985123.0
"('11D', '05S', '09S', '09D', '09C')",65.005,,984975.0
"('11D', '04C', '09S', '09D', '09C')",65.004,,984778.0
"('11D', '03S', '09S', '09D', '09C')",65.003,,984581.0
"('11D', '02D', '09S', '09D', '09C')",65.002,,984384.0
"('05S', '14S', '13S', '05D', '05C')",64.013,,984187.0
"('06C', '12D', '13S', '06H', '06S')",64.012,,984163.0
"('11D', '06C', '13S', '06H', '06S')",64.011,,984113.0
"('11D', '10D', '08H', '08D', '08C')",64.01,,984039.0
"('11D', '08H', '09S', '08D', '08C')",64.009,,983941.0
"('10D', '10C', '10H', '08H', '09S')",64.008,,983842.0
"('11D', '08H', '08D', '07D', '08C')",64.007,,983719.0
"('11D', '06C', '08H', '08D', '08C')",64.006,,983572.0
"('11D', '05S', '08H', '08D', '08C')",64.005,,983399.0
"('11D', '08H', '04C', '08D', '08C')",64.004,,983202.0
"('11D', '03S', '08H', '08D', '08C')",64.003,,982956.0
"('11D', '02D', '08H', '08D', '08C')",64.002,,982710.0
"('14S', '13S', '04C', '04D', '04H')",63.013,,982463.0
"('12D', '05S', '13S', '05D', '05C')",63.012,,982439.0
"('11D', '06C', '12D', '06H', '06S')",63.011,,982389.0
"('11D', '10D', '07D', '07S', '07H')",63.01,,982316.0
"('11D', '09S', '07D', '07S', '07H')",63.009,,982217.0
"('11D', '08H', '07D', '07S', '07H')",63.008,,982094.0
"('10D', '10C', '10H', '08H', '07D')",63.007,,981995.0
"('11D', '06C', '07D', '11S', '11H')",63.006,,981872.0
"('11D', '05S', '07D', '11S', '11H')",63.005,,981725.0
"('11D', '04C', '07D', '11S', '11H')",63.004,,981552.0
"('11D', '03S', '07D', '11S', '11H')",63.003,,981355.0
"('11D', '02D', '07D', '11S', '11H')",63.002,,981109.0
"('03S', '03D', '14S', '13S', '03H')",62.013,,980863.0
"('03S', '12D', '03D', '14S', '03H')",62.012,,980838.0
"('11D', '03S', '03D', '14S', '03H')",62.011,,980789.0
"('11D', '10D', '06C', '06H', '06S')",62.01,,980715.0
"('11D', '06C', '09S', '06H', '06S')",62.009,,980616.0
"('11D', '06C', '08H', '06H', '06S')",62.008,,980493.0
"('11D', '06C', '07D', '06H', '06S')",62.007,,980370.0
"('10D', '06C', '10C', '10H', '07D')",62.006,,980222.0
"('11D', '06C', '05S', '11S', '11H')",62.005,,980050.0
"('11D', '06C', '04C', '11S', '11H')",62.004,,979853.0
"('11D', '06C', '03S', '11S', '11H')",62.003,,979631.0
"('11D', '06C', '02D', '11S', '11H')",62.002,,979385.0
"('02D', '02C', '02S', '14S', '13S')",61.013,,979090.0
"('03S', '12D', '03D', '13S', '03H')",61.012,,979065.0
"('11D', '03S', '03D', '13S', '03H')",61.011,,979016.0
"('11D', '10D', '05S', '05D', '05C')",61.01,,978942.0
"('11D', '05S', '09S', '05D', '05C')",61.009,,978843.0
"('11D', '05S', '08H', '05D', '05C')",61.008,,978720.0
"('11D', '05S', '05D', '07D', '05C')",61.007,,978573.0
"('11D', '06C', '05S', '05D', '05C')",61.006,,978449.0
"('10D', '06C', '10C', '05S', '10H')",61.005,,978302.0
"('11D', '05S', '04C', '05D', '05C')",61.004,,978129.0
"('11D', '03S', '05S', '05D', '05C')",61.003,,977932.0
"('11D', '02D', '05S', '05D', '05C')",61.002,,977711.0
"('12D', '02D', '02C', '02S', '13S')",60.012,,977464.0
"('11D', '03S', '12D', '03D', '03H')",60.011,,977440.0
"('11D', '10D', '04C', '04D', '04H')",60.01,,977391.0
"('11D', '04C', '09S', '04D', '04H')",60.009,,977317.0
"('11D', '08H', '04C', '04D', '04H')",60.008,,977218.0
"('11D', '04C', '04D', '07D', '04H')",60.007,,977095.0
"('11D', '06C', '04C', '04D', '04H')",60.006,,976972.0
"('11D', '05S', '04C', '04D', '04H')",60.005,,976824.0
"('10D', '10C', '05S', '10H', '04C')",60.004,,976652.0
"('11D', '03S', '04C', '04D', '04H')",60.003,,976455.0
"('11D', '02D', '04C', '04D', '04H')",60.002,,976233.0
"('11D', '12D', '02D', '02C', '02S')",59.011,,975987.0
"('11D', '10D', '03S', '03D', '03H')",59.01,,975962.0
"('11D', '03S', '03D', '09S', '03H')",59.009,,975913.0
"('11D', '03S', '03D', '08H', '03H')",59.008,,975839.0
"('11D', '03S', '03D', '07D', '03H')",59.007,,975741.0
"('11D', '06C', '03S', '03D', '03H')",59.006,,975618.0
"('11D', '03S', '03D', '05S', '03H')",59.005,,975519.0
"('11D', '03S', '03D', '04C', '03H')",59.004,,975396.0
"('10D', '10C', '03S', '10H', '04C')",59.003,,975248.0
"('11D', '03S', '02D', '03D', '03H')",59.002,,975076.0
"('11D', '10D', '02D', '02C', '02S')",58.01,,974879.0
"('11D', '02D', '02C', '02S', '09S')",58.009,,974854.0
"('11D', '02D', '02C', '02S', '08H')",58.008,,974805.0
"('11D', '02D', '02C', '02S', '07D')",58.007,,974731.0
"('11D', '06C', '02D', '02C', '02S')",58.006,,974633.0
"('11D', '02D', '02C', '05S', '02S')",58.005,,974534.0
"('11D', '02D', '02C', '02S', '04C')",58.004,,974411.0
"('11D', '03S', '02D', '02C', '02S')",58.003,,974263.0
"('10D', '10C', '03S', '02D', '10H')",58.002,,974091.0
"('10D', '02D', '02C', '02S', '09S')",57.009,,973894.0
"('10D', '02D', '02C', '02S', '08H')",57.008,,973869.0
"('10D', '02D', '02C', '02S', '07D')",57.007,,973820.0
"('10D', '06C', '02D', '02C', '02S')",57.006,,973746.0
"('10D', '02D', '02C', '05S', '02S')",57.005,,973648.0
"('10D', '02D', '02C', '02S', '04C')",57.004,,973574.0
"('10D', '03S', '02D', '02C', '02S')",57.003,,973475.0
"('03S', '02D', '03D', '09S', '03H')",57.002,,973352.0
"('02D', '02C', '02S', '08H', '09S')",56.008,,973204.0
"('03S', '03D', '08H', '07D', '03H')",56.007,,973180.0
"('06C', '03S', '03D', '08H', '03H')",56.006,,973130.0
"('03S', '03D', '05S', '08H', '03H')",56.005,,973057.0
"('06C', '05S', '04C', '05D', '05C')",56.004,,972983.0
"('06C', '03S', '05S', '05D', '05C')",56.003,,972884.0
"('06C', '02D', '05S', '05D', '05C')",56.002,,972761.0
"('02D', '02C', '02S', '08H', '07D')",55.007,,972613.0
"('06C', '03S', '03D', '07D', '03H')",55.006,,972589.0
"('06C', '05S', '04C', '04D', '04H')",55.005,,972539.0
"('03S', '03D', '04C', '07D', '03H')",55.004,,972466.0
"('06C', '03S', '04C', '04D', '04H')",55.003,,972416.0
"('06C', '02D', '04C', '04D', '04H')",55.002,,972342.0
"('06C', '02D', '02C', '02S', '07D')",54.006,,972244.0
"('06C', '03S', '03D', '05S', '03H')",54.005,,972219.0
"('06C', '03S', '03D', '04C', '03H')",54.004,,972170.0
"('03S', '02D', '02C', '02S', '07D')",54.003,,972121.0
"('06C', '03S', '02D', '03D', '03H')",54.002,,972047.0
"('06C', '02D', '02C', '05S', '02S')",53.005,,971948.0
"('06C', '02D', '02C', '02S', '04C')",53.004,,971924.0
"('06C', '03S', '02D', '02C', '02S')",53.003,,971875.0
"('03S', '02D', '03D', '05S', '03H')",53.002,,971850.0
"('02D', '02C', '05S', '02S', '04C')",52.004,,971801.0
"('03S', '02D', '02C', '05S', '02S')",52.003,,971776.0
"('03S', '02D', '03D', '04C', '03H')",52.002,,971751.0
"('03S', '02D', '02C', '02S', '04C')",51.003,,971702.0
"('12D', '14S', '13S', '14H', '13D')",44.142,,971678.0
"('11D', '14S', '13S', '14H', '13D')",44.141000000000005,,971622.0
"('10D', '14S', '13S', '14H', '13D')",44.14,,971567.0
"('14S', '13S', '14H', '13D', '09S')",44.139,,971511.0
"('14S', '13S', '14H', '13D', '08H')",44.138000000000005,,971456.0
"('14S', '13S', '14H', '13D', '07D')",44.137,,971400.0
"('06C', '14S', '13S', '14H', '13D')",44.136,,971345.0
"('05S', '14S', '13S', '14H', '13D')",44.135000000000005,,971290.0
"('14S', '13S', '14H', '13D', '04C')",44.134,,971234.0
"('03S', '14S', '13S', '14H', '13D')",44.133,,971179.0
"('12D', '12S', '14S', '13S', '14H')",44.132999999999996,,971123.0
"('02D', '14S', '13S', '14H', '13D')",44.132000000000005,,971068.0
"('11D', '12D', '12S', '14S', '14H')",44.131,,971013.0
"('10D', '12D', '12S', '14S', '14H')",44.129999999999995,,970957.0
"('12D', '12S', '14S', '14H', '09S')",44.129,,970902.0
"('12D', '12S', '14S', '14H', '08H')",44.128,,970846.0
"('12D', '12S', '14S', '14H', '07D')",44.126999999999995,,970791.0
"('06C', '12D', '12S', '14S', '14H')",44.126,,970736.0
"('12D', '05S', '12S', '14S', '14H')",44.125,,970680.0
"('12D', '12S', '14S', '14H', '04C')",44.123999999999995,,970625.0
"('11D', '14S', '13S', '14H', '11S')",44.123,,970569.0
"('11D', '12D', '14S', '14H', '11S')",44.122,,970459.0
"('11D', '10D', '14S', '14H', '11S')",44.12,,970348.0
"('11D', '14S', '14H', '09S', '11S')",44.119,,970292.0
"('11D', '14S', '14H', '08H', '11S')",44.118,,970237.0
"('11D', '14S', '14H', '07D', '11S')",44.117,,970182.0
"('11D', '06C', '14S', '14H', '11S')",44.116,,970126.0
"('11D', '05S', '14S', '14H', '11S')",44.115,,970071.0
"('11D', '14S', '14H', '04C', '11S')",44.114,,970015.0
"('11D', '03S', '14S', '14H', '11S')",44.113,,969960.0
"('11D', '02D', '14S', '14H', '11S')",44.112,,969849.0
"('11D', '10D', '10C', '14S', '14H')",44.111000000000004,,969738.0
"('10D', '10C', '14S', '14H', '09S')",44.109,,969683.0
"('10D', '10C', '14S', '14H', '08H')",44.108000000000004,,969627.0
"('10D', '10C', '14S', '14H', '07D')",44.107,,969572.0
"('10D', '06C', '10C', '14S', '14H')",44.106,,969517.0
"('10D', '10C', '05S', '14S', '14H')",44.105000000000004,,969461.0
"('10D', '10C', '14S', '14H', '04C')",44.104,,969406.0
"('10D', '10C', '03S', '14S', '14H')",44.103,,969350.0
"('10D', '10C', '02D', '14S', '14H')",44.102000000000004,,969240.0
"('11D', '14S', '14H', '09S', '09D')",44.101000000000006,,969129.0
"('10D', '14S', '14H', '09S', '09D')",44.1,,969073.0
"('14S', '14H', '08H', '09S', '09D')",44.098000000000006,,969018.0
"('14S', '14H', '09S', '09D', '07D')",44.097,,968963.0
"('06C', '14S', '14H', '09S', '09D')",44.096000000000004,,968907.0
"('05S', '14S', '14H', '09S', '09D')",44.095000000000006,,968852.0
"('14S', '14H', '04C', '09S', '09D')",44.094,,968796.0
"('03S', '14S', '14H', '09S', '09D')",44.093,,968741.0
"('14S', '13S', '14H', '08H', '08D')",44.092999999999996,,968686.0
"('02D', '14S', '14H', '09S', '09D')",44.092000000000006,,968630.0
"('12D', '14S', '14H', '08H', '08D')",44.092,,968575.0
"('11D', '14S', '14H', '08H', '08D')",44.091,,968519.0
"('10D', '14S', '14H', '08H', '08D')",44.089999999999996,,968464.0
"('14S', '14H', '08H', '09S', '08D')",44.089,,968409.0
"('14S', '14H', '08H', '08D', '07D')",44.086999999999996,,968353.0
"('06C', '14S', '14H', '08H', '08D')",44.086,,968298.0
"('05S', '14S', '14H', '08H', '08D')",44.085,,968242.0
"('14S', '14H', '08H', '04C', '08D')",44.083999999999996,,968187.0
"('03S', '14S', '14H', '08H', '08D')",44.083,,968131.0
"('12D', '14S', '14H', '07D', '07S')",44.082,,968021.0
"('11D', '14S', '14H', '07D', '07S')",44.081,,967910.0
"('10D', '14S', '14H', '07D', '07S')",44.08,,967854.0
"('14S', '14H', '09S', '07D', '07S')",44.079,,967799.0
"('14S', '14H', '08H', '07D', '07S')",44.078,,967744.0
"('06C', '14S', '14H', '07D', '07S')",44.076,,967688.0
"('05S', '14S', '14H', '07D', '07S')",44.075,,967633.0
"('14S', '14H', '04C', '07D', '07S')",44.074,,967577.0
"('06C', '14S', '13S', '14H', '06H')",44.073,,967522.0
"('06C', '12D', '14S', '14H', '06H')",44.072,,967411.0
"('11D', '06C', '14S', '14H', '06H')",44.071000000000005,,967300.0
"('10D', '06C', '14S', '14H', '06H')",44.07,,967245.0
"('06C', '14S', '14H', '09S', '06H')",44.069,,967190.0
"('06C', '14S', '14H', '08H', '06H')",44.068000000000005,,967134.0
"('06C', '14S', '14H', '07D', '06H')",44.067,,967079.0
"('06C', '05S', '14S', '14H', '06H')",44.065000000000005,,967023.0
"('06C', '14S', '14H', '04C', '06H')",44.064,,966968.0
"('06C', '03S', '14S', '14H', '06H')",44.063,,966913.0
"('05S', '14S', '13S', '14H', '05D')",44.062999999999995,,966857.0
"('06C', '02D', '14S', '14H', '06H')",44.062000000000005,,966802.0
"('12D', '05S', '14S', '14H', '05D')",44.062,,966746.0
"('11D', '05S', '14S', '14H', '05D')",44.061,,966691.0
"('10D', '05S', '14S', '14H', '05D')",44.059999999999995,,966636.0
"('05S', '14S', '14H', '09S', '05D')",44.059,,966580.0
"('05S', '14S', '14H', '08H', '05D')",44.058,,966525.0
"('05S', '14S', '14H', '05D', '07D')",44.056999999999995,,966469.0
"('06C', '05S', '14S', '14H', '05D')",44.056,,966414.0
"('05S', '14S', '14H', '04C', '05D')",44.053999999999995,,966358.0
"('03S', '05S', '14S', '14H', '05D')",44.053,,966303.0
"('12D', '14S', '14H', '04C', '04D')",44.052,,966192.0
"('11D', '14S', '14H', '04C', '04D')",44.051,,966081.0
"('10D', '14S', '14H', '04C', '04D')",44.05,,966026.0
"('14S', '14H', '04C', '09S', '04D')",44.049,,965971.0
"('14S', '14H', '08H', '04C', '04D')",44.048,,965915.0
"('14S', '14H', '04C', '04D', '07D')",44.047,,965860.0
"('06C', '14S', '14H', '04C', '04D')",44.046,,965804.0
"('05S', '14S', '14H', '04C', '04D')",44.045,,965749.0
"('03S', '03D', '14S', '13S', '14H')",44.043,,965694.0
"('03S', '12D', '03D', '14S', '14H')",44.042,,965583.0
"('11D', '03S', '03D', '14S', '14H')",44.041000000000004,,965472.0
"('10D', '03S', '03D', '14S', '14H')",44.04,,965417.0
"('03S', '03D', '14S', '14H', '09S')",44.039,,965361.0
"('03S', '03D', '14S', '14H', '08H')",44.038000000000004,,965306.0
"('03S', '03D', '14S', '14H', '07D')",44.037,,965250.0
"('06C', '03S', '03D', '14S', '14H')",44.036,,965195.0
"('03S', '03D', '05S', '14S', '14H')",44.035000000000004,,965140.0
"('03S', '03D', '14S', '14H', '04C')",44.034,,965084.0
"('02D', '02C', '14S', '13S', '14H')",44.033,,965029.0
"('03S', '02D', '03D', '14S', '14H')",44.032000000000004,,964973.0
"('11D', '02D', '02C', '14S', '14H')",44.031000000000006,,964862.0
"('10D', '02D', '02C', '14S', '14H')",44.03,,964807.0
"('02D', '02C', '14S', '14H', '09S')",44.029,,964752.0
"('02D', '02C', '14S', '14H', '08H')",44.028000000000006,,964696.0
"('02D', '02C', '14S', '14H', '07D')",44.027,,964641.0
"('06C', '02D', '02C', '14S', '14H')",44.026,,964585.0
"('02D', '02C', '05S', '14S', '14H')",44.025000000000006,,964530.0
"('02D', '02C', '14S', '14H', '04C')",44.024,,964475.0
"('03S', '02D', '02C', '14S', '14H')",44.023,,964419.0
"('12D', '12S', '14S', '13S', '13D')",43.134,,964364.0
"('11D', '12D', '12S', '13S', '13D')",43.131,,964308.0
"('10D', '12D', '12S', '13S', '13D')",43.129999999999995,,964253.0
"('12D', '12S', '13S', '13D', '09S')",43.129,,964198.0
"('12D', '12S', '13S', '13D', '08H')",43.128,,964142.0
"('12D', '12S', '13S', '13D', '07D')",43.126999999999995,,964087.0
"('06C', '12D', '12S', '13S', '13D')",43.126,,964031.0
"('12D', '05S', '12S', '13S', '13D')",43.125,,963976.0
"('11D', '14S', '13S', '13D', '11S')",43.124,,963921.0
"('12D', '12S', '13S', '13D', '04C')",43.123999999999995,,963865.0
"('03S', '12D', '12S', '13S', '13D')",43.123,,963810.0
"('11D', '12D', '13S', '13D', '11S')",43.122,,963754.0
"('11D', '10D', '13S', '13D', '11S')",43.12,,963644.0
"('11D', '13S', '13D', '09S', '11S')",43.119,,963588.0
"('11D', '13S', '13D', '08H', '11S')",43.118,,963533.0
"('11D', '13S', '13D', '07D', '11S')",43.117,,963477.0
"('11D', '06C', '13S', '13D', '11S')",43.116,,963422.0
"('11D', '05S', '13S', '13D', '11S')",43.115,,963367.0
"('10D', '10C', '14S', '13S', '13D')",43.114000000000004,,963311.0
"('11D', '13S', '13D', '04C', '11S')",43.114,,963256.0
"('11D', '03S', '13S', '13D', '11S')",43.113,,963200.0
"('11D', '02D', '13S', '13D', '11S')",43.112,,963145.0
"('11D', '10D', '10C', '13S', '13D')",43.111000000000004,,963034.0
"('10D', '10C', '13S', '13D', '09S')",43.109,,962979.0
"('10D', '10C', '13S', '13D', '08H')",43.108000000000004,,962923.0
"('10D', '10C', '13S', '13D', '07D')",43.107,,962868.0
"('10D', '06C', '10C', '13S', '13D')",43.106,,962812.0
"('10D', '10C', '05S', '13S', '13D')",43.105000000000004,,962757.0
"('14S', '13S', '13D', '09S', '09D')",43.104000000000006,,962702.0
"('10D', '10C', '13S', '13D', '04C')",43.104,,962646.0
"('10D', '10C', '03S', '13S', '13D')",43.103,,962591.0
"('10D', '10C', '02D', '13S', '13D')",43.102000000000004,,962535.0
"('11D', '13S', '13D', '09S', '09D')",43.101000000000006,,962425.0
"('10D', '13S', '13D', '09S', '09D')",43.1,,962369.0
"('13S', '13D', '08H', '09S', '09D')",43.098000000000006,,962314.0
"('13S', '13D', '09S', '09D', '07D')",43.097,,962258.0
"('06C', '13S', '13D', '09S', '09D')",43.096000000000004,,962203.0
"('05S', '13S', '13D', '09S', '09D')",43.095000000000006,,962148.0
"('14S', '13S', '13D', '08H', '08D')",43.094,,962092.0
"('03S', '13S', '13D', '09S', '09D')",43.093,,961981.0
"('02D', '13S', '13D', '09S', '09D')",43.092000000000006,,961926.0
"('12D', '13S', '13D', '08H', '08D')",43.092,,961871.0
"('11D', '13S', '13D', '08H', '08D')",43.091,,961815.0
"('10D', '13S', '13D', '08H', '08D')",43.089999999999996,,961760.0
"('13S', '13D', '08H', '09S', '08D')",43.089,,961704.0
"('13S', '13D', '08H', '08D', '07D')",43.086999999999996,,961649.0
"('06C', '13S', '13D', '08H', '08D')",43.086,,961593.0
"('05S', '13S', '13D', '08H', '08D')",43.085,,961538.0
"('14S', '13S', '13D', '07D', '07S')",43.084,,961483.0
"('13S', '13D', '08H', '04C', '08D')",43.083999999999996,,961427.0
"('03S', '13S', '13D', '08H', '08D')",43.083,,961372.0
"('12D', '13S', '13D', '07D', '07S')",43.082,,961316.0
"('11D', '13S', '13D', '07D', '07S')",43.081,,961206.0
"('10D', '13S', '13D', '07D', '07S')",43.08,,961150.0
"('13S', '13D', '09S', '07D', '07S')",43.079,,961095.0
"('13S', '13D', '08H', '07D', '07S')",43.078,,961039.0
"('06C', '13S', '13D', '07D', '07S')",43.076,,960984.0
"('05S', '13S', '13D', '07D', '07S')",43.075,,960929.0
"('06C', '14S', '13S', '13D', '06H')",43.074000000000005,,960873.0
"('13S', '13D', '04C', '07D', '07S')",43.074,,960818.0
"('03S', '13S', '13D', '07D', '07S')",43.073,,960762.0
"('06C', '12D', '13S', '13D', '06H')",43.072,,960707.0
"('11D', '06C', '13S', '13D', '06H')",43.071000000000005,,960596.0
"('10D', '06C', '13S', '13D', '06H')",43.07,,960541.0
"('06C', '13S', '13D', '09S', '06H')",43.069,,960485.0
"('06C', '13S', '13D', '08H', '06H')",43.068000000000005,,960430.0
"('06C', '13S', '13D', '07D', '06H')",43.067,,960375.0
"('06C', '05S', '13S', '13D', '06H')",43.065000000000005,,960319.0
"('06C', '13S', '13D', '04C', '06H')",43.064,,960264.0
"('06C', '03S', '13S', '13D', '06H')",43.063,,960153.0
"('06C', '02D', '13S', '13D', '06H')",43.062000000000005,,960098.0
"('12D', '05S', '13S', '13D', '05D')",43.062,,960042.0
"('11D', '05S', '13S', '13D', '05D')",43.061,,959987.0
"('10D', '05S', '13S', '13D', '05D')",43.059999999999995,,959931.0
"('05S', '13S', '13D', '09S', '05D')",43.059,,959876.0
"('05S', '13S', '13D', '08H', '05D')",43.058,,959820.0
"('05S', '13S', '13D', '05D', '07D')",43.056999999999995,,959765.0
"('06C', '05S', '13S', '13D', '05D')",43.056,,959710.0
"('14S', '13S', '13D', '04C', '04D')",43.054,,959654.0
"('05S', '13S', '13D', '04C', '05D')",43.053999999999995,,959599.0
"('03S', '05S', '13S', '13D', '05D')",43.053,,959543.0
"('12D', '13S', '13D', '04C', '04D')",43.052,,959488.0
"('11D', '13S', '13D', '04C', '04D')",43.051,,959377.0
"('10D', '13S', '13D', '04C', '04D')",43.05,,959322.0
"('13S', '13D', '04C', '09S', '04D')",43.049,,959266.0
"('13S', '13D', '08H', '04C', '04D')",43.048,,959211.0
"('13S', '13D', '04C', '04D', '07D')",43.047,,959156.0
"('06C', '13S', '13D', '04C', '04D')",43.046,,959100.0
"('05S', '13S', '13D', '04C', '04D')",43.045,,959045.0
"('03S', '03D', '14S', '13S', '13D')",43.044000000000004,,958989.0
"('03S', '13S', '13D', '04C', '04D')",43.043,,958934.0
"('03S', '12D', '03D', '13S', '13D')",43.042,,958879.0
"('11D', '03S', '03D', '13S', '13D')",43.041000000000004,,958768.0
"('10D', '03S', '03D', '13S', '13D')",43.04,,958712.0
"('03S', '03D', '13S', '13D', '09S')",43.039,,958657.0
"('03S', '03D', '13S', '13D', '08H')",43.038000000000004,,958602.0
"('03S', '03D', '13S', '13D', '07D')",43.037,,958546.0
"('06C', '03S', '03D', '13S', '13D')",43.036,,958491.0
"('03S', '03D', '05S', '13S', '13D')",43.035000000000004,,958435.0
"('02D', '02C', '14S', '13S', '13D')",43.034000000000006,,958380.0
"('03S', '03D', '13S', '13D', '04C')",43.034,,958324.0
"('03S', '02D', '03D', '13S', '13D')",43.032000000000004,,958269.0
"('11D', '02D', '02C', '13S', '13D')",43.031000000000006,,958158.0
"('10D', '02D', '02C', '13S', '13D')",43.03,,958103.0
"('02D', '02C', '13S', '13D', '09S')",43.029,,958047.0
"('02D', '02C', '13S', '13D', '08H')",43.028000000000006,,957992.0
"('02D', '02C', '13S', '13D', '07D')",43.027,,957937.0
"('06C', '02D', '02C', '13S', '13D')",43.026,,957881.0
"('02D', '02C', '05S', '13S', '13D')",43.025000000000006,,957826.0
"('02D', '02C', '13S', '13D', '04C')",43.024,,957770.0
"('03S', '02D', '02C', '13S', '13D')",43.023,,957715.0
"('11D', '12D', '12S', '14S', '11S')",42.124,,957660.0
"('11D', '12D', '12S', '13S', '11S')",42.123,,957604.0
"('11D', '10D', '12D', '12S', '11S')",42.12,,957549.0
"('11D', '12D', '12S', '09S', '11S')",42.119,,957493.0
"('11D', '12D', '12S', '08H', '11S')",42.118,,957438.0
"('11D', '12D', '12S', '07D', '11S')",42.117,,957383.0
"('11D', '06C', '12D', '12S', '11S')",42.116,,957327.0
"('11D', '12D', '05S', '12S', '11S')",42.115,,957272.0
"('10D', '10C', '12D', '12S', '14S')",42.114000000000004,,957216.0
"('11D', '12D', '12S', '04C', '11S')",42.114,,957161.0
"('11D', '03S', '12D', '12S', '11S')",42.113,,957106.0
"('11D', '12D', '02D', '12S', '11S')",42.112,,956995.0
"('11D', '10D', '10C', '12D', '12S')",42.111000000000004,,956939.0
"('10D', '10C', '12D', '12S', '09S')",42.109,,956884.0
"('10D', '10C', '12D', '12S', '08H')",42.108000000000004,,956829.0
"('10D', '10C', '12D', '12S', '07D')",42.107,,956773.0
"('10D', '06C', '10C', '12D', '12S')",42.106,,956718.0
"('10D', '10C', '12D', '05S', '12S')",42.105000000000004,,956662.0
"('12D', '12S', '14S', '09S', '09D')",42.104000000000006,,956607.0
"('10D', '10C', '12D', '12S', '04C')",42.104,,956551.0
"('10D', '10C', '03S', '12D', '12S')",42.103,,956496.0
"('10D', '10C', '12D', '02D', '12S')",42.102000000000004,,956385.0
"('11D', '12D', '12S', '09S', '09D')",42.101000000000006,,956330.0
"('10D', '12D', '12S', '09S', '09D')",42.1,,956274.0
"('12D', '12S', '08H', '09S', '09D')",42.098000000000006,,956219.0
"('12D', '12S', '09S', '09D', '07D')",42.097,,956164.0
"('06C', '12D', '12S', '09S', '09D')",42.096000000000004,,956108.0
"('12D', '05S', '12S', '09S', '09D')",42.095000000000006,,956053.0
"('12D', '12S', '14S', '08H', '08D')",42.094,,955997.0
"('03S', '12D', '12S', '09S', '09D')",42.093,,955887.0
"('12D', '12S', '13S', '08H', '08D')",42.092999999999996,,955831.0
"('12D', '02D', '12S', '09S', '09D')",42.092000000000006,,955776.0
"('11D', '12D', '12S', '08H', '08D')",42.091,,955720.0
"('10D', '12D', '12S', '08H', '08D')",42.089999999999996,,955665.0
"('12D', '12S', '08H', '09S', '08D')",42.089,,955610.0
"('12D', '12S', '08H', '08D', '07D')",42.086999999999996,,955554.0
"('06C', '12D', '12S', '08H', '08D')",42.086,,955499.0
"('12D', '05S', '12S', '08H', '08D')",42.085,,955443.0
"('12D', '12S', '14S', '07D', '07S')",42.084,,955388.0
"('12D', '12S', '08H', '04C', '08D')",42.083999999999996,,955333.0
"('03S', '12D', '12S', '08H', '08D')",42.083,,955277.0
"('12D', '02D', '12S', '08H', '08D')",42.082,,955166.0
"('11D', '12D', '12S', '07D', '07S')",42.081,,955111.0
"('10D', '12D', '12S', '07D', '07S')",42.08,,955055.0
"('12D', '12S', '09S', '07D', '07S')",42.079,,955000.0
"('12D', '12S', '08H', '07D', '07S')",42.078,,954945.0
"('06C', '12D', '12S', '07D', '07S')",42.076,,954889.0
"('12D', '05S', '12S', '07D', '07S')",42.075,,954834.0
"('06C', '12D', '12S', '14S', '06H')",42.074000000000005,,954778.0
"('12D', '12S', '04C', '07D', '07S')",42.074,,954723.0
"('06C', '12D', '12S', '13S', '06H')",42.073,,954668.0
"('12D', '02D', '12S', '07D', '07S')",42.072,,954557.0
"('11D', '06C', '12D', '12S', '06H')",42.071000000000005,,954501.0
"('10D', '06C', '12D', '12S', '06H')",42.07,,954446.0
"('06C', '12D', '12S', '09S', '06H')",42.069,,954391.0
"('06C', '12D', '12S', '08H', '06H')",42.068000000000005,,954335.0
"('06C', '12D', '12S', '07D', '06H')",42.067,,954280.0
"('06C', '12D', '05S', '12S', '06H')",42.065000000000005,,954224.0
"('06C', '12D', '12S', '04C', '06H')",42.064,,954169.0
"('06C', '03S', '12D', '12S', '06H')",42.063,,954058.0
"('12D', '05S', '12S', '13S', '05D')",42.062999999999995,,954003.0
"('06C', '12D', '02D', '12S', '06H')",42.062000000000005,,953947.0
"('11D', '12D', '05S', '12S', '05D')",42.061,,953892.0
"('10D', '12D', '05S', '12S', '05D')",42.059999999999995,,953837.0
"('12D', '05S', '12S', '09S', '05D')",42.059,,953781.0
"('12D', '05S', '12S', '08H', '05D')",42.058,,953726.0
"('12D', '05S', '12S', '05D', '07D')",42.056999999999995,,953670.0
"('06C', '12D', '05S', '12S', '05D')",42.056,,953615.0
"('12D', '12S', '14S', '04C', '04D')",42.054,,953560.0
"('12D', '05S', '12S', '04C', '05D')",42.053999999999995,,953504.0
"('03S', '12D', '05S', '12S', '05D')",42.053,,953449.0
"('12D', '02D', '05S', '12S', '05D')",42.052,,953338.0
"('11D', '12D', '12S', '04C', '04D')",42.051,,953282.0
"('10D', '12D', '12S', '04C', '04D')",42.05,,953227.0
"('12D', '12S', '04C', '09S', '04D')",42.049,,953172.0
"('12D', '12S', '08H', '04C', '04D')",42.048,,953116.0
"('12D', '12S', '04C', '04D', '07D')",42.047,,953061.0
"('06C', '12D', '12S', '04C', '04D')",42.046,,953005.0
"('12D', '05S', '12S', '04C', '04D')",42.045,,952950.0
"('03S', '12D', '03D', '12S', '14S')",42.044000000000004,,952895.0
"('03S', '12D', '03D', '12S', '13S')",42.043,,952839.0
"('12D', '02D', '12S', '04C', '04D')",42.042,,952728.0
"('11D', '03S', '12D', '03D', '12S')",42.041000000000004,,952673.0
"('10D', '03S', '12D', '03D', '12S')",42.04,,952618.0
"('03S', '12D', '03D', '12S', '09S')",42.039,,952562.0
"('03S', '12D', '03D', '12S', '08H')",42.038000000000004,,952507.0
"('03S', '12D', '03D', '12S', '07D')",42.037,,952451.0
"('06C', '03S', '12D', '03D', '12S')",42.036,,952396.0
"('03S', '12D', '03D', '05S', '12S')",42.035000000000004,,952341.0
"('12D', '02D', '02C', '12S', '14S')",42.034000000000006,,952285.0
"('03S', '12D', '03D', '12S', '04C')",42.034,,952230.0
"('12D', '02D', '02C', '12S', '13S')",42.033,,952174.0
"('03S', '12D', '02D', '03D', '12S')",42.032000000000004,,952119.0
"('11D', '12D', '02D', '02C', '12S')",42.031000000000006,,952064.0
"('10D', '12D', '02D', '02C', '12S')",42.03,,952008.0
"('12D', '02D', '02C', '12S', '09S')",42.029,,951953.0
"('12D', '02D', '02C', '12S', '08H')",42.028000000000006,,951897.0
"('12D', '02D', '02C', '12S', '07D')",42.027,,951842.0
"('06C', '12D', '02D', '02C', '12S')",42.026,,951786.0
"('12D', '02D', '02C', '05S', '12S')",42.025000000000006,,951731.0
"('12D', '02D', '02C', '12S', '04C')",42.024,,951676.0
"('03S', '12D', '02D', '02C', '12S')",42.023,,951620.0
"('11D', '10D', '10C', '14S', '11S')",41.114000000000004,,951565.0
"('11D', '10D', '10C', '13S', '11S')",41.113,,951509.0
"('11D', '10D', '10C', '12D', '11S')",41.112,,951454.0
"('11D', '10D', '10C', '09S', '11S')",41.109,,951399.0
"('11D', '10D', '10C', '08H', '11S')",41.108000000000004,,951343.0
"('11D', '10D', '10C', '07D', '11S')",41.107,,951288.0
"('11D', '10D', '06C', '10C', '11S')",41.106,,951232.0
"('11D', '10D', '10C', '05S', '11S')",41.105000000000004,,951177.0
"('11D', '14S', '09S', '09D', '11S')",41.104000000000006,,951122.0
"('11D', '10D', '10C', '04C', '11S')",41.104,,951066.0
"('11D', '10D', '10C', '03S', '11S')",41.103,,951011.0
"('11D', '10D', '10C', '02D', '11S')",41.102000000000004,,950900.0
"('11D', '10D', '09S', '09D', '11S')",41.1,,950789.0
"('11D', '08H', '09S', '09D', '11S')",41.098000000000006,,950734.0
"('11D', '09S', '09D', '07D', '11S')",41.097,,950678.0
"('11D', '06C', '09S', '09D', '11S')",41.096000000000004,,950623.0
"('11D', '05S', '09S', '09D', '11S')",41.095000000000006,,950568.0
"('11D', '14S', '08H', '08D', '11S')",41.094,,950512.0
"('11D', '03S', '09S', '09D', '11S')",41.093,,950401.0
"('11D', '13S', '08H', '08D', '11S')",41.092999999999996,,950346.0
"('11D', '02D', '09S', '09D', '11S')",41.092000000000006,,950291.0
"('11D', '12D', '08H', '08D', '11S')",41.092,,950235.0
"('11D', '10D', '08H', '08D', '11S')",41.089999999999996,,950180.0
"('11D', '08H', '09S', '08D', '11S')",41.089,,950124.0
"('11D', '08H', '08D', '07D', '11S')",41.086999999999996,,950069.0
"('11D', '06C', '08H', '08D', '11S')",41.086,,950013.0
"('11D', '05S', '08H', '08D', '11S')",41.085,,949958.0
"('11D', '14S', '07D', '11S', '07S')",41.084,,949903.0
"('11D', '08H', '04C', '08D', '11S')",41.083999999999996,,949847.0
"('11D', '03S', '08H', '08D', '11S')",41.083,,949792.0
"('11D', '12D', '07D', '11S', '07S')",41.082,,949681.0
"('11D', '10D', '07D', '11S', '07S')",41.08,,949570.0
"('11D', '09S', '07D', '11S', '07S')",41.079,,949515.0
"('11D', '08H', '07D', '11S', '07S')",41.078,,949459.0
"('11D', '06C', '07D', '11S', '07S')",41.076,,949404.0
"('11D', '05S', '07D', '11S', '07S')",41.075,,949349.0
"('11D', '06C', '14S', '11S', '06H')",41.074000000000005,,949293.0
"('11D', '04C', '07D', '11S', '07S')",41.074,,949238.0
"('11D', '06C', '13S', '11S', '06H')",41.073,,949182.0
"('11D', '06C', '12D', '11S', '06H')",41.072,,949072.0
"('11D', '10D', '06C', '11S', '06H')",41.07,,948961.0
"('11D', '06C', '09S', '11S', '06H')",41.069,,948905.0
"('11D', '06C', '08H', '11S', '06H')",41.068000000000005,,948850.0
"('11D', '06C', '07D', '11S', '06H')",41.067,,948795.0
"('11D', '06C', '05S', '11S', '06H')",41.065000000000005,,948739.0
"('11D', '06C', '04C', '11S', '06H')",41.064,,948684.0
"('11D', '06C', '03S', '11S', '06H')",41.063,,948573.0
"('11D', '05S', '13S', '05D', '11S')",41.062999999999995,,948517.0
"('11D', '06C', '02D', '11S', '06H')",41.062000000000005,,948462.0
"('11D', '12D', '05S', '05D', '11S')",41.062,,948407.0
"('11D', '10D', '05S', '05D', '11S')",41.059999999999995,,948351.0
"('11D', '05S', '09S', '05D', '11S')",41.059,,948296.0
"('11D', '05S', '08H', '05D', '11S')",41.058,,948240.0
"('11D', '05S', '05D', '07D', '11S')",41.056999999999995,,948185.0
"('11D', '06C', '05S', '05D', '11S')",41.056,,948130.0
"('11D', '14S', '04C', '04D', '11S')",41.054,,948074.0
"('11D', '05S', '04C', '05D', '11S')",41.053999999999995,,948019.0
"('11D', '03S', '05S', '05D', '11S')",41.053,,947963.0
"('11D', '12D', '04C', '04D', '11S')",41.052,,947853.0
"('11D', '10D', '04C', '04D', '11S')",41.05,,947742.0
"('11D', '04C', '09S', '04D', '11S')",41.049,,947686.0
"('11D', '08H', '04C', '04D', '11S')",41.048,,947631.0
"('11D', '04C', '04D', '07D', '11S')",41.047,,947576.0
"('11D', '06C', '04C', '04D', '11S')",41.046,,947520.0
"('11D', '05S', '04C', '04D', '11S')",41.045,,947465.0
"('11D', '03S', '03D', '14S', '11S')",41.044000000000004,,947409.0
"('11D', '03S', '03D', '13S', '11S')",41.043,,947354.0
"('11D', '03S', '12D', '03D', '11S')",41.042,,947243.0
"('11D', '10D', '03S', '03D', '11S')",41.04,,947132.0
"('11D', '03S', '03D', '09S', '11S')",41.039,,947077.0
"('11D', '03S', '03D', '08H', '11S')",41.038000000000004,,947022.0
"('11D', '03S', '03D', '07D', '11S')",41.037,,946966.0
"('11D', '06C', '03S', '03D', '11S')",41.036,,946911.0
"('11D', '03S', '03D', '05S', '11S')",41.035000000000004,,946855.0
"('11D', '02D', '02C', '14S', '11S')",41.034000000000006,,946800.0
"('11D', '03S', '03D', '04C', '11S')",41.034,,946744.0
"('11D', '02D', '02C', '13S', '11S')",41.033,,946689.0
"('11D', '03S', '02D', '03D', '11S')",41.032000000000004,,946634.0
"('11D', '10D', '02D', '02C', '11S')",41.03,,946523.0
"('11D', '02D', '02C', '09S', '11S')",41.029,,946467.0
"('11D', '02D', '02C', '08H', '11S')",41.028000000000006,,946412.0
"('11D', '02D', '02C', '07D', '11S')",41.027,,946357.0
"('11D', '06C', '02D', '02C', '11S')",41.026,,946301.0
"('11D', '02D', '02C', '05S', '11S')",41.025000000000006,,946246.0
"('11D', '02D', '02C', '04C', '11S')",41.024,,946190.0
"('11D', '03S', '02D', '02C', '11S')",41.023,,946135.0
"('10D', '10C', '14S', '09S', '09D')",40.104000000000006,,946080.0
"('10D', '10C', '13S', '09S', '09D')",40.103,,946024.0
"('10D', '10C', '12D', '09S', '09D')",40.102000000000004,,945969.0
"('11D', '10D', '10C', '09S', '09D')",40.101000000000006,,945913.0
"('10D', '10C', '08H', '09S', '09D')",40.098000000000006,,945858.0
"('10D', '10C', '09S', '09D', '07D')",40.097,,945803.0
"('10D', '06C', '10C', '09S', '09D')",40.096000000000004,,945747.0
"('10D', '10C', '05S', '09S', '09D')",40.095000000000006,,945692.0
"('10D', '10C', '14S', '08H', '08D')",40.094,,945636.0
"('10D', '10C', '03S', '09S', '09D')",40.093,,945526.0
"('10D', '10C', '13S', '08H', '08D')",40.092999999999996,,945470.0
"('10D', '10C', '02D', '09S', '09D')",40.092000000000006,,945415.0
"('10D', '10C', '12D', '08H', '08D')",40.092,,945359.0
"('11D', '10D', '10C', '08H', '08D')",40.091,,945304.0
"('10D', '10C', '08H', '09S', '08D')",40.089,,945248.0
"('10D', '10C', '08H', '08D', '07D')",40.086999999999996,,945193.0
"('10D', '06C', '10C', '08H', '08D')",40.086,,945138.0
"('10D', '10C', '05S', '08H', '08D')",40.085,,945082.0
"('10D', '10C', '14S', '07D', '07S')",40.084,,945027.0
"('10D', '10C', '08H', '04C', '08D')",40.083999999999996,,944971.0
"('10D', '10C', '03S', '08H', '08D')",40.083,,944916.0
"('10D', '10C', '12D', '07D', '07S')",40.082,,944805.0
"('11D', '10D', '10C', '07D', '07S')",40.081,,944694.0
"('10D', '10C', '09S', '07D', '07S')",40.079,,944639.0
"('10D', '10C', '08H', '07D', '07S')",40.078,,944584.0
"('10D', '06C', '10C', '07D', '07S')",40.076,,944528.0
"('10D', '10C', '05S', '07D', '07S')",40.075,,944473.0
"('10D', '06C', '10C', '14S', '06H')",40.074000000000005,,944417.0
"('10D', '10C', '04C', '07D', '07S')",40.074,,944362.0
"('10D', '06C', '10C', '13S', '06H')",40.073,,944307.0
"('10D', '06C', '10C', '12D', '06H')",40.072,,944196.0
"('11D', '10D', '06C', '10C', '06H')",40.071000000000005,,944085.0
"('10D', '06C', '10C', '09S', '06H')",40.069,,944030.0
"('10D', '06C', '10C', '08H', '06H')",40.068000000000005,,943974.0
"('10D', '06C', '10C', '07D', '06H')",40.067,,943919.0
"('10D', '06C', '10C', '05S', '06H')",40.065000000000005,,943863.0
"('10D', '06C', '10C', '04C', '06H')",40.064,,943808.0
"('10D', '06C', '10C', '03S', '06H')",40.063,,943697.0
"('10D', '10C', '05S', '13S', '05D')",40.062999999999995,,943642.0
"('10D', '06C', '10C', '02D', '06H')",40.062000000000005,,943586.0
"('10D', '10C', '12D', '05S', '05D')",40.062,,943531.0
"('11D', '10D', '10C', '05S', '05D')",40.061,,943475.0
"('10D', '10C', '05S', '09S', '05D')",40.059,,943420.0
"('10D', '10C', '05S', '08H', '05D')",40.058,,943365.0
"('10D', '10C', '05S', '05D', '07D')",40.056999999999995,,943309.0
"('10D', '06C', '10C', '05S', '05D')",40.056,,943254.0
"('10D', '10C', '14S', '04C', '04D')",40.054,,943198.0
"('10D', '10C', '05S', '04C', '05D')",40.053999999999995,,943143.0
"('10D', '10C', '03S', '05S', '05D')",40.053,,943088.0
"('10D', '10C', '12D', '04C', '04D')",40.052,,942977.0
"('11D', '10D', '10C', '04C', '04D')",40.051,,942866.0
"('10D', '10C', '04C', '09S', '04D')",40.049,,942811.0
"('10D', '10C', '08H', '04C', '04D')",40.048,,942755.0
"('10D', '10C', '04C', '04D', '07D')",40.047,,942700.0
"('10D', '06C', '10C', '04C', '04D')",40.046,,942644.0
"('10D', '10C', '05S', '04C', '04D')",40.045,,942589.0
"('10D', '10C', '03S', '03D', '14S')",40.044000000000004,,942534.0
"('10D', '10C', '03S', '03D', '13S')",40.043,,942478.0
"('10D', '10C', '03S', '12D', '03D')",40.042,,942367.0
"('11D', '10D', '10C', '03S', '03D')",40.041000000000004,,942257.0
"('10D', '10C', '03S', '03D', '09S')",40.039,,942201.0
"('10D', '10C', '03S', '03D', '08H')",40.038000000000004,,942146.0
"('10D', '10C', '03S', '03D', '07D')",40.037,,942090.0
"('10D', '06C', '10C', '03S', '03D')",40.036,,942035.0
"('10D', '10C', '03S', '03D', '05S')",40.035000000000004,,941979.0
"('10D', '10C', '02D', '02C', '14S')",40.034000000000006,,941924.0
"('10D', '10C', '03S', '03D', '04C')",40.034,,941869.0
"('10D', '10C', '02D', '02C', '13S')",40.033,,941813.0
"('10D', '10C', '03S', '02D', '03D')",40.032000000000004,,941758.0
"('11D', '10D', '10C', '02D', '02C')",40.031000000000006,,941647.0
"('10D', '10C', '02D', '02C', '09S')",40.029,,941592.0
"('10D', '10C', '02D', '02C', '08H')",40.028000000000006,,941536.0
"('10D', '10C', '02D', '02C', '07D')",40.027,,941481.0
"('10D', '06C', '10C', '02D', '02C')",40.026,,941425.0
"('10D', '10C', '02D', '02C', '05S')",40.025000000000006,,941370.0
"('10D', '10C', '02D', '02C', '04C')",40.024,,941315.0
"('10D', '10C', '03S', '02D', '02C')",40.023,,941259.0
"('14S', '08H', '09S', '09D', '08D')",39.094,,941204.0
"('13S', '08H', '09S', '09D', '08D')",39.092999999999996,,941148.0
"('12D', '08H', '09S', '09D', '08D')",39.092,,941093.0
"('11D', '08H', '09S', '09D', '08D')",39.091,,941038.0
"('10D', '08H', '09S', '09D', '08D')",39.089999999999996,,940982.0
"('08H', '09S', '09D', '08D', '07D')",39.086999999999996,,940927.0
"('06C', '08H', '09S', '09D', '08D')",39.086,,940871.0
"('05S', '08H', '09S', '09D', '08D')",39.085,,940816.0
"('14S', '09S', '09D', '07D', '07S')",39.084,,940761.0
"('08H', '04C', '09S', '09D', '08D')",39.083999999999996,,940705.0
"('03S', '08H', '09S', '09D', '08D')",39.083,,940650.0
"('12D', '09S', '09D', '07D', '07S')",39.082,,940539.0
"('11D', '09S', '09D', '07D', '07S')",39.081,,940428.0
"('10D', '09S', '09D', '07D', '07S')",39.08,,940373.0
"('08H', '09S', '09D', '07D', '07S')",39.078,,940317.0
"('06C', '09S', '09D', '07D', '07S')",39.076,,940262.0
"('05S', '09S', '09D', '07D', '07S')",39.075,,940206.0
"('06C', '14S', '09S', '09D', '06H')",39.074000000000005,,940151.0
"('04C', '09S', '09D', '07D', '07S')",39.074,,940096.0
"('06C', '13S', '09S', '09D', '06H')",39.073,,940040.0
"('06C', '12D', '09S', '09D', '06H')",39.072,,939929.0
"('11D', '06C', '09S', '09D', '06H')",39.071000000000005,,939819.0
"('10D', '06C', '09S', '09D', '06H')",39.07,,939763.0
"('06C', '08H', '09S', '09D', '06H')",39.068000000000005,,939708.0
"('06C', '09S', '09D', '07D', '06H')",39.067,,939652.0
"('06C', '05S', '09S', '09D', '06H')",39.065000000000005,,939597.0
"('06C', '04C', '09S', '09D', '06H')",39.064,,939542.0
"('06C', '03S', '09S', '09D', '06H')",39.063,,939431.0
"('05S', '13S', '09S', '05D', '09D')",39.062999999999995,,939375.0
"('06C', '02D', '09S', '09D', '06H')",39.062000000000005,,939320.0
"('12D', '05S', '09S', '05D', '09D')",39.062,,939265.0
"('11D', '05S', '09S', '05D', '09D')",39.061,,939209.0
"('10D', '05S', '09S', '05D', '09D')",39.059999999999995,,939154.0
"('05S', '08H', '09S', '05D', '09D')",39.058,,939098.0
"('05S', '09S', '05D', '09D', '07D')",39.056999999999995,,939043.0
"('06C', '05S', '09S', '05D', '09D')",39.056,,938988.0
"('14S', '04C', '09S', '09D', '04D')",39.054,,938932.0
"('05S', '04C', '09S', '05D', '09D')",39.053999999999995,,938877.0
"('03S', '05S', '09S', '05D', '09D')",39.053,,938821.0
"('12D', '04C', '09S', '09D', '04D')",39.052,,938710.0
"('11D', '04C', '09S', '09D', '04D')",39.051,,938600.0
"('10D', '04C', '09S', '09D', '04D')",39.05,,938544.0
"('08H', '04C', '09S', '09D', '04D')",39.048,,938489.0
"('04C', '09S', '09D', '04D', '07D')",39.047,,938433.0
"('06C', '04C', '09S', '09D', '04D')",39.046,,938378.0
"('05S', '04C', '09S', '09D', '04D')",39.045,,938323.0
"('03S', '03D', '14S', '09S', '09D')",39.044000000000004,,938267.0
"('03S', '03D', '13S', '09S', '09D')",39.043,,938212.0
"('03S', '12D', '03D', '09S', '09D')",39.042,,938101.0
"('11D', '03S', '03D', '09S', '09D')",39.041000000000004,,937990.0
"('10D', '03S', '03D', '09S', '09D')",39.04,,937935.0
"('03S', '03D', '08H', '09S', '09D')",39.038000000000004,,937879.0
"('03S', '03D', '09S', '09D', '07D')",39.037,,937824.0
"('06C', '03S', '03D', '09S', '09D')",39.036,,937769.0
"('03S', '03D', '05S', '09S', '09D')",39.035000000000004,,937713.0
"('02D', '02C', '14S', '09S', '09D')",39.034000000000006,,937658.0
"('03S', '03D', '04C', '09S', '09D')",39.034,,937602.0
"('02D', '02C', '13S', '09S', '09D')",39.033,,937547.0
"('03S', '02D', '03D', '09S', '09D')",39.032000000000004,,937492.0
"('11D', '02D', '02C', '09S', '09D')",39.031000000000006,,937381.0
"('10D', '02D', '02C', '09S', '09D')",39.03,,937325.0
"('02D', '02C', '08H', '09S', '09D')",39.028000000000006,,937270.0
"('02D', '02C', '09S', '09D', '07D')",39.027,,937215.0
"('06C', '02D', '02C', '09S', '09D')",39.026,,937159.0
"('02D', '02C', '05S', '09S', '09D')",39.025000000000006,,937104.0
"('02D', '02C', '04C', '09S', '09D')",39.024,,937048.0
"('03S', '02D', '02C', '09S', '09D')",39.023,,936993.0
"('14S', '08H', '08D', '07D', '07S')",38.084,,936937.0
"('13S', '08H', '08D', '07D', '07S')",38.083,,936882.0
"('12D', '08H', '08D', '07D', '07S')",38.082,,936827.0
"('11D', '08H', '08D', '07D', '07S')",38.081,,936771.0
"('10D', '08H', '08D', '07D', '07S')",38.08,,936716.0
"('08H', '09S', '08D', '07D', '07S')",38.079,,936660.0
"('06C', '08H', '08D', '07D', '07S')",38.076,,936605.0
"('05S', '08H', '08D', '07D', '07S')",38.075,,936550.0
"('06C', '14S', '08H', '08D', '06H')",38.074000000000005,,936494.0
"('08H', '04C', '08D', '07D', '07S')",38.074,,936439.0
"('06C', '13S', '08H', '08D', '06H')",38.073,,936383.0
"('06C', '12D', '08H', '08D', '06H')",38.072,,936273.0
"('11D', '06C', '08H', '08D', '06H')",38.071000000000005,,936162.0
"('10D', '06C', '08H', '08D', '06H')",38.07,,936106.0
"('06C', '08H', '09S', '08D', '06H')",38.069,,936051.0
"('06C', '08H', '08D', '07D', '06H')",38.067,,935996.0
"('06C', '05S', '08H', '08D', '06H')",38.065000000000005,,935940.0
"('06C', '08H', '04C', '08D', '06H')",38.064,,935885.0
"('06C', '03S', '08H', '08D', '06H')",38.063,,935774.0
"('05S', '13S', '08H', '05D', '08D')",38.062999999999995,,935719.0
"('06C', '02D', '08H', '08D', '06H')",38.062000000000005,,935663.0
"('12D', '05S', '08H', '05D', '08D')",38.062,,935608.0
"('11D', '05S', '08H', '05D', '08D')",38.061,,935552.0
"('10D', '05S', '08H', '05D', '08D')",38.059999999999995,,935497.0
"('05S', '08H', '09S', '05D', '08D')",38.059,,935441.0
"('05S', '08H', '05D', '08D', '07D')",38.056999999999995,,935386.0
"('06C', '05S', '08H', '05D', '08D')",38.056,,935331.0
"('14S', '08H', '04C', '04D', '08D')",38.054,,935275.0
"('05S', '08H', '04C', '05D', '08D')",38.053999999999995,,935220.0
"('03S', '05S', '08H', '05D', '08D')",38.053,,935164.0
"('12D', '08H', '04C', '04D', '08D')",38.052,,935054.0
"('11D', '08H', '04C', '04D', '08D')",38.051,,934943.0
"('10D', '08H', '04C', '04D', '08D')",38.05,,934887.0
"('08H', '04C', '09S', '04D', '08D')",38.049,,934832.0
"('08H', '04C', '04D', '08D', '07D')",38.047,,934777.0
"('06C', '08H', '04C', '04D', '08D')",38.046,,934721.0
"('05S', '08H', '04C', '04D', '08D')",38.045,,934666.0
"('03S', '03D', '14S', '08H', '08D')",38.044000000000004,,934610.0
"('03S', '03D', '13S', '08H', '08D')",38.043,,934555.0
"('03S', '12D', '03D', '08H', '08D')",38.042,,934444.0
"('11D', '03S', '03D', '08H', '08D')",38.041000000000004,,934333.0
"('10D', '03S', '03D', '08H', '08D')",38.04,,934278.0
"('03S', '03D', '08H', '09S', '08D')",38.039,,934223.0
"('03S', '03D', '08H', '08D', '07D')",38.037,,934167.0
"('06C', '03S', '03D', '08H', '08D')",38.036,,934112.0
"('03S', '03D', '05S', '08H', '08D')",38.035000000000004,,934056.0
"('02D', '02C', '14S', '08H', '08D')",38.034000000000006,,934001.0
"('03S', '03D', '08H', '04C', '08D')",38.034,,933946.0
"('02D', '02C', '13S', '08H', '08D')",38.033,,933890.0
"('03S', '02D', '03D', '08H', '08D')",38.032000000000004,,933835.0
"('11D', '02D', '02C', '08H', '08D')",38.031000000000006,,933724.0
"('10D', '02D', '02C', '08H', '08D')",38.03,,933668.0
"('02D', '02C', '08H', '09S', '08D')",38.029,,933613.0
"('02D', '02C', '08H', '08D', '07D')",38.027,,933558.0
"('06C', '02D', '02C', '08H', '08D')",38.026,,933502.0
"('02D', '02C', '05S', '08H', '08D')",38.025000000000006,,933447.0
"('02D', '02C', '08H', '04C', '08D')",38.024,,933391.0
"('03S', '02D', '02C', '08H', '08D')",38.023,,933336.0
"('06C', '14S', '07D', '06H', '07S')",37.074000000000005,,933281.0
"('06C', '13S', '07D', '06H', '07S')",37.073,,933225.0
"('06C', '12D', '07D', '06H', '07S')",37.072,,933170.0
"('11D', '06C', '07D', '06H', '07S')",37.071000000000005,,933114.0
"('10D', '06C', '07D', '06H', '07S')",37.07,,933059.0
"('06C', '09S', '07D', '06H', '07S')",37.069,,933004.0
"('06C', '08H', '07D', '06H', '07S')",37.068000000000005,,932948.0
"('06C', '05S', '07D', '06H', '07S')",37.065000000000005,,932893.0
"('06C', '04C', '07D', '06H', '07S')",37.064,,932837.0
"('06C', '03S', '07D', '06H', '07S')",37.063,,932727.0
"('05S', '13S', '05D', '07D', '07S')",37.062999999999995,,932671.0
"('06C', '02D', '07D', '06H', '07S')",37.062000000000005,,932616.0
"('12D', '05S', '05D', '07D', '07S')",37.062,,932560.0
"('11D', '05S', '05D', '07D', '07S')",37.061,,932505.0
"('10D', '05S', '05D', '07D', '07S')",37.059999999999995,,932450.0
"('05S', '09S', '05D', '07D', '07S')",37.059,,932394.0
"('05S', '08H', '05D', '07D', '07S')",37.058,,932339.0
"('06C', '05S', '05D', '07D', '07S')",37.056,,932283.0
"('14S', '04C', '04D', '07D', '07S')",37.054,,932228.0
"('05S', '04C', '05D', '07D', '07S')",37.053999999999995,,932172.0
"('03S', '05S', '05D', '07D', '07S')",37.053,,932117.0
"('12D', '04C', '04D', '07D', '07S')",37.052,,932006.0
"('11D', '04C', '04D', '07D', '07S')",37.051,,931895.0
"('10D', '04C', '04D', '07D', '07S')",37.05,,931840.0
"('04C', '09S', '04D', '07D', '07S')",37.049,,931785.0
"('08H', '04C', '04D', '07D', '07S')",37.048,,931729.0
"('06C', '04C', '04D', '07D', '07S')",37.046,,931674.0
"('05S', '04C', '04D', '07D', '07S')",37.045,,931618.0
"('03S', '03D', '14S', '07D', '07S')",37.044000000000004,,931563.0
"('03S', '03D', '13S', '07D', '07S')",37.043,,931508.0
"('03S', '12D', '03D', '07D', '07S')",37.042,,931397.0
"('11D', '03S', '03D', '07D', '07S')",37.041000000000004,,931286.0
"('10D', '03S', '03D', '07D', '07S')",37.04,,931231.0
"('03S', '03D', '09S', '07D', '07S')",37.039,,931175.0
"('03S', '03D', '08H', '07D', '07S')",37.038000000000004,,931120.0
"('06C', '03S', '03D', '07D', '07S')",37.036,,931064.0
"('03S', '03D', '05S', '07D', '07S')",37.035000000000004,,931009.0
"('02D', '02C', '14S', '07D', '07S')",37.034000000000006,,930954.0
"('03S', '03D', '04C', '07D', '07S')",37.034,,930898.0
"('02D', '02C', '13S', '07D', '07S')",37.033,,930843.0
"('03S', '02D', '03D', '07D', '07S')",37.032000000000004,,930787.0
"('11D', '02D', '02C', '07D', '07S')",37.031000000000006,,930677.0
"('10D', '02D', '02C', '07D', '07S')",37.03,,930621.0
"('02D', '02C', '09S', '07D', '07S')",37.029,,930566.0
"('02D', '02C', '08H', '07D', '07S')",37.028000000000006,,930510.0
"('06C', '02D', '02C', '07D', '07S')",37.026,,930455.0
"('02D', '02C', '05S', '07D', '07S')",37.025000000000006,,930399.0
"('02D', '02C', '04C', '07D', '07S')",37.024,,930344.0
"('03S', '02D', '02C', '07D', '07S')",37.023,,930289.0
"('06C', '05S', '14S', '05D', '06H')",36.064,,930233.0
"('06C', '05S', '13S', '05D', '06H')",36.062999999999995,,930178.0
"('06C', '12D', '05S', '05D', '06H')",36.062,,930122.0
"('11D', '06C', '05S', '05D', '06H')",36.061,,930067.0
"('10D', '06C', '05S', '05D', '06H')",36.059999999999995,,930012.0
"('06C', '05S', '09S', '05D', '06H')",36.059,,929956.0
"('06C', '05S', '08H', '05D', '06H')",36.058,,929901.0
"('06C', '05S', '05D', '07D', '06H')",36.056999999999995,,929845.0
"('06C', '14S', '04C', '04D', '06H')",36.054,,929790.0
"('06C', '05S', '04C', '05D', '06H')",36.053999999999995,,929735.0
"('06C', '03S', '05S', '05D', '06H')",36.053,,929679.0
"('06C', '12D', '04C', '04D', '06H')",36.052,,929568.0
"('11D', '06C', '04C', '04D', '06H')",36.051,,929458.0
"('10D', '06C', '04C', '04D', '06H')",36.05,,929402.0
"('06C', '04C', '09S', '04D', '06H')",36.049,,929347.0
"('06C', '08H', '04C', '04D', '06H')",36.048,,929291.0
"('06C', '04C', '04D', '07D', '06H')",36.047,,929236.0
"('06C', '05S', '04C', '04D', '06H')",36.045,,929181.0
"('06C', '03S', '03D', '14S', '06H')",36.044000000000004,,929125.0
"('06C', '03S', '03D', '13S', '06H')",36.043,,929070.0
"('06C', '03S', '12D', '03D', '06H')",36.042,,928959.0
"('11D', '06C', '03S', '03D', '06H')",36.041000000000004,,928848.0
"('10D', '06C', '03S', '03D', '06H')",36.04,,928793.0
"('06C', '03S', '03D', '09S', '06H')",36.039,,928737.0
"('06C', '03S', '03D', '08H', '06H')",36.038000000000004,,928682.0
"('06C', '03S', '03D', '07D', '06H')",36.037,,928626.0
"('06C', '03S', '03D', '05S', '06H')",36.035000000000004,,928571.0
"('06C', '02D', '02C', '14S', '06H')",36.034000000000006,,928516.0
"('06C', '03S', '03D', '04C', '06H')",36.034,,928460.0
"('06C', '02D', '02C', '13S', '06H')",36.033,,928405.0
"('06C', '03S', '02D', '03D', '06H')",36.032000000000004,,928349.0
"('11D', '06C', '02D', '02C', '06H')",36.031000000000006,,928239.0
"('10D', '06C', '02D', '02C', '06H')",36.03,,928183.0
"('06C', '02D', '02C', '09S', '06H')",36.029,,928128.0
"('06C', '02D', '02C', '08H', '06H')",36.028000000000006,,928072.0
"('06C', '02D', '02C', '07D', '06H')",36.027,,928017.0
"('06C', '02D', '02C', '05S', '06H')",36.025000000000006,,927962.0
"('06C', '02D', '02C', '04C', '06H')",36.024,,927906.0
"('06C', '03S', '02D', '02C', '06H')",36.023,,927851.0
"('05S', '14S', '04C', '05D', '04D')",35.054,,927795.0
"('05S', '13S', '04C', '05D', '04D')",35.053,,927740.0
"('12D', '05S', '04C', '05D', '04D')",35.052,,927685.0
"('11D', '05S', '04C', '05D', '04D')",35.051,,927629.0
"('10D', '05S', '04C', '05D', '04D')",35.05,,927574.0
"('05S', '04C', '09S', '05D', '04D')",35.049,,927518.0
"('05S', '08H', '04C', '05D', '04D')",35.048,,927463.0
"('05S', '04C', '05D', '04D', '07D')",35.047,,927408.0
"('06C', '05S', '04C', '05D', '04D')",35.046,,927352.0
"('03S', '03D', '05S', '14S', '05D')",35.044000000000004,,927297.0
"('03S', '03D', '05S', '13S', '05D')",35.043,,927241.0
"('03S', '12D', '03D', '05S', '05D')",35.042,,927130.0
"('11D', '03S', '03D', '05S', '05D')",35.041000000000004,,927020.0
"('10D', '03S', '03D', '05S', '05D')",35.04,,926964.0
"('03S', '03D', '05S', '09S', '05D')",35.039,,926909.0
"('03S', '03D', '05S', '08H', '05D')",35.038000000000004,,926853.0
"('03S', '03D', '05S', '05D', '07D')",35.037,,926798.0
"('06C', '03S', '03D', '05S', '05D')",35.036,,926743.0
"('02D', '02C', '05S', '14S', '05D')",35.034000000000006,,926687.0
"('03S', '03D', '05S', '04C', '05D')",35.034,,926632.0
"('02D', '02C', '05S', '13S', '05D')",35.033,,926576.0
"('03S', '02D', '03D', '05S', '05D')",35.032000000000004,,926521.0
"('11D', '02D', '02C', '05S', '05D')",35.031000000000006,,926410.0
"('10D', '02D', '02C', '05S', '05D')",35.03,,926355.0
"('02D', '02C', '05S', '09S', '05D')",35.029,,926299.0
"('02D', '02C', '05S', '08H', '05D')",35.028000000000006,,926244.0
"('02D', '02C', '05S', '05D', '07D')",35.027,,926189.0
"('06C', '02D', '02C', '05S', '05D')",35.026,,926133.0
"('02D', '02C', '05S', '04C', '05D')",35.024,,926078.0
"('03S', '02D', '02C', '05S', '05D')",35.023,,926022.0
"('03S', '03D', '14S', '04C', '04D')",34.044000000000004,,925967.0
"('03S', '03D', '13S', '04C', '04D')",34.043,,925912.0
"('03S', '12D', '03D', '04C', '04D')",34.042,,925856.0
"('11D', '03S', '03D', '04C', '04D')",34.041000000000004,,925801.0
"('10D', '03S', '03D', '04C', '04D')",34.04,,925745.0
"('03S', '03D', '04C', '09S', '04D')",34.039,,925690.0
"('03S', '03D', '08H', '04C', '04D')",34.038000000000004,,925634.0
"('03S', '03D', '04C', '04D', '07D')",34.037,,925579.0
"('06C', '03S', '03D', '04C', '04D')",34.036,,925524.0
"('03S', '03D', '05S', '04C', '04D')",34.035000000000004,,925468.0
"('02D', '02C', '14S', '04C', '04D')",34.034000000000006,,925413.0
"('02D', '02C', '13S', '04C', '04D')",34.033,,925357.0
"('03S', '02D', '03D', '04C', '04D')",34.032000000000004,,925302.0
"('11D', '02D', '02C', '04C', '04D')",34.031000000000006,,925191.0
"('10D', '02D', '02C', '04C', '04D')",34.03,,925136.0
"('02D', '02C', '04C', '09S', '04D')",34.029,,925080.0
"('02D', '02C', '08H', '04C', '04D')",34.028000000000006,,925025.0
"('02D', '02C', '04C', '04D', '07D')",34.027,,924970.0
"('06C', '02D', '02C', '04C', '04D')",34.026,,924914.0
"('02D', '02C', '05S', '04C', '04D')",34.025000000000006,,924859.0
"('03S', '02D', '02C', '04C', '04D')",34.023,,924803.0
"('03S', '02D', '03D', '02C', '14S')",33.034000000000006,,924748.0
"('03S', '02D', '03D', '02C', '13S')",33.033,,924693.0
"('03S', '12D', '02D', '03D', '02C')",33.032000000000004,,924637.0
"('11D', '03S', '02D', '03D', '02C')",33.031000000000006,,924582.0
"('10D', '03S', '02D', '03D', '02C')",33.03,,924526.0
"('03S', '02D', '03D', '02C', '09S')",33.029,,924471.0
"('03S', '02D', '03D', '02C', '08H')",33.028000000000006,,924416.0
"('03S', '02D', '03D', '02C', '07D')",33.027,,924360.0
"('06C', '03S', '02D', '03D', '02C')",33.026,,924305.0
"('03S', '02D', '03D', '02C', '05S')",33.025000000000006,,924249.0
"('03S', '02D', '03D', '02C', '04C')",33.024,,924194.0
"('11D', '12D', '14S', '13S', '14H')",29.1431,,924139.0
"('10D', '12D', '14S', '13S', '14H')",29.143,,923991.0
"('12D', '14S', '13S', '14H', '09S')",29.1429,,923843.0
"('12D', '14S', '13S', '14H', '08H')",29.1428,,923695.0
"('12D', '14S', '13S', '14H', '07D')",29.142699999999998,,923547.0
"('06C', '12D', '14S', '13S', '14H')",29.142599999999998,,923400.0
"('12D', '05S', '14S', '13S', '14H')",29.1425,,923252.0
"('12D', '14S', '13S', '14H', '04C')",29.1424,,923104.0
"('03S', '12D', '14S', '13S', '14H')",29.1423,,922956.0
"('12D', '02D', '14S', '13S', '14H')",29.1422,,922809.0
"('11D', '10D', '14S', '13S', '14H')",29.142,,922661.0
"('11D', '14S', '13S', '14H', '09S')",29.1419,,922513.0
"('11D', '14S', '13S', '14H', '08H')",29.1418,,922365.0
"('11D', '14S', '13S', '14H', '07D')",29.141699999999997,,922218.0
"('11D', '06C', '14S', '13S', '14H')",29.141599999999997,,922070.0
"('11D', '05S', '14S', '13S', '14H')",29.141499999999997,,921922.0
"('11D', '14S', '13S', '14H', '04C')",29.141399999999997,,921774.0
"('11D', '03S', '14S', '13S', '14H')",29.141299999999998,,921627.0
"('11D', '02D', '14S', '13S', '14H')",29.141199999999998,,921479.0
"('10D', '14S', '13S', '14H', '09S')",29.140900000000002,,921331.0
"('10D', '14S', '13S', '14H', '08H')",29.140800000000002,,921183.0
"('10D', '14S', '13S', '14H', '07D')",29.1407,,921036.0
"('10D', '06C', '14S', '13S', '14H')",29.1406,,920888.0
"('10D', '05S', '14S', '13S', '14H')",29.1405,,920740.0
"('10D', '14S', '13S', '14H', '04C')",29.1404,,920592.0
"('10D', '03S', '14S', '13S', '14H')",29.1403,,920445.0
"('10D', '02D', '14S', '13S', '14H')",29.1402,,920297.0
"('14S', '13S', '14H', '08H', '09S')",29.1398,,920149.0
"('14S', '13S', '14H', '09S', '07D')",29.139699999999998,,920001.0
"('06C', '14S', '13S', '14H', '09S')",29.139599999999998,,919854.0
"('05S', '14S', '13S', '14H', '09S')",29.139499999999998,,919706.0
"('14S', '13S', '14H', '04C', '09S')",29.1394,,919558.0
"('03S', '14S', '13S', '14H', '09S')",29.1393,,919410.0
"('02D', '14S', '13S', '14H', '09S')",29.1392,,919263.0
"('14S', '13S', '14H', '08H', '07D')",29.138699999999996,,919115.0
"('06C', '14S', '13S', '14H', '08H')",29.138599999999997,,918967.0
"('05S', '14S', '13S', '14H', '08H')",29.138499999999997,,918819.0
"('14S', '13S', '14H', '08H', '04C')",29.138399999999997,,918672.0
"('03S', '14S', '13S', '14H', '08H')",29.138299999999997,,918524.0
"('02D', '14S', '13S', '14H', '08H')",29.138199999999998,,918376.0
"('06C', '14S', '13S', '14H', '07D')",29.1376,,918228.0
"('05S', '14S', '13S', '14H', '07D')",29.1375,,918081.0
"('14S', '13S', '14H', '04C', '07D')",29.1374,,917933.0
"('03S', '14S', '13S', '14H', '07D')",29.1373,,917785.0
"('02D', '14S', '13S', '14H', '07D')",29.1372,,917637.0
"('06C', '05S', '14S', '13S', '14H')",29.136499999999998,,917490.0
"('06C', '14S', '13S', '14H', '04C')",29.1364,,917342.0
"('06C', '03S', '14S', '13S', '14H')",29.1363,,917194.0
"('06C', '02D', '14S', '13S', '14H')",29.1362,,917046.0
"('05S', '14S', '13S', '14H', '04C')",29.135399999999997,,916899.0
"('03S', '05S', '14S', '13S', '14H')",29.135299999999997,,916751.0
"('02D', '05S', '14S', '13S', '14H')",29.135199999999998,,916603.0
"('03S', '14S', '13S', '14H', '04C')",29.1343,,916455.0
"('02D', '14S', '13S', '14H', '04C')",29.1342,,916308.0
"('03S', '02D', '14S', '13S', '14H')",29.1332,,916160.0
"('11D', '10D', '12D', '14S', '14H')",29.132,,916012.0
"('11D', '12D', '14S', '14H', '09S')",29.1319,,915864.0
"('11D', '12D', '14S', '14H', '08H')",29.131800000000002,,915717.0
"('11D', '12D', '14S', '14H', '07D')",29.1317,,915569.0
"('11D', '06C', '12D', '14S', '14H')",29.1316,,915421.0
"('11D', '12D', '05S', '14S', '14H')",29.1315,,915273.0
"('11D', '12D', '14S', '14H', '04C')",29.1314,,915126.0
"('11D', '03S', '12D', '14S', '14H')",29.1313,,914978.0
"('11D', '12D', '02D', '14S', '14H')",29.1312,,914830.0
"('10D', '12D', '14S', '14H', '09S')",29.130900000000004,,914682.0
"('10D', '12D', '14S', '14H', '08H')",29.130800000000004,,914535.0
"('10D', '12D', '14S', '14H', '07D')",29.1307,,914387.0
"('10D', '06C', '12D', '14S', '14H')",29.1306,,914239.0
"('10D', '12D', '05S', '14S', '14H')",29.1305,,914091.0
"('10D', '12D', '14S', '14H', '04C')",29.1304,,913944.0
"('10D', '03S', '12D', '14S', '14H')",29.130300000000002,,913796.0
"('10D', '12D', '02D', '14S', '14H')",29.130200000000002,,913648.0
"('12D', '14S', '14H', '08H', '09S')",29.129800000000003,,913500.0
"('12D', '14S', '14H', '09S', '07D')",29.1297,,913353.0
"('06C', '12D', '14S', '14H', '09S')",29.1296,,913205.0
"('12D', '05S', '14S', '14H', '09S')",29.1295,,913057.0
"('12D', '14S', '14H', '04C', '09S')",29.1294,,912909.0
"('03S', '12D', '14S', '14H', '09S')",29.1293,,912762.0
"('12D', '02D', '14S', '14H', '09S')",29.1292,,912614.0
"('12D', '14S', '14H', '08H', '07D')",29.1287,,912466.0
"('06C', '12D', '14S', '14H', '08H')",29.1286,,912318.0
"('12D', '05S', '14S', '14H', '08H')",29.1285,,912171.0
"('12D', '14S', '14H', '08H', '04C')",29.1284,,912023.0
"('03S', '12D', '14S', '14H', '08H')",29.1283,,911875.0
"('12D', '02D', '14S', '14H', '08H')",29.1282,,911727.0
"('06C', '12D', '14S', '14H', '07D')",29.1276,,911580.0
"('12D', '05S', '14S', '14H', '07D')",29.1275,,911432.0
"('12D', '14S', '14H', '04C', '07D')",29.1274,,911284.0
"('03S', '12D', '14S', '14H', '07D')",29.1273,,911136.0
"('12D', '02D', '14S', '14H', '07D')",29.127200000000002,,910989.0
"('06C', '12D', '05S', '14S', '14H')",29.1265,,910841.0
"('06C', '12D', '14S', '14H', '04C')",29.1264,,910693.0
"('06C', '03S', '12D', '14S', '14H')",29.1263,,910545.0
"('06C', '12D', '02D', '14S', '14H')",29.1262,,910398.0
"('12D', '05S', '14S', '14H', '04C')",29.1254,,910250.0
"('03S', '12D', '05S', '14S', '14H')",29.1253,,910102.0
"('12D', '02D', '05S', '14S', '14H')",29.1252,,909954.0
"('03S', '12D', '14S', '14H', '04C')",29.1243,,909807.0
"('12D', '02D', '14S', '14H', '04C')",29.124200000000002,,909659.0
"('03S', '12D', '02D', '14S', '14H')",29.1232,,909511.0
"('11D', '10D', '14S', '14H', '09S')",29.120900000000002,,909363.0
"('11D', '10D', '14S', '14H', '08H')",29.120800000000003,,909216.0
"('11D', '10D', '14S', '14H', '07D')",29.1207,,909068.0
"('11D', '10D', '06C', '14S', '14H')",29.1206,,908920.0
"('11D', '10D', '05S', '14S', '14H')",29.1205,,908772.0
"('11D', '10D', '14S', '14H', '04C')",29.1204,,908625.0
"('11D', '10D', '03S', '14S', '14H')",29.1203,,908477.0
"('11D', '10D', '02D', '14S', '14H')",29.1202,,908329.0
"('11D', '14S', '14H', '08H', '09S')",29.1198,,908181.0
"('11D', '14S', '14H', '09S', '07D')",29.119699999999998,,908034.0
"('11D', '06C', '14S', '14H', '09S')",29.1196,,907886.0
"('11D', '05S', '14S', '14H', '09S')",29.1195,,907738.0
"('11D', '14S', '14H', '04C', '09S')",29.1194,,907590.0
"('11D', '03S', '14S', '14H', '09S')",29.1193,,907443.0
"('11D', '02D', '14S', '14H', '09S')",29.1192,,907295.0
"('11D', '14S', '14H', '08H', '07D')",29.118699999999997,,907147.0
"('11D', '06C', '14S', '14H', '08H')",29.118599999999997,,906999.0
"('11D', '05S', '14S', '14H', '08H')",29.118499999999997,,906852.0
"('11D', '14S', '14H', '08H', '04C')",29.118399999999998,,906704.0
"('11D', '03S', '14S', '14H', '08H')",29.118299999999998,,906556.0
"('11D', '02D', '14S', '14H', '08H')",29.118199999999998,,906408.0
"('11D', '06C', '14S', '14H', '07D')",29.1176,,906261.0
"('11D', '05S', '14S', '14H', '07D')",29.1175,,906113.0
"('11D', '14S', '14H', '04C', '07D')",29.1174,,905965.0
"('11D', '03S', '14S', '14H', '07D')",29.1173,,905817.0
"('11D', '02D', '14S', '14H', '07D')",29.1172,,905670.0
"('11D', '06C', '05S', '14S', '14H')",29.1165,,905522.0
"('11D', '06C', '14S', '14H', '04C')",29.1164,,905374.0
"('11D', '06C', '03S', '14S', '14H')",29.1163,,905226.0
"('11D', '06C', '02D', '14S', '14H')",29.1162,,905079.0
"('11D', '05S', '14S', '14H', '04C')",29.115399999999998,,904931.0
"('11D', '03S', '05S', '14S', '14H')",29.115299999999998,,904783.0
"('11D', '02D', '05S', '14S', '14H')",29.115199999999998,,904635.0
"('11D', '03S', '14S', '14H', '04C')",29.1143,,904488.0
"('11D', '02D', '14S', '14H', '04C')",29.1142,,904340.0
"('11D', '03S', '02D', '14S', '14H')",29.1132,,904192.0
"('10D', '14S', '14H', '08H', '09S')",29.109800000000003,,904044.0
"('10D', '14S', '14H', '09S', '07D')",29.1097,,903897.0
"('10D', '06C', '14S', '14H', '09S')",29.1096,,903749.0
"('10D', '05S', '14S', '14H', '09S')",29.1095,,903601.0
"('10D', '14S', '14H', '04C', '09S')",29.1094,,903453.0
"('10D', '03S', '14S', '14H', '09S')",29.1093,,903306.0
"('10D', '02D', '14S', '14H', '09S')",29.1092,,903158.0
"('10D', '14S', '14H', '08H', '07D')",29.1087,,903010.0
"('10D', '06C', '14S', '14H', '08H')",29.1086,,902862.0
"('10D', '05S', '14S', '14H', '08H')",29.1085,,902715.0
"('10D', '14S', '14H', '08H', '04C')",29.1084,,902567.0
"('10D', '03S', '14S', '14H', '08H')",29.1083,,902419.0
"('10D', '02D', '14S', '14H', '08H')",29.1082,,902271.0
"('10D', '06C', '14S', '14H', '07D')",29.1076,,902124.0
"('10D', '05S', '14S', '14H', '07D')",29.1075,,901976.0
"('10D', '14S', '14H', '04C', '07D')",29.107400000000002,,901828.0
"('10D', '03S', '14S', '14H', '07D')",29.107300000000002,,901680.0
"('10D', '02D', '14S', '14H', '07D')",29.107200000000002,,901533.0
"('10D', '06C', '05S', '14S', '14H')",29.1065,,901385.0
"('10D', '06C', '14S', '14H', '04C')",29.1064,,901237.0
"('10D', '06C', '03S', '14S', '14H')",29.1063,,901089.0
"('10D', '06C', '02D', '14S', '14H')",29.1062,,900942.0
"('10D', '05S', '14S', '14H', '04C')",29.1054,,900794.0
"('10D', '03S', '05S', '14S', '14H')",29.1053,,900646.0
"('10D', '02D', '05S', '14S', '14H')",29.1052,,900498.0
"('10D', '03S', '14S', '14H', '04C')",29.104300000000002,,900351.0
"('10D', '02D', '14S', '14H', '04C')",29.104200000000002,,900203.0
"('10D', '03S', '02D', '14S', '14H')",29.1032,,900055.0
"('14S', '14H', '08H', '09S', '07D')",29.098699999999997,,899907.0
"('06C', '14S', '14H', '08H', '09S')",29.098599999999998,,899760.0
"('05S', '14S', '14H', '08H', '09S')",29.098499999999998,,899612.0
"('14S', '14H', '08H', '04C', '09S')",29.098399999999998,,899464.0
"('03S', '14S', '14H', '08H', '09S')",29.0983,,899316.0
"('02D', '14S', '14H', '08H', '09S')",29.0982,,899169.0
"('06C', '14S', '14H', '09S', '07D')",29.0976,,899021.0
"('05S', '14S', '14H', '09S', '07D')",29.0975,,898873.0
"('14S', '14H', '04C', '09S', '07D')",29.0974,,898725.0
"('03S', '14S', '14H', '09S', '07D')",29.0973,,898578.0
"('02D', '14S', '14H', '09S', '07D')",29.0972,,898430.0
"('06C', '05S', '14S', '14H', '09S')",29.0965,,898282.0
"('06C', '14S', '14H', '04C', '09S')",29.0964,,898134.0
"('06C', '03S', '14S', '14H', '09S')",29.0963,,897987.0
"('06C', '02D', '14S', '14H', '09S')",29.0962,,897839.0
"('05S', '14S', '14H', '04C', '09S')",29.095399999999998,,897691.0
"('03S', '05S', '14S', '14H', '09S')",29.095299999999998,,897543.0
"('02D', '05S', '14S', '14H', '09S')",29.0952,,897395.0
"('03S', '14S', '14H', '04C', '09S')",29.0943,,897248.0
"('02D', '14S', '14H', '04C', '09S')",29.0942,,897100.0
"('03S', '02D', '14S', '14H', '09S')",29.0932,,896952.0
"('06C', '14S', '14H', '08H', '07D')",29.0876,,896804.0
"('05S', '14S', '14H', '08H', '07D')",29.0875,,896657.0
"('14S', '14H', '08H', '04C', '07D')",29.0874,,896509.0
"('03S', '14S', '14H', '08H', '07D')",29.0873,,896361.0
"('02D', '14S', '14H', '08H', '07D')",29.0872,,896213.0
"('06C', '05S', '14S', '14H', '08H')",29.086499999999997,,896066.0
"('06C', '14S', '14H', '08H', '04C')",29.086399999999998,,895918.0
"('06C', '03S', '14S', '14H', '08H')",29.086299999999998,,895770.0
"('06C', '02D', '14S', '14H', '08H')",29.086199999999998,,895622.0
"('05S', '14S', '14H', '08H', '04C')",29.085399999999996,,895475.0
"('03S', '05S', '14S', '14H', '08H')",29.085299999999997,,895327.0
"('02D', '05S', '14S', '14H', '08H')",29.085199999999997,,895179.0
"('03S', '14S', '14H', '08H', '04C')",29.0843,,895031.0
"('02D', '14S', '14H', '08H', '04C')",29.0842,,894884.0
"('03S', '02D', '14S', '14H', '08H')",29.083199999999998,,894736.0
"('06C', '05S', '14S', '14H', '07D')",29.0765,,894588.0
"('06C', '14S', '14H', '04C', '07D')",29.0764,,894440.0
"('06C', '03S', '14S', '14H', '07D')",29.0763,,894293.0
"('06C', '02D', '14S', '14H', '07D')",29.0762,,894145.0
"('05S', '14S', '14H', '04C', '07D')",29.0754,,893997.0
"('03S', '05S', '14S', '14H', '07D')",29.0753,,893849.0
"('02D', '05S', '14S', '14H', '07D')",29.0752,,893702.0
"('03S', '14S', '14H', '04C', '07D')",29.0743,,893554.0
"('02D', '14S', '14H', '04C', '07D')",29.0742,,893406.0
"('03S', '02D', '14S', '14H', '07D')",29.0732,,893258.0
"('06C', '05S', '14S', '14H', '04C')",29.065399999999997,,893111.0
"('06C', '03S', '05S', '14S', '14H')",29.065299999999997,,892963.0
"('06C', '02D', '05S', '14S', '14H')",29.065199999999997,,892815.0
"('06C', '03S', '14S', '14H', '04C')",29.0643,,892667.0
"('06C', '02D', '14S', '14H', '04C')",29.0642,,892520.0
"('06C', '03S', '02D', '14S', '14H')",29.0632,,892372.0
"('03S', '05S', '14S', '14H', '04C')",29.0543,,892224.0
"('02D', '05S', '14S', '14H', '04C')",29.0542,,892076.0
"('03S', '02D', '05S', '14S', '14H')",29.0532,,891929.0
"('03S', '02D', '14S', '14H', '04C')",29.0432,,891781.0
"('11D', '12D', '14S', '13S', '13D')",28.153100000000002,,891633.0
"('10D', '12D', '14S', '13S', '13D')",28.153000000000002,,891485.0
"('12D', '14S', '13S', '13D', '09S')",28.152900000000002,,891338.0
"('12D', '14S', '13S', '13D', '08H')",28.152800000000003,,891190.0
"('12D', '14S', '13S', '13D', '07D')",28.1527,,891042.0
"('06C', '12D', '14S', '13S', '13D')",28.1526,,890894.0
"('12D', '05S', '14S', '13S', '13D')",28.1525,,890747.0
"('12D', '14S', '13S', '13D', '04C')",28.1524,,890599.0
"('03S', '12D', '14S', '13S', '13D')",28.1523,,890451.0
"('12D', '02D', '14S', '13S', '13D')",28.1522,,890303.0
"('11D', '10D', '14S', '13S', '13D')",28.152,,890156.0
"('11D', '14S', '13S', '13D', '09S')",28.1519,,890008.0
"('11D', '14S', '13S', '13D', '08H')",28.1518,,889860.0
"('11D', '14S', '13S', '13D', '07D')",28.151699999999998,,889712.0
"('11D', '06C', '14S', '13S', '13D')",28.1516,,889565.0
"('11D', '05S', '14S', '13S', '13D')",28.1515,,889417.0
"('11D', '14S', '13S', '13D', '04C')",28.1514,,889269.0
"('11D', '03S', '14S', '13S', '13D')",28.1513,,889121.0
"('11D', '02D', '14S', '13S', '13D')",28.1512,,888974.0
"('10D', '14S', '13S', '13D', '09S')",28.150900000000004,,888826.0
"('10D', '14S', '13S', '13D', '08H')",28.150800000000004,,888678.0
"('10D', '14S', '13S', '13D', '07D')",28.1507,,888530.0
"('10D', '06C', '14S', '13S', '13D')",28.1506,,888383.0
"('10D', '05S', '14S', '13S', '13D')",28.1505,,888235.0
"('10D', '14S', '13S', '13D', '04C')",28.1504,,888087.0
"('10D', '03S', '14S', '13S', '13D')",28.1503,,887939.0
"('10D', '02D', '14S', '13S', '13D')",28.1502,,887792.0
"('14S', '13S', '13D', '08H', '09S')",28.149800000000003,,887644.0
"('14S', '13S', '13D', '09S', '07D')",28.1497,,887496.0
"('06C', '14S', '13S', '13D', '09S')",28.1496,,887348.0
"('05S', '14S', '13S', '13D', '09S')",28.1495,,887201.0
"('14S', '13S', '13D', '04C', '09S')",28.1494,,887053.0
"('03S', '14S', '13S', '13D', '09S')",28.1493,,886905.0
"('02D', '14S', '13S', '13D', '09S')",28.1492,,886757.0
"('14S', '13S', '13D', '08H', '07D')",28.148699999999998,,886610.0
"('06C', '14S', '13S', '13D', '08H')",28.1486,,886462.0
"('05S', '14S', '13S', '13D', '08H')",28.1485,,886314.0
"('14S', '13S', '13D', '08H', '04C')",28.1484,,886166.0
"('03S', '14S', '13S', '13D', '08H')",28.1483,,886019.0
"('02D', '14S', '13S', '13D', '08H')",28.1482,,885871.0
"('06C', '14S', '13S', '13D', '07D')",28.1476,,885723.0
"('05S', '14S', '13S', '13D', '07D')",28.1475,,885575.0
"('14S', '13S', '13D', '04C', '07D')",28.1474,,885428.0
"('03S', '14S', '13S', '13D', '07D')",28.1473,,885280.0
"('02D', '14S', '13S', '13D', '07D')",28.1472,,885132.0
"('06C', '05S', '14S', '13S', '13D')",28.1465,,884984.0
"('06C', '14S', '13S', '13D', '04C')",28.1464,,884837.0
"('06C', '03S', '14S', '13S', '13D')",28.1463,,884689.0
"('06C', '02D', '14S', '13S', '13D')",28.1462,,884541.0
"('05S', '14S', '13S', '13D', '04C')",28.1454,,884393.0
"('03S', '05S', '14S', '13S', '13D')",28.1453,,884246.0
"('02D', '05S', '14S', '13S', '13D')",28.1452,,884098.0
"('03S', '14S', '13S', '13D', '04C')",28.1443,,883950.0
"('02D', '14S', '13S', '13D', '04C')",28.1442,,883802.0
"('03S', '02D', '14S', '13S', '13D')",28.1432,,883655.0
"('11D', '10D', '12D', '13S', '13D')",28.132,,883507.0
"('11D', '12D', '13S', '13D', '09S')",28.1319,,883359.0
"('11D', '12D', '13S', '13D', '08H')",28.131800000000002,,883211.0
"('11D', '12D', '13S', '13D', '07D')",28.1317,,883064.0
"('11D', '06C', '12D', '13S', '13D')",28.1316,,882916.0
"('11D', '12D', '05S', '13S', '13D')",28.1315,,882768.0
"('11D', '12D', '13S', '13D', '04C')",28.1314,,882620.0
"('11D', '03S', '12D', '13S', '13D')",28.1313,,882473.0
"('11D', '12D', '02D', '13S', '13D')",28.1312,,882325.0
"('10D', '12D', '13S', '13D', '09S')",28.130900000000004,,882177.0
"('10D', '12D', '13S', '13D', '08H')",28.130800000000004,,882029.0
"('10D', '12D', '13S', '13D', '07D')",28.1307,,881882.0
"('10D', '06C', '12D', '13S', '13D')",28.1306,,881734.0
"('10D', '12D', '05S', '13S', '13D')",28.1305,,881586.0
"('10D', '12D', '13S', '13D', '04C')",28.1304,,881438.0
"('10D', '03S', '12D', '13S', '13D')",28.130300000000002,,881291.0
"('10D', '12D', '02D', '13S', '13D')",28.130200000000002,,881143.0
"('12D', '13S', '13D', '08H', '09S')",28.129800000000003,,880995.0
"('12D', '13S', '13D', '09S', '07D')",28.1297,,880847.0
"('06C', '12D', '13S', '13D', '09S')",28.1296,,880700.0
"('12D', '05S', '13S', '13D', '09S')",28.1295,,880552.0
"('12D', '13S', '13D', '04C', '09S')",28.1294,,880404.0
"('03S', '12D', '13S', '13D', '09S')",28.1293,,880256.0
"('12D', '02D', '13S', '13D', '09S')",28.1292,,880109.0
"('12D', '13S', '13D', '08H', '07D')",28.1287,,879961.0
"('06C', '12D', '13S', '13D', '08H')",28.1286,,879813.0
"('12D', '05S', '13S', '13D', '08H')",28.1285,,879665.0
"('12D', '13S', '13D', '08H', '04C')",28.1284,,879518.0
"('03S', '12D', '13S', '13D', '08H')",28.1283,,879370.0
"('12D', '02D', '13S', '13D', '08H')",28.1282,,879222.0
"('06C', '12D', '13S', '13D', '07D')",28.1276,,879074.0
"('12D', '05S', '13S', '13D', '07D')",28.1275,,878927.0
"('12D', '13S', '13D', '04C', '07D')",28.1274,,878779.0
"('03S', '12D', '13S', '13D', '07D')",28.1273,,878631.0
"('12D', '02D', '13S', '13D', '07D')",28.127200000000002,,878483.0
"('06C', '12D', '05S', '13S', '13D')",28.1265,,878336.0
"('06C', '12D', '13S', '13D', '04C')",28.1264,,878188.0
"('06C', '03S', '12D', '13S', '13D')",28.1263,,878040.0
"('06C', '12D', '02D', '13S', '13D')",28.1262,,877892.0
"('12D', '05S', '13S', '13D', '04C')",28.1254,,877745.0
"('03S', '12D', '05S', '13S', '13D')",28.1253,,877597.0
"('12D', '02D', '05S', '13S', '13D')",28.1252,,877449.0
"('03S', '12D', '13S', '13D', '04C')",28.1243,,877301.0
"('12D', '02D', '13S', '13D', '04C')",28.124200000000002,,877154.0
"('03S', '12D', '02D', '13S', '13D')",28.1232,,877006.0
"('11D', '10D', '13S', '13D', '09S')",28.120900000000002,,876858.0
"('11D', '10D', '13S', '13D', '08H')",28.120800000000003,,876710.0
"('11D', '10D', '13S', '13D', '07D')",28.1207,,876563.0
"('11D', '10D', '06C', '13S', '13D')",28.1206,,876415.0
"('11D', '10D', '05S', '13S', '13D')",28.1205,,876267.0
"('11D', '10D', '13S', '13D', '04C')",28.1204,,876119.0
"('11D', '10D', '03S', '13S', '13D')",28.1203,,875972.0
"('11D', '10D', '02D', '13S', '13D')",28.1202,,875824.0
"('11D', '13S', '13D', '08H', '09S')",28.1198,,875676.0
"('11D', '13S', '13D', '09S', '07D')",28.119699999999998,,875528.0
"('11D', '06C', '13S', '13D', '09S')",28.1196,,875381.0
"('11D', '05S', '13S', '13D', '09S')",28.1195,,875233.0
"('11D', '13S', '13D', '04C', '09S')",28.1194,,875085.0
"('11D', '03S', '13S', '13D', '09S')",28.1193,,874937.0
"('11D', '02D', '13S', '13D', '09S')",28.1192,,874790.0
"('11D', '13S', '13D', '08H', '07D')",28.118699999999997,,874642.0
"('11D', '06C', '13S', '13D', '08H')",28.118599999999997,,874494.0
"('11D', '05S', '13S', '13D', '08H')",28.118499999999997,,874346.0
"('11D', '13S', '13D', '08H', '04C')",28.118399999999998,,874199.0
"('11D', '03S', '13S', '13D', '08H')",28.118299999999998,,874051.0
"('11D', '02D', '13S', '13D', '08H')",28.118199999999998,,873903.0
"('11D', '06C', '13S', '13D', '07D')",28.1176,,873755.0
"('11D', '05S', '13S', '13D', '07D')",28.1175,,873608.0
"('11D', '13S', '13D', '04C', '07D')",28.1174,,873460.0
"('11D', '03S', '13S', '13D', '07D')",28.1173,,873312.0
"('11D', '02D', '13S', '13D', '07D')",28.1172,,873164.0
"('11D', '06C', '05S', '13S', '13D')",28.1165,,873017.0
"('11D', '06C', '13S', '13D', '04C')",28.1164,,872869.0
"('11D', '06C', '03S', '13S', '13D')",28.1163,,872721.0
"('11D', '06C', '02D', '13S', '13D')",28.1162,,872573.0
"('11D', '05S', '13S', '13D', '04C')",28.115399999999998,,872426.0
"('11D', '03S', '05S', '13S', '13D')",28.115299999999998,,872278.0
"('11D', '02D', '05S', '13S', '13D')",28.115199999999998,,872130.0
"('11D', '03S', '13S', '13D', '04C')",28.1143,,871982.0
"('11D', '02D', '13S', '13D', '04C')",28.1142,,871835.0
"('11D', '03S', '02D', '13S', '13D')",28.1132,,871687.0
"('10D', '13S', '13D', '08H', '09S')",28.109800000000003,,871539.0
"('10D', '13S', '13D', '09S', '07D')",28.1097,,871391.0
"('10D', '06C', '13S', '13D', '09S')",28.1096,,871243.0
"('10D', '05S', '13S', '13D', '09S')",28.1095,,871096.0
"('10D', '13S', '13D', '04C', '09S')",28.1094,,870948.0
"('10D', '03S', '13S', '13D', '09S')",28.1093,,870800.0
"('10D', '02D', '13S', '13D', '09S')",28.1092,,870652.0
"('10D', '13S', '13D', '08H', '07D')",28.1087,,870505.0
"('10D', '06C', '13S', '13D', '08H')",28.1086,,870357.0
"('10D', '05S', '13S', '13D', '08H')",28.1085,,870209.0
"('10D', '13S', '13D', '08H', '04C')",28.1084,,870061.0
"('10D', '03S', '13S', '13D', '08H')",28.1083,,869914.0
"('10D', '02D', '13S', '13D', '08H')",28.1082,,869766.0
"('10D', '06C', '13S', '13D', '07D')",28.1076,,869618.0
"('10D', '05S', '13S', '13D', '07D')",28.1075,,869470.0
"('10D', '13S', '13D', '04C', '07D')",28.107400000000002,,869323.0
"('10D', '03S', '13S', '13D', '07D')",28.107300000000002,,869175.0
"('10D', '02D', '13S', '13D', '07D')",28.107200000000002,,869027.0
"('10D', '06C', '05S', '13S', '13D')",28.1065,,868879.0
"('10D', '06C', '13S', '13D', '04C')",28.1064,,868732.0
"('10D', '06C', '03S', '13S', '13D')",28.1063,,868584.0
"('10D', '06C', '02D', '13S', '13D')",28.1062,,868436.0
"('10D', '05S', '13S', '13D', '04C')",28.1054,,868288.0
"('10D', '03S', '05S', '13S', '13D')",28.1053,,868141.0
"('10D', '02D', '05S', '13S', '13D')",28.1052,,867993.0
"('10D', '03S', '13S', '13D', '04C')",28.104300000000002,,867845.0
"('10D', '02D', '13S', '13D', '04C')",28.104200000000002,,867697.0
"('10D', '03S', '02D', '13S', '13D')",28.1032,,867550.0
"('13S', '13D', '08H', '09S', '07D')",28.098699999999997,,867402.0
"('06C', '13S', '13D', '08H', '09S')",28.098599999999998,,867254.0
"('05S', '13S', '13D', '08H', '09S')",28.098499999999998,,867106.0
"('13S', '13D', '08H', '04C', '09S')",28.098399999999998,,866959.0
"('03S', '13S', '13D', '08H', '09S')",28.0983,,866811.0
"('02D', '13S', '13D', '08H', '09S')",28.0982,,866663.0
"('06C', '13S', '13D', '09S', '07D')",28.0976,,866515.0
"('05S', '13S', '13D', '09S', '07D')",28.0975,,866368.0
"('13S', '13D', '04C', '09S', '07D')",28.0974,,866220.0
"('03S', '13S', '13D', '09S', '07D')",28.0973,,866072.0
"('02D', '13S', '13D', '09S', '07D')",28.0972,,865924.0
"('06C', '05S', '13S', '13D', '09S')",28.0965,,865777.0
"('06C', '13S', '13D', '04C', '09S')",28.0964,,865629.0
"('06C', '03S', '13S', '13D', '09S')",28.0963,,865481.0
"('06C', '02D', '13S', '13D', '09S')",28.0962,,865333.0
"('05S', '13S', '13D', '04C', '09S')",28.095399999999998,,865186.0
"('03S', '05S', '13S', '13D', '09S')",28.095299999999998,,865038.0
"('02D', '05S', '13S', '13D', '09S')",28.0952,,864890.0
"('03S', '13S', '13D', '04C', '09S')",28.0943,,864742.0
"('02D', '13S', '13D', '04C', '09S')",28.0942,,864595.0
"('03S', '02D', '13S', '13D', '09S')",28.0932,,864447.0
"('06C', '13S', '13D', '08H', '07D')",28.0876,,864299.0
"('05S', '13S', '13D', '08H', '07D')",28.0875,,864151.0
"('13S', '13D', '08H', '04C', '07D')",28.0874,,864004.0
"('03S', '13S', '13D', '08H', '07D')",28.0873,,863856.0
"('02D', '13S', '13D', '08H', '07D')",28.0872,,863708.0
"('06C', '05S', '13S', '13D', '08H')",28.086499999999997,,863560.0
"('06C', '13S', '13D', '08H', '04C')",28.086399999999998,,863413.0
"('06C', '03S', '13S', '13D', '08H')",28.086299999999998,,863265.0
"('06C', '02D', '13S', '13D', '08H')",28.086199999999998,,863117.0
"('05S', '13S', '13D', '08H', '04C')",28.085399999999996,,862969.0
"('03S', '05S', '13S', '13D', '08H')",28.085299999999997,,862822.0
"('02D', '05S', '13S', '13D', '08H')",28.085199999999997,,862674.0
"('03S', '13S', '13D', '08H', '04C')",28.0843,,862526.0
"('02D', '13S', '13D', '08H', '04C')",28.0842,,862378.0
"('03S', '02D', '13S', '13D', '08H')",28.083199999999998,,862231.0
"('06C', '05S', '13S', '13D', '07D')",28.0765,,862083.0
"('06C', '13S', '13D', '04C', '07D')",28.0764,,861935.0
"('06C', '03S', '13S', '13D', '07D')",28.0763,,861787.0
"('06C', '02D', '13S', '13D', '07D')",28.0762,,861640.0
"('05S', '13S', '13D', '04C', '07D')",28.0754,,861492.0
"('03S', '05S', '13S', '13D', '07D')",28.0753,,861344.0
"('02D', '05S', '13S', '13D', '07D')",28.0752,,861196.0
"('03S', '13S', '13D', '04C', '07D')",28.0743,,861049.0
"('02D', '13S', '13D', '04C', '07D')",28.0742,,860901.0
"('03S', '02D', '13S', '13D', '07D')",28.0732,,860753.0
"('06C', '05S', '13S', '13D', '04C')",28.065399999999997,,860605.0
"('06C', '03S', '05S', '13S', '13D')",28.065299999999997,,860458.0
"('06C', '02D', '05S', '13S', '13D')",28.065199999999997,,860310.0
"('06C', '03S', '13S', '13D', '04C')",28.0643,,860162.0
"('06C', '02D', '13S', '13D', '04C')",28.0642,,860014.0
"('06C', '03S', '02D', '13S', '13D')",28.0632,,859867.0
"('03S', '05S', '13S', '13D', '04C')",28.0543,,859719.0
"('02D', '05S', '13S', '13D', '04C')",28.0542,,859571.0
"('03S', '02D', '05S', '13S', '13D')",28.0532,,859423.0
"('03S', '02D', '13S', '13D', '04C')",28.0432,,859276.0
"('11D', '12D', '12S', '14S', '13S')",27.154100000000003,,859128.0
"('10D', '12D', '12S', '14S', '13S')",27.154000000000003,,858980.0
"('12D', '12S', '14S', '13S', '09S')",27.153900000000004,,858832.0
"('12D', '12S', '14S', '13S', '08H')",27.153800000000004,,858685.0
"('12D', '12S', '14S', '13S', '07D')",27.1537,,858537.0
"('06C', '12D', '12S', '14S', '13S')",27.1536,,858389.0
"('12D', '05S', '12S', '14S', '13S')",27.1535,,858241.0
"('12D', '12S', '14S', '13S', '04C')",27.1534,,858094.0
"('03S', '12D', '12S', '14S', '13S')",27.1533,,857946.0
"('12D', '02D', '12S', '14S', '13S')",27.153200000000002,,857798.0
"('11D', '10D', '12D', '12S', '14S')",27.152,,857650.0
"('11D', '12D', '12S', '14S', '09S')",27.1519,,857503.0
"('11D', '12D', '12S', '14S', '08H')",27.1518,,857355.0
"('11D', '12D', '12S', '14S', '07D')",27.151699999999998,,857207.0
"('11D', '06C', '12D', '12S', '14S')",27.1516,,857059.0
"('11D', '12D', '05S', '12S', '14S')",27.1515,,856912.0
"('11D', '12D', '12S', '14S', '04C')",27.1514,,856764.0
"('11D', '03S', '12D', '12S', '14S')",27.1513,,856616.0
"('11D', '12D', '02D', '12S', '14S')",27.1512,,856468.0
"('10D', '12D', '12S', '14S', '09S')",27.150900000000004,,856321.0
"('10D', '12D', '12S', '14S', '08H')",27.150800000000004,,856173.0
"('10D', '12D', '12S', '14S', '07D')",27.1507,,856025.0
"('10D', '06C', '12D', '12S', '14S')",27.1506,,855877.0
"('10D', '12D', '05S', '12S', '14S')",27.1505,,855730.0
"('10D', '12D', '12S', '14S', '04C')",27.1504,,855582.0
"('10D', '03S', '12D', '12S', '14S')",27.1503,,855434.0
"('10D', '12D', '02D', '12S', '14S')",27.1502,,855286.0
"('12D', '12S', '14S', '08H', '09S')",27.149800000000003,,855139.0
"('12D', '12S', '14S', '09S', '07D')",27.1497,,854991.0
"('06C', '12D', '12S', '14S', '09S')",27.1496,,854843.0
"('12D', '05S', '12S', '14S', '09S')",27.1495,,854695.0
"('12D', '12S', '14S', '04C', '09S')",27.1494,,854548.0
"('03S', '12D', '12S', '14S', '09S')",27.1493,,854400.0
"('12D', '02D', '12S', '14S', '09S')",27.1492,,854252.0
"('12D', '12S', '14S', '08H', '07D')",27.148699999999998,,854104.0
"('06C', '12D', '12S', '14S', '08H')",27.1486,,853957.0
"('12D', '05S', '12S', '14S', '08H')",27.1485,,853809.0
"('12D', '12S', '14S', '08H', '04C')",27.1484,,853661.0
"('03S', '12D', '12S', '14S', '08H')",27.1483,,853513.0
"('12D', '02D', '12S', '14S', '08H')",27.1482,,853366.0
"('06C', '12D', '12S', '14S', '07D')",27.1476,,853218.0
"('12D', '05S', '12S', '14S', '07D')",27.1475,,853070.0
"('12D', '12S', '14S', '04C', '07D')",27.1474,,852922.0
"('03S', '12D', '12S', '14S', '07D')",27.1473,,852775.0
"('12D', '02D', '12S', '14S', '07D')",27.1472,,852627.0
"('06C', '12D', '05S', '12S', '14S')",27.1465,,852479.0
"('06C', '12D', '12S', '14S', '04C')",27.1464,,852331.0
"('06C', '03S', '12D', '12S', '14S')",27.1463,,852184.0
"('06C', '12D', '02D', '12S', '14S')",27.1462,,852036.0
"('12D', '05S', '12S', '14S', '04C')",27.1454,,851888.0
"('03S', '12D', '05S', '12S', '14S')",27.1453,,851740.0
"('12D', '02D', '05S', '12S', '14S')",27.1452,,851593.0
"('03S', '12D', '12S', '14S', '04C')",27.1443,,851445.0
"('12D', '02D', '12S', '14S', '04C')",27.1442,,851297.0
"('03S', '12D', '02D', '12S', '14S')",27.1432,,851149.0
"('11D', '10D', '12D', '12S', '13S')",27.142,,851002.0
"('11D', '12D', '12S', '13S', '09S')",27.1419,,850854.0
"('11D', '12D', '12S', '13S', '08H')",27.1418,,850706.0
"('11D', '12D', '12S', '13S', '07D')",27.141699999999997,,850558.0
"('11D', '06C', '12D', '12S', '13S')",27.141599999999997,,850411.0
"('11D', '12D', '05S', '12S', '13S')",27.141499999999997,,850263.0
"('11D', '12D', '12S', '13S', '04C')",27.141399999999997,,850115.0
"('11D', '03S', '12D', '12S', '13S')",27.141299999999998,,849967.0
"('11D', '12D', '02D', '12S', '13S')",27.141199999999998,,849820.0
"('10D', '12D', '12S', '13S', '09S')",27.140900000000002,,849672.0
"('10D', '12D', '12S', '13S', '08H')",27.140800000000002,,849524.0
"('10D', '12D', '12S', '13S', '07D')",27.1407,,849376.0
"('10D', '06C', '12D', '12S', '13S')",27.1406,,849229.0
"('10D', '12D', '05S', '12S', '13S')",27.1405,,849081.0
"('10D', '12D', '12S', '13S', '04C')",27.1404,,848933.0
"('10D', '03S', '12D', '12S', '13S')",27.1403,,848785.0
"('10D', '12D', '02D', '12S', '13S')",27.1402,,848638.0
"('12D', '12S', '13S', '08H', '09S')",27.1398,,848490.0
"('12D', '12S', '13S', '09S', '07D')",27.139699999999998,,848342.0
"('06C', '12D', '12S', '13S', '09S')",27.139599999999998,,848194.0
"('12D', '05S', '12S', '13S', '09S')",27.139499999999998,,848047.0
"('12D', '12S', '13S', '04C', '09S')",27.1394,,847899.0
"('03S', '12D', '12S', '13S', '09S')",27.1393,,847751.0
"('12D', '02D', '12S', '13S', '09S')",27.1392,,847603.0
"('12D', '12S', '13S', '08H', '07D')",27.138699999999996,,847456.0
"('06C', '12D', '12S', '13S', '08H')",27.138599999999997,,847308.0
"('12D', '05S', '12S', '13S', '08H')",27.138499999999997,,847160.0
"('12D', '12S', '13S', '08H', '04C')",27.138399999999997,,847012.0
"('03S', '12D', '12S', '13S', '08H')",27.138299999999997,,846865.0
"('12D', '02D', '12S', '13S', '08H')",27.138199999999998,,846717.0
"('06C', '12D', '12S', '13S', '07D')",27.1376,,846569.0
"('12D', '05S', '12S', '13S', '07D')",27.1375,,846421.0
"('12D', '12S', '13S', '04C', '07D')",27.1374,,846274.0
"('03S', '12D', '12S', '13S', '07D')",27.1373,,846126.0
"('12D', '02D', '12S', '13S', '07D')",27.1372,,845978.0
"('06C', '12D', '05S', '12S', '13S')",27.136499999999998,,845830.0
"('06C', '12D', '12S', '13S', '04C')",27.1364,,845683.0
"('06C', '03S', '12D', '12S', '13S')",27.1363,,845535.0
"('06C', '12D', '02D', '12S', '13S')",27.1362,,845387.0
"('12D', '05S', '12S', '13S', '04C')",27.135399999999997,,845239.0
"('03S', '12D', '05S', '12S', '13S')",27.135299999999997,,845091.0
"('12D', '02D', '05S', '12S', '13S')",27.135199999999998,,844944.0
"('03S', '12D', '12S', '13S', '04C')",27.1343,,844796.0
"('12D', '02D', '12S', '13S', '04C')",27.1342,,844648.0
"('03S', '12D', '02D', '12S', '13S')",27.1332,,844500.0
"('11D', '10D', '12D', '12S', '09S')",27.120900000000002,,844353.0
"('11D', '10D', '12D', '12S', '08H')",27.120800000000003,,844205.0
"('11D', '10D', '12D', '12S', '07D')",27.1207,,844057.0
"('11D', '10D', '06C', '12D', '12S')",27.1206,,843909.0
"('11D', '10D', '12D', '05S', '12S')",27.1205,,843762.0
"('11D', '10D', '12D', '12S', '04C')",27.1204,,843614.0
"('11D', '10D', '03S', '12D', '12S')",27.1203,,843466.0
"('11D', '10D', '12D', '02D', '12S')",27.1202,,843318.0
"('11D', '12D', '12S', '08H', '09S')",27.1198,,843171.0
"('11D', '12D', '12S', '09S', '07D')",27.119699999999998,,843023.0
"('11D', '06C', '12D', '12S', '09S')",27.1196,,842875.0
"('11D', '12D', '05S', '12S', '09S')",27.1195,,842727.0
"('11D', '12D', '12S', '04C', '09S')",27.1194,,842580.0
"('11D', '03S', '12D', '12S', '09S')",27.1193,,842432.0
"('11D', '12D', '02D', '12S', '09S')",27.1192,,842284.0
"('11D', '12D', '12S', '08H', '07D')",27.118699999999997,,842136.0
"('11D', '06C', '12D', '12S', '08H')",27.118599999999997,,841989.0
"('11D', '12D', '05S', '12S', '08H')",27.118499999999997,,841841.0
"('11D', '12D', '12S', '08H', '04C')",27.118399999999998,,841693.0
"('11D', '03S', '12D', '12S', '08H')",27.118299999999998,,841545.0
"('11D', '12D', '02D', '12S', '08H')",27.118199999999998,,841398.0
"('11D', '06C', '12D', '12S', '07D')",27.1176,,841250.0
"('11D', '12D', '05S', '12S', '07D')",27.1175,,841102.0
"('11D', '12D', '12S', '04C', '07D')",27.1174,,840954.0
"('11D', '03S', '12D', '12S', '07D')",27.1173,,840807.0
"('11D', '12D', '02D', '12S', '07D')",27.1172,,840659.0
"('11D', '06C', '12D', '05S', '12S')",27.1165,,840511.0
"('11D', '06C', '12D', '12S', '04C')",27.1164,,840363.0
"('11D', '06C', '03S', '12D', '12S')",27.1163,,840216.0
"('11D', '06C', '12D', '02D', '12S')",27.1162,,840068.0
"('11D', '12D', '05S', '12S', '04C')",27.115399999999998,,839920.0
"('11D', '03S', '12D', '05S', '12S')",27.115299999999998,,839772.0
"('11D', '12D', '02D', '05S', '12S')",27.115199999999998,,839625.0
"('11D', '03S', '12D', '12S', '04C')",27.1143,,839477.0
"('11D', '12D', '02D', '12S', '04C')",27.1142,,839329.0
"('11D', '03S', '12D', '02D', '12S')",27.1132,,839181.0
"('10D', '12D', '12S', '08H', '09S')",27.109800000000003,,839034.0
"('10D', '12D', '12S', '09S', '07D')",27.1097,,838886.0
"('10D', '06C', '12D', '12S', '09S')",27.1096,,838738.0
"('10D', '12D', '05S', '12S', '09S')",27.1095,,838590.0
"('10D', '12D', '12S', '04C', '09S')",27.1094,,838443.0
"('10D', '03S', '12D', '12S', '09S')",27.1093,,838295.0
"('10D', '12D', '02D', '12S', '09S')",27.1092,,838147.0
"('10D', '12D', '12S', '08H', '07D')",27.1087,,837999.0
"('10D', '06C', '12D', '12S', '08H')",27.1086,,837852.0
"('10D', '12D', '05S', '12S', '08H')",27.1085,,837704.0
"('10D', '12D', '12S', '08H', '04C')",27.1084,,837556.0
"('10D', '03S', '12D', '12S', '08H')",27.1083,,837408.0
"('10D', '12D', '02D', '12S', '08H')",27.1082,,837261.0
"('10D', '06C', '12D', '12S', '07D')",27.1076,,837113.0
"('10D', '12D', '05S', '12S', '07D')",27.1075,,836965.0
"('10D', '12D', '12S', '04C', '07D')",27.107400000000002,,836817.0
"('10D', '03S', '12D', '12S', '07D')",27.107300000000002,,836670.0
"('10D', '12D', '02D', '12S', '07D')",27.107200000000002,,836522.0
"('10D', '06C', '12D', '05S', '12S')",27.1065,,836374.0
"('10D', '06C', '12D', '12S', '04C')",27.1064,,836226.0
"('10D', '06C', '03S', '12D', '12S')",27.1063,,836079.0
"('10D', '06C', '12D', '02D', '12S')",27.1062,,835931.0
"('10D', '12D', '05S', '12S', '04C')",27.1054,,835783.0
"('10D', '03S', '12D', '05S', '12S')",27.1053,,835635.0
"('10D', '12D', '02D', '05S', '12S')",27.1052,,835488.0
"('10D', '03S', '12D', '12S', '04C')",27.104300000000002,,835340.0
"('10D', '12D', '02D', '12S', '04C')",27.104200000000002,,835192.0
"('10D', '03S', '12D', '02D', '12S')",27.1032,,835044.0
"('12D', '12S', '08H', '09S', '07D')",27.098699999999997,,834897.0
"('06C', '12D', '12S', '08H', '09S')",27.098599999999998,,834749.0
"('12D', '05S', '12S', '08H', '09S')",27.098499999999998,,834601.0
"('12D', '12S', '08H', '04C', '09S')",27.098399999999998,,834453.0
"('03S', '12D', '12S', '08H', '09S')",27.0983,,834306.0
"('12D', '02D', '12S', '08H', '09S')",27.0982,,834158.0
"('06C', '12D', '12S', '09S', '07D')",27.0976,,834010.0
"('12D', '05S', '12S', '09S', '07D')",27.0975,,833862.0
"('12D', '12S', '04C', '09S', '07D')",27.0974,,833715.0
"('03S', '12D', '12S', '09S', '07D')",27.0973,,833567.0
"('12D', '02D', '12S', '09S', '07D')",27.0972,,833419.0
"('06C', '12D', '05S', '12S', '09S')",27.0965,,833271.0
"('06C', '12D', '12S', '04C', '09S')",27.0964,,833124.0
"('06C', '03S', '12D', '12S', '09S')",27.0963,,832976.0
"('06C', '12D', '02D', '12S', '09S')",27.0962,,832828.0
"('12D', '05S', '12S', '04C', '09S')",27.095399999999998,,832680.0
"('03S', '12D', '05S', '12S', '09S')",27.095299999999998,,832533.0
"('12D', '02D', '05S', '12S', '09S')",27.0952,,832385.0
"('03S', '12D', '12S', '04C', '09S')",27.0943,,832237.0
"('12D', '02D', '12S', '04C', '09S')",27.0942,,832089.0
"('03S', '12D', '02D', '12S', '09S')",27.0932,,831942.0
"('06C', '12D', '12S', '08H', '07D')",27.0876,,831794.0
"('12D', '05S', '12S', '08H', '07D')",27.0875,,831646.0
"('12D', '12S', '08H', '04C', '07D')",27.0874,,831498.0
"('03S', '12D', '12S', '08H', '07D')",27.0873,,831351.0
"('12D', '02D', '12S', '08H', '07D')",27.0872,,831203.0
"('06C', '12D', '05S', '12S', '08H')",27.086499999999997,,831055.0
"('06C', '12D', '12S', '08H', '04C')",27.086399999999998,,830907.0
"('06C', '03S', '12D', '12S', '08H')",27.086299999999998,,830760.0
"('06C', '12D', '02D', '12S', '08H')",27.086199999999998,,830612.0
"('12D', '05S', '12S', '08H', '04C')",27.085399999999996,,830464.0
"('03S', '12D', '05S', '12S', '08H')",27.085299999999997,,830316.0
"('12D', '02D', '05S', '12S', '08H')",27.085199999999997,,830169.0
"('03S', '12D', '12S', '08H', '04C')",27.0843,,830021.0
"('12D', '02D', '12S', '08H', '04C')",27.0842,,829873.0
"('03S', '12D', '02D', '12S', '08H')",27.083199999999998,,829725.0
"('06C', '12D', '05S', '12S', '07D')",27.0765,,829578.0
"('06C', '12D', '12S', '04C', '07D')",27.0764,,829430.0
"('06C', '03S', '12D', '12S', '07D')",27.0763,,829282.0
"('06C', '12D', '02D', '12S', '07D')",27.0762,,829134.0
"('12D', '05S', '12S', '04C', '07D')",27.0754,,828987.0
"('03S', '12D', '05S', '12S', '07D')",27.0753,,828839.0
"('12D', '02D', '05S', '12S', '07D')",27.0752,,828691.0
"('03S', '12D', '12S', '04C', '07D')",27.0743,,828543.0
"('12D', '02D', '12S', '04C', '07D')",27.0742,,828396.0
"('03S', '12D', '02D', '12S', '07D')",27.0732,,828248.0
"('06C', '12D', '05S', '12S', '04C')",27.065399999999997,,828100.0
"('06C', '03S', '12D', '05S', '12S')",27.065299999999997,,827952.0
"('06C', '12D', '02D', '05S', '12S')",27.065199999999997,,827805.0
"('06C', '03S', '12D', '12S', '04C')",27.0643,,827657.0
"('06C', '12D', '02D', '12S', '04C')",27.0642,,827509.0
"('06C', '03S', '12D', '02D', '12S')",27.0632,,827361.0
"('03S', '12D', '05S', '12S', '04C')",27.0543,,827214.0
"('12D', '02D', '05S', '12S', '04C')",27.0542,,827066.0
"('03S', '12D', '02D', '05S', '12S')",27.0532,,826918.0
"('03S', '12D', '02D', '12S', '04C')",27.0432,,826770.0
"('11D', '12D', '14S', '13S', '11S')",26.154200000000003,,826623.0
"('11D', '10D', '14S', '13S', '11S')",26.154000000000003,,826475.0
"('11D', '14S', '13S', '09S', '11S')",26.153900000000004,,826327.0
"('11D', '14S', '13S', '08H', '11S')",26.153800000000004,,826179.0
"('11D', '14S', '13S', '07D', '11S')",26.1537,,826032.0
"('11D', '06C', '14S', '13S', '11S')",26.1536,,825884.0
"('11D', '05S', '14S', '13S', '11S')",26.1535,,825736.0
"('11D', '14S', '13S', '04C', '11S')",26.1534,,825588.0
"('11D', '03S', '14S', '13S', '11S')",26.1533,,825441.0
"('11D', '02D', '14S', '13S', '11S')",26.153200000000002,,825293.0
"('11D', '10D', '12D', '14S', '11S')",26.153000000000002,,825145.0
"('11D', '12D', '14S', '09S', '11S')",26.152900000000002,,824997.0
"('11D', '12D', '14S', '08H', '11S')",26.152800000000003,,824850.0
"('11D', '12D', '14S', '07D', '11S')",26.1527,,824702.0
"('11D', '06C', '12D', '14S', '11S')",26.1526,,824554.0
"('11D', '12D', '05S', '14S', '11S')",26.1525,,824406.0
"('11D', '12D', '14S', '04C', '11S')",26.1524,,824259.0
"('11D', '03S', '12D', '14S', '11S')",26.1523,,824111.0
"('11D', '12D', '02D', '14S', '11S')",26.1522,,823963.0
"('11D', '10D', '14S', '09S', '11S')",26.150900000000004,,823815.0
"('11D', '10D', '14S', '08H', '11S')",26.150800000000004,,823668.0
"('11D', '10D', '14S', '07D', '11S')",26.1507,,823520.0
"('11D', '10D', '06C', '14S', '11S')",26.1506,,823372.0
"('11D', '10D', '05S', '14S', '11S')",26.1505,,823224.0
"('11D', '10D', '14S', '04C', '11S')",26.1504,,823077.0
"('11D', '10D', '03S', '14S', '11S')",26.1503,,822929.0
"('11D', '10D', '02D', '14S', '11S')",26.1502,,822781.0
"('11D', '14S', '08H', '09S', '11S')",26.149800000000003,,822633.0
"('11D', '14S', '09S', '07D', '11S')",26.1497,,822486.0
"('11D', '06C', '14S', '09S', '11S')",26.1496,,822338.0
"('11D', '05S', '14S', '09S', '11S')",26.1495,,822190.0
"('11D', '14S', '04C', '09S', '11S')",26.1494,,822042.0
"('11D', '03S', '14S', '09S', '11S')",26.1493,,821895.0
"('11D', '02D', '14S', '09S', '11S')",26.1492,,821747.0
"('11D', '14S', '08H', '07D', '11S')",26.148699999999998,,821599.0
"('11D', '06C', '14S', '08H', '11S')",26.1486,,821451.0
"('11D', '05S', '14S', '08H', '11S')",26.1485,,821304.0
"('11D', '14S', '08H', '04C', '11S')",26.1484,,821156.0
"('11D', '03S', '14S', '08H', '11S')",26.1483,,821008.0
"('11D', '02D', '14S', '08H', '11S')",26.1482,,820860.0
"('11D', '06C', '14S', '07D', '11S')",26.1476,,820713.0
"('11D', '05S', '14S', '07D', '11S')",26.1475,,820565.0
"('11D', '14S', '04C', '07D', '11S')",26.1474,,820417.0
"('11D', '03S', '14S', '07D', '11S')",26.1473,,820269.0
"('11D', '02D', '14S', '07D', '11S')",26.1472,,820122.0
"('11D', '06C', '05S', '14S', '11S')",26.1465,,819974.0
"('11D', '06C', '14S', '04C', '11S')",26.1464,,819826.0
"('11D', '06C', '03S', '14S', '11S')",26.1463,,819678.0
"('11D', '06C', '02D', '14S', '11S')",26.1462,,819531.0
"('11D', '05S', '14S', '04C', '11S')",26.1454,,819383.0
"('11D', '03S', '05S', '14S', '11S')",26.1453,,819235.0
"('11D', '02D', '05S', '14S', '11S')",26.1452,,819087.0
"('11D', '03S', '14S', '04C', '11S')",26.1443,,818939.0
"('11D', '02D', '14S', '04C', '11S')",26.1442,,818792.0
"('11D', '03S', '02D', '14S', '11S')",26.1432,,818644.0
"('11D', '10D', '12D', '13S', '11S')",26.143,,818496.0
"('11D', '12D', '13S', '09S', '11S')",26.1429,,818348.0
"('11D', '12D', '13S', '08H', '11S')",26.1428,,818201.0
"('11D', '12D', '13S', '07D', '11S')",26.142699999999998,,818053.0
"('11D', '06C', '12D', '13S', '11S')",26.142599999999998,,817905.0
"('11D', '12D', '05S', '13S', '11S')",26.1425,,817757.0
"('11D', '12D', '13S', '04C', '11S')",26.1424,,817610.0
"('11D', '03S', '12D', '13S', '11S')",26.1423,,817462.0
"('11D', '12D', '02D', '13S', '11S')",26.1422,,817314.0
"('11D', '10D', '13S', '09S', '11S')",26.140900000000002,,817166.0
"('11D', '10D', '13S', '08H', '11S')",26.140800000000002,,817019.0
"('11D', '10D', '13S', '07D', '11S')",26.1407,,816871.0
"('11D', '10D', '06C', '13S', '11S')",26.1406,,816723.0
"('11D', '10D', '05S', '13S', '11S')",26.1405,,816575.0
"('11D', '10D', '13S', '04C', '11S')",26.1404,,816428.0
"('11D', '10D', '03S', '13S', '11S')",26.1403,,816280.0
"('11D', '10D', '02D', '13S', '11S')",26.1402,,816132.0
"('11D', '13S', '08H', '09S', '11S')",26.1398,,815984.0
"('11D', '13S', '09S', '07D', '11S')",26.139699999999998,,815837.0
"('11D', '06C', '13S', '09S', '11S')",26.139599999999998,,815689.0
"('11D', '05S', '13S', '09S', '11S')",26.139499999999998,,815541.0
"('11D', '13S', '04C', '09S', '11S')",26.1394,,815393.0
"('11D', '03S', '13S', '09S', '11S')",26.1393,,815246.0
"('11D', '02D', '13S', '09S', '11S')",26.1392,,815098.0
"('11D', '13S', '08H', '07D', '11S')",26.138699999999996,,814950.0
"('11D', '06C', '13S', '08H', '11S')",26.138599999999997,,814802.0
"('11D', '05S', '13S', '08H', '11S')",26.138499999999997,,814655.0
"('11D', '13S', '08H', '04C', '11S')",26.138399999999997,,814507.0
"('11D', '03S', '13S', '08H', '11S')",26.138299999999997,,814359.0
"('11D', '02D', '13S', '08H', '11S')",26.138199999999998,,814211.0
"('11D', '06C', '13S', '07D', '11S')",26.1376,,814064.0
"('11D', '05S', '13S', '07D', '11S')",26.1375,,813916.0
"('11D', '13S', '04C', '07D', '11S')",26.1374,,813768.0
"('11D', '03S', '13S', '07D', '11S')",26.1373,,813620.0
"('11D', '02D', '13S', '07D', '11S')",26.1372,,813473.0
"('11D', '06C', '05S', '13S', '11S')",26.136499999999998,,813325.0
"('11D', '06C', '13S', '04C', '11S')",26.1364,,813177.0
"('11D', '06C', '03S', '13S', '11S')",26.1363,,813029.0
"('11D', '06C', '02D', '13S', '11S')",26.1362,,812882.0
"('11D', '05S', '13S', '04C', '11S')",26.135399999999997,,812734.0
"('11D', '03S', '05S', '13S', '11S')",26.135299999999997,,812586.0
"('11D', '02D', '05S', '13S', '11S')",26.135199999999998,,812438.0
"('11D', '03S', '13S', '04C', '11S')",26.1343,,812291.0
"('11D', '02D', '13S', '04C', '11S')",26.1342,,812143.0
"('11D', '03S', '02D', '13S', '11S')",26.1332,,811995.0
"('11D', '10D', '12D', '09S', '11S')",26.130900000000004,,811847.0
"('11D', '10D', '12D', '08H', '11S')",26.130800000000004,,811700.0
"('11D', '10D', '12D', '07D', '11S')",26.1307,,811552.0
"('11D', '10D', '06C', '12D', '11S')",26.1306,,811404.0
"('11D', '10D', '12D', '05S', '11S')",26.1305,,811256.0
"('11D', '10D', '12D', '04C', '11S')",26.1304,,811109.0
"('11D', '10D', '03S', '12D', '11S')",26.130300000000002,,810961.0
"('11D', '10D', '12D', '02D', '11S')",26.130200000000002,,810813.0
"('11D', '12D', '08H', '09S', '11S')",26.129800000000003,,810665.0
"('11D', '12D', '09S', '07D', '11S')",26.1297,,810518.0
"('11D', '06C', '12D', '09S', '11S')",26.1296,,810370.0
"('11D', '12D', '05S', '09S', '11S')",26.1295,,810222.0
"('11D', '12D', '04C', '09S', '11S')",26.1294,,810074.0
"('11D', '03S', '12D', '09S', '11S')",26.1293,,809927.0
"('11D', '12D', '02D', '09S', '11S')",26.1292,,809779.0
"('11D', '12D', '08H', '07D', '11S')",26.1287,,809631.0
"('11D', '06C', '12D', '08H', '11S')",26.1286,,809483.0
"('11D', '12D', '05S', '08H', '11S')",26.1285,,809336.0
"('11D', '12D', '08H', '04C', '11S')",26.1284,,809188.0
"('11D', '03S', '12D', '08H', '11S')",26.1283,,809040.0
"('11D', '12D', '02D', '08H', '11S')",26.1282,,808892.0
"('11D', '06C', '12D', '07D', '11S')",26.1276,,808745.0
"('11D', '12D', '05S', '07D', '11S')",26.1275,,808597.0
"('11D', '12D', '04C', '07D', '11S')",26.1274,,808449.0
"('11D', '03S', '12D', '07D', '11S')",26.1273,,808301.0
"('11D', '12D', '02D', '07D', '11S')",26.127200000000002,,808154.0
"('11D', '06C', '12D', '05S', '11S')",26.1265,,808006.0
"('11D', '06C', '12D', '04C', '11S')",26.1264,,807858.0
"('11D', '06C', '03S', '12D', '11S')",26.1263,,807710.0
"('11D', '06C', '12D', '02D', '11S')",26.1262,,807563.0
"('11D', '12D', '05S', '04C', '11S')",26.1254,,807415.0
"('11D', '03S', '12D', '05S', '11S')",26.1253,,807267.0
"('11D', '12D', '02D', '05S', '11S')",26.1252,,807119.0
"('11D', '03S', '12D', '04C', '11S')",26.1243,,806972.0
"('11D', '12D', '02D', '04C', '11S')",26.124200000000002,,806824.0
"('11D', '03S', '12D', '02D', '11S')",26.1232,,806676.0
"('11D', '10D', '08H', '09S', '11S')",26.109800000000003,,806528.0
"('11D', '10D', '09S', '07D', '11S')",26.1097,,806381.0
"('11D', '10D', '06C', '09S', '11S')",26.1096,,806233.0
"('11D', '10D', '05S', '09S', '11S')",26.1095,,806085.0
"('11D', '10D', '04C', '09S', '11S')",26.1094,,805937.0
"('11D', '10D', '03S', '09S', '11S')",26.1093,,805790.0
"('11D', '10D', '02D', '09S', '11S')",26.1092,,805642.0
"('11D', '10D', '08H', '07D', '11S')",26.1087,,805494.0
"('11D', '10D', '06C', '08H', '11S')",26.1086,,805346.0
"('11D', '10D', '05S', '08H', '11S')",26.1085,,805199.0
"('11D', '10D', '08H', '04C', '11S')",26.1084,,805051.0
"('11D', '10D', '03S', '08H', '11S')",26.1083,,804903.0
"('11D', '10D', '02D', '08H', '11S')",26.1082,,804755.0
"('11D', '10D', '06C', '07D', '11S')",26.1076,,804608.0
"('11D', '10D', '05S', '07D', '11S')",26.1075,,804460.0
"('11D', '10D', '04C', '07D', '11S')",26.107400000000002,,804312.0
"('11D', '10D', '03S', '07D', '11S')",26.107300000000002,,804164.0
"('11D', '10D', '02D', '07D', '11S')",26.107200000000002,,804017.0
"('11D', '10D', '06C', '05S', '11S')",26.1065,,803869.0
"('11D', '10D', '06C', '04C', '11S')",26.1064,,803721.0
"('11D', '10D', '06C', '03S', '11S')",26.1063,,803573.0
"('11D', '10D', '06C', '02D', '11S')",26.1062,,803426.0
"('11D', '10D', '05S', '04C', '11S')",26.1054,,803278.0
"('11D', '10D', '03S', '05S', '11S')",26.1053,,803130.0
"('11D', '10D', '02D', '05S', '11S')",26.1052,,802982.0
"('11D', '10D', '03S', '04C', '11S')",26.104300000000002,,802835.0
"('11D', '10D', '02D', '04C', '11S')",26.104200000000002,,802687.0
"('11D', '10D', '03S', '02D', '11S')",26.1032,,802539.0
"('11D', '08H', '09S', '07D', '11S')",26.098699999999997,,802391.0
"('11D', '06C', '08H', '09S', '11S')",26.098599999999998,,802244.0
"('11D', '05S', '08H', '09S', '11S')",26.098499999999998,,802096.0
"('11D', '08H', '04C', '09S', '11S')",26.098399999999998,,801948.0
"('11D', '03S', '08H', '09S', '11S')",26.0983,,801800.0
"('11D', '02D', '08H', '09S', '11S')",26.0982,,801653.0
"('11D', '06C', '09S', '07D', '11S')",26.0976,,801505.0
"('11D', '05S', '09S', '07D', '11S')",26.0975,,801357.0
"('11D', '04C', '09S', '07D', '11S')",26.0974,,801209.0
"('11D', '03S', '09S', '07D', '11S')",26.0973,,801062.0
"('11D', '02D', '09S', '07D', '11S')",26.0972,,800914.0
"('11D', '06C', '05S', '09S', '11S')",26.0965,,800766.0
"('11D', '06C', '04C', '09S', '11S')",26.0964,,800618.0
"('11D', '06C', '03S', '09S', '11S')",26.0963,,800471.0
"('11D', '06C', '02D', '09S', '11S')",26.0962,,800323.0
"('11D', '05S', '04C', '09S', '11S')",26.095399999999998,,800175.0
"('11D', '03S', '05S', '09S', '11S')",26.095299999999998,,800027.0
"('11D', '02D', '05S', '09S', '11S')",26.0952,,799880.0
"('11D', '03S', '04C', '09S', '11S')",26.0943,,799732.0
"('11D', '02D', '04C', '09S', '11S')",26.0942,,799584.0
"('11D', '03S', '02D', '09S', '11S')",26.0932,,799436.0
"('11D', '06C', '08H', '07D', '11S')",26.0876,,799289.0
"('11D', '05S', '08H', '07D', '11S')",26.0875,,799141.0
"('11D', '08H', '04C', '07D', '11S')",26.0874,,798993.0
"('11D', '03S', '08H', '07D', '11S')",26.0873,,798845.0
"('11D', '02D', '08H', '07D', '11S')",26.0872,,798698.0
"('11D', '06C', '05S', '08H', '11S')",26.086499999999997,,798550.0
"('11D', '06C', '08H', '04C', '11S')",26.086399999999998,,798402.0
"('11D', '06C', '03S', '08H', '11S')",26.086299999999998,,798254.0
"('11D', '06C', '02D', '08H', '11S')",26.086199999999998,,798107.0
"('11D', '05S', '08H', '04C', '11S')",26.085399999999996,,797959.0
"('11D', '03S', '05S', '08H', '11S')",26.085299999999997,,797811.0
"('11D', '02D', '05S', '08H', '11S')",26.085199999999997,,797663.0
"('11D', '03S', '08H', '04C', '11S')",26.0843,,797516.0
"('11D', '02D', '08H', '04C', '11S')",26.0842,,797368.0
"('11D', '03S', '02D', '08H', '11S')",26.083199999999998,,797220.0
"('11D', '06C', '05S', '07D', '11S')",26.0765,,797072.0
"('11D', '06C', '04C', '07D', '11S')",26.0764,,796925.0
"('11D', '06C', '03S', '07D', '11S')",26.0763,,796777.0
"('11D', '06C', '02D', '07D', '11S')",26.0762,,796629.0
"('11D', '05S', '04C', '07D', '11S')",26.0754,,796481.0
"('11D', '03S', '05S', '07D', '11S')",26.0753,,796334.0
"('11D', '02D', '05S', '07D', '11S')",26.0752,,796186.0
"('11D', '03S', '04C', '07D', '11S')",26.0743,,796038.0
"('11D', '02D', '04C', '07D', '11S')",26.0742,,795890.0
"('11D', '03S', '02D', '07D', '11S')",26.0732,,795743.0
"('11D', '06C', '05S', '04C', '11S')",26.065399999999997,,795595.0
"('11D', '06C', '03S', '05S', '11S')",26.065299999999997,,795447.0
"('11D', '06C', '02D', '05S', '11S')",26.065199999999997,,795299.0
"('11D', '06C', '03S', '04C', '11S')",26.0643,,795152.0
"('11D', '06C', '02D', '04C', '11S')",26.0642,,795004.0
"('11D', '06C', '03S', '02D', '11S')",26.0632,,794856.0
"('11D', '03S', '05S', '04C', '11S')",26.0543,,794708.0
"('11D', '02D', '05S', '04C', '11S')",26.0542,,794561.0
"('11D', '03S', '02D', '05S', '11S')",26.0532,,794413.0
"('11D', '03S', '02D', '04C', '11S')",26.0432,,794265.0
"('10D', '10C', '12D', '14S', '13S')",25.154200000000003,,794117.0
"('11D', '10D', '10C', '14S', '13S')",25.154100000000003,,793970.0
"('10D', '10C', '14S', '13S', '09S')",25.153900000000004,,793822.0
"('10D', '10C', '14S', '13S', '08H')",25.153800000000004,,793674.0
"('10D', '10C', '14S', '13S', '07D')",25.1537,,793526.0
"('10D', '06C', '10C', '14S', '13S')",25.1536,,793379.0
"('10D', '10C', '05S', '14S', '13S')",25.1535,,793231.0
"('10D', '10C', '14S', '13S', '04C')",25.1534,,793083.0
"('10D', '10C', '03S', '14S', '13S')",25.1533,,792935.0
"('10D', '10C', '02D', '14S', '13S')",25.153200000000002,,792787.0
"('11D', '10D', '10C', '12D', '14S')",25.153100000000002,,792640.0
"('10D', '10C', '12D', '14S', '09S')",25.152900000000002,,792492.0
"('10D', '10C', '12D', '14S', '08H')",25.152800000000003,,792344.0
"('10D', '10C', '12D', '14S', '07D')",25.1527,,792196.0
"('10D', '06C', '10C', '12D', '14S')",25.1526,,792049.0
"('10D', '10C', '12D', '05S', '14S')",25.1525,,791901.0
"('10D', '10C', '12D', '14S', '04C')",25.1524,,791753.0
"('10D', '10C', '03S', '12D', '14S')",25.1523,,791605.0
"('10D', '10C', '12D', '02D', '14S')",25.1522,,791458.0
"('11D', '10D', '10C', '14S', '09S')",25.1519,,791310.0
"('11D', '10D', '10C', '14S', '08H')",25.1518,,791162.0
"('11D', '10D', '10C', '14S', '07D')",25.151699999999998,,791014.0
"('11D', '10D', '06C', '10C', '14S')",25.1516,,790867.0
"('11D', '10D', '10C', '05S', '14S')",25.1515,,790719.0
"('11D', '10D', '10C', '14S', '04C')",25.1514,,790571.0
"('11D', '10D', '10C', '03S', '14S')",25.1513,,790423.0
"('11D', '10D', '10C', '02D', '14S')",25.1512,,790276.0
"('10D', '10C', '14S', '08H', '09S')",25.149800000000003,,790128.0
"('10D', '10C', '14S', '09S', '07D')",25.1497,,789980.0
"('10D', '06C', '10C', '14S', '09S')",25.1496,,789832.0
"('10D', '10C', '05S', '14S', '09S')",25.1495,,789685.0
"('10D', '10C', '14S', '04C', '09S')",25.1494,,789537.0
"('10D', '10C', '03S', '14S', '09S')",25.1493,,789389.0
"('10D', '10C', '02D', '14S', '09S')",25.1492,,789241.0
"('10D', '10C', '14S', '08H', '07D')",25.148699999999998,,789094.0
"('10D', '06C', '10C', '14S', '08H')",25.1486,,788946.0
"('10D', '10C', '05S', '14S', '08H')",25.1485,,788798.0
"('10D', '10C', '14S', '08H', '04C')",25.1484,,788650.0
"('10D', '10C', '03S', '14S', '08H')",25.1483,,788503.0
"('10D', '10C', '02D', '14S', '08H')",25.1482,,788355.0
"('10D', '06C', '10C', '14S', '07D')",25.1476,,788207.0
"('10D', '10C', '05S', '14S', '07D')",25.1475,,788059.0
"('10D', '10C', '14S', '04C', '07D')",25.1474,,787912.0
"('10D', '10C', '03S', '14S', '07D')",25.1473,,787764.0
"('10D', '10C', '02D', '14S', '07D')",25.1472,,787616.0
"('10D', '06C', '10C', '05S', '14S')",25.1465,,787468.0
"('10D', '06C', '10C', '14S', '04C')",25.1464,,787321.0
"('10D', '06C', '10C', '03S', '14S')",25.1463,,787173.0
"('10D', '06C', '10C', '02D', '14S')",25.1462,,787025.0
"('10D', '10C', '05S', '14S', '04C')",25.1454,,786877.0
"('10D', '10C', '03S', '05S', '14S')",25.1453,,786730.0
"('10D', '10C', '02D', '05S', '14S')",25.1452,,786582.0
"('10D', '10C', '03S', '14S', '04C')",25.1443,,786434.0
"('10D', '10C', '02D', '14S', '04C')",25.1442,,786286.0
"('10D', '10C', '03S', '02D', '14S')",25.1432,,786139.0
"('11D', '10D', '10C', '12D', '13S')",25.1431,,785991.0
"('10D', '10C', '12D', '13S', '09S')",25.1429,,785843.0
"('10D', '10C', '12D', '13S', '08H')",25.1428,,785695.0
"('10D', '10C', '12D', '13S', '07D')",25.142699999999998,,785548.0
"('10D', '06C', '10C', '12D', '13S')",25.142599999999998,,785400.0
"('10D', '10C', '12D', '05S', '13S')",25.1425,,785252.0
"('10D', '10C', '12D', '13S', '04C')",25.1424,,785104.0
"('10D', '10C', '03S', '12D', '13S')",25.1423,,784957.0
"('10D', '10C', '12D', '02D', '13S')",25.1422,,784809.0
"('11D', '10D', '10C', '13S', '09S')",25.1419,,784661.0
"('11D', '10D', '10C', '13S', '08H')",25.1418,,784513.0
"('11D', '10D', '10C', '13S', '07D')",25.141699999999997,,784366.0
"('11D', '10D', '06C', '10C', '13S')",25.141599999999997,,784218.0
"('11D', '10D', '10C', '05S', '13S')",25.141499999999997,,784070.0
"('11D', '10D', '10C', '13S', '04C')",25.141399999999997,,783922.0
"('11D', '10D', '10C', '03S', '13S')",25.141299999999998,,783775.0
"('11D', '10D', '10C', '02D', '13S')",25.141199999999998,,783627.0
"('10D', '10C', '13S', '08H', '09S')",25.1398,,783479.0
"('10D', '10C', '13S', '09S', '07D')",25.139699999999998,,783331.0
"('10D', '06C', '10C', '13S', '09S')",25.139599999999998,,783184.0
"('10D', '10C', '05S', '13S', '09S')",25.139499999999998,,783036.0
"('10D', '10C', '13S', '04C', '09S')",25.1394,,782888.0
"('10D', '10C', '03S', '13S', '09S')",25.1393,,782740.0
"('10D', '10C', '02D', '13S', '09S')",25.1392,,782593.0
"('10D', '10C', '13S', '08H', '07D')",25.138699999999996,,782445.0
"('10D', '06C', '10C', '13S', '08H')",25.138599999999997,,782297.0
"('10D', '10C', '05S', '13S', '08H')",25.138499999999997,,782149.0
"('10D', '10C', '13S', '08H', '04C')",25.138399999999997,,782002.0
"('10D', '10C', '03S', '13S', '08H')",25.138299999999997,,781854.0
"('10D', '10C', '02D', '13S', '08H')",25.138199999999998,,781706.0
"('10D', '06C', '10C', '13S', '07D')",25.1376,,781558.0
"('10D', '10C', '05S', '13S', '07D')",25.1375,,781411.0
"('10D', '10C', '13S', '04C', '07D')",25.1374,,781263.0
"('10D', '10C', '03S', '13S', '07D')",25.1373,,781115.0
"('10D', '10C', '02D', '13S', '07D')",25.1372,,780967.0
"('10D', '06C', '10C', '05S', '13S')",25.136499999999998,,780820.0
"('10D', '06C', '10C', '13S', '04C')",25.1364,,780672.0
"('10D', '06C', '10C', '03S', '13S')",25.1363,,780524.0
"('10D', '06C', '10C', '02D', '13S')",25.1362,,780376.0
"('10D', '10C', '05S', '13S', '04C')",25.135399999999997,,780229.0
"('10D', '10C', '03S', '05S', '13S')",25.135299999999997,,780081.0
"('10D', '10C', '02D', '05S', '13S')",25.135199999999998,,779933.0
"('10D', '10C', '03S', '13S', '04C')",25.1343,,779785.0
"('10D', '10C', '02D', '13S', '04C')",25.1342,,779638.0
"('10D', '10C', '03S', '02D', '13S')",25.1332,,779490.0
"('11D', '10D', '10C', '12D', '09S')",25.1319,,779342.0
"('11D', '10D', '10C', '12D', '08H')",25.131800000000002,,779194.0
"('11D', '10D', '10C', '12D', '07D')",25.1317,,779047.0
"('11D', '10D', '06C', '10C', '12D')",25.1316,,778899.0
"('11D', '10D', '10C', '12D', '05S')",25.1315,,778751.0
"('11D', '10D', '10C', '12D', '04C')",25.1314,,778603.0
"('11D', '10D', '10C', '03S', '12D')",25.1313,,778456.0
"('11D', '10D', '10C', '12D', '02D')",25.1312,,778308.0
"('10D', '10C', '12D', '08H', '09S')",25.129800000000003,,778160.0
"('10D', '10C', '12D', '09S', '07D')",25.1297,,778012.0
"('10D', '06C', '10C', '12D', '09S')",25.1296,,777865.0
"('10D', '10C', '12D', '05S', '09S')",25.1295,,777717.0
"('10D', '10C', '12D', '04C', '09S')",25.1294,,777569.0
"('10D', '10C', '03S', '12D', '09S')",25.1293,,777421.0
"('10D', '10C', '12D', '02D', '09S')",25.1292,,777274.0
"('10D', '10C', '12D', '08H', '07D')",25.1287,,777126.0
"('10D', '06C', '10C', '12D', '08H')",25.1286,,776978.0
"('10D', '10C', '12D', '05S', '08H')",25.1285,,776830.0
"('10D', '10C', '12D', '08H', '04C')",25.1284,,776683.0
"('10D', '10C', '03S', '12D', '08H')",25.1283,,776535.0
"('10D', '10C', '12D', '02D', '08H')",25.1282,,776387.0
"('10D', '06C', '10C', '12D', '07D')",25.1276,,776239.0
"('10D', '10C', '12D', '05S', '07D')",25.1275,,776092.0
"('10D', '10C', '12D', '04C', '07D')",25.1274,,775944.0
"('10D', '10C', '03S', '12D', '07D')",25.1273,,775796.0
"('10D', '10C', '12D', '02D', '07D')",25.127200000000002,,775648.0
"('10D', '06C', '10C', '12D', '05S')",25.1265,,775501.0
"('10D', '06C', '10C', '12D', '04C')",25.1264,,775353.0
"('10D', '06C', '10C', '03S', '12D')",25.1263,,775205.0
"('10D', '06C', '10C', '12D', '02D')",25.1262,,775057.0
"('10D', '10C', '12D', '05S', '04C')",25.1254,,774910.0
"('10D', '10C', '03S', '12D', '05S')",25.1253,,774762.0
"('10D', '10C', '12D', '02D', '05S')",25.1252,,774614.0
"('10D', '10C', '03S', '12D', '04C')",25.1243,,774466.0
"('10D', '10C', '12D', '02D', '04C')",25.124200000000002,,774319.0
"('10D', '10C', '03S', '12D', '02D')",25.1232,,774171.0
"('11D', '10D', '10C', '08H', '09S')",25.1198,,774023.0
"('11D', '10D', '10C', '09S', '07D')",25.119699999999998,,773875.0
"('11D', '10D', '06C', '10C', '09S')",25.1196,,773728.0
"('11D', '10D', '10C', '05S', '09S')",25.1195,,773580.0
"('11D', '10D', '10C', '04C', '09S')",25.1194,,773432.0
"('11D', '10D', '10C', '03S', '09S')",25.1193,,773284.0
"('11D', '10D', '10C', '02D', '09S')",25.1192,,773137.0
"('11D', '10D', '10C', '08H', '07D')",25.118699999999997,,772989.0
"('11D', '10D', '06C', '10C', '08H')",25.118599999999997,,772841.0
"('11D', '10D', '10C', '05S', '08H')",25.118499999999997,,772693.0
"('11D', '10D', '10C', '08H', '04C')",25.118399999999998,,772546.0
"('11D', '10D', '10C', '03S', '08H')",25.118299999999998,,772398.0
"('11D', '10D', '10C', '02D', '08H')",25.118199999999998,,772250.0
"('11D', '10D', '06C', '10C', '07D')",25.1176,,772102.0
"('11D', '10D', '10C', '05S', '07D')",25.1175,,771955.0
"('11D', '10D', '10C', '04C', '07D')",25.1174,,771807.0
"('11D', '10D', '10C', '03S', '07D')",25.1173,,771659.0
"('11D', '10D', '10C', '02D', '07D')",25.1172,,771511.0
"('11D', '10D', '06C', '10C', '05S')",25.1165,,771364.0
"('11D', '10D', '06C', '10C', '04C')",25.1164,,771216.0
"('11D', '10D', '06C', '10C', '03S')",25.1163,,771068.0
"('11D', '10D', '06C', '10C', '02D')",25.1162,,770920.0
"('11D', '10D', '10C', '05S', '04C')",25.115399999999998,,770773.0
"('11D', '10D', '10C', '03S', '05S')",25.115299999999998,,770625.0
"('11D', '10D', '10C', '02D', '05S')",25.115199999999998,,770477.0
"('11D', '10D', '10C', '03S', '04C')",25.1143,,770329.0
"('11D', '10D', '10C', '02D', '04C')",25.1142,,770182.0
"('11D', '10D', '10C', '03S', '02D')",25.1132,,770034.0
"('10D', '10C', '08H', '09S', '07D')",25.098699999999997,,769886.0
"('10D', '06C', '10C', '08H', '09S')",25.098599999999998,,769738.0
"('10D', '10C', '05S', '08H', '09S')",25.098499999999998,,769591.0
"('10D', '10C', '08H', '04C', '09S')",25.098399999999998,,769443.0
"('10D', '10C', '03S', '08H', '09S')",25.0983,,769295.0
"('10D', '10C', '02D', '08H', '09S')",25.0982,,769147.0
"('10D', '06C', '10C', '09S', '07D')",25.0976,,769000.0
"('10D', '10C', '05S', '09S', '07D')",25.0975,,768852.0
"('10D', '10C', '04C', '09S', '07D')",25.0974,,768704.0
"('10D', '10C', '03S', '09S', '07D')",25.0973,,768556.0
"('10D', '10C', '02D', '09S', '07D')",25.0972,,768409.0
"('10D', '06C', '10C', '05S', '09S')",25.0965,,768261.0
"('10D', '06C', '10C', '04C', '09S')",25.0964,,768113.0
"('10D', '06C', '10C', '03S', '09S')",25.0963,,767965.0
"('10D', '06C', '10C', '02D', '09S')",25.0962,,767818.0
"('10D', '10C', '05S', '04C', '09S')",25.095399999999998,,767670.0
"('10D', '10C', '03S', '05S', '09S')",25.095299999999998,,767522.0
"('10D', '10C', '02D', '05S', '09S')",25.0952,,767374.0
"('10D', '10C', '03S', '04C', '09S')",25.0943,,767227.0
"('10D', '10C', '02D', '04C', '09S')",25.0942,,767079.0
"('10D', '10C', '03S', '02D', '09S')",25.0932,,766931.0
"('10D', '06C', '10C', '08H', '07D')",25.0876,,766783.0
"('10D', '10C', '05S', '08H', '07D')",25.0875,,766636.0
"('10D', '10C', '08H', '04C', '07D')",25.0874,,766488.0
"('10D', '10C', '03S', '08H', '07D')",25.0873,,766340.0
"('10D', '10C', '02D', '08H', '07D')",25.0872,,766192.0
"('10D', '06C', '10C', '05S', '08H')",25.086499999999997,,766044.0
"('10D', '06C', '10C', '08H', '04C')",25.086399999999998,,765897.0
"('10D', '06C', '10C', '03S', '08H')",25.086299999999998,,765749.0
"('10D', '06C', '10C', '02D', '08H')",25.086199999999998,,765601.0
"('10D', '10C', '05S', '08H', '04C')",25.085399999999996,,765453.0
"('10D', '10C', '03S', '05S', '08H')",25.085299999999997,,765306.0
"('10D', '10C', '02D', '05S', '08H')",25.085199999999997,,765158.0
"('10D', '10C', '03S', '08H', '04C')",25.0843,,765010.0
"('10D', '10C', '02D', '08H', '04C')",25.0842,,764862.0
"('10D', '10C', '03S', '02D', '08H')",25.083199999999998,,764715.0
"('10D', '06C', '10C', '05S', '07D')",25.0765,,764567.0
"('10D', '06C', '10C', '04C', '07D')",25.0764,,764419.0
"('10D', '06C', '10C', '03S', '07D')",25.0763,,764271.0
"('10D', '06C', '10C', '02D', '07D')",25.0762,,764124.0
"('10D', '10C', '05S', '04C', '07D')",25.0754,,763976.0
"('10D', '10C', '03S', '05S', '07D')",25.0753,,763828.0
"('10D', '10C', '02D', '05S', '07D')",25.0752,,763680.0
"('10D', '10C', '03S', '04C', '07D')",25.0743,,763533.0
"('10D', '10C', '02D', '04C', '07D')",25.0742,,763385.0
"('10D', '10C', '03S', '02D', '07D')",25.0732,,763237.0
"('10D', '06C', '10C', '05S', '04C')",25.065399999999997,,763089.0
"('10D', '06C', '10C', '03S', '05S')",25.065299999999997,,762942.0
"('10D', '06C', '10C', '02D', '05S')",25.065199999999997,,762794.0
"('10D', '06C', '10C', '03S', '04C')",25.0643,,762646.0
"('10D', '06C', '10C', '02D', '04C')",25.0642,,762498.0
"('10D', '06C', '10C', '03S', '02D')",25.0632,,762351.0
"('10D', '10C', '03S', '05S', '04C')",25.0543,,762203.0
"('10D', '10C', '02D', '05S', '04C')",25.0542,,762055.0
"('10D', '10C', '03S', '02D', '05S')",25.0532,,761907.0
"('10D', '10C', '03S', '02D', '04C')",25.0432,,761760.0
"('12D', '14S', '13S', '09S', '09D')",24.154200000000003,,761612.0
"('11D', '14S', '13S', '09S', '09D')",24.154100000000003,,761464.0
"('10D', '14S', '13S', '09S', '09D')",24.154000000000003,,761316.0
"('14S', '13S', '08H', '09S', '09D')",24.153800000000004,,761169.0
"('14S', '13S', '09S', '09D', '07D')",24.1537,,761021.0
"('06C', '14S', '13S', '09S', '09D')",24.1536,,760873.0
"('05S', '14S', '13S', '09S', '09D')",24.1535,,760725.0
"('14S', '13S', '04C', '09S', '09D')",24.1534,,760578.0
"('03S', '14S', '13S', '09S', '09D')",24.1533,,760430.0
"('02D', '14S', '13S', '09S', '09D')",24.153200000000002,,760282.0
"('11D', '12D', '14S', '09S', '09D')",24.153100000000002,,760134.0
"('10D', '12D', '14S', '09S', '09D')",24.153000000000002,,759987.0
"('12D', '14S', '08H', '09S', '09D')",24.152800000000003,,759839.0
"('12D', '14S', '09S', '09D', '07D')",24.1527,,759691.0
"('06C', '12D', '14S', '09S', '09D')",24.1526,,759543.0
"('12D', '05S', '14S', '09S', '09D')",24.1525,,759396.0
"('12D', '14S', '04C', '09S', '09D')",24.1524,,759248.0
"('03S', '12D', '14S', '09S', '09D')",24.1523,,759100.0
"('12D', '02D', '14S', '09S', '09D')",24.1522,,758952.0
"('11D', '10D', '14S', '09S', '09D')",24.152,,758805.0
"('11D', '14S', '08H', '09S', '09D')",24.1518,,758657.0
"('11D', '14S', '09S', '09D', '07D')",24.151699999999998,,758509.0
"('11D', '06C', '14S', '09S', '09D')",24.1516,,758361.0
"('11D', '05S', '14S', '09S', '09D')",24.1515,,758214.0
"('11D', '14S', '04C', '09S', '09D')",24.1514,,758066.0
"('11D', '03S', '14S', '09S', '09D')",24.1513,,757918.0
"('11D', '02D', '14S', '09S', '09D')",24.1512,,757770.0
"('10D', '14S', '08H', '09S', '09D')",24.150800000000004,,757623.0
"('10D', '14S', '09S', '09D', '07D')",24.1507,,757475.0
"('10D', '06C', '14S', '09S', '09D')",24.1506,,757327.0
"('10D', '05S', '14S', '09S', '09D')",24.1505,,757179.0
"('10D', '14S', '04C', '09S', '09D')",24.1504,,757032.0
"('10D', '03S', '14S', '09S', '09D')",24.1503,,756884.0
"('10D', '02D', '14S', '09S', '09D')",24.1502,,756736.0
"('14S', '08H', '09S', '09D', '07D')",24.148699999999998,,756588.0
"('06C', '14S', '08H', '09S', '09D')",24.1486,,756441.0
"('05S', '14S', '08H', '09S', '09D')",24.1485,,756293.0
"('14S', '08H', '04C', '09S', '09D')",24.1484,,756145.0
"('03S', '14S', '08H', '09S', '09D')",24.1483,,755997.0
"('02D', '14S', '08H', '09S', '09D')",24.1482,,755850.0
"('06C', '14S', '09S', '09D', '07D')",24.1476,,755702.0
"('05S', '14S', '09S', '09D', '07D')",24.1475,,755554.0
"('14S', '04C', '09S', '09D', '07D')",24.1474,,755406.0
"('03S', '14S', '09S', '09D', '07D')",24.1473,,755259.0
"('02D', '14S', '09S', '09D', '07D')",24.1472,,755111.0
"('06C', '05S', '14S', '09S', '09D')",24.1465,,754963.0
"('06C', '14S', '04C', '09S', '09D')",24.1464,,754815.0
"('06C', '03S', '14S', '09S', '09D')",24.1463,,754668.0
"('06C', '02D', '14S', '09S', '09D')",24.1462,,754520.0
"('05S', '14S', '04C', '09S', '09D')",24.1454,,754372.0
"('03S', '05S', '14S', '09S', '09D')",24.1453,,754224.0
"('02D', '05S', '14S', '09S', '09D')",24.1452,,754077.0
"('03S', '14S', '04C', '09S', '09D')",24.1443,,753929.0
"('02D', '14S', '04C', '09S', '09D')",24.1442,,753781.0
"('03S', '02D', '14S', '09S', '09D')",24.1432,,753633.0
"('11D', '12D', '13S', '09S', '09D')",24.1431,,753486.0
"('10D', '12D', '13S', '09S', '09D')",24.143,,753338.0
"('12D', '13S', '08H', '09S', '09D')",24.1428,,753190.0
"('12D', '13S', '09S', '09D', '07D')",24.142699999999998,,753042.0
"('06C', '12D', '13S', '09S', '09D')",24.142599999999998,,752895.0
"('12D', '05S', '13S', '09S', '09D')",24.1425,,752747.0
"('12D', '13S', '04C', '09S', '09D')",24.1424,,752599.0
"('03S', '12D', '13S', '09S', '09D')",24.1423,,752451.0
"('12D', '02D', '13S', '09S', '09D')",24.1422,,752304.0
"('11D', '10D', '13S', '09S', '09D')",24.142,,752156.0
"('11D', '13S', '08H', '09S', '09D')",24.1418,,752008.0
"('11D', '13S', '09S', '09D', '07D')",24.141699999999997,,751860.0
"('11D', '06C', '13S', '09S', '09D')",24.141599999999997,,751713.0
"('11D', '05S', '13S', '09S', '09D')",24.141499999999997,,751565.0
"('11D', '13S', '04C', '09S', '09D')",24.141399999999997,,751417.0
"('11D', '03S', '13S', '09S', '09D')",24.141299999999998,,751269.0
"('11D', '02D', '13S', '09S', '09D')",24.141199999999998,,751122.0
"('10D', '13S', '08H', '09S', '09D')",24.140800000000002,,750974.0
"('10D', '13S', '09S', '09D', '07D')",24.1407,,750826.0
"('10D', '06C', '13S', '09S', '09D')",24.1406,,750678.0
"('10D', '05S', '13S', '09S', '09D')",24.1405,,750531.0
"('10D', '13S', '04C', '09S', '09D')",24.1404,,750383.0
"('10D', '03S', '13S', '09S', '09D')",24.1403,,750235.0
"('10D', '02D', '13S', '09S', '09D')",24.1402,,750087.0
"('13S', '08H', '09S', '09D', '07D')",24.138699999999996,,749940.0
"('06C', '13S', '08H', '09S', '09D')",24.138599999999997,,749792.0
"('05S', '13S', '08H', '09S', '09D')",24.138499999999997,,749644.0
"('13S', '08H', '04C', '09S', '09D')",24.138399999999997,,749496.0
"('03S', '13S', '08H', '09S', '09D')",24.138299999999997,,749349.0
"('02D', '13S', '08H', '09S', '09D')",24.138199999999998,,749201.0
"('06C', '13S', '09S', '09D', '07D')",24.1376,,749053.0
"('05S', '13S', '09S', '09D', '07D')",24.1375,,748905.0
"('13S', '04C', '09S', '09D', '07D')",24.1374,,748758.0
"('03S', '13S', '09S', '09D', '07D')",24.1373,,748610.0
"('02D', '13S', '09S', '09D', '07D')",24.1372,,748462.0
"('06C', '05S', '13S', '09S', '09D')",24.136499999999998,,748314.0
"('06C', '13S', '04C', '09S', '09D')",24.1364,,748167.0
"('06C', '03S', '13S', '09S', '09D')",24.1363,,748019.0
"('06C', '02D', '13S', '09S', '09D')",24.1362,,747871.0
"('05S', '13S', '04C', '09S', '09D')",24.135399999999997,,747723.0
"('03S', '05S', '13S', '09S', '09D')",24.135299999999997,,747576.0
"('02D', '05S', '13S', '09S', '09D')",24.135199999999998,,747428.0
"('03S', '13S', '04C', '09S', '09D')",24.1343,,747280.0
"('02D', '13S', '04C', '09S', '09D')",24.1342,,747132.0
"('03S', '02D', '13S', '09S', '09D')",24.1332,,746985.0
"('11D', '10D', '12D', '09S', '09D')",24.132,,746837.0
"('11D', '12D', '08H', '09S', '09D')",24.131800000000002,,746689.0
"('11D', '12D', '09S', '09D', '07D')",24.1317,,746541.0
"('11D', '06C', '12D', '09S', '09D')",24.1316,,746394.0
"('11D', '12D', '05S', '09S', '09D')",24.1315,,746246.0
"('11D', '12D', '04C', '09S', '09D')",24.1314,,746098.0
"('11D', '03S', '12D', '09S', '09D')",24.1313,,745950.0
"('11D', '12D', '02D', '09S', '09D')",24.1312,,745803.0
"('10D', '12D', '08H', '09S', '09D')",24.130800000000004,,745655.0
"('10D', '12D', '09S', '09D', '07D')",24.1307,,745507.0
"('10D', '06C', '12D', '09S', '09D')",24.1306,,745359.0
"('10D', '12D', '05S', '09S', '09D')",24.1305,,745212.0
"('10D', '12D', '04C', '09S', '09D')",24.1304,,745064.0
"('10D', '03S', '12D', '09S', '09D')",24.130300000000002,,744916.0
"('10D', '12D', '02D', '09S', '09D')",24.130200000000002,,744768.0
"('12D', '08H', '09S', '09D', '07D')",24.1287,,744621.0
"('06C', '12D', '08H', '09S', '09D')",24.1286,,744473.0
"('12D', '05S', '08H', '09S', '09D')",24.1285,,744325.0
"('12D', '08H', '04C', '09S', '09D')",24.1284,,744177.0
"('03S', '12D', '08H', '09S', '09D')",24.1283,,744030.0
"('12D', '02D', '08H', '09S', '09D')",24.1282,,743882.0
"('06C', '12D', '09S', '09D', '07D')",24.1276,,743734.0
"('12D', '05S', '09S', '09D', '07D')",24.1275,,743586.0
"('12D', '04C', '09S', '09D', '07D')",24.1274,,743439.0
"('03S', '12D', '09S', '09D', '07D')",24.1273,,743291.0
"('12D', '02D', '09S', '09D', '07D')",24.127200000000002,,743143.0
"('06C', '12D', '05S', '09S', '09D')",24.1265,,742995.0
"('06C', '12D', '04C', '09S', '09D')",24.1264,,742848.0
"('06C', '03S', '12D', '09S', '09D')",24.1263,,742700.0
"('06C', '12D', '02D', '09S', '09D')",24.1262,,742552.0
"('12D', '05S', '04C', '09S', '09D')",24.1254,,742404.0
"('03S', '12D', '05S', '09S', '09D')",24.1253,,742257.0
"('12D', '02D', '05S', '09S', '09D')",24.1252,,742109.0
"('03S', '12D', '04C', '09S', '09D')",24.1243,,741961.0
"('12D', '02D', '04C', '09S', '09D')",24.124200000000002,,741813.0
"('03S', '12D', '02D', '09S', '09D')",24.1232,,741666.0
"('11D', '10D', '08H', '09S', '09D')",24.120800000000003,,741518.0
"('11D', '10D', '09S', '09D', '07D')",24.1207,,741370.0
"('11D', '10D', '06C', '09S', '09D')",24.1206,,741222.0
"('11D', '10D', '05S', '09S', '09D')",24.1205,,741075.0
"('11D', '10D', '04C', '09S', '09D')",24.1204,,740927.0
"('11D', '10D', '03S', '09S', '09D')",24.1203,,740779.0
"('11D', '10D', '02D', '09S', '09D')",24.1202,,740631.0
"('11D', '08H', '09S', '09D', '07D')",24.118699999999997,,740484.0
"('11D', '06C', '08H', '09S', '09D')",24.118599999999997,,740336.0
"('11D', '05S', '08H', '09S', '09D')",24.118499999999997,,740188.0
"('11D', '08H', '04C', '09S', '09D')",24.118399999999998,,740040.0
"('11D', '03S', '08H', '09S', '09D')",24.118299999999998,,739892.0
"('11D', '02D', '08H', '09S', '09D')",24.118199999999998,,739745.0
"('11D', '06C', '09S', '09D', '07D')",24.1176,,739597.0
"('11D', '05S', '09S', '09D', '07D')",24.1175,,739449.0
"('11D', '04C', '09S', '09D', '07D')",24.1174,,739301.0
"('11D', '03S', '09S', '09D', '07D')",24.1173,,739154.0
"('11D', '02D', '09S', '09D', '07D')",24.1172,,739006.0
"('11D', '06C', '05S', '09S', '09D')",24.1165,,738858.0
"('11D', '06C', '04C', '09S', '09D')",24.1164,,738710.0
"('11D', '06C', '03S', '09S', '09D')",24.1163,,738563.0
"('11D', '06C', '02D', '09S', '09D')",24.1162,,738415.0
"('11D', '05S', '04C', '09S', '09D')",24.115399999999998,,738267.0
"('11D', '03S', '05S', '09S', '09D')",24.115299999999998,,738119.0
"('11D', '02D', '05S', '09S', '09D')",24.115199999999998,,737972.0
"('11D', '03S', '04C', '09S', '09D')",24.1143,,737824.0
"('11D', '02D', '04C', '09S', '09D')",24.1142,,737676.0
"('11D', '03S', '02D', '09S', '09D')",24.1132,,737528.0
"('10D', '08H', '09S', '09D', '07D')",24.1087,,737381.0
"('10D', '06C', '08H', '09S', '09D')",24.1086,,737233.0
"('10D', '05S', '08H', '09S', '09D')",24.1085,,737085.0
"('10D', '08H', '04C', '09S', '09D')",24.1084,,736937.0
"('10D', '03S', '08H', '09S', '09D')",24.1083,,736790.0
"('10D', '02D', '08H', '09S', '09D')",24.1082,,736642.0
"('10D', '06C', '09S', '09D', '07D')",24.1076,,736494.0
"('10D', '05S', '09S', '09D', '07D')",24.1075,,736346.0
"('10D', '04C', '09S', '09D', '07D')",24.107400000000002,,736199.0
"('10D', '03S', '09S', '09D', '07D')",24.107300000000002,,736051.0
"('10D', '02D', '09S', '09D', '07D')",24.107200000000002,,735903.0
"('10D', '06C', '05S', '09S', '09D')",24.1065,,735755.0
"('10D', '06C', '04C', '09S', '09D')",24.1064,,735608.0
"('10D', '06C', '03S', '09S', '09D')",24.1063,,735460.0
"('10D', '06C', '02D', '09S', '09D')",24.1062,,735312.0
"('10D', '05S', '04C', '09S', '09D')",24.1054,,735164.0
"('10D', '03S', '05S', '09S', '09D')",24.1053,,735017.0
"('10D', '02D', '05S', '09S', '09D')",24.1052,,734869.0
"('10D', '03S', '04C', '09S', '09D')",24.104300000000002,,734721.0
"('10D', '02D', '04C', '09S', '09D')",24.104200000000002,,734573.0
"('10D', '03S', '02D', '09S', '09D')",24.1032,,734426.0
"('06C', '08H', '09S', '09D', '07D')",24.0876,,734278.0
"('05S', '08H', '09S', '09D', '07D')",24.0875,,734130.0
"('08H', '04C', '09S', '09D', '07D')",24.0874,,733982.0
"('03S', '08H', '09S', '09D', '07D')",24.0873,,733835.0
"('02D', '08H', '09S', '09D', '07D')",24.0872,,733687.0
"('06C', '05S', '08H', '09S', '09D')",24.086499999999997,,733539.0
"('06C', '08H', '04C', '09S', '09D')",24.086399999999998,,733391.0
"('06C', '03S', '08H', '09S', '09D')",24.086299999999998,,733244.0
"('06C', '02D', '08H', '09S', '09D')",24.086199999999998,,733096.0
"('05S', '08H', '04C', '09S', '09D')",24.085399999999996,,732948.0
"('03S', '05S', '08H', '09S', '09D')",24.085299999999997,,732800.0
"('02D', '05S', '08H', '09S', '09D')",24.085199999999997,,732653.0
"('03S', '08H', '04C', '09S', '09D')",24.0843,,732505.0
"('02D', '08H', '04C', '09S', '09D')",24.0842,,732357.0
"('03S', '02D', '08H', '09S', '09D')",24.083199999999998,,732209.0
"('06C', '05S', '09S', '09D', '07D')",24.0765,,732062.0
"('06C', '04C', '09S', '09D', '07D')",24.0764,,731914.0
"('06C', '03S', '09S', '09D', '07D')",24.0763,,731766.0
"('06C', '02D', '09S', '09D', '07D')",24.0762,,731618.0
"('05S', '04C', '09S', '09D', '07D')",24.0754,,731471.0
"('03S', '05S', '09S', '09D', '07D')",24.0753,,731323.0
"('02D', '05S', '09S', '09D', '07D')",24.0752,,731175.0
"('03S', '04C', '09S', '09D', '07D')",24.0743,,731027.0
"('02D', '04C', '09S', '09D', '07D')",24.0742,,730880.0
"('03S', '02D', '09S', '09D', '07D')",24.0732,,730732.0
"('06C', '05S', '04C', '09S', '09D')",24.065399999999997,,730584.0
"('06C', '03S', '05S', '09S', '09D')",24.065299999999997,,730436.0
"('06C', '02D', '05S', '09S', '09D')",24.065199999999997,,730289.0
"('06C', '03S', '04C', '09S', '09D')",24.0643,,730141.0
"('06C', '02D', '04C', '09S', '09D')",24.0642,,729993.0
"('06C', '03S', '02D', '09S', '09D')",24.0632,,729845.0
"('03S', '05S', '04C', '09S', '09D')",24.0543,,729698.0
"('02D', '05S', '04C', '09S', '09D')",24.0542,,729550.0
"('03S', '02D', '05S', '09S', '09D')",24.0532,,729402.0
"('03S', '02D', '04C', '09S', '09D')",24.0432,,729254.0
"('12D', '14S', '13S', '08H', '08D')",23.154200000000003,,729107.0
"('11D', '14S', '13S', '08H', '08D')",23.154100000000003,,728959.0
"('10D', '14S', '13S', '08H', '08D')",23.154000000000003,,728811.0
"('14S', '13S', '08H', '09S', '08D')",23.153900000000004,,728663.0
"('14S', '13S', '08H', '08D', '07D')",23.1537,,728516.0
"('06C', '14S', '13S', '08H', '08D')",23.1536,,728368.0
"('05S', '14S', '13S', '08H', '08D')",23.1535,,728220.0
"('14S', '13S', '08H', '04C', '08D')",23.1534,,728072.0
"('03S', '14S', '13S', '08H', '08D')",23.1533,,727925.0
"('02D', '14S', '13S', '08H', '08D')",23.153200000000002,,727777.0
"('11D', '12D', '14S', '08H', '08D')",23.153100000000002,,727629.0
"('10D', '12D', '14S', '08H', '08D')",23.153000000000002,,727481.0
"('12D', '14S', '08H', '09S', '08D')",23.152900000000002,,727334.0
"('12D', '14S', '08H', '08D', '07D')",23.1527,,727186.0
"('06C', '12D', '14S', '08H', '08D')",23.1526,,727038.0
"('12D', '05S', '14S', '08H', '08D')",23.1525,,726890.0
"('12D', '14S', '08H', '04C', '08D')",23.1524,,726743.0
"('03S', '12D', '14S', '08H', '08D')",23.1523,,726595.0
"('12D', '02D', '14S', '08H', '08D')",23.1522,,726447.0
"('11D', '10D', '14S', '08H', '08D')",23.152,,726299.0
"('11D', '14S', '08H', '09S', '08D')",23.1519,,726152.0
"('11D', '14S', '08H', '08D', '07D')",23.151699999999998,,726004.0
"('11D', '06C', '14S', '08H', '08D')",23.1516,,725856.0
"('11D', '05S', '14S', '08H', '08D')",23.1515,,725708.0
"('11D', '14S', '08H', '04C', '08D')",23.1514,,725561.0
"('11D', '03S', '14S', '08H', '08D')",23.1513,,725413.0
"('11D', '02D', '14S', '08H', '08D')",23.1512,,725265.0
"('10D', '14S', '08H', '09S', '08D')",23.150900000000004,,725117.0
"('10D', '14S', '08H', '08D', '07D')",23.1507,,724970.0
"('10D', '06C', '14S', '08H', '08D')",23.1506,,724822.0
"('10D', '05S', '14S', '08H', '08D')",23.1505,,724674.0
"('10D', '14S', '08H', '04C', '08D')",23.1504,,724526.0
"('10D', '03S', '14S', '08H', '08D')",23.1503,,724379.0
"('10D', '02D', '14S', '08H', '08D')",23.1502,,724231.0
"('14S', '08H', '09S', '08D', '07D')",23.1497,,724083.0
"('06C', '14S', '08H', '09S', '08D')",23.1496,,723935.0
"('05S', '14S', '08H', '09S', '08D')",23.1495,,723788.0
"('14S', '08H', '04C', '09S', '08D')",23.1494,,723640.0
"('03S', '14S', '08H', '09S', '08D')",23.1493,,723492.0
"('02D', '14S', '08H', '09S', '08D')",23.1492,,723344.0
"('06C', '14S', '08H', '08D', '07D')",23.1476,,723197.0
"('05S', '14S', '08H', '08D', '07D')",23.1475,,723049.0
"('14S', '08H', '04C', '08D', '07D')",23.1474,,722901.0
"('03S', '14S', '08H', '08D', '07D')",23.1473,,722753.0
"('02D', '14S', '08H', '08D', '07D')",23.1472,,722606.0
"('06C', '05S', '14S', '08H', '08D')",23.1465,,722458.0
"('06C', '14S', '08H', '04C', '08D')",23.1464,,722310.0
"('06C', '03S', '14S', '08H', '08D')",23.1463,,722162.0
"('06C', '02D', '14S', '08H', '08D')",23.1462,,722015.0
"('05S', '14S', '08H', '04C', '08D')",23.1454,,721867.0
"('03S', '05S', '14S', '08H', '08D')",23.1453,,721719.0
"('02D', '05S', '14S', '08H', '08D')",23.1452,,721571.0
"('03S', '14S', '08H', '04C', '08D')",23.1443,,721424.0
"('02D', '14S', '08H', '04C', '08D')",23.1442,,721276.0
"('03S', '02D', '14S', '08H', '08D')",23.1432,,721128.0
"('11D', '12D', '13S', '08H', '08D')",23.1431,,720980.0
"('10D', '12D', '13S', '08H', '08D')",23.143,,720833.0
"('12D', '13S', '08H', '09S', '08D')",23.1429,,720685.0
"('12D', '13S', '08H', '08D', '07D')",23.142699999999998,,720537.0
"('06C', '12D', '13S', '08H', '08D')",23.142599999999998,,720389.0
"('12D', '05S', '13S', '08H', '08D')",23.1425,,720242.0
"('12D', '13S', '08H', '04C', '08D')",23.1424,,720094.0
"('03S', '12D', '13S', '08H', '08D')",23.1423,,719946.0
"('12D', '02D', '13S', '08H', '08D')",23.1422,,719798.0
"('11D', '10D', '13S', '08H', '08D')",23.142,,719651.0
"('11D', '13S', '08H', '09S', '08D')",23.1419,,719503.0
"('11D', '13S', '08H', '08D', '07D')",23.141699999999997,,719355.0
"('11D', '06C', '13S', '08H', '08D')",23.141599999999997,,719207.0
"('11D', '05S', '13S', '08H', '08D')",23.141499999999997,,719060.0
"('11D', '13S', '08H', '04C', '08D')",23.141399999999997,,718912.0
"('11D', '03S', '13S', '08H', '08D')",23.141299999999998,,718764.0
"('11D', '02D', '13S', '08H', '08D')",23.141199999999998,,718616.0
"('10D', '13S', '08H', '09S', '08D')",23.140900000000002,,718469.0
"('10D', '13S', '08H', '08D', '07D')",23.1407,,718321.0
"('10D', '06C', '13S', '08H', '08D')",23.1406,,718173.0
"('10D', '05S', '13S', '08H', '08D')",23.1405,,718025.0
"('10D', '13S', '08H', '04C', '08D')",23.1404,,717878.0
"('10D', '03S', '13S', '08H', '08D')",23.1403,,717730.0
"('10D', '02D', '13S', '08H', '08D')",23.1402,,717582.0
"('13S', '08H', '09S', '08D', '07D')",23.139699999999998,,717434.0
"('06C', '13S', '08H', '09S', '08D')",23.139599999999998,,717287.0
"('05S', '13S', '08H', '09S', '08D')",23.139499999999998,,717139.0
"('13S', '08H', '04C', '09S', '08D')",23.1394,,716991.0
"('03S', '13S', '08H', '09S', '08D')",23.1393,,716843.0
"('02D', '13S', '08H', '09S', '08D')",23.1392,,716696.0
"('06C', '13S', '08H', '08D', '07D')",23.1376,,716548.0
"('05S', '13S', '08H', '08D', '07D')",23.1375,,716400.0
"('13S', '08H', '04C', '08D', '07D')",23.1374,,716252.0
"('03S', '13S', '08H', '08D', '07D')",23.1373,,716105.0
"('02D', '13S', '08H', '08D', '07D')",23.1372,,715957.0
"('06C', '05S', '13S', '08H', '08D')",23.136499999999998,,715809.0
"('06C', '13S', '08H', '04C', '08D')",23.1364,,715661.0
"('06C', '03S', '13S', '08H', '08D')",23.1363,,715514.0
"('06C', '02D', '13S', '08H', '08D')",23.1362,,715366.0
"('05S', '13S', '08H', '04C', '08D')",23.135399999999997,,715218.0
"('03S', '05S', '13S', '08H', '08D')",23.135299999999997,,715070.0
"('02D', '05S', '13S', '08H', '08D')",23.135199999999998,,714923.0
"('03S', '13S', '08H', '04C', '08D')",23.1343,,714775.0
"('02D', '13S', '08H', '04C', '08D')",23.1342,,714627.0
"('03S', '02D', '13S', '08H', '08D')",23.1332,,714479.0
"('11D', '10D', '12D', '08H', '08D')",23.132,,714332.0
"('11D', '12D', '08H', '09S', '08D')",23.1319,,714184.0
"('11D', '12D', '08H', '08D', '07D')",23.1317,,714036.0
"('11D', '06C', '12D', '08H', '08D')",23.1316,,713888.0
"('11D', '12D', '05S', '08H', '08D')",23.1315,,713740.0
"('11D', '12D', '08H', '04C', '08D')",23.1314,,713593.0
"('11D', '03S', '12D', '08H', '08D')",23.1313,,713445.0
"('11D', '12D', '02D', '08H', '08D')",23.1312,,713297.0
"('10D', '12D', '08H', '09S', '08D')",23.130900000000004,,713149.0
"('10D', '12D', '08H', '08D', '07D')",23.1307,,713002.0
"('10D', '06C', '12D', '08H', '08D')",23.1306,,712854.0
"('10D', '12D', '05S', '08H', '08D')",23.1305,,712706.0
"('10D', '12D', '08H', '04C', '08D')",23.1304,,712558.0
"('10D', '03S', '12D', '08H', '08D')",23.130300000000002,,712411.0
"('10D', '12D', '02D', '08H', '08D')",23.130200000000002,,712263.0
"('12D', '08H', '09S', '08D', '07D')",23.1297,,712115.0
"('06C', '12D', '08H', '09S', '08D')",23.1296,,711967.0
"('12D', '05S', '08H', '09S', '08D')",23.1295,,711820.0
"('12D', '08H', '04C', '09S', '08D')",23.1294,,711672.0
"('03S', '12D', '08H', '09S', '08D')",23.1293,,711524.0
"('12D', '02D', '08H', '09S', '08D')",23.1292,,711376.0
"('06C', '12D', '08H', '08D', '07D')",23.1276,,711229.0
"('12D', '05S', '08H', '08D', '07D')",23.1275,,711081.0
"('12D', '08H', '04C', '08D', '07D')",23.1274,,710933.0
"('03S', '12D', '08H', '08D', '07D')",23.1273,,710785.0
"('12D', '02D', '08H', '08D', '07D')",23.127200000000002,,710638.0
"('06C', '12D', '05S', '08H', '08D')",23.1265,,710490.0
"('06C', '12D', '08H', '04C', '08D')",23.1264,,710342.0
"('06C', '03S', '12D', '08H', '08D')",23.1263,,710194.0
"('06C', '12D', '02D', '08H', '08D')",23.1262,,710047.0
"('12D', '05S', '08H', '04C', '08D')",23.1254,,709899.0
"('03S', '12D', '05S', '08H', '08D')",23.1253,,709751.0
"('12D', '02D', '05S', '08H', '08D')",23.1252,,709603.0
"('03S', '12D', '08H', '04C', '08D')",23.1243,,709456.0
"('12D', '02D', '08H', '04C', '08D')",23.124200000000002,,709308.0
"('03S', '12D', '02D', '08H', '08D')",23.1232,,709160.0
"('11D', '10D', '08H', '09S', '08D')",23.120900000000002,,709012.0
"('11D', '10D', '08H', '08D', '07D')",23.1207,,708865.0
"('11D', '10D', '06C', '08H', '08D')",23.1206,,708717.0
"('11D', '10D', '05S', '08H', '08D')",23.1205,,708569.0
"('11D', '10D', '08H', '04C', '08D')",23.1204,,708421.0
"('11D', '10D', '03S', '08H', '08D')",23.1203,,708274.0
"('11D', '10D', '02D', '08H', '08D')",23.1202,,708126.0
"('11D', '08H', '09S', '08D', '07D')",23.119699999999998,,707978.0
"('11D', '06C', '08H', '09S', '08D')",23.1196,,707830.0
"('11D', '05S', '08H', '09S', '08D')",23.1195,,707683.0
"('11D', '08H', '04C', '09S', '08D')",23.1194,,707535.0
"('11D', '03S', '08H', '09S', '08D')",23.1193,,707387.0
"('11D', '02D', '08H', '09S', '08D')",23.1192,,707239.0
"('11D', '06C', '08H', '08D', '07D')",23.1176,,707092.0
"('11D', '05S', '08H', '08D', '07D')",23.1175,,706944.0
"('11D', '08H', '04C', '08D', '07D')",23.1174,,706796.0
"('11D', '03S', '08H', '08D', '07D')",23.1173,,706648.0
"('11D', '02D', '08H', '08D', '07D')",23.1172,,706501.0
"('11D', '06C', '05S', '08H', '08D')",23.1165,,706353.0
"('11D', '06C', '08H', '04C', '08D')",23.1164,,706205.0
"('11D', '06C', '03S', '08H', '08D')",23.1163,,706057.0
"('11D', '06C', '02D', '08H', '08D')",23.1162,,705910.0
"('11D', '05S', '08H', '04C', '08D')",23.115399999999998,,705762.0
"('11D', '03S', '05S', '08H', '08D')",23.115299999999998,,705614.0
"('11D', '02D', '05S', '08H', '08D')",23.115199999999998,,705466.0
"('11D', '03S', '08H', '04C', '08D')",23.1143,,705319.0
"('11D', '02D', '08H', '04C', '08D')",23.1142,,705171.0
"('11D', '03S', '02D', '08H', '08D')",23.1132,,705023.0
"('10D', '08H', '09S', '08D', '07D')",23.1097,,704875.0
"('10D', '06C', '08H', '09S', '08D')",23.1096,,704728.0
"('10D', '05S', '08H', '09S', '08D')",23.1095,,704580.0
"('10D', '08H', '04C', '09S', '08D')",23.1094,,704432.0
"('10D', '03S', '08H', '09S', '08D')",23.1093,,704284.0
"('10D', '02D', '08H', '09S', '08D')",23.1092,,704137.0
"('10D', '06C', '08H', '08D', '07D')",23.1076,,703989.0
"('10D', '05S', '08H', '08D', '07D')",23.1075,,703841.0
"('10D', '08H', '04C', '08D', '07D')",23.107400000000002,,703693.0
"('10D', '03S', '08H', '08D', '07D')",23.107300000000002,,703546.0
"('10D', '02D', '08H', '08D', '07D')",23.107200000000002,,703398.0
"('10D', '06C', '05S', '08H', '08D')",23.1065,,703250.0
"('10D', '06C', '08H', '04C', '08D')",23.1064,,703102.0
"('10D', '06C', '03S', '08H', '08D')",23.1063,,702955.0
"('10D', '06C', '02D', '08H', '08D')",23.1062,,702807.0
"('10D', '05S', '08H', '04C', '08D')",23.1054,,702659.0
"('10D', '03S', '05S', '08H', '08D')",23.1053,,702511.0
"('10D', '02D', '05S', '08H', '08D')",23.1052,,702364.0
"('10D', '03S', '08H', '04C', '08D')",23.104300000000002,,702216.0
"('10D', '02D', '08H', '04C', '08D')",23.104200000000002,,702068.0
"('10D', '03S', '02D', '08H', '08D')",23.1032,,701920.0
"('06C', '08H', '09S', '08D', '07D')",23.0976,,701773.0
"('05S', '08H', '09S', '08D', '07D')",23.0975,,701625.0
"('08H', '04C', '09S', '08D', '07D')",23.0974,,701477.0
"('03S', '08H', '09S', '08D', '07D')",23.0973,,701329.0
"('02D', '08H', '09S', '08D', '07D')",23.0972,,701182.0
"('06C', '05S', '08H', '09S', '08D')",23.0965,,701034.0
"('06C', '08H', '04C', '09S', '08D')",23.0964,,700886.0
"('06C', '03S', '08H', '09S', '08D')",23.0963,,700738.0
"('06C', '02D', '08H', '09S', '08D')",23.0962,,700591.0
"('05S', '08H', '04C', '09S', '08D')",23.095399999999998,,700443.0
"('03S', '05S', '08H', '09S', '08D')",23.095299999999998,,700295.0
"('02D', '05S', '08H', '09S', '08D')",23.0952,,700147.0
"('03S', '08H', '04C', '09S', '08D')",23.0943,,700000.0
"('02D', '08H', '04C', '09S', '08D')",23.0942,,699852.0
"('03S', '02D', '08H', '09S', '08D')",23.0932,,699704.0
"('06C', '05S', '08H', '08D', '07D')",23.0765,,699556.0
"('06C', '08H', '04C', '08D', '07D')",23.0764,,699409.0
"('06C', '03S', '08H', '08D', '07D')",23.0763,,699261.0
"('06C', '02D', '08H', '08D', '07D')",23.0762,,699113.0
"('05S', '08H', '04C', '08D', '07D')",23.0754,,698965.0
"('03S', '05S', '08H', '08D', '07D')",23.0753,,698818.0
"('02D', '05S', '08H', '08D', '07D')",23.0752,,698670.0
"('03S', '08H', '04C', '08D', '07D')",23.0743,,698522.0
"('02D', '08H', '04C', '08D', '07D')",23.0742,,698374.0
"('03S', '02D', '08H', '08D', '07D')",23.0732,,698227.0
"('06C', '05S', '08H', '04C', '08D')",23.065399999999997,,698079.0
"('06C', '03S', '05S', '08H', '08D')",23.065299999999997,,697931.0
"('06C', '02D', '05S', '08H', '08D')",23.065199999999997,,697783.0
"('06C', '03S', '08H', '04C', '08D')",23.0643,,697636.0
"('06C', '02D', '08H', '04C', '08D')",23.0642,,697488.0
"('06C', '03S', '02D', '08H', '08D')",23.0632,,697340.0
"('03S', '05S', '08H', '04C', '08D')",23.0543,,697192.0
"('02D', '05S', '08H', '04C', '08D')",23.0542,,697045.0
"('03S', '02D', '05S', '08H', '08D')",23.0532,,696897.0
"('03S', '02D', '08H', '04C', '08D')",23.0432,,696749.0
"('12D', '14S', '13S', '07D', '07S')",22.154200000000003,,696601.0
"('11D', '14S', '13S', '07D', '07S')",22.154100000000003,,696454.0
"('10D', '14S', '13S', '07D', '07S')",22.154000000000003,,696306.0
"('14S', '13S', '09S', '07D', '07S')",22.153900000000004,,696158.0
"('14S', '13S', '08H', '07D', '07S')",22.153800000000004,,696010.0
"('06C', '14S', '13S', '07D', '07S')",22.1536,,695863.0
"('05S', '14S', '13S', '07D', '07S')",22.1535,,695715.0
"('14S', '13S', '04C', '07D', '07S')",22.1534,,695567.0
"('03S', '14S', '13S', '07D', '07S')",22.1533,,695419.0
"('02D', '14S', '13S', '07D', '07S')",22.153200000000002,,695272.0
"('11D', '12D', '14S', '07D', '07S')",22.153100000000002,,695124.0
"('10D', '12D', '14S', '07D', '07S')",22.153000000000002,,694976.0
"('12D', '14S', '09S', '07D', '07S')",22.152900000000002,,694828.0
"('12D', '14S', '08H', '07D', '07S')",22.152800000000003,,694681.0
"('06C', '12D', '14S', '07D', '07S')",22.1526,,694533.0
"('12D', '05S', '14S', '07D', '07S')",22.1525,,694385.0
"('12D', '14S', '04C', '07D', '07S')",22.1524,,694237.0
"('03S', '12D', '14S', '07D', '07S')",22.1523,,694090.0
"('12D', '02D', '14S', '07D', '07S')",22.1522,,693942.0
"('11D', '10D', '14S', '07D', '07S')",22.152,,693794.0
"('11D', '14S', '09S', '07D', '07S')",22.1519,,693646.0
"('11D', '14S', '08H', '07D', '07S')",22.1518,,693499.0
"('11D', '06C', '14S', '07D', '07S')",22.1516,,693351.0
"('11D', '05S', '14S', '07D', '07S')",22.1515,,693203.0
"('11D', '14S', '04C', '07D', '07S')",22.1514,,693055.0
"('11D', '03S', '14S', '07D', '07S')",22.1513,,692908.0
"('11D', '02D', '14S', '07D', '07S')",22.1512,,692760.0
"('10D', '14S', '09S', '07D', '07S')",22.150900000000004,,692612.0
"('10D', '14S', '08H', '07D', '07S')",22.150800000000004,,692464.0
"('10D', '06C', '14S', '07D', '07S')",22.1506,,692317.0
"('10D', '05S', '14S', '07D', '07S')",22.1505,,692169.0
"('10D', '14S', '04C', '07D', '07S')",22.1504,,692021.0
"('10D', '03S', '14S', '07D', '07S')",22.1503,,691873.0
"('10D', '02D', '14S', '07D', '07S')",22.1502,,691726.0
"('14S', '08H', '09S', '07D', '07S')",22.149800000000003,,691578.0
"('06C', '14S', '09S', '07D', '07S')",22.1496,,691430.0
"('05S', '14S', '09S', '07D', '07S')",22.1495,,691282.0
"('14S', '04C', '09S', '07D', '07S')",22.1494,,691135.0
"('03S', '14S', '09S', '07D', '07S')",22.1493,,690987.0
"('02D', '14S', '09S', '07D', '07S')",22.1492,,690839.0
"('06C', '14S', '08H', '07D', '07S')",22.1486,,690691.0
"('05S', '14S', '08H', '07D', '07S')",22.1485,,690544.0
"('14S', '08H', '04C', '07D', '07S')",22.1484,,690396.0
"('03S', '14S', '08H', '07D', '07S')",22.1483,,690248.0
"('02D', '14S', '08H', '07D', '07S')",22.1482,,690100.0
"('06C', '05S', '14S', '07D', '07S')",22.1465,,689953.0
"('06C', '14S', '04C', '07D', '07S')",22.1464,,689805.0
"('06C', '03S', '14S', '07D', '07S')",22.1463,,689657.0
"('06C', '02D', '14S', '07D', '07S')",22.1462,,689509.0
"('05S', '14S', '04C', '07D', '07S')",22.1454,,689362.0
"('03S', '05S', '14S', '07D', '07S')",22.1453,,689214.0
"('02D', '05S', '14S', '07D', '07S')",22.1452,,689066.0
"('03S', '14S', '04C', '07D', '07S')",22.1443,,688918.0
"('02D', '14S', '04C', '07D', '07S')",22.1442,,688771.0
"('03S', '02D', '14S', '07D', '07S')",22.1432,,688623.0
"('11D', '12D', '13S', '07D', '07S')",22.1431,,688475.0
"('10D', '12D', '13S', '07D', '07S')",22.143,,688327.0
"('12D', '13S', '09S', '07D', '07S')",22.1429,,688180.0
"('12D', '13S', '08H', '07D', '07S')",22.1428,,688032.0
"('06C', '12D', '13S', '07D', '07S')",22.142599999999998,,687884.0
"('12D', '05S', '13S', '07D', '07S')",22.1425,,687736.0
"('12D', '13S', '04C', '07D', '07S')",22.1424,,687588.0
"('03S', '12D', '13S', '07D', '07S')",22.1423,,687441.0
"('12D', '02D', '13S', '07D', '07S')",22.1422,,687293.0
"('11D', '10D', '13S', '07D', '07S')",22.142,,687145.0
"('11D', '13S', '09S', '07D', '07S')",22.1419,,686997.0
"('11D', '13S', '08H', '07D', '07S')",22.1418,,686850.0
"('11D', '06C', '13S', '07D', '07S')",22.141599999999997,,686702.0
"('11D', '05S', '13S', '07D', '07S')",22.141499999999997,,686554.0
"('11D', '13S', '04C', '07D', '07S')",22.141399999999997,,686406.0
"('11D', '03S', '13S', '07D', '07S')",22.141299999999998,,686259.0
"('11D', '02D', '13S', '07D', '07S')",22.141199999999998,,686111.0
"('10D', '13S', '09S', '07D', '07S')",22.140900000000002,,685963.0
"('10D', '13S', '08H', '07D', '07S')",22.140800000000002,,685815.0
"('10D', '06C', '13S', '07D', '07S')",22.1406,,685668.0
"('10D', '05S', '13S', '07D', '07S')",22.1405,,685520.0
"('10D', '13S', '04C', '07D', '07S')",22.1404,,685372.0
"('10D', '03S', '13S', '07D', '07S')",22.1403,,685224.0
"('10D', '02D', '13S', '07D', '07S')",22.1402,,685077.0
"('13S', '08H', '09S', '07D', '07S')",22.1398,,684929.0
"('06C', '13S', '09S', '07D', '07S')",22.139599999999998,,684781.0
"('05S', '13S', '09S', '07D', '07S')",22.139499999999998,,684633.0
"('13S', '04C', '09S', '07D', '07S')",22.1394,,684486.0
"('03S', '13S', '09S', '07D', '07S')",22.1393,,684338.0
"('02D', '13S', '09S', '07D', '07S')",22.1392,,684190.0
"('06C', '13S', '08H', '07D', '07S')",22.138599999999997,,684042.0
"('05S', '13S', '08H', '07D', '07S')",22.138499999999997,,683895.0
"('13S', '08H', '04C', '07D', '07S')",22.138399999999997,,683747.0
"('03S', '13S', '08H', '07D', '07S')",22.138299999999997,,683599.0
"('02D', '13S', '08H', '07D', '07S')",22.138199999999998,,683451.0
"('06C', '05S', '13S', '07D', '07S')",22.136499999999998,,683304.0
"('06C', '13S', '04C', '07D', '07S')",22.1364,,683156.0
"('06C', '03S', '13S', '07D', '07S')",22.1363,,683008.0
"('06C', '02D', '13S', '07D', '07S')",22.1362,,682860.0
"('05S', '13S', '04C', '07D', '07S')",22.135399999999997,,682713.0
"('03S', '05S', '13S', '07D', '07S')",22.135299999999997,,682565.0
"('02D', '05S', '13S', '07D', '07S')",22.135199999999998,,682417.0
"('03S', '13S', '04C', '07D', '07S')",22.1343,,682269.0
"('02D', '13S', '04C', '07D', '07S')",22.1342,,682122.0
"('03S', '02D', '13S', '07D', '07S')",22.1332,,681974.0
"('11D', '10D', '12D', '07D', '07S')",22.132,,681826.0
"('11D', '12D', '09S', '07D', '07S')",22.1319,,681678.0
"('11D', '12D', '08H', '07D', '07S')",22.131800000000002,,681531.0
"('11D', '06C', '12D', '07D', '07S')",22.1316,,681383.0
"('11D', '12D', '05S', '07D', '07S')",22.1315,,681235.0
"('11D', '12D', '04C', '07D', '07S')",22.1314,,681087.0
"('11D', '03S', '12D', '07D', '07S')",22.1313,,680940.0
"('11D', '12D', '02D', '07D', '07S')",22.1312,,680792.0
"('10D', '12D', '09S', '07D', '07S')",22.130900000000004,,680644.0
"('10D', '12D', '08H', '07D', '07S')",22.130800000000004,,680496.0
"('10D', '06C', '12D', '07D', '07S')",22.1306,,680349.0
"('10D', '12D', '05S', '07D', '07S')",22.1305,,680201.0
"('10D', '12D', '04C', '07D', '07S')",22.1304,,680053.0
"('10D', '03S', '12D', '07D', '07S')",22.130300000000002,,679905.0
"('10D', '12D', '02D', '07D', '07S')",22.130200000000002,,679758.0
"('12D', '08H', '09S', '07D', '07S')",22.129800000000003,,679610.0
"('06C', '12D', '09S', '07D', '07S')",22.1296,,679462.0
"('12D', '05S', '09S', '07D', '07S')",22.1295,,679314.0
"('12D', '04C', '09S', '07D', '07S')",22.1294,,679167.0
"('03S', '12D', '09S', '07D', '07S')",22.1293,,679019.0
"('12D', '02D', '09S', '07D', '07S')",22.1292,,678871.0
"('06C', '12D', '08H', '07D', '07S')",22.1286,,678723.0
"('12D', '05S', '08H', '07D', '07S')",22.1285,,678576.0
"('12D', '08H', '04C', '07D', '07S')",22.1284,,678428.0
"('03S', '12D', '08H', '07D', '07S')",22.1283,,678280.0
"('12D', '02D', '08H', '07D', '07S')",22.1282,,678132.0
"('06C', '12D', '05S', '07D', '07S')",22.1265,,677985.0
"('06C', '12D', '04C', '07D', '07S')",22.1264,,677837.0
"('06C', '03S', '12D', '07D', '07S')",22.1263,,677689.0
"('06C', '12D', '02D', '07D', '07S')",22.1262,,677541.0
"('12D', '05S', '04C', '07D', '07S')",22.1254,,677394.0
"('03S', '12D', '05S', '07D', '07S')",22.1253,,677246.0
"('12D', '02D', '05S', '07D', '07S')",22.1252,,677098.0
"('03S', '12D', '04C', '07D', '07S')",22.1243,,676950.0
"('12D', '02D', '04C', '07D', '07S')",22.124200000000002,,676803.0
"('03S', '12D', '02D', '07D', '07S')",22.1232,,676655.0
"('11D', '10D', '09S', '07D', '07S')",22.120900000000002,,676507.0
"('11D', '10D', '08H', '07D', '07S')",22.120800000000003,,676359.0
"('11D', '10D', '06C', '07D', '07S')",22.1206,,676212.0
"('11D', '10D', '05S', '07D', '07S')",22.1205,,676064.0
"('11D', '10D', '04C', '07D', '07S')",22.1204,,675916.0
"('11D', '10D', '03S', '07D', '07S')",22.1203,,675768.0
"('11D', '10D', '02D', '07D', '07S')",22.1202,,675621.0
"('11D', '08H', '09S', '07D', '07S')",22.1198,,675473.0
"('11D', '06C', '09S', '07D', '07S')",22.1196,,675325.0
"('11D', '05S', '09S', '07D', '07S')",22.1195,,675177.0
"('11D', '04C', '09S', '07D', '07S')",22.1194,,675030.0
"('11D', '03S', '09S', '07D', '07S')",22.1193,,674882.0
"('11D', '02D', '09S', '07D', '07S')",22.1192,,674734.0
"('11D', '06C', '08H', '07D', '07S')",22.118599999999997,,674586.0
"('11D', '05S', '08H', '07D', '07S')",22.118499999999997,,674439.0
"('11D', '08H', '04C', '07D', '07S')",22.118399999999998,,674291.0
"('11D', '03S', '08H', '07D', '07S')",22.118299999999998,,674143.0
"('11D', '02D', '08H', '07D', '07S')",22.118199999999998,,673995.0
"('11D', '06C', '05S', '07D', '07S')",22.1165,,673848.0
"('11D', '06C', '04C', '07D', '07S')",22.1164,,673700.0
"('11D', '06C', '03S', '07D', '07S')",22.1163,,673552.0
"('11D', '06C', '02D', '07D', '07S')",22.1162,,673404.0
"('11D', '05S', '04C', '07D', '07S')",22.115399999999998,,673257.0
"('11D', '03S', '05S', '07D', '07S')",22.115299999999998,,673109.0
"('11D', '02D', '05S', '07D', '07S')",22.115199999999998,,672961.0
"('11D', '03S', '04C', '07D', '07S')",22.1143,,672813.0
"('11D', '02D', '04C', '07D', '07S')",22.1142,,672666.0
"('11D', '03S', '02D', '07D', '07S')",22.1132,,672518.0
"('10D', '08H', '09S', '07D', '07S')",22.109800000000003,,672370.0
"('10D', '06C', '09S', '07D', '07S')",22.1096,,672222.0
"('10D', '05S', '09S', '07D', '07S')",22.1095,,672075.0
"('10D', '04C', '09S', '07D', '07S')",22.1094,,671927.0
"('10D', '03S', '09S', '07D', '07S')",22.1093,,671779.0
"('10D', '02D', '09S', '07D', '07S')",22.1092,,671631.0
"('10D', '06C', '08H', '07D', '07S')",22.1086,,671484.0
"('10D', '05S', '08H', '07D', '07S')",22.1085,,671336.0
"('10D', '08H', '04C', '07D', '07S')",22.1084,,671188.0
"('10D', '03S', '08H', '07D', '07S')",22.1083,,671040.0
"('10D', '02D', '08H', '07D', '07S')",22.1082,,670893.0
"('10D', '06C', '05S', '07D', '07S')",22.1065,,670745.0
"('10D', '06C', '04C', '07D', '07S')",22.1064,,670597.0
"('10D', '06C', '03S', '07D', '07S')",22.1063,,670449.0
"('10D', '06C', '02D', '07D', '07S')",22.1062,,670302.0
"('10D', '05S', '04C', '07D', '07S')",22.1054,,670154.0
"('10D', '03S', '05S', '07D', '07S')",22.1053,,670006.0
"('10D', '02D', '05S', '07D', '07S')",22.1052,,669858.0
"('10D', '03S', '04C', '07D', '07S')",22.104300000000002,,669711.0
"('10D', '02D', '04C', '07D', '07S')",22.104200000000002,,669563.0
"('10D', '03S', '02D', '07D', '07S')",22.1032,,669415.0
"('06C', '08H', '09S', '07D', '07S')",22.098599999999998,,669267.0
"('05S', '08H', '09S', '07D', '07S')",22.098499999999998,,669120.0
"('08H', '04C', '09S', '07D', '07S')",22.098399999999998,,668972.0
"('03S', '08H', '09S', '07D', '07S')",22.0983,,668824.0
"('02D', '08H', '09S', '07D', '07S')",22.0982,,668676.0
"('06C', '05S', '09S', '07D', '07S')",22.0965,,668529.0
"('06C', '04C', '09S', '07D', '07S')",22.0964,,668381.0
"('06C', '03S', '09S', '07D', '07S')",22.0963,,668233.0
"('06C', '02D', '09S', '07D', '07S')",22.0962,,668085.0
"('05S', '04C', '09S', '07D', '07S')",22.095399999999998,,667938.0
"('03S', '05S', '09S', '07D', '07S')",22.095299999999998,,667790.0
"('02D', '05S', '09S', '07D', '07S')",22.0952,,667642.0
"('03S', '04C', '09S', '07D', '07S')",22.0943,,667494.0
"('02D', '04C', '09S', '07D', '07S')",22.0942,,667347.0
"('03S', '02D', '09S', '07D', '07S')",22.0932,,667199.0
"('06C', '05S', '08H', '07D', '07S')",22.086499999999997,,667051.0
"('06C', '08H', '04C', '07D', '07S')",22.086399999999998,,666903.0
"('06C', '03S', '08H', '07D', '07S')",22.086299999999998,,666756.0
"('06C', '02D', '08H', '07D', '07S')",22.086199999999998,,666608.0
"('05S', '08H', '04C', '07D', '07S')",22.085399999999996,,666460.0
"('03S', '05S', '08H', '07D', '07S')",22.085299999999997,,666312.0
"('02D', '05S', '08H', '07D', '07S')",22.085199999999997,,666165.0
"('03S', '08H', '04C', '07D', '07S')",22.0843,,666017.0
"('02D', '08H', '04C', '07D', '07S')",22.0842,,665869.0
"('03S', '02D', '08H', '07D', '07S')",22.083199999999998,,665721.0
"('06C', '05S', '04C', '07D', '07S')",22.065399999999997,,665574.0
"('06C', '03S', '05S', '07D', '07S')",22.065299999999997,,665426.0
"('06C', '02D', '05S', '07D', '07S')",22.065199999999997,,665278.0
"('06C', '03S', '04C', '07D', '07S')",22.0643,,665130.0
"('06C', '02D', '04C', '07D', '07S')",22.0642,,664983.0
"('06C', '03S', '02D', '07D', '07S')",22.0632,,664835.0
"('03S', '05S', '04C', '07D', '07S')",22.0543,,664687.0
"('02D', '05S', '04C', '07D', '07S')",22.0542,,664539.0
"('03S', '02D', '05S', '07D', '07S')",22.0532,,664392.0
"('03S', '02D', '04C', '07D', '07S')",22.0432,,664244.0
"('06C', '12D', '14S', '13S', '06H')",21.154200000000003,,664096.0
"('11D', '06C', '14S', '13S', '06H')",21.154100000000003,,663948.0
"('10D', '06C', '14S', '13S', '06H')",21.154000000000003,,663801.0
"('06C', '14S', '13S', '09S', '06H')",21.153900000000004,,663653.0
"('06C', '14S', '13S', '08H', '06H')",21.153800000000004,,663505.0
"('06C', '14S', '13S', '07D', '06H')",21.1537,,663357.0
"('06C', '05S', '14S', '13S', '06H')",21.1535,,663210.0
"('06C', '14S', '13S', '04C', '06H')",21.1534,,663062.0
"('06C', '03S', '14S', '13S', '06H')",21.1533,,662914.0
"('06C', '02D', '14S', '13S', '06H')",21.153200000000002,,662766.0
"('11D', '06C', '12D', '14S', '06H')",21.153100000000002,,662619.0
"('10D', '06C', '12D', '14S', '06H')",21.153000000000002,,662471.0
"('06C', '12D', '14S', '09S', '06H')",21.152900000000002,,662323.0
"('06C', '12D', '14S', '08H', '06H')",21.152800000000003,,662175.0
"('06C', '12D', '14S', '07D', '06H')",21.1527,,662028.0
"('06C', '12D', '05S', '14S', '06H')",21.1525,,661880.0
"('06C', '12D', '14S', '04C', '06H')",21.1524,,661732.0
"('06C', '03S', '12D', '14S', '06H')",21.1523,,661584.0
"('06C', '12D', '02D', '14S', '06H')",21.1522,,661436.0
"('11D', '10D', '06C', '14S', '06H')",21.152,,661289.0
"('11D', '06C', '14S', '09S', '06H')",21.1519,,661141.0
"('11D', '06C', '14S', '08H', '06H')",21.1518,,660993.0
"('11D', '06C', '14S', '07D', '06H')",21.151699999999998,,660845.0
"('11D', '06C', '05S', '14S', '06H')",21.1515,,660698.0
"('11D', '06C', '14S', '04C', '06H')",21.1514,,660550.0
"('11D', '06C', '03S', '14S', '06H')",21.1513,,660402.0
"('11D', '06C', '02D', '14S', '06H')",21.1512,,660254.0
"('10D', '06C', '14S', '09S', '06H')",21.150900000000004,,660107.0
"('10D', '06C', '14S', '08H', '06H')",21.150800000000004,,659959.0
"('10D', '06C', '14S', '07D', '06H')",21.1507,,659811.0
"('10D', '06C', '05S', '14S', '06H')",21.1505,,659663.0
"('10D', '06C', '14S', '04C', '06H')",21.1504,,659516.0
"('10D', '06C', '03S', '14S', '06H')",21.1503,,659368.0
"('10D', '06C', '02D', '14S', '06H')",21.1502,,659220.0
"('06C', '14S', '08H', '09S', '06H')",21.149800000000003,,659072.0
"('06C', '14S', '09S', '07D', '06H')",21.1497,,658925.0
"('06C', '05S', '14S', '09S', '06H')",21.1495,,658777.0
"('06C', '14S', '04C', '09S', '06H')",21.1494,,658629.0
"('06C', '03S', '14S', '09S', '06H')",21.1493,,658481.0
"('06C', '02D', '14S', '09S', '06H')",21.1492,,658334.0
"('06C', '14S', '08H', '07D', '06H')",21.148699999999998,,658186.0
"('06C', '05S', '14S', '08H', '06H')",21.1485,,658038.0
"('06C', '14S', '08H', '04C', '06H')",21.1484,,657890.0
"('06C', '03S', '14S', '08H', '06H')",21.1483,,657743.0
"('06C', '02D', '14S', '08H', '06H')",21.1482,,657595.0
"('06C', '05S', '14S', '07D', '06H')",21.1475,,657447.0
"('06C', '14S', '04C', '07D', '06H')",21.1474,,657299.0
"('06C', '03S', '14S', '07D', '06H')",21.1473,,657152.0
"('06C', '02D', '14S', '07D', '06H')",21.1472,,657004.0
"('06C', '05S', '14S', '04C', '06H')",21.1454,,656856.0
"('06C', '03S', '05S', '14S', '06H')",21.1453,,656708.0
"('06C', '02D', '05S', '14S', '06H')",21.1452,,656561.0
"('06C', '03S', '14S', '04C', '06H')",21.1443,,656413.0
"('06C', '02D', '14S', '04C', '06H')",21.1442,,656265.0
"('06C', '03S', '02D', '14S', '06H')",21.1432,,656117.0
"('11D', '06C', '12D', '13S', '06H')",21.1431,,655970.0
"('10D', '06C', '12D', '13S', '06H')",21.143,,655822.0
"('06C', '12D', '13S', '09S', '06H')",21.1429,,655674.0
"('06C', '12D', '13S', '08H', '06H')",21.1428,,655526.0
"('06C', '12D', '13S', '07D', '06H')",21.142699999999998,,655379.0
"('06C', '12D', '05S', '13S', '06H')",21.1425,,655231.0
"('06C', '12D', '13S', '04C', '06H')",21.1424,,655083.0
"('06C', '03S', '12D', '13S', '06H')",21.1423,,654935.0
"('06C', '12D', '02D', '13S', '06H')",21.1422,,654788.0
"('11D', '10D', '06C', '13S', '06H')",21.142,,654640.0
"('11D', '06C', '13S', '09S', '06H')",21.1419,,654492.0
"('11D', '06C', '13S', '08H', '06H')",21.1418,,654344.0
"('11D', '06C', '13S', '07D', '06H')",21.141699999999997,,654197.0
"('11D', '06C', '05S', '13S', '06H')",21.141499999999997,,654049.0
"('11D', '06C', '13S', '04C', '06H')",21.141399999999997,,653901.0
"('11D', '06C', '03S', '13S', '06H')",21.141299999999998,,653753.0
"('11D', '06C', '02D', '13S', '06H')",21.141199999999998,,653606.0
"('10D', '06C', '13S', '09S', '06H')",21.140900000000002,,653458.0
"('10D', '06C', '13S', '08H', '06H')",21.140800000000002,,653310.0
"('10D', '06C', '13S', '07D', '06H')",21.1407,,653162.0
"('10D', '06C', '05S', '13S', '06H')",21.1405,,653015.0
"('10D', '06C', '13S', '04C', '06H')",21.1404,,652867.0
"('10D', '06C', '03S', '13S', '06H')",21.1403,,652719.0
"('10D', '06C', '02D', '13S', '06H')",21.1402,,652571.0
"('06C', '13S', '08H', '09S', '06H')",21.1398,,652424.0
"('06C', '13S', '09S', '07D', '06H')",21.139699999999998,,652276.0
"('06C', '05S', '13S', '09S', '06H')",21.139499999999998,,652128.0
"('06C', '13S', '04C', '09S', '06H')",21.1394,,651980.0
"('06C', '03S', '13S', '09S', '06H')",21.1393,,651833.0
"('06C', '02D', '13S', '09S', '06H')",21.1392,,651685.0
"('06C', '13S', '08H', '07D', '06H')",21.138699999999996,,651537.0
"('06C', '05S', '13S', '08H', '06H')",21.138499999999997,,651389.0
"('06C', '13S', '08H', '04C', '06H')",21.138399999999997,,651242.0
"('06C', '03S', '13S', '08H', '06H')",21.138299999999997,,651094.0
"('06C', '02D', '13S', '08H', '06H')",21.138199999999998,,650946.0
"('06C', '05S', '13S', '07D', '06H')",21.1375,,650798.0
"('06C', '13S', '04C', '07D', '06H')",21.1374,,650651.0
"('06C', '03S', '13S', '07D', '06H')",21.1373,,650503.0
"('06C', '02D', '13S', '07D', '06H')",21.1372,,650355.0
"('06C', '05S', '13S', '04C', '06H')",21.135399999999997,,650207.0
"('06C', '03S', '05S', '13S', '06H')",21.135299999999997,,650060.0
"('06C', '02D', '05S', '13S', '06H')",21.135199999999998,,649912.0
"('06C', '03S', '13S', '04C', '06H')",21.1343,,649764.0
"('06C', '02D', '13S', '04C', '06H')",21.1342,,649616.0
"('06C', '03S', '02D', '13S', '06H')",21.1332,,649469.0
"('11D', '10D', '06C', '12D', '06H')",21.132,,649321.0
"('11D', '06C', '12D', '09S', '06H')",21.1319,,649173.0
"('11D', '06C', '12D', '08H', '06H')",21.131800000000002,,649025.0
"('11D', '06C', '12D', '07D', '06H')",21.1317,,648878.0
"('11D', '06C', '12D', '05S', '06H')",21.1315,,648730.0
"('11D', '06C', '12D', '04C', '06H')",21.1314,,648582.0
"('11D', '06C', '03S', '12D', '06H')",21.1313,,648434.0
"('11D', '06C', '12D', '02D', '06H')",21.1312,,648287.0
"('10D', '06C', '12D', '09S', '06H')",21.130900000000004,,648139.0
"('10D', '06C', '12D', '08H', '06H')",21.130800000000004,,647991.0
"('10D', '06C', '12D', '07D', '06H')",21.1307,,647843.0
"('10D', '06C', '12D', '05S', '06H')",21.1305,,647696.0
"('10D', '06C', '12D', '04C', '06H')",21.1304,,647548.0
"('10D', '06C', '03S', '12D', '06H')",21.130300000000002,,647400.0
"('10D', '06C', '12D', '02D', '06H')",21.130200000000002,,647252.0
"('06C', '12D', '08H', '09S', '06H')",21.129800000000003,,647105.0
"('06C', '12D', '09S', '07D', '06H')",21.1297,,646957.0
"('06C', '12D', '05S', '09S', '06H')",21.1295,,646809.0
"('06C', '12D', '04C', '09S', '06H')",21.1294,,646661.0
"('06C', '03S', '12D', '09S', '06H')",21.1293,,646514.0
"('06C', '12D', '02D', '09S', '06H')",21.1292,,646366.0
"('06C', '12D', '08H', '07D', '06H')",21.1287,,646218.0
"('06C', '12D', '05S', '08H', '06H')",21.1285,,646070.0
"('06C', '12D', '08H', '04C', '06H')",21.1284,,645923.0
"('06C', '03S', '12D', '08H', '06H')",21.1283,,645775.0
"('06C', '12D', '02D', '08H', '06H')",21.1282,,645627.0
"('06C', '12D', '05S', '07D', '06H')",21.1275,,645479.0
"('06C', '12D', '04C', '07D', '06H')",21.1274,,645332.0
"('06C', '03S', '12D', '07D', '06H')",21.1273,,645184.0
"('06C', '12D', '02D', '07D', '06H')",21.127200000000002,,645036.0
"('06C', '12D', '05S', '04C', '06H')",21.1254,,644888.0
"('06C', '03S', '12D', '05S', '06H')",21.1253,,644741.0
"('06C', '12D', '02D', '05S', '06H')",21.1252,,644593.0
"('06C', '03S', '12D', '04C', '06H')",21.1243,,644445.0
"('06C', '12D', '02D', '04C', '06H')",21.124200000000002,,644297.0
"('06C', '03S', '12D', '02D', '06H')",21.1232,,644150.0
"('11D', '10D', '06C', '09S', '06H')",21.120900000000002,,644002.0
"('11D', '10D', '06C', '08H', '06H')",21.120800000000003,,643854.0
"('11D', '10D', '06C', '07D', '06H')",21.1207,,643706.0
"('11D', '10D', '06C', '05S', '06H')",21.1205,,643559.0
"('11D', '10D', '06C', '04C', '06H')",21.1204,,643411.0
"('11D', '10D', '06C', '03S', '06H')",21.1203,,643263.0
"('11D', '10D', '06C', '02D', '06H')",21.1202,,643115.0
"('11D', '06C', '08H', '09S', '06H')",21.1198,,642968.0
"('11D', '06C', '09S', '07D', '06H')",21.119699999999998,,642820.0
"('11D', '06C', '05S', '09S', '06H')",21.1195,,642672.0
"('11D', '06C', '04C', '09S', '06H')",21.1194,,642524.0
"('11D', '06C', '03S', '09S', '06H')",21.1193,,642377.0
"('11D', '06C', '02D', '09S', '06H')",21.1192,,642229.0
"('11D', '06C', '08H', '07D', '06H')",21.118699999999997,,642081.0
"('11D', '06C', '05S', '08H', '06H')",21.118499999999997,,641933.0
"('11D', '06C', '08H', '04C', '06H')",21.118399999999998,,641786.0
"('11D', '06C', '03S', '08H', '06H')",21.118299999999998,,641638.0
"('11D', '06C', '02D', '08H', '06H')",21.118199999999998,,641490.0
"('11D', '06C', '05S', '07D', '06H')",21.1175,,641342.0
"('11D', '06C', '04C', '07D', '06H')",21.1174,,641195.0
"('11D', '06C', '03S', '07D', '06H')",21.1173,,641047.0
"('11D', '06C', '02D', '07D', '06H')",21.1172,,640899.0
"('11D', '06C', '05S', '04C', '06H')",21.115399999999998,,640751.0
"('11D', '06C', '03S', '05S', '06H')",21.115299999999998,,640604.0
"('11D', '06C', '02D', '05S', '06H')",21.115199999999998,,640456.0
"('11D', '06C', '03S', '04C', '06H')",21.1143,,640308.0
"('11D', '06C', '02D', '04C', '06H')",21.1142,,640160.0
"('11D', '06C', '03S', '02D', '06H')",21.1132,,640013.0
"('10D', '06C', '08H', '09S', '06H')",21.109800000000003,,639865.0
"('10D', '06C', '09S', '07D', '06H')",21.1097,,639717.0
"('10D', '06C', '05S', '09S', '06H')",21.1095,,639569.0
"('10D', '06C', '04C', '09S', '06H')",21.1094,,639422.0
"('10D', '06C', '03S', '09S', '06H')",21.1093,,639274.0
"('10D', '06C', '02D', '09S', '06H')",21.1092,,639126.0
"('10D', '06C', '08H', '07D', '06H')",21.1087,,638978.0
"('10D', '06C', '05S', '08H', '06H')",21.1085,,638831.0
"('10D', '06C', '08H', '04C', '06H')",21.1084,,638683.0
"('10D', '06C', '03S', '08H', '06H')",21.1083,,638535.0
"('10D', '06C', '02D', '08H', '06H')",21.1082,,638387.0
"('10D', '06C', '05S', '07D', '06H')",21.1075,,638240.0
"('10D', '06C', '04C', '07D', '06H')",21.107400000000002,,638092.0
"('10D', '06C', '03S', '07D', '06H')",21.107300000000002,,637944.0
"('10D', '06C', '02D', '07D', '06H')",21.107200000000002,,637796.0
"('10D', '06C', '05S', '04C', '06H')",21.1054,,637649.0
"('10D', '06C', '03S', '05S', '06H')",21.1053,,637501.0
"('10D', '06C', '02D', '05S', '06H')",21.1052,,637353.0
"('10D', '06C', '03S', '04C', '06H')",21.104300000000002,,637205.0
"('10D', '06C', '02D', '04C', '06H')",21.104200000000002,,637058.0
"('10D', '06C', '03S', '02D', '06H')",21.1032,,636910.0
"('06C', '08H', '09S', '07D', '06H')",21.098699999999997,,636762.0
"('06C', '05S', '08H', '09S', '06H')",21.098499999999998,,636614.0
"('06C', '08H', '04C', '09S', '06H')",21.098399999999998,,636467.0
"('06C', '03S', '08H', '09S', '06H')",21.0983,,636319.0
"('06C', '02D', '08H', '09S', '06H')",21.0982,,636171.0
"('06C', '05S', '09S', '07D', '06H')",21.0975,,636023.0
"('06C', '04C', '09S', '07D', '06H')",21.0974,,635876.0
"('06C', '03S', '09S', '07D', '06H')",21.0973,,635728.0
"('06C', '02D', '09S', '07D', '06H')",21.0972,,635580.0
"('06C', '05S', '04C', '09S', '06H')",21.095399999999998,,635432.0
"('06C', '03S', '05S', '09S', '06H')",21.095299999999998,,635284.0
"('06C', '02D', '05S', '09S', '06H')",21.0952,,635137.0
"('06C', '03S', '04C', '09S', '06H')",21.0943,,634989.0
"('06C', '02D', '04C', '09S', '06H')",21.0942,,634841.0
"('06C', '03S', '02D', '09S', '06H')",21.0932,,634693.0
"('06C', '05S', '08H', '07D', '06H')",21.0875,,634546.0
"('06C', '08H', '04C', '07D', '06H')",21.0874,,634398.0
"('06C', '03S', '08H', '07D', '06H')",21.0873,,634250.0
"('06C', '02D', '08H', '07D', '06H')",21.0872,,634102.0
"('06C', '05S', '08H', '04C', '06H')",21.085399999999996,,633955.0
"('06C', '03S', '05S', '08H', '06H')",21.085299999999997,,633807.0
"('06C', '02D', '05S', '08H', '06H')",21.085199999999997,,633659.0
"('06C', '03S', '08H', '04C', '06H')",21.0843,,633511.0
"('06C', '02D', '08H', '04C', '06H')",21.0842,,633364.0
"('06C', '03S', '02D', '08H', '06H')",21.083199999999998,,633216.0
"('06C', '05S', '04C', '07D', '06H')",21.0754,,633068.0
"('06C', '03S', '05S', '07D', '06H')",21.0753,,632920.0
"('06C', '02D', '05S', '07D', '06H')",21.0752,,632773.0
"('06C', '03S', '04C', '07D', '06H')",21.0743,,632625.0
"('06C', '02D', '04C', '07D', '06H')",21.0742,,632477.0
"('06C', '03S', '02D', '07D', '06H')",21.0732,,632329.0
"('06C', '03S', '05S', '04C', '06H')",21.0543,,632182.0
"('06C', '02D', '05S', '04C', '06H')",21.0542,,632034.0
"('06C', '03S', '02D', '05S', '06H')",21.0532,,631886.0
"('06C', '03S', '02D', '04C', '06H')",21.0432,,631738.0
"('12D', '05S', '14S', '13S', '05D')",20.154200000000003,,631591.0
"('11D', '05S', '14S', '13S', '05D')",20.154100000000003,,631443.0
"('10D', '05S', '14S', '13S', '05D')",20.154000000000003,,631295.0
"('05S', '14S', '13S', '09S', '05D')",20.153900000000004,,631147.0
"('05S', '14S', '13S', '08H', '05D')",20.153800000000004,,631000.0
"('05S', '14S', '13S', '05D', '07D')",20.1537,,630852.0
"('06C', '05S', '14S', '13S', '05D')",20.1536,,630704.0
"('05S', '14S', '13S', '04C', '05D')",20.1534,,630556.0
"('03S', '05S', '14S', '13S', '05D')",20.1533,,630409.0
"('02D', '05S', '14S', '13S', '05D')",20.153200000000002,,630261.0
"('11D', '12D', '05S', '14S', '05D')",20.153100000000002,,630113.0
"('10D', '12D', '05S', '14S', '05D')",20.153000000000002,,629965.0
"('12D', '05S', '14S', '09S', '05D')",20.152900000000002,,629818.0
"('12D', '05S', '14S', '08H', '05D')",20.152800000000003,,629670.0
"('12D', '05S', '14S', '05D', '07D')",20.1527,,629522.0
"('06C', '12D', '05S', '14S', '05D')",20.1526,,629374.0
"('12D', '05S', '14S', '04C', '05D')",20.1524,,629227.0
"('03S', '12D', '05S', '14S', '05D')",20.1523,,629079.0
"('12D', '02D', '05S', '14S', '05D')",20.1522,,628931.0
"('11D', '10D', '05S', '14S', '05D')",20.152,,628783.0
"('11D', '05S', '14S', '09S', '05D')",20.1519,,628636.0
"('11D', '05S', '14S', '08H', '05D')",20.1518,,628488.0
"('11D', '05S', '14S', '05D', '07D')",20.151699999999998,,628340.0
"('11D', '06C', '05S', '14S', '05D')",20.1516,,628192.0
"('11D', '05S', '14S', '04C', '05D')",20.1514,,628045.0
"('11D', '03S', '05S', '14S', '05D')",20.1513,,627897.0
"('11D', '02D', '05S', '14S', '05D')",20.1512,,627749.0
"('10D', '05S', '14S', '09S', '05D')",20.150900000000004,,627601.0
"('10D', '05S', '14S', '08H', '05D')",20.150800000000004,,627454.0
"('10D', '05S', '14S', '05D', '07D')",20.1507,,627306.0
"('10D', '06C', '05S', '14S', '05D')",20.1506,,627158.0
"('10D', '05S', '14S', '04C', '05D')",20.1504,,627010.0
"('10D', '03S', '05S', '14S', '05D')",20.1503,,626863.0
"('10D', '02D', '05S', '14S', '05D')",20.1502,,626715.0
"('05S', '14S', '08H', '09S', '05D')",20.149800000000003,,626567.0
"('05S', '14S', '09S', '05D', '07D')",20.1497,,626419.0
"('06C', '05S', '14S', '09S', '05D')",20.1496,,626272.0
"('05S', '14S', '04C', '09S', '05D')",20.1494,,626124.0
"('03S', '05S', '14S', '09S', '05D')",20.1493,,625976.0
"('02D', '05S', '14S', '09S', '05D')",20.1492,,625828.0
"('05S', '14S', '08H', '05D', '07D')",20.148699999999998,,625681.0
"('06C', '05S', '14S', '08H', '05D')",20.1486,,625533.0
"('05S', '14S', '08H', '04C', '05D')",20.1484,,625385.0
"('03S', '05S', '14S', '08H', '05D')",20.1483,,625237.0
"('02D', '05S', '14S', '08H', '05D')",20.1482,,625090.0
"('06C', '05S', '14S', '05D', '07D')",20.1476,,624942.0
"('05S', '14S', '04C', '05D', '07D')",20.1474,,624794.0
"('03S', '05S', '14S', '05D', '07D')",20.1473,,624646.0
"('02D', '05S', '14S', '05D', '07D')",20.1472,,624499.0
"('06C', '05S', '14S', '04C', '05D')",20.1464,,624351.0
"('06C', '03S', '05S', '14S', '05D')",20.1463,,624203.0
"('06C', '02D', '05S', '14S', '05D')",20.1462,,624055.0
"('03S', '05S', '14S', '04C', '05D')",20.1443,,623908.0
"('02D', '05S', '14S', '04C', '05D')",20.1442,,623760.0
"('03S', '02D', '05S', '14S', '05D')",20.1432,,623612.0
"('11D', '12D', '05S', '13S', '05D')",20.1431,,623464.0
"('10D', '12D', '05S', '13S', '05D')",20.143,,623317.0
"('12D', '05S', '13S', '09S', '05D')",20.1429,,623169.0
"('12D', '05S', '13S', '08H', '05D')",20.1428,,623021.0
"('12D', '05S', '13S', '05D', '07D')",20.142699999999998,,622873.0
"('06C', '12D', '05S', '13S', '05D')",20.142599999999998,,622726.0
"('12D', '05S', '13S', '04C', '05D')",20.1424,,622578.0
"('03S', '12D', '05S', '13S', '05D')",20.1423,,622430.0
"('12D', '02D', '05S', '13S', '05D')",20.1422,,622282.0
"('11D', '10D', '05S', '13S', '05D')",20.142,,622135.0
"('11D', '05S', '13S', '09S', '05D')",20.1419,,621987.0
"('11D', '05S', '13S', '08H', '05D')",20.1418,,621839.0
"('11D', '05S', '13S', '05D', '07D')",20.141699999999997,,621691.0
"('11D', '06C', '05S', '13S', '05D')",20.141599999999997,,621544.0
"('11D', '05S', '13S', '04C', '05D')",20.141399999999997,,621396.0
"('11D', '03S', '05S', '13S', '05D')",20.141299999999998,,621248.0
"('11D', '02D', '05S', '13S', '05D')",20.141199999999998,,621100.0
"('10D', '05S', '13S', '09S', '05D')",20.140900000000002,,620953.0
"('10D', '05S', '13S', '08H', '05D')",20.140800000000002,,620805.0
"('10D', '05S', '13S', '05D', '07D')",20.1407,,620657.0
"('10D', '06C', '05S', '13S', '05D')",20.1406,,620509.0
"('10D', '05S', '13S', '04C', '05D')",20.1404,,620362.0
"('10D', '03S', '05S', '13S', '05D')",20.1403,,620214.0
"('10D', '02D', '05S', '13S', '05D')",20.1402,,620066.0
"('05S', '13S', '08H', '09S', '05D')",20.1398,,619918.0
"('05S', '13S', '09S', '05D', '07D')",20.139699999999998,,619771.0
"('06C', '05S', '13S', '09S', '05D')",20.139599999999998,,619623.0
"('05S', '13S', '04C', '09S', '05D')",20.1394,,619475.0
"('03S', '05S', '13S', '09S', '05D')",20.1393,,619327.0
"('02D', '05S', '13S', '09S', '05D')",20.1392,,619180.0
"('05S', '13S', '08H', '05D', '07D')",20.138699999999996,,619032.0
"('06C', '05S', '13S', '08H', '05D')",20.138599999999997,,618884.0
"('05S', '13S', '08H', '04C', '05D')",20.138399999999997,,618736.0
"('03S', '05S', '13S', '08H', '05D')",20.138299999999997,,618589.0
"('02D', '05S', '13S', '08H', '05D')",20.138199999999998,,618441.0
"('06C', '05S', '13S', '05D', '07D')",20.1376,,618293.0
"('05S', '13S', '04C', '05D', '07D')",20.1374,,618145.0
"('03S', '05S', '13S', '05D', '07D')",20.1373,,617998.0
"('02D', '05S', '13S', '05D', '07D')",20.1372,,617850.0
"('06C', '05S', '13S', '04C', '05D')",20.1364,,617702.0
"('06C', '03S', '05S', '13S', '05D')",20.1363,,617554.0
"('06C', '02D', '05S', '13S', '05D')",20.1362,,617407.0
"('03S', '05S', '13S', '04C', '05D')",20.1343,,617259.0
"('02D', '05S', '13S', '04C', '05D')",20.1342,,617111.0
"('03S', '02D', '05S', '13S', '05D')",20.1332,,616963.0
"('11D', '10D', '12D', '05S', '05D')",20.132,,616816.0
"('11D', '12D', '05S', '09S', '05D')",20.1319,,616668.0
"('11D', '12D', '05S', '08H', '05D')",20.131800000000002,,616520.0
"('11D', '12D', '05S', '05D', '07D')",20.1317,,616372.0
"('11D', '06C', '12D', '05S', '05D')",20.1316,,616225.0
"('11D', '12D', '05S', '04C', '05D')",20.1314,,616077.0
"('11D', '03S', '12D', '05S', '05D')",20.1313,,615929.0
"('11D', '12D', '02D', '05S', '05D')",20.1312,,615781.0
"('10D', '12D', '05S', '09S', '05D')",20.130900000000004,,615634.0
"('10D', '12D', '05S', '08H', '05D')",20.130800000000004,,615486.0
"('10D', '12D', '05S', '05D', '07D')",20.1307,,615338.0
"('10D', '06C', '12D', '05S', '05D')",20.1306,,615190.0
"('10D', '12D', '05S', '04C', '05D')",20.1304,,615043.0
"('10D', '03S', '12D', '05S', '05D')",20.130300000000002,,614895.0
"('10D', '12D', '02D', '05S', '05D')",20.130200000000002,,614747.0
"('12D', '05S', '08H', '09S', '05D')",20.129800000000003,,614599.0
"('12D', '05S', '09S', '05D', '07D')",20.1297,,614452.0
"('06C', '12D', '05S', '09S', '05D')",20.1296,,614304.0
"('12D', '05S', '04C', '09S', '05D')",20.1294,,614156.0
"('03S', '12D', '05S', '09S', '05D')",20.1293,,614008.0
"('12D', '02D', '05S', '09S', '05D')",20.1292,,613861.0
"('12D', '05S', '08H', '05D', '07D')",20.1287,,613713.0
"('06C', '12D', '05S', '08H', '05D')",20.1286,,613565.0
"('12D', '05S', '08H', '04C', '05D')",20.1284,,613417.0
"('03S', '12D', '05S', '08H', '05D')",20.1283,,613270.0
"('12D', '02D', '05S', '08H', '05D')",20.1282,,613122.0
"('06C', '12D', '05S', '05D', '07D')",20.1276,,612974.0
"('12D', '05S', '04C', '05D', '07D')",20.1274,,612826.0
"('03S', '12D', '05S', '05D', '07D')",20.1273,,612679.0
"('12D', '02D', '05S', '05D', '07D')",20.127200000000002,,612531.0
"('06C', '12D', '05S', '04C', '05D')",20.1264,,612383.0
"('06C', '03S', '12D', '05S', '05D')",20.1263,,612235.0
"('06C', '12D', '02D', '05S', '05D')",20.1262,,612088.0
"('03S', '12D', '05S', '04C', '05D')",20.1243,,611940.0
"('12D', '02D', '05S', '04C', '05D')",20.124200000000002,,611792.0
"('03S', '12D', '02D', '05S', '05D')",20.1232,,611644.0
"('11D', '10D', '05S', '09S', '05D')",20.120900000000002,,611497.0
"('11D', '10D', '05S', '08H', '05D')",20.120800000000003,,611349.0
"('11D', '10D', '05S', '05D', '07D')",20.1207,,611201.0
"('11D', '10D', '06C', '05S', '05D')",20.1206,,611053.0
"('11D', '10D', '05S', '04C', '05D')",20.1204,,610906.0
"('11D', '10D', '03S', '05S', '05D')",20.1203,,610758.0
"('11D', '10D', '02D', '05S', '05D')",20.1202,,610610.0
"('11D', '05S', '08H', '09S', '05D')",20.1198,,610462.0
"('11D', '05S', '09S', '05D', '07D')",20.119699999999998,,610315.0
"('11D', '06C', '05S', '09S', '05D')",20.1196,,610167.0
"('11D', '05S', '04C', '09S', '05D')",20.1194,,610019.0
"('11D', '03S', '05S', '09S', '05D')",20.1193,,609871.0
"('11D', '02D', '05S', '09S', '05D')",20.1192,,609724.0
"('11D', '05S', '08H', '05D', '07D')",20.118699999999997,,609576.0
"('11D', '06C', '05S', '08H', '05D')",20.118599999999997,,609428.0
"('11D', '05S', '08H', '04C', '05D')",20.118399999999998,,609280.0
"('11D', '03S', '05S', '08H', '05D')",20.118299999999998,,609132.0
"('11D', '02D', '05S', '08H', '05D')",20.118199999999998,,608985.0
"('11D', '06C', '05S', '05D', '07D')",20.1176,,608837.0
"('11D', '05S', '04C', '05D', '07D')",20.1174,,608689.0
"('11D', '03S', '05S', '05D', '07D')",20.1173,,608541.0
"('11D', '02D', '05S', '05D', '07D')",20.1172,,608394.0
"('11D', '06C', '05S', '04C', '05D')",20.1164,,608246.0
"('11D', '06C', '03S', '05S', '05D')",20.1163,,608098.0
"('11D', '06C', '02D', '05S', '05D')",20.1162,,607950.0
"('11D', '03S', '05S', '04C', '05D')",20.1143,,607803.0
"('11D', '02D', '05S', '04C', '05D')",20.1142,,607655.0
"('11D', '03S', '02D', '05S', '05D')",20.1132,,607507.0
"('10D', '05S', '08H', '09S', '05D')",20.109800000000003,,607359.0
"('10D', '05S', '09S', '05D', '07D')",20.1097,,607212.0
"('10D', '06C', '05S', '09S', '05D')",20.1096,,607064.0
"('10D', '05S', '04C', '09S', '05D')",20.1094,,606916.0
"('10D', '03S', '05S', '09S', '05D')",20.1093,,606768.0
"('10D', '02D', '05S', '09S', '05D')",20.1092,,606621.0
"('10D', '05S', '08H', '05D', '07D')",20.1087,,606473.0
"('10D', '06C', '05S', '08H', '05D')",20.1086,,606325.0
"('10D', '05S', '08H', '04C', '05D')",20.1084,,606177.0
"('10D', '03S', '05S', '08H', '05D')",20.1083,,606030.0
"('10D', '02D', '05S', '08H', '05D')",20.1082,,605882.0
"('10D', '06C', '05S', '05D', '07D')",20.1076,,605734.0
"('10D', '05S', '04C', '05D', '07D')",20.107400000000002,,605586.0
"('10D', '03S', '05S', '05D', '07D')",20.107300000000002,,605439.0
"('10D', '02D', '05S', '05D', '07D')",20.107200000000002,,605291.0
"('10D', '06C', '05S', '04C', '05D')",20.1064,,605143.0
"('10D', '06C', '03S', '05S', '05D')",20.1063,,604995.0
"('10D', '06C', '02D', '05S', '05D')",20.1062,,604848.0
"('10D', '03S', '05S', '04C', '05D')",20.104300000000002,,604700.0
"('10D', '02D', '05S', '04C', '05D')",20.104200000000002,,604552.0
"('10D', '03S', '02D', '05S', '05D')",20.1032,,604404.0
"('05S', '08H', '09S', '05D', '07D')",20.098699999999997,,604257.0
"('06C', '05S', '08H', '09S', '05D')",20.098599999999998,,604109.0
"('05S', '08H', '04C', '09S', '05D')",20.098399999999998,,603961.0
"('03S', '05S', '08H', '09S', '05D')",20.0983,,603813.0
"('02D', '05S', '08H', '09S', '05D')",20.0982,,603666.0
"('06C', '05S', '09S', '05D', '07D')",20.0976,,603518.0
"('05S', '04C', '09S', '05D', '07D')",20.0974,,603370.0
"('03S', '05S', '09S', '05D', '07D')",20.0973,,603222.0
"('02D', '05S', '09S', '05D', '07D')",20.0972,,603075.0
"('06C', '05S', '04C', '09S', '05D')",20.0964,,602927.0
"('06C', '03S', '05S', '09S', '05D')",20.0963,,602779.0
"('06C', '02D', '05S', '09S', '05D')",20.0962,,602631.0
"('03S', '05S', '04C', '09S', '05D')",20.0943,,602484.0
"('02D', '05S', '04C', '09S', '05D')",20.0942,,602336.0
"('03S', '02D', '05S', '09S', '05D')",20.0932,,602188.0
"('06C', '05S', '08H', '05D', '07D')",20.0876,,602040.0
"('05S', '08H', '04C', '05D', '07D')",20.0874,,601893.0
"('03S', '05S', '08H', '05D', '07D')",20.0873,,601745.0
"('02D', '05S', '08H', '05D', '07D')",20.0872,,601597.0
"('06C', '05S', '08H', '04C', '05D')",20.086399999999998,,601449.0
"('06C', '03S', '05S', '08H', '05D')",20.086299999999998,,601302.0
"('06C', '02D', '05S', '08H', '05D')",20.086199999999998,,601154.0
"('03S', '05S', '08H', '04C', '05D')",20.0843,,601006.0
"('02D', '05S', '08H', '04C', '05D')",20.0842,,600858.0
"('03S', '02D', '05S', '08H', '05D')",20.083199999999998,,600711.0
"('06C', '05S', '04C', '05D', '07D')",20.0764,,600563.0
"('06C', '03S', '05S', '05D', '07D')",20.0763,,600415.0
"('06C', '02D', '05S', '05D', '07D')",20.0762,,600267.0
"('03S', '05S', '04C', '05D', '07D')",20.0743,,600120.0
"('02D', '05S', '04C', '05D', '07D')",20.0742,,599972.0
"('03S', '02D', '05S', '05D', '07D')",20.0732,,599824.0
"('06C', '03S', '05S', '04C', '05D')",20.0643,,599676.0
"('06C', '02D', '05S', '04C', '05D')",20.0642,,599529.0
"('06C', '03S', '02D', '05S', '05D')",20.0632,,599381.0
"('03S', '02D', '05S', '04C', '05D')",20.0432,,599233.0
"('12D', '14S', '13S', '04C', '04D')",19.154200000000003,,599085.0
"('11D', '14S', '13S', '04C', '04D')",19.154100000000003,,598938.0
"('10D', '14S', '13S', '04C', '04D')",19.154000000000003,,598790.0
"('14S', '13S', '04C', '09S', '04D')",19.153900000000004,,598642.0
"('14S', '13S', '08H', '04C', '04D')",19.153800000000004,,598494.0
"('14S', '13S', '04C', '04D', '07D')",19.1537,,598347.0
"('06C', '14S', '13S', '04C', '04D')",19.1536,,598199.0
"('05S', '14S', '13S', '04C', '04D')",19.1535,,598051.0
"('03S', '14S', '13S', '04C', '04D')",19.1533,,597903.0
"('02D', '14S', '13S', '04C', '04D')",19.153200000000002,,597756.0
"('11D', '12D', '14S', '04C', '04D')",19.153100000000002,,597608.0
"('10D', '12D', '14S', '04C', '04D')",19.153000000000002,,597460.0
"('12D', '14S', '04C', '09S', '04D')",19.152900000000002,,597312.0
"('12D', '14S', '08H', '04C', '04D')",19.152800000000003,,597165.0
"('12D', '14S', '04C', '04D', '07D')",19.1527,,597017.0
"('06C', '12D', '14S', '04C', '04D')",19.1526,,596869.0
"('12D', '05S', '14S', '04C', '04D')",19.1525,,596721.0
"('03S', '12D', '14S', '04C', '04D')",19.1523,,596574.0
"('12D', '02D', '14S', '04C', '04D')",19.1522,,596426.0
"('11D', '10D', '14S', '04C', '04D')",19.152,,596278.0
"('11D', '14S', '04C', '09S', '04D')",19.1519,,596130.0
"('11D', '14S', '08H', '04C', '04D')",19.1518,,595983.0
"('11D', '14S', '04C', '04D', '07D')",19.151699999999998,,595835.0
"('11D', '06C', '14S', '04C', '04D')",19.1516,,595687.0
"('11D', '05S', '14S', '04C', '04D')",19.1515,,595539.0
"('11D', '03S', '14S', '04C', '04D')",19.1513,,595392.0
"('11D', '02D', '14S', '04C', '04D')",19.1512,,595244.0
"('10D', '14S', '04C', '09S', '04D')",19.150900000000004,,595096.0
"('10D', '14S', '08H', '04C', '04D')",19.150800000000004,,594948.0
"('10D', '14S', '04C', '04D', '07D')",19.1507,,594801.0
"('10D', '06C', '14S', '04C', '04D')",19.1506,,594653.0
"('10D', '05S', '14S', '04C', '04D')",19.1505,,594505.0
"('10D', '03S', '14S', '04C', '04D')",19.1503,,594357.0
"('10D', '02D', '14S', '04C', '04D')",19.1502,,594210.0
"('14S', '08H', '04C', '09S', '04D')",19.149800000000003,,594062.0
"('14S', '04C', '09S', '04D', '07D')",19.1497,,593914.0
"('06C', '14S', '04C', '09S', '04D')",19.1496,,593766.0
"('05S', '14S', '04C', '09S', '04D')",19.1495,,593619.0
"('03S', '14S', '04C', '09S', '04D')",19.1493,,593471.0
"('02D', '14S', '04C', '09S', '04D')",19.1492,,593323.0
"('14S', '08H', '04C', '04D', '07D')",19.148699999999998,,593175.0
"('06C', '14S', '08H', '04C', '04D')",19.1486,,593028.0
"('05S', '14S', '08H', '04C', '04D')",19.1485,,592880.0
"('03S', '14S', '08H', '04C', '04D')",19.1483,,592732.0
"('02D', '14S', '08H', '04C', '04D')",19.1482,,592584.0
"('06C', '14S', '04C', '04D', '07D')",19.1476,,592437.0
"('05S', '14S', '04C', '04D', '07D')",19.1475,,592289.0
"('03S', '14S', '04C', '04D', '07D')",19.1473,,592141.0
"('02D', '14S', '04C', '04D', '07D')",19.1472,,591993.0
"('06C', '05S', '14S', '04C', '04D')",19.1465,,591846.0
"('06C', '03S', '14S', '04C', '04D')",19.1463,,591698.0
"('06C', '02D', '14S', '04C', '04D')",19.1462,,591550.0
"('03S', '05S', '14S', '04C', '04D')",19.1453,,591402.0
"('02D', '05S', '14S', '04C', '04D')",19.1452,,591255.0
"('03S', '02D', '14S', '04C', '04D')",19.1432,,591107.0
"('11D', '12D', '13S', '04C', '04D')",19.1431,,590959.0
"('10D', '12D', '13S', '04C', '04D')",19.143,,590811.0
"('12D', '13S', '04C', '09S', '04D')",19.1429,,590664.0
"('12D', '13S', '08H', '04C', '04D')",19.1428,,590516.0
"('12D', '13S', '04C', '04D', '07D')",19.142699999999998,,590368.0
"('06C', '12D', '13S', '04C', '04D')",19.142599999999998,,590220.0
"('12D', '05S', '13S', '04C', '04D')",19.1425,,590073.0
"('03S', '12D', '13S', '04C', '04D')",19.1423,,589925.0
"('12D', '02D', '13S', '04C', '04D')",19.1422,,589777.0
"('11D', '10D', '13S', '04C', '04D')",19.142,,589629.0
"('11D', '13S', '04C', '09S', '04D')",19.1419,,589482.0
"('11D', '13S', '08H', '04C', '04D')",19.1418,,589334.0
"('11D', '13S', '04C', '04D', '07D')",19.141699999999997,,589186.0
"('11D', '06C', '13S', '04C', '04D')",19.141599999999997,,589038.0
"('11D', '05S', '13S', '04C', '04D')",19.141499999999997,,588891.0
"('11D', '03S', '13S', '04C', '04D')",19.141299999999998,,588743.0
"('11D', '02D', '13S', '04C', '04D')",19.141199999999998,,588595.0
"('10D', '13S', '04C', '09S', '04D')",19.140900000000002,,588447.0
"('10D', '13S', '08H', '04C', '04D')",19.140800000000002,,588300.0
"('10D', '13S', '04C', '04D', '07D')",19.1407,,588152.0
"('10D', '06C', '13S', '04C', '04D')",19.1406,,588004.0
"('10D', '05S', '13S', '04C', '04D')",19.1405,,587856.0
"('10D', '03S', '13S', '04C', '04D')",19.1403,,587709.0
"('10D', '02D', '13S', '04C', '04D')",19.1402,,587561.0
"('13S', '08H', '04C', '09S', '04D')",19.1398,,587413.0
"('13S', '04C', '09S', '04D', '07D')",19.139699999999998,,587265.0
"('06C', '13S', '04C', '09S', '04D')",19.139599999999998,,587118.0
"('05S', '13S', '04C', '09S', '04D')",19.139499999999998,,586970.0
"('03S', '13S', '04C', '09S', '04D')",19.1393,,586822.0
"('02D', '13S', '04C', '09S', '04D')",19.1392,,586674.0
"('13S', '08H', '04C', '04D', '07D')",19.138699999999996,,586527.0
"('06C', '13S', '08H', '04C', '04D')",19.138599999999997,,586379.0
"('05S', '13S', '08H', '04C', '04D')",19.138499999999997,,586231.0
"('03S', '13S', '08H', '04C', '04D')",19.138299999999997,,586083.0
"('02D', '13S', '08H', '04C', '04D')",19.138199999999998,,585936.0
"('06C', '13S', '04C', '04D', '07D')",19.1376,,585788.0
"('05S', '13S', '04C', '04D', '07D')",19.1375,,585640.0
"('03S', '13S', '04C', '04D', '07D')",19.1373,,585492.0
"('02D', '13S', '04C', '04D', '07D')",19.1372,,585345.0
"('06C', '05S', '13S', '04C', '04D')",19.136499999999998,,585197.0
"('06C', '03S', '13S', '04C', '04D')",19.1363,,585049.0
"('06C', '02D', '13S', '04C', '04D')",19.1362,,584901.0
"('03S', '05S', '13S', '04C', '04D')",19.135299999999997,,584754.0
"('02D', '05S', '13S', '04C', '04D')",19.135199999999998,,584606.0
"('03S', '02D', '13S', '04C', '04D')",19.1332,,584458.0
"('11D', '10D', '12D', '04C', '04D')",19.132,,584310.0
"('11D', '12D', '04C', '09S', '04D')",19.1319,,584163.0
"('11D', '12D', '08H', '04C', '04D')",19.131800000000002,,584015.0
"('11D', '12D', '04C', '04D', '07D')",19.1317,,583867.0
"('11D', '06C', '12D', '04C', '04D')",19.1316,,583719.0
"('11D', '12D', '05S', '04C', '04D')",19.1315,,583572.0
"('11D', '03S', '12D', '04C', '04D')",19.1313,,583424.0
"('11D', '12D', '02D', '04C', '04D')",19.1312,,583276.0
"('10D', '12D', '04C', '09S', '04D')",19.130900000000004,,583128.0
"('10D', '12D', '08H', '04C', '04D')",19.130800000000004,,582980.0
"('10D', '12D', '04C', '04D', '07D')",19.1307,,582833.0
"('10D', '06C', '12D', '04C', '04D')",19.1306,,582685.0
"('10D', '12D', '05S', '04C', '04D')",19.1305,,582537.0
"('10D', '03S', '12D', '04C', '04D')",19.130300000000002,,582389.0
"('10D', '12D', '02D', '04C', '04D')",19.130200000000002,,582242.0
"('12D', '08H', '04C', '09S', '04D')",19.129800000000003,,582094.0
"('12D', '04C', '09S', '04D', '07D')",19.1297,,581946.0
"('06C', '12D', '04C', '09S', '04D')",19.1296,,581798.0
"('12D', '05S', '04C', '09S', '04D')",19.1295,,581651.0
"('03S', '12D', '04C', '09S', '04D')",19.1293,,581503.0
"('12D', '02D', '04C', '09S', '04D')",19.1292,,581355.0
"('12D', '08H', '04C', '04D', '07D')",19.1287,,581207.0
"('06C', '12D', '08H', '04C', '04D')",19.1286,,581060.0
"('12D', '05S', '08H', '04C', '04D')",19.1285,,580912.0
"('03S', '12D', '08H', '04C', '04D')",19.1283,,580764.0
"('12D', '02D', '08H', '04C', '04D')",19.1282,,580616.0
"('06C', '12D', '04C', '04D', '07D')",19.1276,,580469.0
"('12D', '05S', '04C', '04D', '07D')",19.1275,,580321.0
"('03S', '12D', '04C', '04D', '07D')",19.1273,,580173.0
"('12D', '02D', '04C', '04D', '07D')",19.127200000000002,,580025.0
"('06C', '12D', '05S', '04C', '04D')",19.1265,,579878.0
"('06C', '03S', '12D', '04C', '04D')",19.1263,,579730.0
"('06C', '12D', '02D', '04C', '04D')",19.1262,,579582.0
"('03S', '12D', '05S', '04C', '04D')",19.1253,,579434.0
"('12D', '02D', '05S', '04C', '04D')",19.1252,,579287.0
"('03S', '12D', '02D', '04C', '04D')",19.1232,,579139.0
"('11D', '10D', '04C', '09S', '04D')",19.120900000000002,,578991.0
"('11D', '10D', '08H', '04C', '04D')",19.120800000000003,,578843.0
"('11D', '10D', '04C', '04D', '07D')",19.1207,,578696.0
"('11D', '10D', '06C', '04C', '04D')",19.1206,,578548.0
"('11D', '10D', '05S', '04C', '04D')",19.1205,,578400.0
"('11D', '10D', '03S', '04C', '04D')",19.1203,,578252.0
"('11D', '10D', '02D', '04C', '04D')",19.1202,,578105.0
"('11D', '08H', '04C', '09S', '04D')",19.1198,,577957.0
"('11D', '04C', '09S', '04D', '07D')",19.119699999999998,,577809.0
"('11D', '06C', '04C', '09S', '04D')",19.1196,,577661.0
"('11D', '05S', '04C', '09S', '04D')",19.1195,,577514.0
"('11D', '03S', '04C', '09S', '04D')",19.1193,,577366.0
"('11D', '02D', '04C', '09S', '04D')",19.1192,,577218.0
"('11D', '08H', '04C', '04D', '07D')",19.118699999999997,,577070.0
"('11D', '06C', '08H', '04C', '04D')",19.118599999999997,,576923.0
"('11D', '05S', '08H', '04C', '04D')",19.118499999999997,,576775.0
"('11D', '03S', '08H', '04C', '04D')",19.118299999999998,,576627.0
"('11D', '02D', '08H', '04C', '04D')",19.118199999999998,,576479.0
"('11D', '06C', '04C', '04D', '07D')",19.1176,,576332.0
"('11D', '05S', '04C', '04D', '07D')",19.1175,,576184.0
"('11D', '03S', '04C', '04D', '07D')",19.1173,,576036.0
"('11D', '02D', '04C', '04D', '07D')",19.1172,,575888.0
"('11D', '06C', '05S', '04C', '04D')",19.1165,,575741.0
"('11D', '06C', '03S', '04C', '04D')",19.1163,,575593.0
"('11D', '06C', '02D', '04C', '04D')",19.1162,,575445.0
"('11D', '03S', '05S', '04C', '04D')",19.115299999999998,,575297.0
"('11D', '02D', '05S', '04C', '04D')",19.115199999999998,,575150.0
"('11D', '03S', '02D', '04C', '04D')",19.1132,,575002.0
"('10D', '08H', '04C', '09S', '04D')",19.109800000000003,,574854.0
"('10D', '04C', '09S', '04D', '07D')",19.1097,,574706.0
"('10D', '06C', '04C', '09S', '04D')",19.1096,,574559.0
"('10D', '05S', '04C', '09S', '04D')",19.1095,,574411.0
"('10D', '03S', '04C', '09S', '04D')",19.1093,,574263.0
"('10D', '02D', '04C', '09S', '04D')",19.1092,,574115.0
"('10D', '08H', '04C', '04D', '07D')",19.1087,,573968.0
"('10D', '06C', '08H', '04C', '04D')",19.1086,,573820.0
"('10D', '05S', '08H', '04C', '04D')",19.1085,,573672.0
"('10D', '03S', '08H', '04C', '04D')",19.1083,,573524.0
"('10D', '02D', '08H', '04C', '04D')",19.1082,,573377.0
"('10D', '06C', '04C', '04D', '07D')",19.1076,,573229.0
"('10D', '05S', '04C', '04D', '07D')",19.1075,,573081.0
"('10D', '03S', '04C', '04D', '07D')",19.107300000000002,,572933.0
"('10D', '02D', '04C', '04D', '07D')",19.107200000000002,,572786.0
"('10D', '06C', '05S', '04C', '04D')",19.1065,,572638.0
"('10D', '06C', '03S', '04C', '04D')",19.1063,,572490.0
"('10D', '06C', '02D', '04C', '04D')",19.1062,,572342.0
"('10D', '03S', '05S', '04C', '04D')",19.1053,,572195.0
"('10D', '02D', '05S', '04C', '04D')",19.1052,,572047.0
"('10D', '03S', '02D', '04C', '04D')",19.1032,,571899.0
"('08H', '04C', '09S', '04D', '07D')",19.098699999999997,,571751.0
"('06C', '08H', '04C', '09S', '04D')",19.098599999999998,,571604.0
"('05S', '08H', '04C', '09S', '04D')",19.098499999999998,,571456.0
"('03S', '08H', '04C', '09S', '04D')",19.0983,,571308.0
"('02D', '08H', '04C', '09S', '04D')",19.0982,,571160.0
"('06C', '04C', '09S', '04D', '07D')",19.0976,,571013.0
"('05S', '04C', '09S', '04D', '07D')",19.0975,,570865.0
"('03S', '04C', '09S', '04D', '07D')",19.0973,,570717.0
"('02D', '04C', '09S', '04D', '07D')",19.0972,,570569.0
"('06C', '05S', '04C', '09S', '04D')",19.0965,,570422.0
"('06C', '03S', '04C', '09S', '04D')",19.0963,,570274.0
"('06C', '02D', '04C', '09S', '04D')",19.0962,,570126.0
"('03S', '05S', '04C', '09S', '04D')",19.095299999999998,,569978.0
"('02D', '05S', '04C', '09S', '04D')",19.0952,,569831.0
"('03S', '02D', '04C', '09S', '04D')",19.0932,,569683.0
"('06C', '08H', '04C', '04D', '07D')",19.0876,,569535.0
"('05S', '08H', '04C', '04D', '07D')",19.0875,,569387.0
"('03S', '08H', '04C', '04D', '07D')",19.0873,,569240.0
"('02D', '08H', '04C', '04D', '07D')",19.0872,,569092.0
"('06C', '05S', '08H', '04C', '04D')",19.086499999999997,,568944.0
"('06C', '03S', '08H', '04C', '04D')",19.086299999999998,,568796.0
"('06C', '02D', '08H', '04C', '04D')",19.086199999999998,,568649.0
"('03S', '05S', '08H', '04C', '04D')",19.085299999999997,,568501.0
"('02D', '05S', '08H', '04C', '04D')",19.085199999999997,,568353.0
"('03S', '02D', '08H', '04C', '04D')",19.083199999999998,,568205.0
"('06C', '05S', '04C', '04D', '07D')",19.0765,,568058.0
"('06C', '03S', '04C', '04D', '07D')",19.0763,,567910.0
"('06C', '02D', '04C', '04D', '07D')",19.0762,,567762.0
"('03S', '05S', '04C', '04D', '07D')",19.0753,,567614.0
"('02D', '05S', '04C', '04D', '07D')",19.0752,,567467.0
"('03S', '02D', '04C', '04D', '07D')",19.0732,,567319.0
"('06C', '03S', '05S', '04C', '04D')",19.065299999999997,,567171.0
"('06C', '02D', '05S', '04C', '04D')",19.065199999999997,,567023.0
"('06C', '03S', '02D', '04C', '04D')",19.0632,,566876.0
"('03S', '02D', '05S', '04C', '04D')",19.0532,,566728.0
"('03S', '12D', '03D', '14S', '13S')",18.154200000000003,,566580.0
"('11D', '03S', '03D', '14S', '13S')",18.154100000000003,,566432.0
"('10D', '03S', '03D', '14S', '13S')",18.154000000000003,,566285.0
"('03S', '03D', '14S', '13S', '09S')",18.153900000000004,,566137.0
"('03S', '03D', '14S', '13S', '08H')",18.153800000000004,,565989.0
"('03S', '03D', '14S', '13S', '07D')",18.1537,,565841.0
"('06C', '03S', '03D', '14S', '13S')",18.1536,,565694.0
"('03S', '03D', '05S', '14S', '13S')",18.1535,,565546.0
"('03S', '03D', '14S', '13S', '04C')",18.1534,,565398.0
"('03S', '02D', '03D', '14S', '13S')",18.153200000000002,,565250.0
"('11D', '03S', '12D', '03D', '14S')",18.153100000000002,,565103.0
"('10D', '03S', '12D', '03D', '14S')",18.153000000000002,,564955.0
"('03S', '12D', '03D', '14S', '09S')",18.152900000000002,,564807.0
"('03S', '12D', '03D', '14S', '08H')",18.152800000000003,,564659.0
"('03S', '12D', '03D', '14S', '07D')",18.1527,,564512.0
"('06C', '03S', '12D', '03D', '14S')",18.1526,,564364.0
"('03S', '12D', '03D', '05S', '14S')",18.1525,,564216.0
"('03S', '12D', '03D', '14S', '04C')",18.1524,,564068.0
"('03S', '12D', '02D', '03D', '14S')",18.1522,,563921.0
"('11D', '10D', '03S', '03D', '14S')",18.152,,563773.0
"('11D', '03S', '03D', '14S', '09S')",18.1519,,563625.0
"('11D', '03S', '03D', '14S', '08H')",18.1518,,563477.0
"('11D', '03S', '03D', '14S', '07D')",18.151699999999998,,563330.0
"('11D', '06C', '03S', '03D', '14S')",18.1516,,563182.0
"('11D', '03S', '03D', '05S', '14S')",18.1515,,563034.0
"('11D', '03S', '03D', '14S', '04C')",18.1514,,562886.0
"('11D', '03S', '02D', '03D', '14S')",18.1512,,562739.0
"('10D', '03S', '03D', '14S', '09S')",18.150900000000004,,562591.0
"('10D', '03S', '03D', '14S', '08H')",18.150800000000004,,562443.0
"('10D', '03S', '03D', '14S', '07D')",18.1507,,562295.0
"('10D', '06C', '03S', '03D', '14S')",18.1506,,562148.0
"('10D', '03S', '03D', '05S', '14S')",18.1505,,562000.0
"('10D', '03S', '03D', '14S', '04C')",18.1504,,561852.0
"('10D', '03S', '02D', '03D', '14S')",18.1502,,561704.0
"('03S', '03D', '14S', '08H', '09S')",18.149800000000003,,561557.0
"('03S', '03D', '14S', '09S', '07D')",18.1497,,561409.0
"('06C', '03S', '03D', '14S', '09S')",18.1496,,561261.0
"('03S', '03D', '05S', '14S', '09S')",18.1495,,561113.0
"('03S', '03D', '14S', '04C', '09S')",18.1494,,560966.0
"('03S', '02D', '03D', '14S', '09S')",18.1492,,560818.0
"('03S', '03D', '14S', '08H', '07D')",18.148699999999998,,560670.0
"('06C', '03S', '03D', '14S', '08H')",18.1486,,560522.0
"('03S', '03D', '05S', '14S', '08H')",18.1485,,560375.0
"('03S', '03D', '14S', '08H', '04C')",18.1484,,560227.0
"('03S', '02D', '03D', '14S', '08H')",18.1482,,560079.0
"('06C', '03S', '03D', '14S', '07D')",18.1476,,559931.0
"('03S', '03D', '05S', '14S', '07D')",18.1475,,559784.0
"('03S', '03D', '14S', '04C', '07D')",18.1474,,559636.0
"('03S', '02D', '03D', '14S', '07D')",18.1472,,559488.0
"('06C', '03S', '03D', '05S', '14S')",18.1465,,559340.0
"('06C', '03S', '03D', '14S', '04C')",18.1464,,559193.0
"('06C', '03S', '02D', '03D', '14S')",18.1462,,559045.0
"('03S', '03D', '05S', '14S', '04C')",18.1454,,558897.0
"('03S', '02D', '03D', '05S', '14S')",18.1452,,558749.0
"('03S', '02D', '03D', '14S', '04C')",18.1442,,558602.0
"('11D', '03S', '12D', '03D', '13S')",18.1431,,558454.0
"('10D', '03S', '12D', '03D', '13S')",18.143,,558306.0
"('03S', '12D', '03D', '13S', '09S')",18.1429,,558158.0
"('03S', '12D', '03D', '13S', '08H')",18.1428,,558011.0
"('03S', '12D', '03D', '13S', '07D')",18.142699999999998,,557863.0
"('06C', '03S', '12D', '03D', '13S')",18.142599999999998,,557715.0
"('03S', '12D', '03D', '05S', '13S')",18.1425,,557567.0
"('03S', '12D', '03D', '13S', '04C')",18.1424,,557420.0
"('03S', '12D', '02D', '03D', '13S')",18.1422,,557272.0
"('11D', '10D', '03S', '03D', '13S')",18.142,,557124.0
"('11D', '03S', '03D', '13S', '09S')",18.1419,,556976.0
"('11D', '03S', '03D', '13S', '08H')",18.1418,,556829.0
"('11D', '03S', '03D', '13S', '07D')",18.141699999999997,,556681.0
"('11D', '06C', '03S', '03D', '13S')",18.141599999999997,,556533.0
"('11D', '03S', '03D', '05S', '13S')",18.141499999999997,,556385.0
"('11D', '03S', '03D', '13S', '04C')",18.141399999999997,,556237.0
"('11D', '03S', '02D', '03D', '13S')",18.141199999999998,,556090.0
"('10D', '03S', '03D', '13S', '09S')",18.140900000000002,,555942.0
"('10D', '03S', '03D', '13S', '08H')",18.140800000000002,,555794.0
"('10D', '03S', '03D', '13S', '07D')",18.1407,,555646.0
"('10D', '06C', '03S', '03D', '13S')",18.1406,,555499.0
"('10D', '03S', '03D', '05S', '13S')",18.1405,,555351.0
"('10D', '03S', '03D', '13S', '04C')",18.1404,,555203.0
"('10D', '03S', '02D', '03D', '13S')",18.1402,,555055.0
"('03S', '03D', '13S', '08H', '09S')",18.1398,,554908.0
"('03S', '03D', '13S', '09S', '07D')",18.139699999999998,,554760.0
"('06C', '03S', '03D', '13S', '09S')",18.139599999999998,,554612.0
"('03S', '03D', '05S', '13S', '09S')",18.139499999999998,,554464.0
"('03S', '03D', '13S', '04C', '09S')",18.1394,,554317.0
"('03S', '02D', '03D', '13S', '09S')",18.1392,,554169.0
"('03S', '03D', '13S', '08H', '07D')",18.138699999999996,,554021.0
"('06C', '03S', '03D', '13S', '08H')",18.138599999999997,,553873.0
"('03S', '03D', '05S', '13S', '08H')",18.138499999999997,,553726.0
"('03S', '03D', '13S', '08H', '04C')",18.138399999999997,,553578.0
"('03S', '02D', '03D', '13S', '08H')",18.138199999999998,,553430.0
"('06C', '03S', '03D', '13S', '07D')",18.1376,,553282.0
"('03S', '03D', '05S', '13S', '07D')",18.1375,,553135.0
"('03S', '03D', '13S', '04C', '07D')",18.1374,,552987.0
"('03S', '02D', '03D', '13S', '07D')",18.1372,,552839.0
"('06C', '03S', '03D', '05S', '13S')",18.136499999999998,,552691.0
"('06C', '03S', '03D', '13S', '04C')",18.1364,,552544.0
"('06C', '03S', '02D', '03D', '13S')",18.1362,,552396.0
"('03S', '03D', '05S', '13S', '04C')",18.135399999999997,,552248.0
"('03S', '02D', '03D', '05S', '13S')",18.135199999999998,,552100.0
"('03S', '02D', '03D', '13S', '04C')",18.1342,,551953.0
"('11D', '10D', '03S', '12D', '03D')",18.132,,551805.0
"('11D', '03S', '12D', '03D', '09S')",18.1319,,551657.0
"('11D', '03S', '12D', '03D', '08H')",18.131800000000002,,551509.0
"('11D', '03S', '12D', '03D', '07D')",18.1317,,551362.0
"('11D', '06C', '03S', '12D', '03D')",18.1316,,551214.0
"('11D', '03S', '12D', '03D', '05S')",18.1315,,551066.0
"('11D', '03S', '12D', '03D', '04C')",18.1314,,550918.0
"('11D', '03S', '12D', '02D', '03D')",18.1312,,550771.0
"('10D', '03S', '12D', '03D', '09S')",18.130900000000004,,550623.0
"('10D', '03S', '12D', '03D', '08H')",18.130800000000004,,550475.0
"('10D', '03S', '12D', '03D', '07D')",18.1307,,550327.0
"('10D', '06C', '03S', '12D', '03D')",18.1306,,550180.0
"('10D', '03S', '12D', '03D', '05S')",18.1305,,550032.0
"('10D', '03S', '12D', '03D', '04C')",18.1304,,549884.0
"('10D', '03S', '12D', '02D', '03D')",18.130200000000002,,549736.0
"('03S', '12D', '03D', '08H', '09S')",18.129800000000003,,549589.0
"('03S', '12D', '03D', '09S', '07D')",18.1297,,549441.0
"('06C', '03S', '12D', '03D', '09S')",18.1296,,549293.0
"('03S', '12D', '03D', '05S', '09S')",18.1295,,549145.0
"('03S', '12D', '03D', '04C', '09S')",18.1294,,548998.0
"('03S', '12D', '02D', '03D', '09S')",18.1292,,548850.0
"('03S', '12D', '03D', '08H', '07D')",18.1287,,548702.0
"('06C', '03S', '12D', '03D', '08H')",18.1286,,548554.0
"('03S', '12D', '03D', '05S', '08H')",18.1285,,548407.0
"('03S', '12D', '03D', '08H', '04C')",18.1284,,548259.0
"('03S', '12D', '02D', '03D', '08H')",18.1282,,548111.0
"('06C', '03S', '12D', '03D', '07D')",18.1276,,547963.0
"('03S', '12D', '03D', '05S', '07D')",18.1275,,547816.0
"('03S', '12D', '03D', '04C', '07D')",18.1274,,547668.0
"('03S', '12D', '02D', '03D', '07D')",18.127200000000002,,547520.0
"('06C', '03S', '12D', '03D', '05S')",18.1265,,547372.0
"('06C', '03S', '12D', '03D', '04C')",18.1264,,547225.0
"('06C', '03S', '12D', '02D', '03D')",18.1262,,547077.0
"('03S', '12D', '03D', '05S', '04C')",18.1254,,546929.0
"('03S', '12D', '02D', '03D', '05S')",18.1252,,546781.0
"('03S', '12D', '02D', '03D', '04C')",18.124200000000002,,546634.0
"('11D', '10D', '03S', '03D', '09S')",18.120900000000002,,546486.0
"('11D', '10D', '03S', '03D', '08H')",18.120800000000003,,546338.0
"('11D', '10D', '03S', '03D', '07D')",18.1207,,546190.0
"('11D', '10D', '06C', '03S', '03D')",18.1206,,546043.0
"('11D', '10D', '03S', '03D', '05S')",18.1205,,545895.0
"('11D', '10D', '03S', '03D', '04C')",18.1204,,545747.0
"('11D', '10D', '03S', '02D', '03D')",18.1202,,545599.0
"('11D', '03S', '03D', '08H', '09S')",18.1198,,545452.0
"('11D', '03S', '03D', '09S', '07D')",18.119699999999998,,545304.0
"('11D', '06C', '03S', '03D', '09S')",18.1196,,545156.0
"('11D', '03S', '03D', '05S', '09S')",18.1195,,545008.0
"('11D', '03S', '03D', '04C', '09S')",18.1194,,544861.0
"('11D', '03S', '02D', '03D', '09S')",18.1192,,544713.0
"('11D', '03S', '03D', '08H', '07D')",18.118699999999997,,544565.0
"('11D', '06C', '03S', '03D', '08H')",18.118599999999997,,544417.0
"('11D', '03S', '03D', '05S', '08H')",18.118499999999997,,544270.0
"('11D', '03S', '03D', '08H', '04C')",18.118399999999998,,544122.0
"('11D', '03S', '02D', '03D', '08H')",18.118199999999998,,543974.0
"('11D', '06C', '03S', '03D', '07D')",18.1176,,543826.0
"('11D', '03S', '03D', '05S', '07D')",18.1175,,543679.0
"('11D', '03S', '03D', '04C', '07D')",18.1174,,543531.0
"('11D', '03S', '02D', '03D', '07D')",18.1172,,543383.0
"('11D', '06C', '03S', '03D', '05S')",18.1165,,543235.0
"('11D', '06C', '03S', '03D', '04C')",18.1164,,543088.0
"('11D', '06C', '03S', '02D', '03D')",18.1162,,542940.0
"('11D', '03S', '03D', '05S', '04C')",18.115399999999998,,542792.0
"('11D', '03S', '02D', '03D', '05S')",18.115199999999998,,542644.0
"('11D', '03S', '02D', '03D', '04C')",18.1142,,542497.0
"('10D', '03S', '03D', '08H', '09S')",18.109800000000003,,542349.0
"('10D', '03S', '03D', '09S', '07D')",18.1097,,542201.0
"('10D', '06C', '03S', '03D', '09S')",18.1096,,542053.0
"('10D', '03S', '03D', '05S', '09S')",18.1095,,541906.0
"('10D', '03S', '03D', '04C', '09S')",18.1094,,541758.0
"('10D', '03S', '02D', '03D', '09S')",18.1092,,541610.0
"('10D', '03S', '03D', '08H', '07D')",18.1087,,541462.0
"('10D', '06C', '03S', '03D', '08H')",18.1086,,541315.0
"('10D', '03S', '03D', '05S', '08H')",18.1085,,541167.0
"('10D', '03S', '03D', '08H', '04C')",18.1084,,541019.0
"('10D', '03S', '02D', '03D', '08H')",18.1082,,540871.0
"('10D', '06C', '03S', '03D', '07D')",18.1076,,540724.0
"('10D', '03S', '03D', '05S', '07D')",18.1075,,540576.0
"('10D', '03S', '03D', '04C', '07D')",18.107400000000002,,540428.0
"('10D', '03S', '02D', '03D', '07D')",18.107200000000002,,540280.0
"('10D', '06C', '03S', '03D', '05S')",18.1065,,540133.0
"('10D', '06C', '03S', '03D', '04C')",18.1064,,539985.0
"('10D', '06C', '03S', '02D', '03D')",18.1062,,539837.0
"('10D', '03S', '03D', '05S', '04C')",18.1054,,539689.0
"('10D', '03S', '02D', '03D', '05S')",18.1052,,539542.0
"('10D', '03S', '02D', '03D', '04C')",18.104200000000002,,539394.0
"('03S', '03D', '08H', '09S', '07D')",18.098699999999997,,539246.0
"('06C', '03S', '03D', '08H', '09S')",18.098599999999998,,539098.0
"('03S', '03D', '05S', '08H', '09S')",18.098499999999998,,538951.0
"('03S', '03D', '08H', '04C', '09S')",18.098399999999998,,538803.0
"('03S', '02D', '03D', '08H', '09S')",18.0982,,538655.0
"('06C', '03S', '03D', '09S', '07D')",18.0976,,538507.0
"('03S', '03D', '05S', '09S', '07D')",18.0975,,538360.0
"('03S', '03D', '04C', '09S', '07D')",18.0974,,538212.0
"('03S', '02D', '03D', '09S', '07D')",18.0972,,538064.0
"('06C', '03S', '03D', '05S', '09S')",18.0965,,537916.0
"('06C', '03S', '03D', '04C', '09S')",18.0964,,537769.0
"('06C', '03S', '02D', '03D', '09S')",18.0962,,537621.0
"('03S', '03D', '05S', '04C', '09S')",18.095399999999998,,537473.0
"('03S', '02D', '03D', '05S', '09S')",18.0952,,537325.0
"('03S', '02D', '03D', '04C', '09S')",18.0942,,537178.0
"('06C', '03S', '03D', '08H', '07D')",18.0876,,537030.0
"('03S', '03D', '05S', '08H', '07D')",18.0875,,536882.0
"('03S', '03D', '08H', '04C', '07D')",18.0874,,536734.0
"('03S', '02D', '03D', '08H', '07D')",18.0872,,536587.0
"('06C', '03S', '03D', '05S', '08H')",18.086499999999997,,536439.0
"('06C', '03S', '03D', '08H', '04C')",18.086399999999998,,536291.0
"('06C', '03S', '02D', '03D', '08H')",18.086199999999998,,536143.0
"('03S', '03D', '05S', '08H', '04C')",18.085399999999996,,535996.0
"('03S', '02D', '03D', '05S', '08H')",18.085199999999997,,535848.0
"('03S', '02D', '03D', '08H', '04C')",18.0842,,535700.0
"('06C', '03S', '03D', '05S', '07D')",18.0765,,535552.0
"('06C', '03S', '03D', '04C', '07D')",18.0764,,535405.0
"('06C', '03S', '02D', '03D', '07D')",18.0762,,535257.0
"('03S', '03D', '05S', '04C', '07D')",18.0754,,535109.0
"('03S', '02D', '03D', '05S', '07D')",18.0752,,534961.0
"('03S', '02D', '03D', '04C', '07D')",18.0742,,534814.0
"('06C', '03S', '03D', '05S', '04C')",18.065399999999997,,534666.0
"('06C', '03S', '02D', '03D', '05S')",18.065199999999997,,534518.0
"('06C', '03S', '02D', '03D', '04C')",18.0642,,534370.0
"('03S', '02D', '03D', '05S', '04C')",18.0542,,534223.0
"('12D', '02D', '02C', '14S', '13S')",17.154200000000003,,534075.0
"('11D', '02D', '02C', '14S', '13S')",17.154100000000003,,533927.0
"('10D', '02D', '02C', '14S', '13S')",17.154000000000003,,533779.0
"('02D', '02C', '14S', '13S', '09S')",17.153900000000004,,533632.0
"('02D', '02C', '14S', '13S', '08H')",17.153800000000004,,533484.0
"('02D', '02C', '14S', '13S', '07D')",17.1537,,533336.0
"('06C', '02D', '02C', '14S', '13S')",17.1536,,533188.0
"('02D', '02C', '05S', '14S', '13S')",17.1535,,533041.0
"('02D', '02C', '14S', '13S', '04C')",17.1534,,532893.0
"('03S', '02D', '02C', '14S', '13S')",17.1533,,532745.0
"('11D', '12D', '02D', '02C', '14S')",17.153100000000002,,532597.0
"('10D', '12D', '02D', '02C', '14S')",17.153000000000002,,532450.0
"('12D', '02D', '02C', '14S', '09S')",17.152900000000002,,532302.0
"('12D', '02D', '02C', '14S', '08H')",17.152800000000003,,532154.0
"('12D', '02D', '02C', '14S', '07D')",17.1527,,532006.0
"('06C', '12D', '02D', '02C', '14S')",17.1526,,531859.0
"('12D', '02D', '02C', '05S', '14S')",17.1525,,531711.0
"('12D', '02D', '02C', '14S', '04C')",17.1524,,531563.0
"('03S', '12D', '02D', '02C', '14S')",17.1523,,531415.0
"('11D', '10D', '02D', '02C', '14S')",17.152,,531268.0
"('11D', '02D', '02C', '14S', '09S')",17.1519,,531120.0
"('11D', '02D', '02C', '14S', '08H')",17.1518,,530972.0
"('11D', '02D', '02C', '14S', '07D')",17.151699999999998,,530824.0
"('11D', '06C', '02D', '02C', '14S')",17.1516,,530677.0
"('11D', '02D', '02C', '05S', '14S')",17.1515,,530529.0
"('11D', '02D', '02C', '14S', '04C')",17.1514,,530381.0
"('11D', '03S', '02D', '02C', '14S')",17.1513,,530233.0
"('10D', '02D', '02C', '14S', '09S')",17.150900000000004,,530085.0
"('10D', '02D', '02C', '14S', '08H')",17.150800000000004,,529938.0
"('10D', '02D', '02C', '14S', '07D')",17.1507,,529790.0
"('10D', '06C', '02D', '02C', '14S')",17.1506,,529642.0
"('10D', '02D', '02C', '05S', '14S')",17.1505,,529494.0
"('10D', '02D', '02C', '14S', '04C')",17.1504,,529347.0
"('10D', '03S', '02D', '02C', '14S')",17.1503,,529199.0
"('02D', '02C', '14S', '08H', '09S')",17.149800000000003,,529051.0
"('02D', '02C', '14S', '09S', '07D')",17.1497,,528903.0
"('06C', '02D', '02C', '14S', '09S')",17.1496,,528756.0
"('02D', '02C', '05S', '14S', '09S')",17.1495,,528608.0
"('02D', '02C', '14S', '04C', '09S')",17.1494,,528460.0
"('03S', '02D', '02C', '14S', '09S')",17.1493,,528312.0
"('02D', '02C', '14S', '08H', '07D')",17.148699999999998,,528165.0
"('06C', '02D', '02C', '14S', '08H')",17.1486,,528017.0
"('02D', '02C', '05S', '14S', '08H')",17.1485,,527869.0
"('02D', '02C', '14S', '08H', '04C')",17.1484,,527721.0
"('03S', '02D', '02C', '14S', '08H')",17.1483,,527574.0
"('06C', '02D', '02C', '14S', '07D')",17.1476,,527426.0
"('02D', '02C', '05S', '14S', '07D')",17.1475,,527278.0
"('02D', '02C', '14S', '04C', '07D')",17.1474,,527130.0
"('03S', '02D', '02C', '14S', '07D')",17.1473,,526983.0
"('06C', '02D', '02C', '05S', '14S')",17.1465,,526835.0
"('06C', '02D', '02C', '14S', '04C')",17.1464,,526687.0
"('06C', '03S', '02D', '02C', '14S')",17.1463,,526539.0
"('02D', '02C', '05S', '14S', '04C')",17.1454,,526392.0
"('03S', '02D', '02C', '05S', '14S')",17.1453,,526244.0
"('03S', '02D', '02C', '14S', '04C')",17.1443,,526096.0
"('11D', '12D', '02D', '02C', '13S')",17.1431,,525948.0
"('10D', '12D', '02D', '02C', '13S')",17.143,,525801.0
"('12D', '02D', '02C', '13S', '09S')",17.1429,,525653.0
"('12D', '02D', '02C', '13S', '08H')",17.1428,,525505.0
"('12D', '02D', '02C', '13S', '07D')",17.142699999999998,,525357.0
"('06C', '12D', '02D', '02C', '13S')",17.142599999999998,,525210.0
"('12D', '02D', '02C', '05S', '13S')",17.1425,,525062.0
"('12D', '02D', '02C', '13S', '04C')",17.1424,,524914.0
"('03S', '12D', '02D', '02C', '13S')",17.1423,,524766.0
"('11D', '10D', '02D', '02C', '13S')",17.142,,524619.0
"('11D', '02D', '02C', '13S', '09S')",17.1419,,524471.0
"('11D', '02D', '02C', '13S', '08H')",17.1418,,524323.0
"('11D', '02D', '02C', '13S', '07D')",17.141699999999997,,524175.0
"('11D', '06C', '02D', '02C', '13S')",17.141599999999997,,524028.0
"('11D', '02D', '02C', '05S', '13S')",17.141499999999997,,523880.0
"('11D', '02D', '02C', '13S', '04C')",17.141399999999997,,523732.0
"('11D', '03S', '02D', '02C', '13S')",17.141299999999998,,523584.0
"('10D', '02D', '02C', '13S', '09S')",17.140900000000002,,523437.0
"('10D', '02D', '02C', '13S', '08H')",17.140800000000002,,523289.0
"('10D', '02D', '02C', '13S', '07D')",17.1407,,523141.0
"('10D', '06C', '02D', '02C', '13S')",17.1406,,522993.0
"('10D', '02D', '02C', '05S', '13S')",17.1405,,522846.0
"('10D', '02D', '02C', '13S', '04C')",17.1404,,522698.0
"('10D', '03S', '02D', '02C', '13S')",17.1403,,522550.0
"('02D', '02C', '13S', '08H', '09S')",17.1398,,522402.0
"('02D', '02C', '13S', '09S', '07D')",17.139699999999998,,522255.0
"('06C', '02D', '02C', '13S', '09S')",17.139599999999998,,522107.0
"('02D', '02C', '05S', '13S', '09S')",17.139499999999998,,521959.0
"('02D', '02C', '13S', '04C', '09S')",17.1394,,521811.0
"('03S', '02D', '02C', '13S', '09S')",17.1393,,521664.0
"('02D', '02C', '13S', '08H', '07D')",17.138699999999996,,521516.0
"('06C', '02D', '02C', '13S', '08H')",17.138599999999997,,521368.0
"('02D', '02C', '05S', '13S', '08H')",17.138499999999997,,521220.0
"('02D', '02C', '13S', '08H', '04C')",17.138399999999997,,521073.0
"('03S', '02D', '02C', '13S', '08H')",17.138299999999997,,520925.0
"('06C', '02D', '02C', '13S', '07D')",17.1376,,520777.0
"('02D', '02C', '05S', '13S', '07D')",17.1375,,520629.0
"('02D', '02C', '13S', '04C', '07D')",17.1374,,520482.0
"('03S', '02D', '02C', '13S', '07D')",17.1373,,520334.0
"('06C', '02D', '02C', '05S', '13S')",17.136499999999998,,520186.0
"('06C', '02D', '02C', '13S', '04C')",17.1364,,520038.0
"('06C', '03S', '02D', '02C', '13S')",17.1363,,519891.0
"('02D', '02C', '05S', '13S', '04C')",17.135399999999997,,519743.0
"('03S', '02D', '02C', '05S', '13S')",17.135299999999997,,519595.0
"('03S', '02D', '02C', '13S', '04C')",17.1343,,519447.0
"('11D', '10D', '12D', '02D', '02C')",17.132,,519300.0
"('11D', '12D', '02D', '02C', '09S')",17.1319,,519152.0
"('11D', '12D', '02D', '02C', '08H')",17.131800000000002,,519004.0
"('11D', '12D', '02D', '02C', '07D')",17.1317,,518856.0
"('11D', '06C', '12D', '02D', '02C')",17.1316,,518709.0
"('11D', '12D', '02D', '02C', '05S')",17.1315,,518561.0
"('11D', '12D', '02D', '02C', '04C')",17.1314,,518413.0
"('11D', '03S', '12D', '02D', '02C')",17.1313,,518265.0
"('10D', '12D', '02D', '02C', '09S')",17.130900000000004,,518118.0
"('10D', '12D', '02D', '02C', '08H')",17.130800000000004,,517970.0
"('10D', '12D', '02D', '02C', '07D')",17.1307,,517822.0
"('10D', '06C', '12D', '02D', '02C')",17.1306,,517674.0
"('10D', '12D', '02D', '02C', '05S')",17.1305,,517527.0
"('10D', '12D', '02D', '02C', '04C')",17.1304,,517379.0
"('10D', '03S', '12D', '02D', '02C')",17.130300000000002,,517231.0
"('12D', '02D', '02C', '08H', '09S')",17.129800000000003,,517083.0
"('12D', '02D', '02C', '09S', '07D')",17.1297,,516936.0
"('06C', '12D', '02D', '02C', '09S')",17.1296,,516788.0
"('12D', '02D', '02C', '05S', '09S')",17.1295,,516640.0
"('12D', '02D', '02C', '04C', '09S')",17.1294,,516492.0
"('03S', '12D', '02D', '02C', '09S')",17.1293,,516345.0
"('12D', '02D', '02C', '08H', '07D')",17.1287,,516197.0
"('06C', '12D', '02D', '02C', '08H')",17.1286,,516049.0
"('12D', '02D', '02C', '05S', '08H')",17.1285,,515901.0
"('12D', '02D', '02C', '08H', '04C')",17.1284,,515754.0
"('03S', '12D', '02D', '02C', '08H')",17.1283,,515606.0
"('06C', '12D', '02D', '02C', '07D')",17.1276,,515458.0
"('12D', '02D', '02C', '05S', '07D')",17.1275,,515310.0
"('12D', '02D', '02C', '04C', '07D')",17.1274,,515163.0
"('03S', '12D', '02D', '02C', '07D')",17.1273,,515015.0
"('06C', '12D', '02D', '02C', '05S')",17.1265,,514867.0
"('06C', '12D', '02D', '02C', '04C')",17.1264,,514719.0
"('06C', '03S', '12D', '02D', '02C')",17.1263,,514572.0
"('12D', '02D', '02C', '05S', '04C')",17.1254,,514424.0
"('03S', '12D', '02D', '02C', '05S')",17.1253,,514276.0
"('03S', '12D', '02D', '02C', '04C')",17.1243,,514128.0
"('11D', '10D', '02D', '02C', '09S')",17.120900000000002,,513981.0
"('11D', '10D', '02D', '02C', '08H')",17.120800000000003,,513833.0
"('11D', '10D', '02D', '02C', '07D')",17.1207,,513685.0
"('11D', '10D', '06C', '02D', '02C')",17.1206,,513537.0
"('11D', '10D', '02D', '02C', '05S')",17.1205,,513390.0
"('11D', '10D', '02D', '02C', '04C')",17.1204,,513242.0
"('11D', '10D', '03S', '02D', '02C')",17.1203,,513094.0
"('11D', '02D', '02C', '08H', '09S')",17.1198,,512946.0
"('11D', '02D', '02C', '09S', '07D')",17.119699999999998,,512799.0
"('11D', '06C', '02D', '02C', '09S')",17.1196,,512651.0
"('11D', '02D', '02C', '05S', '09S')",17.1195,,512503.0
"('11D', '02D', '02C', '04C', '09S')",17.1194,,512355.0
"('11D', '03S', '02D', '02C', '09S')",17.1193,,512208.0
"('11D', '02D', '02C', '08H', '07D')",17.118699999999997,,512060.0
"('11D', '06C', '02D', '02C', '08H')",17.118599999999997,,511912.0
"('11D', '02D', '02C', '05S', '08H')",17.118499999999997,,511764.0
"('11D', '02D', '02C', '08H', '04C')",17.118399999999998,,511617.0
"('11D', '03S', '02D', '02C', '08H')",17.118299999999998,,511469.0
"('11D', '06C', '02D', '02C', '07D')",17.1176,,511321.0
"('11D', '02D', '02C', '05S', '07D')",17.1175,,511173.0
"('11D', '02D', '02C', '04C', '07D')",17.1174,,511026.0
"('11D', '03S', '02D', '02C', '07D')",17.1173,,510878.0
"('11D', '06C', '02D', '02C', '05S')",17.1165,,510730.0
"('11D', '06C', '02D', '02C', '04C')",17.1164,,510582.0
"('11D', '06C', '03S', '02D', '02C')",17.1163,,510435.0
"('11D', '02D', '02C', '05S', '04C')",17.115399999999998,,510287.0
"('11D', '03S', '02D', '02C', '05S')",17.115299999999998,,510139.0
"('11D', '03S', '02D', '02C', '04C')",17.1143,,509991.0
"('10D', '02D', '02C', '08H', '09S')",17.109800000000003,,509844.0
"('10D', '02D', '02C', '09S', '07D')",17.1097,,509696.0
"('10D', '06C', '02D', '02C', '09S')",17.1096,,509548.0
"('10D', '02D', '02C', '05S', '09S')",17.1095,,509400.0
"('10D', '02D', '02C', '04C', '09S')",17.1094,,509253.0
"('10D', '03S', '02D', '02C', '09S')",17.1093,,509105.0
"('10D', '02D', '02C', '08H', '07D')",17.1087,,508957.0
"('10D', '06C', '02D', '02C', '08H')",17.1086,,508809.0
"('10D', '02D', '02C', '05S', '08H')",17.1085,,508662.0
"('10D', '02D', '02C', '08H', '04C')",17.1084,,508514.0
"('10D', '03S', '02D', '02C', '08H')",17.1083,,508366.0
"('10D', '06C', '02D', '02C', '07D')",17.1076,,508218.0
"('10D', '02D', '02C', '05S', '07D')",17.1075,,508071.0
"('10D', '02D', '02C', '04C', '07D')",17.107400000000002,,507923.0
"('10D', '03S', '02D', '02C', '07D')",17.107300000000002,,507775.0
"('10D', '06C', '02D', '02C', '05S')",17.1065,,507627.0
"('10D', '06C', '02D', '02C', '04C')",17.1064,,507480.0
"('10D', '06C', '03S', '02D', '02C')",17.1063,,507332.0
"('10D', '02D', '02C', '05S', '04C')",17.1054,,507184.0
"('10D', '03S', '02D', '02C', '05S')",17.1053,,507036.0
"('10D', '03S', '02D', '02C', '04C')",17.104300000000002,,506889.0
"('02D', '02C', '08H', '09S', '07D')",17.098699999999997,,506741.0
"('06C', '02D', '02C', '08H', '09S')",17.098599999999998,,506593.0
"('02D', '02C', '05S', '08H', '09S')",17.098499999999998,,506445.0
"('02D', '02C', '08H', '04C', '09S')",17.098399999999998,,506298.0
"('03S', '02D', '02C', '08H', '09S')",17.0983,,506150.0
"('06C', '02D', '02C', '09S', '07D')",17.0976,,506002.0
"('02D', '02C', '05S', '09S', '07D')",17.0975,,505854.0
"('02D', '02C', '04C', '09S', '07D')",17.0974,,505707.0
"('03S', '02D', '02C', '09S', '07D')",17.0973,,505559.0
"('06C', '02D', '02C', '05S', '09S')",17.0965,,505411.0
"('06C', '02D', '02C', '04C', '09S')",17.0964,,505263.0
"('06C', '03S', '02D', '02C', '09S')",17.0963,,505116.0
"('02D', '02C', '05S', '04C', '09S')",17.095399999999998,,504968.0
"('03S', '02D', '02C', '05S', '09S')",17.095299999999998,,504820.0
"('03S', '02D', '02C', '04C', '09S')",17.0943,,504672.0
"('06C', '02D', '02C', '08H', '07D')",17.0876,,504525.0
"('02D', '02C', '05S', '08H', '07D')",17.0875,,504377.0
"('02D', '02C', '08H', '04C', '07D')",17.0874,,504229.0
"('03S', '02D', '02C', '08H', '07D')",17.0873,,504081.0
"('06C', '02D', '02C', '05S', '08H')",17.086499999999997,,503933.0
"('06C', '02D', '02C', '08H', '04C')",17.086399999999998,,503786.0
"('06C', '03S', '02D', '02C', '08H')",17.086299999999998,,503638.0
"('02D', '02C', '05S', '08H', '04C')",17.085399999999996,,503490.0
"('03S', '02D', '02C', '05S', '08H')",17.085299999999997,,503342.0
"('03S', '02D', '02C', '08H', '04C')",17.0843,,503195.0
"('06C', '02D', '02C', '05S', '07D')",17.0765,,503047.0
"('06C', '02D', '02C', '04C', '07D')",17.0764,,502899.0
"('06C', '03S', '02D', '02C', '07D')",17.0763,,502751.0
"('02D', '02C', '05S', '04C', '07D')",17.0754,,502604.0
"('03S', '02D', '02C', '05S', '07D')",17.0753,,502456.0
"('03S', '02D', '02C', '04C', '07D')",17.0743,,502308.0
"('06C', '02D', '02C', '05S', '04C')",17.065399999999997,,502160.0
"('06C', '03S', '02D', '02C', '05S')",17.065299999999997,,502013.0
"('06C', '03S', '02D', '02C', '04C')",17.0643,,501865.0
"('03S', '02D', '02C', '05S', '04C')",17.0543,,501717.0
"('11D', '12D', '14S', '13S', '09S')",14.14319,,501569.0
"('11D', '12D', '14S', '13S', '08H')",14.143180000000001,,501177.0
"('11D', '12D', '14S', '13S', '07D')",14.14317,,500785.0
"('11D', '06C', '12D', '14S', '13S')",14.14316,,500392.0
"('11D', '12D', '05S', '14S', '13S')",14.14315,,500000.0
"('11D', '12D', '14S', '13S', '04C')",14.14314,,499607.0
"('11D', '03S', '12D', '14S', '13S')",14.143130000000001,,499215.0
"('11D', '12D', '02D', '14S', '13S')",14.14312,,498822.0
"('10D', '12D', '14S', '13S', '09S')",14.14309,,498430.0
"('10D', '12D', '14S', '13S', '08H')",14.143080000000001,,498037.0
"('10D', '12D', '14S', '13S', '07D')",14.14307,,497645.0
"('10D', '06C', '12D', '14S', '13S')",14.14306,,497252.0
"('10D', '12D', '05S', '14S', '13S')",14.14305,,496860.0
"('10D', '12D', '14S', '13S', '04C')",14.143040000000001,,496467.0
"('10D', '03S', '12D', '14S', '13S')",14.143030000000001,,496075.0
"('10D', '12D', '02D', '14S', '13S')",14.14302,,495683.0
"('12D', '14S', '13S', '08H', '09S')",14.142980000000001,,495290.0
"('12D', '14S', '13S', '09S', '07D')",14.14297,,494898.0
"('06C', '12D', '14S', '13S', '09S')",14.14296,,494505.0
"('12D', '05S', '14S', '13S', '09S')",14.14295,,494113.0
"('12D', '14S', '13S', '04C', '09S')",14.142940000000001,,493720.0
"('03S', '12D', '14S', '13S', '09S')",14.142930000000002,,493328.0
"('12D', '02D', '14S', '13S', '09S')",14.14292,,492935.0
"('12D', '14S', '13S', '08H', '07D')",14.14287,,492543.0
"('06C', '12D', '14S', '13S', '08H')",14.14286,,492150.0
"('12D', '05S', '14S', '13S', '08H')",14.142850000000001,,491758.0
"('12D', '14S', '13S', '08H', '04C')",14.142840000000001,,491365.0
"('03S', '12D', '14S', '13S', '08H')",14.142830000000002,,490973.0
"('12D', '02D', '14S', '13S', '08H')",14.14282,,490580.0
"('06C', '12D', '14S', '13S', '07D')",14.14276,,490188.0
"('12D', '05S', '14S', '13S', '07D')",14.142750000000001,,489796.0
"('12D', '14S', '13S', '04C', '07D')",14.142740000000002,,489403.0
"('03S', '12D', '14S', '13S', '07D')",14.142730000000002,,489011.0
"('12D', '02D', '14S', '13S', '07D')",14.14272,,488618.0
"('06C', '12D', '05S', '14S', '13S')",14.142650000000001,,488226.0
"('06C', '12D', '14S', '13S', '04C')",14.142640000000002,,487833.0
"('06C', '03S', '12D', '14S', '13S')",14.142630000000002,,487441.0
"('06C', '12D', '02D', '14S', '13S')",14.14262,,487048.0
"('12D', '05S', '14S', '13S', '04C')",14.142540000000002,,486656.0
"('03S', '12D', '05S', '14S', '13S')",14.142530000000002,,486263.0
"('12D', '02D', '05S', '14S', '13S')",14.142520000000001,,485871.0
"('03S', '12D', '14S', '13S', '04C')",14.142430000000003,,485478.0
"('12D', '02D', '14S', '13S', '04C')",14.142420000000001,,485086.0
"('03S', '12D', '02D', '14S', '13S')",14.14232,,484693.0
"('11D', '10D', '14S', '13S', '09S')",14.14209,,484301.0
"('11D', '10D', '14S', '13S', '08H')",14.14208,,483909.0
"('11D', '10D', '14S', '13S', '07D')",14.142069999999999,,483516.0
"('11D', '10D', '06C', '14S', '13S')",14.142059999999999,,483124.0
"('11D', '10D', '05S', '14S', '13S')",14.14205,,482731.0
"('11D', '10D', '14S', '13S', '04C')",14.14204,,482339.0
"('11D', '10D', '03S', '14S', '13S')",14.14203,,481946.0
"('11D', '10D', '02D', '14S', '13S')",14.142019999999999,,481554.0
"('11D', '14S', '13S', '08H', '09S')",14.14198,,481161.0
"('11D', '14S', '13S', '09S', '07D')",14.141969999999999,,480769.0
"('11D', '06C', '14S', '13S', '09S')",14.14196,,480376.0
"('11D', '05S', '14S', '13S', '09S')",14.14195,,479984.0
"('11D', '14S', '13S', '04C', '09S')",14.14194,,479591.0
"('11D', '03S', '14S', '13S', '09S')",14.14193,,479199.0
"('11D', '02D', '14S', '13S', '09S')",14.141919999999999,,478807.0
"('11D', '14S', '13S', '08H', '07D')",14.141869999999999,,478414.0
"('11D', '06C', '14S', '13S', '08H')",14.14186,,478022.0
"('11D', '05S', '14S', '13S', '08H')",14.14185,,477629.0
"('11D', '14S', '13S', '08H', '04C')",14.14184,,477237.0
"('11D', '03S', '14S', '13S', '08H')",14.14183,,476844.0
"('11D', '02D', '14S', '13S', '08H')",14.14182,,476452.0
"('11D', '06C', '14S', '13S', '07D')",14.14176,,476059.0
"('11D', '05S', '14S', '13S', '07D')",14.14175,,475667.0
"('11D', '14S', '13S', '04C', '07D')",14.14174,,475274.0
"('11D', '03S', '14S', '13S', '07D')",14.14173,,474882.0
"('11D', '02D', '14S', '13S', '07D')",14.14172,,474489.0
"('11D', '06C', '05S', '14S', '13S')",14.14165,,474097.0
"('11D', '06C', '14S', '13S', '04C')",14.14164,,473704.0
"('11D', '06C', '03S', '14S', '13S')",14.141630000000001,,473312.0
"('11D', '06C', '02D', '14S', '13S')",14.14162,,472920.0
"('11D', '05S', '14S', '13S', '04C')",14.14154,,472527.0
"('11D', '03S', '05S', '14S', '13S')",14.141530000000001,,472135.0
"('11D', '02D', '05S', '14S', '13S')",14.14152,,471742.0
"('11D', '03S', '14S', '13S', '04C')",14.141430000000001,,471350.0
"('11D', '02D', '14S', '13S', '04C')",14.14142,,470957.0
"('11D', '03S', '02D', '14S', '13S')",14.141319999999999,,470565.0
"('10D', '14S', '13S', '08H', '09S')",14.14098,,470172.0
"('10D', '14S', '13S', '09S', '07D')",14.14097,,469780.0
"('10D', '06C', '14S', '13S', '09S')",14.14096,,469387.0
"('10D', '05S', '14S', '13S', '09S')",14.14095,,468995.0
"('10D', '14S', '13S', '04C', '09S')",14.14094,,468602.0
"('10D', '03S', '14S', '13S', '09S')",14.14093,,468210.0
"('10D', '02D', '14S', '13S', '09S')",14.14092,,467818.0
"('10D', '14S', '13S', '08H', '07D')",14.14087,,467425.0
"('10D', '06C', '14S', '13S', '08H')",14.14086,,467033.0
"('10D', '05S', '14S', '13S', '08H')",14.14085,,466640.0
"('10D', '14S', '13S', '08H', '04C')",14.14084,,466248.0
"('10D', '03S', '14S', '13S', '08H')",14.140830000000001,,465855.0
"('10D', '02D', '14S', '13S', '08H')",14.14082,,465463.0
"('10D', '06C', '14S', '13S', '07D')",14.14076,,465070.0
"('10D', '05S', '14S', '13S', '07D')",14.14075,,464678.0
"('10D', '14S', '13S', '04C', '07D')",14.140740000000001,,464285.0
"('10D', '03S', '14S', '13S', '07D')",14.140730000000001,,463893.0
"('10D', '02D', '14S', '13S', '07D')",14.14072,,463500.0
"('10D', '06C', '05S', '14S', '13S')",14.14065,,463108.0
"('10D', '06C', '14S', '13S', '04C')",14.140640000000001,,462715.0
"('10D', '06C', '03S', '14S', '13S')",14.140630000000002,,462323.0
"('10D', '06C', '02D', '14S', '13S')",14.14062,,461931.0
"('10D', '05S', '14S', '13S', '04C')",14.140540000000001,,461538.0
"('10D', '03S', '05S', '14S', '13S')",14.140530000000002,,461146.0
"('10D', '02D', '05S', '14S', '13S')",14.14052,,460753.0
"('10D', '03S', '14S', '13S', '04C')",14.140430000000002,,460361.0
"('10D', '02D', '14S', '13S', '04C')",14.14042,,459968.0
"('10D', '03S', '02D', '14S', '13S')",14.14032,,459576.0
"('14S', '13S', '08H', '09S', '07D')",14.13987,,459183.0
"('06C', '14S', '13S', '08H', '09S')",14.13986,,458791.0
"('05S', '14S', '13S', '08H', '09S')",14.139850000000001,,458398.0
"('14S', '13S', '08H', '04C', '09S')",14.139840000000001,,458006.0
"('03S', '14S', '13S', '08H', '09S')",14.139830000000002,,457613.0
"('02D', '14S', '13S', '08H', '09S')",14.13982,,457221.0
"('06C', '14S', '13S', '09S', '07D')",14.13976,,456829.0
"('05S', '14S', '13S', '09S', '07D')",14.139750000000001,,456436.0
"('14S', '13S', '04C', '09S', '07D')",14.139740000000002,,456044.0
"('03S', '14S', '13S', '09S', '07D')",14.139730000000002,,455651.0
"('02D', '14S', '13S', '09S', '07D')",14.13972,,455259.0
"('06C', '05S', '14S', '13S', '09S')",14.139650000000001,,454866.0
"('06C', '14S', '13S', '04C', '09S')",14.139640000000002,,454474.0
"('06C', '03S', '14S', '13S', '09S')",14.139630000000002,,454081.0
"('06C', '02D', '14S', '13S', '09S')",14.13962,,453689.0
"('05S', '14S', '13S', '04C', '09S')",14.139540000000002,,453296.0
"('03S', '05S', '14S', '13S', '09D')",14.139530000000002,,452904.0
"('02D', '05S', '14S', '13S', '09S')",14.139520000000001,,452511.0
"('03S', '14S', '13S', '04C', '09S')",14.139430000000003,,452119.0
"('02D', '14S', '13S', '04C', '09S')",14.139420000000001,,451726.0
"('03S', '02D', '14S', '13S', '09S')",14.13932,,451334.0
"('06C', '14S', '13S', '08H', '07D')",14.13876,,450942.0
"('05S', '14S', '13S', '08H', '07D')",14.13875,,450549.0
"('14S', '13S', '08H', '04C', '07D')",14.13874,,450157.0
"('03S', '14S', '13S', '08H', '07D')",14.13873,,449764.0
"('02D', '14S', '13S', '08H', '07D')",14.13872,,449372.0
"('06C', '05S', '14S', '13S', '08H')",14.13865,,448979.0
"('06C', '14S', '13S', '08H', '04C')",14.13864,,448587.0
"('06C', '03S', '14S', '13S', '08H')",14.138630000000001,,448194.0
"('06C', '02D', '14S', '13S', '08H')",14.13862,,447802.0
"('05S', '14S', '13S', '08H', '04C')",14.13854,,447409.0
"('03S', '05S', '14S', '13S', '08H')",14.138530000000001,,447017.0
"('02D', '05S', '14S', '13S', '08H')",14.13852,,446624.0
"('03S', '14S', '13S', '08H', '04C')",14.138430000000001,,446232.0
"('02D', '14S', '13S', '08H', '04C')",14.13842,,445839.0
"('03S', '02D', '14S', '13S', '08H')",14.138319999999998,,445447.0
"('06C', '05S', '14S', '13S', '07D')",14.13765,,445055.0
"('06C', '14S', '13S', '04C', '07D')",14.137640000000001,,444662.0
"('06C', '03S', '14S', '13S', '07D')",14.137630000000001,,444270.0
"('06C', '02D', '14S', '13S', '07D')",14.13762,,443877.0
"('05S', '14S', '13S', '04C', '07D')",14.137540000000001,,443485.0
"('03S', '05S', '14S', '13S', '07D')",14.137530000000002,,443092.0
"('02D', '05S', '14S', '13S', '07D')",14.13752,,442700.0
"('03S', '14S', '13S', '04C', '07D')",14.137430000000002,,442307.0
"('02D', '14S', '13S', '04C', '07D')",14.13742,,441915.0
"('03S', '02D', '14S', '13S', '07D')",14.137319999999999,,441522.0
"('06C', '05S', '14S', '13S', '04C')",14.136540000000002,,441130.0
"('06C', '03S', '05S', '14S', '13S')",14.136530000000002,,440737.0
"('06C', '02D', '05S', '14S', '13S')",14.13652,,440345.0
"('06C', '03S', '14S', '13S', '04C')",14.136430000000002,,439953.0
"('06C', '02D', '14S', '13S', '04C')",14.136420000000001,,439560.0
"('06C', '03S', '02D', '14S', '13S')",14.13632,,439168.0
"('03S', '05S', '14S', '13S', '04C')",14.135430000000003,,438775.0
"('02D', '05S', '14S', '13S', '04C')",14.135420000000002,,438383.0
"('03S', '02D', '05S', '14S', '13S')",14.13532,,437990.0
"('03S', '02D', '14S', '13S', '04C')",14.134319999999999,,437598.0
"('11D', '10D', '12D', '14S', '09S')",14.132089999999998,,437205.0
"('11D', '10D', '12D', '14S', '08H')",14.132079999999998,,436813.0
"('11D', '10D', '12D', '14S', '07D')",14.132069999999997,,436420.0
"('11D', '10D', '06C', '12D', '14S')",14.132059999999997,,436028.0
"('11D', '10D', '12D', '05S', '14S')",14.132049999999998,,435635.0
"('11D', '10D', '12D', '14S', '04C')",14.132039999999998,,435243.0
"('11D', '10D', '03S', '12D', '14S')",14.132029999999999,,434850.0
"('11D', '10D', '12D', '02D', '14S')",14.132019999999997,,434458.0
"('11D', '12D', '14S', '08H', '09S')",14.131979999999999,,434066.0
"('11D', '12D', '14S', '09S', '07D')",14.131969999999997,,433673.0
"('11D', '06C', '12D', '14S', '09S')",14.131959999999998,,433281.0
"('11D', '12D', '05S', '14S', '09S')",14.131949999999998,,432888.0
"('11D', '12D', '14S', '04C', '09S')",14.131939999999998,,432496.0
"('11D', '03S', '12D', '14S', '09S')",14.131929999999999,,432103.0
"('11D', '12D', '02D', '14S', '09S')",14.131919999999997,,431711.0
"('11D', '12D', '14S', '08H', '07D')",14.131869999999997,,431318.0
"('11D', '06C', '12D', '14S', '08H')",14.131859999999998,,430926.0
"('11D', '12D', '05S', '14S', '08H')",14.131849999999998,,430533.0
"('11D', '12D', '14S', '08H', '04C')",14.131839999999999,,430141.0
"('11D', '03S', '12D', '14S', '08H')",14.131829999999999,,429748.0
"('11D', '12D', '02D', '14S', '08H')",14.131819999999998,,429356.0
"('11D', '06C', '12D', '14S', '07D')",14.131759999999998,,428964.0
"('11D', '12D', '05S', '14S', '07D')",14.131749999999998,,428571.0
"('11D', '12D', '14S', '04C', '07D')",14.131739999999999,,428179.0
"('11D', '03S', '12D', '14S', '07D')",14.13173,,427786.0
"('11D', '12D', '02D', '14S', '07D')",14.131719999999998,,427394.0
"('11D', '06C', '12D', '05S', '14S')",14.131649999999999,,427001.0
"('11D', '06C', '12D', '14S', '04C')",14.131639999999999,,426609.0
"('11D', '06C', '03S', '12D', '14S')",14.13163,,426216.0
"('11D', '06C', '12D', '02D', '14S')",14.131619999999998,,425824.0
"('11D', '12D', '05S', '14S', '04C')",14.13154,,425431.0
"('11D', '03S', '12D', '05S', '14S')",14.13153,,425039.0
"('11D', '12D', '02D', '05S', '14S')",14.131519999999998,,424646.0
"('11D', '03S', '12D', '14S', '04C')",14.13143,,424254.0
"('11D', '12D', '02D', '14S', '04C')",14.131419999999999,,423861.0
"('11D', '03S', '12D', '02D', '14S')",14.131319999999997,,423469.0
"('10D', '12D', '14S', '08H', '09S')",14.13098,,423077.0
"('10D', '12D', '14S', '09S', '07D')",14.130969999999998,,422684.0
"('10D', '06C', '12D', '14S', '09S')",14.130959999999998,,422292.0
"('10D', '12D', '05S', '14S', '09S')",14.130949999999999,,421899.0
"('10D', '12D', '14S', '04C', '09S')",14.130939999999999,,421507.0
"('10D', '03S', '12D', '14S', '09S')",14.13093,,421114.0
"('10D', '12D', '02D', '14S', '09S')",14.130919999999998,,420722.0
"('10D', '12D', '14S', '08H', '07D')",14.130869999999998,,420329.0
"('10D', '06C', '12D', '14S', '08H')",14.130859999999998,,419937.0
"('10D', '12D', '05S', '14S', '08H')",14.130849999999999,,419544.0
"('10D', '12D', '14S', '08H', '04C')",14.13084,,419152.0
"('10D', '03S', '12D', '14S', '08H')",14.13083,,418759.0
"('10D', '12D', '02D', '14S', '08H')",14.130819999999998,,418367.0
"('10D', '06C', '12D', '14S', '07D')",14.130759999999999,,417974.0
"('10D', '12D', '05S', '14S', '07D')",14.130749999999999,,417582.0
"('10D', '12D', '14S', '04C', '07D')",14.13074,,417190.0
"('10D', '03S', '12D', '14S', '07D')",14.13073,,416797.0
"('10D', '12D', '02D', '14S', '07D')",14.130719999999998,,416405.0
"('10D', '06C', '12D', '05S', '14S')",14.13065,,416012.0
"('10D', '06C', '12D', '14S', '04C')",14.13064,,415620.0
"('10D', '06C', '03S', '12D', '14S')",14.13063,,415227.0
"('10D', '06C', '12D', '02D', '14S')",14.130619999999999,,414835.0
"('10D', '12D', '05S', '14S', '04C')",14.13054,,414442.0
"('10D', '03S', '12D', '05S', '14S')",14.13053,,414050.0
"('10D', '12D', '02D', '05S', '14S')",14.130519999999999,,413657.0
"('10D', '03S', '12D', '14S', '04C')",14.13043,,413265.0
"('10D', '12D', '02D', '14S', '04C')",14.130419999999999,,412872.0
"('10D', '03S', '12D', '02D', '14S')",14.130319999999998,,412480.0
"('12D', '14S', '08H', '09S', '07D')",14.129869999999999,,412088.0
"('06C', '12D', '14S', '08H', '09S')",14.129859999999999,,411695.0
"('12D', '05S', '14S', '08H', '09S')",14.12985,,411303.0
"('12D', '14S', '08H', '04C', '09S')",14.12984,,410910.0
"('03S', '12D', '14S', '08H', '09S')",14.12983,,410518.0
"('12D', '02D', '14S', '08H', '09S')",14.129819999999999,,410125.0
"('06C', '12D', '14S', '09S', '07D')",14.12976,,409733.0
"('12D', '05S', '14S', '09S', '07D')",14.12975,,409340.0
"('12D', '14S', '04C', '09S', '07D')",14.12974,,408948.0
"('03S', '12D', '14S', '09S', '07D')",14.12973,,408555.0
"('12D', '02D', '14S', '09S', '07D')",14.129719999999999,,408163.0
"('06C', '12D', '05S', '14S', '09S')",14.12965,,407770.0
"('06C', '12D', '14S', '04C', '09S')",14.12964,,407378.0
"('06C', '03S', '12D', '14S', '09S')",14.12963,,406985.0
"('06C', '12D', '02D', '14S', '09S')",14.12962,,406593.0
"('12D', '05S', '14S', '04C', '09S')",14.12954,,406201.0
"('03S', '12D', '05S', '14S', '09S')",14.12953,,405808.0
"('12D', '02D', '05S', '14S', '09S')",14.12952,,405416.0
"('03S', '12D', '14S', '04C', '09S')",14.129430000000001,,405023.0
"('12D', '02D', '14S', '04C', '09S')",14.12942,,404631.0
"('03S', '12D', '02D', '14S', '09S')",14.129319999999998,,404238.0
"('06C', '12D', '14S', '08H', '07D')",14.128759999999998,,403846.0
"('12D', '05S', '14S', '08H', '07D')",14.128749999999998,,403453.0
"('12D', '14S', '08H', '04C', '07D')",14.128739999999999,,403061.0
"('03S', '12D', '14S', '08H', '07D')",14.12873,,402668.0
"('12D', '02D', '14S', '08H', '07D')",14.128719999999998,,402276.0
"('06C', '12D', '05S', '14S', '08H')",14.128649999999999,,401883.0
"('06C', '12D', '14S', '08H', '04C')",14.128639999999999,,401491.0
"('06C', '03S', '12D', '14S', '08H')",14.12863,,401099.0
"('06C', '12D', '02D', '14S', '08H')",14.128619999999998,,400706.0
"('12D', '05S', '14S', '08H', '04C')",14.12854,,400314.0
"('03S', '12D', '05S', '14S', '08H')",14.12853,,399921.0
"('12D', '02D', '05S', '14S', '08H')",14.128519999999998,,399529.0
"('03S', '12D', '14S', '08H', '04C')",14.12843,,399136.0
"('12D', '02D', '14S', '08H', '04C')",14.128419999999998,,398744.0
"('03S', '12D', '02D', '14S', '08H')",14.128319999999997,,398351.0
"('06C', '12D', '05S', '14S', '07D')",14.12765,,397959.0
"('06C', '12D', '14S', '04C', '07D')",14.12764,,397566.0
"('06C', '03S', '12D', '14S', '07D')",14.12763,,397174.0
"('06C', '12D', '02D', '14S', '07D')",14.127619999999999,,396781.0
"('12D', '05S', '14S', '04C', '07D')",14.12754,,396389.0
"('03S', '12D', '05S', '14S', '07D')",14.12753,,395996.0
"('12D', '02D', '05S', '14S', '07D')",14.127519999999999,,395604.0
"('03S', '12D', '14S', '04C', '07D')",14.12743,,395212.0
"('12D', '02D', '14S', '04C', '07D')",14.127419999999999,,394819.0
"('03S', '12D', '02D', '14S', '07D')",14.127319999999997,,394427.0
"('06C', '12D', '05S', '14S', '04C')",14.12654,,394034.0
"('06C', '03S', '12D', '05S', '14S')",14.12653,,393642.0
"('06C', '12D', '02D', '05S', '14S')",14.12652,,393249.0
"('06C', '03S', '12D', '14S', '04C')",14.126430000000001,,392857.0
"('06C', '12D', '02D', '14S', '04C')",14.12642,,392464.0
"('06C', '03S', '12D', '02D', '14S')",14.126319999999998,,392072.0
"('03S', '12D', '05S', '14S', '04C')",14.125430000000001,,391679.0
"('12D', '02D', '05S', '14S', '04C')",14.12542,,391287.0
"('03S', '12D', '02D', '05S', '14S')",14.125319999999999,,390894.0
"('03S', '12D', '02D', '14S', '04C')",14.124319999999997,,390502.0
"('11D', '10D', '14S', '08H', '09S')",14.12098,,390110.0
"('11D', '10D', '14S', '09S', '07D')",14.120969999999998,,389717.0
"('11D', '10D', '06C', '14S', '09S')",14.120959999999998,,389325.0
"('11D', '10D', '05S', '14S', '09S')",14.120949999999999,,388932.0
"('11D', '10D', '14S', '04C', '09S')",14.12094,,388540.0
"('11D', '10D', '03S', '14S', '09S')",14.12093,,388147.0
"('11D', '10D', '02D', '14S', '09S')",14.120919999999998,,387755.0
"('11D', '10D', '14S', '08H', '07D')",14.120869999999998,,387362.0
"('11D', '10D', '06C', '14S', '08H')",14.120859999999999,,386970.0
"('11D', '10D', '05S', '14S', '08H')",14.120849999999999,,386577.0
"('11D', '10D', '14S', '08H', '04C')",14.12084,,386185.0
"('11D', '10D', '03S', '14S', '08H')",14.12083,,385792.0
"('11D', '10D', '02D', '14S', '08H')",14.120819999999998,,385400.0
"('11D', '10D', '06C', '14S', '07D')",14.120759999999999,,385007.0
"('11D', '10D', '05S', '14S', '07D')",14.12075,,384615.0
"('11D', '10D', '14S', '04C', '07D')",14.12074,,384223.0
"('11D', '10D', '03S', '14S', '07D')",14.12073,,383830.0
"('11D', '10D', '02D', '14S', '07D')",14.120719999999999,,383438.0
"('11D', '10D', '06C', '05S', '14S')",14.12065,,383045.0
"('11D', '10D', '06C', '14S', '04C')",14.12064,,382653.0
"('11D', '10D', '06C', '03S', '14S')",14.12063,,382260.0
"('11D', '10D', '06C', '02D', '14S')",14.120619999999999,,381868.0
"('11D', '10D', '05S', '14S', '04C')",14.12054,,381475.0
"('11D', '10D', '03S', '05S', '14S')",14.12053,,381083.0
"('11D', '10D', '02D', '05S', '14S')",14.120519999999999,,380690.0
"('11D', '10D', '03S', '14S', '04C')",14.12043,,380298.0
"('11D', '10D', '02D', '14S', '04C')",14.12042,,379905.0
"('11D', '10D', '03S', '02D', '14S')",14.120319999999998,,379513.0
"('11D', '14S', '08H', '09S', '07D')",14.119869999999999,,379120.0
"('11D', '06C', '14S', '08H', '09S')",14.11986,,378728.0
"('11D', '05S', '14S', '08H', '09S')",14.11985,,378336.0
"('11D', '14S', '08H', '04C', '09S')",14.11984,,377943.0
"('11D', '03S', '14S', '08H', '09S')",14.11983,,377551.0
"('11D', '02D', '14S', '08H', '09S')",14.119819999999999,,377158.0
"('11D', '06C', '14S', '09S', '07D')",14.11976,,376766.0
"('11D', '05S', '14S', '09S', '07D')",14.11975,,376373.0
"('11D', '14S', '04C', '09S', '07D')",14.11974,,375981.0
"('11D', '03S', '14S', '09S', '07D')",14.11973,,375588.0
"('11D', '02D', '14S', '09S', '07D')",14.11972,,375196.0
"('11D', '06C', '05S', '14S', '09S')",14.11965,,374803.0
"('11D', '06C', '14S', '04C', '09S')",14.11964,,374411.0
"('11D', '06C', '03S', '14S', '09S')",14.11963,,374018.0
"('11D', '06C', '02D', '14S', '09S')",14.11962,,373626.0
"('11D', '05S', '14S', '04C', '09S')",14.11954,,373234.0
"('11D', '03S', '05S', '14S', '09S')",14.119530000000001,,372841.0
"('11D', '02D', '05S', '14S', '09S')",14.11952,,372449.0
"('11D', '03S', '14S', '04C', '09S')",14.119430000000001,,372056.0
"('11D', '02D', '14S', '04C', '09S')",14.11942,,371664.0
"('11D', '03S', '02D', '14S', '09S')",14.119319999999998,,371271.0
"('11D', '06C', '14S', '08H', '07D')",14.118759999999998,,370879.0
"('11D', '05S', '14S', '08H', '07D')",14.118749999999999,,370486.0
"('11D', '14S', '08H', '04C', '07D')",14.118739999999999,,370094.0
"('11D', '03S', '14S', '08H', '07D')",14.11873,,369701.0
"('11D', '02D', '14S', '08H', '07D')",14.118719999999998,,369309.0
"('11D', '06C', '05S', '14S', '08H')",14.118649999999999,,368916.0
"('11D', '06C', '14S', '08H', '04C')",14.11864,,368524.0
"('11D', '06C', '03S', '14S', '08H')",14.11863,,368131.0
"('11D', '06C', '02D', '14S', '08H')",14.118619999999998,,367739.0
"('11D', '05S', '14S', '08H', '04C')",14.11854,,367347.0
"('11D', '03S', '05S', '14S', '08H')",14.11853,,366954.0
"('11D', '02D', '05S', '14S', '08H')",14.118519999999998,,366562.0
"('11D', '03S', '14S', '08H', '04C')",14.11843,,366169.0
"('11D', '02D', '14S', '08H', '04C')",14.118419999999999,,365777.0
"('11D', '03S', '02D', '14S', '08H')",14.118319999999997,,365384.0
"('11D', '06C', '05S', '14S', '07D')",14.11765,,364992.0
"('11D', '06C', '14S', '04C', '07D')",14.11764,,364599.0
"('11D', '06C', '03S', '14S', '07D')",14.11763,,364207.0
"('11D', '06C', '02D', '14S', '07D')",14.117619999999999,,363814.0
"('11D', '05S', '14S', '04C', '07D')",14.11754,,363422.0
"('11D', '03S', '05S', '14S', '07D')",14.11753,,363029.0
"('11D', '02D', '05S', '14S', '07D')",14.117519999999999,,362637.0
"('11D', '03S', '14S', '04C', '07D')",14.11743,,362245.0
"('11D', '02D', '14S', '04C', '07D')",14.11742,,361852.0
"('11D', '03S', '02D', '14S', '07D')",14.117319999999998,,361460.0
"('11D', '06C', '05S', '14S', '04C')",14.11654,,361067.0
"('11D', '06C', '03S', '05S', '14S')",14.116530000000001,,360675.0
"('11D', '06C', '02D', '05S', '14S')",14.11652,,360282.0
"('11D', '06C', '03S', '14S', '04C')",14.116430000000001,,359890.0
"('11D', '06C', '02D', '14S', '04C')",14.11642,,359497.0
"('11D', '06C', '03S', '02D', '14S')",14.116319999999998,,359105.0
"('11D', '03S', '05S', '14S', '04C')",14.115430000000002,,358712.0
"('11D', '02D', '05S', '14S', '04C')",14.11542,,358320.0
"('11D', '03S', '02D', '05S', '14S')",14.115319999999999,,357927.0
"('11D', '03S', '02D', '14S', '04C')",14.114319999999998,,357535.0
"('10D', '14S', '08H', '09S', '07D')",14.109869999999999,,357142.0
"('10D', '06C', '14S', '08H', '09S')",14.10986,,356750.0
"('10D', '05S', '14S', '08H', '09S')",14.10985,,356358.0
"('10D', '14S', '08H', '04C', '09S')",14.10984,,355965.0
"('10D', '03S', '14S', '08H', '09S')",14.10983,,355573.0
"('10D', '02D', '14S', '08H', '09S')",14.10982,,355180.0
"('10D', '06C', '14S', '09S', '07D')",14.10976,,354788.0
"('10D', '05S', '14S', '09S', '07D')",14.10975,,354395.0
"('10D', '14S', '04C', '09S', '07D')",14.10974,,354003.0
"('10D', '03S', '14S', '09S', '07D')",14.10973,,353610.0
"('10D', '02D', '14S', '09S', '07D')",14.10972,,353218.0
"('10D', '06C', '05S', '14S', '09S')",14.10965,,352825.0
"('10D', '06C', '14S', '04C', '09S')",14.10964,,352433.0
"('10D', '06C', '03S', '14S', '09S')",14.109630000000001,,352040.0
"('10D', '06C', '02D', '14S', '09S')",14.10962,,351648.0
"('10D', '05S', '14S', '04C', '09S')",14.10954,,351256.0
"('10D', '03S', '05S', '14S', '09S')",14.109530000000001,,350863.0
"('10D', '02D', '05S', '14S', '09S')",14.10952,,350471.0
"('10D', '03S', '14S', '04C', '09S')",14.109430000000001,,350078.0
"('10D', '02D', '14S', '04C', '09S')",14.10942,,349686.0
"('10D', '03S', '02D', '14S', '09S')",14.109319999999999,,349293.0
"('10D', '06C', '14S', '08H', '07D')",14.108759999999998,,348901.0
"('10D', '05S', '14S', '08H', '07D')",14.108749999999999,,348508.0
"('10D', '14S', '08H', '04C', '07D')",14.10874,,348116.0
"('10D', '03S', '14S', '08H', '07D')",14.10873,,347723.0
"('10D', '02D', '14S', '08H', '07D')",14.108719999999998,,347331.0
"('10D', '06C', '05S', '14S', '08H')",14.108649999999999,,346938.0
"('10D', '06C', '14S', '08H', '04C')",14.10864,,346546.0
"('10D', '06C', '03S', '14S', '08H')",14.10863,,346153.0
"('10D', '06C', '02D', '14S', '08H')",14.108619999999998,,345761.0
"('10D', '05S', '14S', '08H', '04C')",14.10854,,345369.0
"('10D', '03S', '05S', '14S', '08H')",14.10853,,344976.0
"('10D', '02D', '05S', '14S', '08H')",14.108519999999999,,344584.0
"('10D', '03S', '14S', '08H', '04C')",14.10843,,344191.0
"('10D', '02D', '14S', '08H', '04C')",14.108419999999999,,343799.0
"('10D', '03S', '02D', '14S', '08H')",14.108319999999997,,343406.0
"('10D', '06C', '05S', '14S', '07D')",14.10765,,343014.0
"('10D', '06C', '14S', '04C', '07D')",14.10764,,342621.0
"('10D', '06C', '03S', '14S', '07D')",14.10763,,342229.0
"('10D', '06C', '02D', '14S', '07D')",14.107619999999999,,341836.0
"('10D', '05S', '14S', '04C', '07D')",14.10754,,341444.0
"('10D', '03S', '05S', '14S', '07D')",14.10753,,341051.0
"('10D', '02D', '05S', '14S', '07D')",14.10752,,340659.0
"('10D', '03S', '14S', '04C', '07D')",14.10743,,340266.0
"('10D', '02D', '14S', '04C', '07D')",14.10742,,339874.0
"('10D', '03S', '02D', '14S', '07D')",14.107319999999998,,339482.0
"('10D', '06C', '05S', '14S', '04C')",14.10654,,339089.0
"('10D', '06C', '03S', '05S', '14S')",14.106530000000001,,338697.0
"('10D', '06C', '02D', '05S', '14S')",14.10652,,338304.0
"('10D', '06C', '03S', '14S', '04C')",14.106430000000001,,337912.0
"('10D', '06C', '02D', '14S', '04C')",14.10642,,337519.0
"('10D', '06C', '03S', '02D', '14S')",14.106319999999998,,337127.0
"('10D', '03S', '05S', '14S', '04C')",14.105430000000002,,336734.0
"('10D', '02D', '05S', '14S', '04C')",14.10542,,336342.0
"('10D', '03S', '02D', '05S', '14S')",14.105319999999999,,335949.0
"('10D', '03S', '02D', '14S', '04C')",14.104319999999998,,335557.0
"('06C', '14S', '08H', '09S', '07D')",14.098759999999999,,335164.0
"('05S', '14S', '08H', '09S', '07D')",14.098749999999999,,334772.0
"('14S', '08H', '04C', '09S', '07D')",14.09874,,334380.0
"('03S', '14S', '08H', '09S', '07D')",14.09873,,333987.0
"('02D', '14S', '08H', '09S', '07D')",14.098719999999998,,333595.0
"('06C', '05S', '14S', '08H', '09S')",14.09865,,333202.0
"('06C', '14S', '08H', '04C', '09S')",14.09864,,332810.0
"('06C', '03S', '14S', '08H', '09S')",14.09863,,332417.0
"('06C', '02D', '14S', '08H', '09S')",14.098619999999999,,332025.0
"('05S', '14S', '08H', '04C', '09S')",14.09854,,331632.0
"('03S', '05S', '14S', '08H', '09S')",14.09853,,331240.0
"('02D', '05S', '14S', '08H', '09S')",14.098519999999999,,330847.0
"('03S', '14S', '08H', '04C', '09S')",14.09843,,330455.0
"('02D', '14S', '08H', '04C', '09S')",14.098419999999999,,330062.0
"('03S', '02D', '14S', '08H', '09S')",14.098319999999998,,329670.0
"('06C', '05S', '14S', '09S', '07D')",14.09765,,329277.0
"('06C', '14S', '04C', '09S', '07D')",14.09764,,328885.0
"('06C', '03S', '14S', '09S', '07D')",14.09763,,328493.0
"('06C', '02D', '14S', '09S', '07D')",14.09762,,328100.0
"('05S', '14S', '04C', '09S', '07D')",14.09754,,327708.0
"('03S', '05S', '14S', '09S', '07D')",14.09753,,327315.0
"('02D', '05S', '14S', '09S', '07D')",14.09752,,326923.0
"('03S', '14S', '04C', '09S', '07D')",14.097430000000001,,326530.0
"('02D', '14S', '04C', '09S', '07D')",14.09742,,326138.0
"('03S', '02D', '14S', '09S', '07D')",14.097319999999998,,325745.0
"('06C', '05S', '14S', '04C', '09S')",14.096540000000001,,325353.0
"('06C', '03S', '05S', '14S', '09S')",14.096530000000001,,324960.0
"('06C', '02D', '05S', '14S', '09S')",14.09652,,324568.0
"('06C', '03S', '14S', '04C', '09S')",14.096430000000002,,324175.0
"('06C', '02D', '14S', '04C', '09S')",14.09642,,323783.0
"('06C', '03S', '02D', '14S', '09S')",14.096319999999999,,323391.0
"('03S', '05S', '14S', '04C', '09S')",14.095430000000002,,322998.0
"('02D', '05S', '14S', '04C', '09S')",14.09542,,322606.0
"('03S', '02D', '05S', '14S', '09S')",14.09532,,322213.0
"('03S', '02D', '14S', '04C', '09S')",14.094319999999998,,321821.0
"('06C', '05S', '14S', '08H', '07D')",14.08765,,321428.0
"('06C', '14S', '08H', '04C', '07D')",14.08764,,321036.0
"('06C', '03S', '14S', '08H', '07D')",14.08763,,320643.0
"('06C', '02D', '14S', '08H', '07D')",14.08762,,320251.0
"('05S', '14S', '08H', '04C', '07D')",14.08754,,319858.0
"('03S', '05S', '14S', '08H', '07D')",14.087530000000001,,319466.0
"('02D', '05S', '14S', '08H', '07D')",14.08752,,319073.0
"('03S', '14S', '08H', '04C', '07D')",14.087430000000001,,318681.0
"('02D', '14S', '08H', '04C', '07D')",14.08742,,318288.0
"('03S', '02D', '14S', '08H', '07D')",14.087319999999998,,317896.0
"('06C', '05S', '14S', '08H', '04C')",14.086540000000001,,317504.0
"('06C', '03S', '05S', '14S', '08H')",14.086530000000002,,317111.0
"('06C', '02D', '05S', '14S', '08H')",14.08652,,316719.0
"('06C', '03S', '14S', '08H', '04C')",14.086430000000002,,316326.0
"('06C', '02D', '14S', '08H', '04C')",14.08642,,315934.0
"('06C', '03S', '02D', '14S', '08H')",14.086319999999999,,315541.0
"('03S', '05S', '14S', '08H', '04C')",14.085430000000002,,315149.0
"('02D', '05S', '14S', '08H', '04C')",14.085420000000001,,314756.0
"('03S', '02D', '05S', '14S', '08H')",14.08532,,314364.0
"('03S', '02D', '14S', '08H', '04C')",14.084319999999998,,313971.0
"('06C', '05S', '14S', '04C', '07D')",14.076540000000001,,313579.0
"('06C', '03S', '05S', '14S', '07D')",14.076530000000002,,313186.0
"('06C', '02D', '05S', '14S', '07D')",14.07652,,312794.0
"('06C', '03S', '14S', '04C', '07D')",14.076430000000002,,312401.0
"('06C', '02D', '14S', '04C', '07D')",14.07642,,312009.0
"('06C', '03S', '02D', '14S', '07D')",14.076319999999999,,311617.0
"('03S', '05S', '14S', '04C', '07D')",14.075430000000003,,311224.0
"('02D', '05S', '14S', '04C', '07D')",14.075420000000001,,310832.0
"('03S', '02D', '05S', '14S', '07D')",14.07532,,310439.0
"('03S', '02D', '14S', '04C', '07D')",14.074319999999998,,310047.0
"('06C', '03S', '05S', '14S', '04C')",14.065430000000003,,309654.0
"('06C', '02D', '05S', '14S', '04C')",14.065420000000001,,309262.0
"('06C', '03S', '02D', '05S', '14S')",14.06532,,308869.0
"('06C', '03S', '02D', '14S', '04C')",14.064319999999999,,308477.0
"('03S', '02D', '05S', '14S', '04C')",14.054319999999999,,308084.0
"('11D', '10D', '12D', '13S', '08H')",13.132079999999998,,307692.0
"('11D', '10D', '12D', '13S', '07D')",13.132069999999997,,307299.0
"('11D', '10D', '06C', '12D', '13S')",13.132059999999997,,306907.0
"('11D', '10D', '12D', '05S', '13S')",13.132049999999998,,306515.0
"('11D', '10D', '12D', '13S', '04C')",13.132039999999998,,306122.0
"('11D', '10D', '03S', '12D', '13S')",13.132029999999999,,305730.0
"('11D', '10D', '12D', '02D', '13S')",13.132019999999997,,305337.0
"('11D', '12D', '13S', '08H', '09S')",13.131979999999999,,304945.0
"('11D', '12D', '13S', '09S', '07D')",13.131969999999997,,304552.0
"('11D', '06C', '12D', '13S', '09S')",13.131959999999998,,304160.0
"('11D', '12D', '05S', '13S', '09S')",13.131949999999998,,303767.0
"('11D', '12D', '13S', '04C', '09S')",13.131939999999998,,303375.0
"('11D', '03S', '12D', '13S', '09S')",13.131929999999999,,302982.0
"('11D', '12D', '02D', '13S', '09S')",13.131919999999997,,302590.0
"('11D', '12D', '13S', '08H', '07D')",13.131869999999997,,302197.0
"('11D', '06C', '12D', '13S', '08H')",13.131859999999998,,301805.0
"('11D', '12D', '05S', '13S', '08H')",13.131849999999998,,301412.0
"('11D', '12D', '13S', '08H', '04C')",13.131839999999999,,301020.0
"('11D', '03S', '12D', '13S', '08H')",13.131829999999999,,300628.0
"('11D', '12D', '02D', '13S', '08H')",13.131819999999998,,300235.0
"('11D', '06C', '12D', '13S', '07D')",13.131759999999998,,299843.0
"('11D', '12D', '05S', '13S', '07D')",13.131749999999998,,299450.0
"('11D', '12D', '13S', '04C', '07D')",13.131739999999999,,299058.0
"('11D', '03S', '12D', '13S', '07D')",13.13173,,298665.0
"('11D', '12D', '02D', '13S', '07D')",13.131719999999998,,298273.0
"('11D', '06C', '12D', '05S', '13S')",13.131649999999999,,297880.0
"('11D', '06C', '12D', '13S', '04C')",13.131639999999999,,297488.0
"('11D', '06C', '03S', '12D', '13S')",13.13163,,297095.0
"('11D', '06C', '12D', '02D', '13S')",13.131619999999998,,296703.0
"('11D', '12D', '05S', '13S', '04C')",13.13154,,296310.0
"('11D', '03S', '12D', '05S', '13S')",13.13153,,295918.0
"('11D', '12D', '02D', '05S', '13S')",13.131519999999998,,295526.0
"('11D', '03S', '12D', '13S', '04C')",13.13143,,295133.0
"('11D', '12D', '02D', '13S', '04C')",13.131419999999999,,294741.0
"('11D', '03S', '12D', '02D', '13S')",13.131319999999997,,294348.0
"('10D', '12D', '13S', '08H', '09S')",13.13098,,293956.0
"('10D', '12D', '13S', '09S', '07D')",13.130969999999998,,293563.0
"('10D', '06C', '12D', '13S', '09S')",13.130959999999998,,293171.0
"('10D', '12D', '05S', '13S', '09S')",13.130949999999999,,292778.0
"('10D', '12D', '13S', '04C', '09S')",13.130939999999999,,292386.0
"('10D', '03S', '12D', '13S', '09S')",13.13093,,291993.0
"('10D', '12D', '02D', '13S', '09S')",13.130919999999998,,291601.0
"('10D', '12D', '13S', '08H', '07D')",13.130869999999998,,291208.0
"('10D', '06C', '12D', '13S', '08H')",13.130859999999998,,290816.0
"('10D', '12D', '05S', '13S', '08H')",13.130849999999999,,290423.0
"('10D', '12D', '13S', '08H', '04C')",13.13084,,290031.0
"('10D', '03S', '12D', '13S', '08H')",13.13083,,289639.0
"('10D', '12D', '02D', '13S', '08H')",13.130819999999998,,289246.0
"('10D', '06C', '12D', '13S', '07D')",13.130759999999999,,288854.0
"('10D', '12D', '05S', '13S', '07D')",13.130749999999999,,288461.0
"('10D', '12D', '13S', '04C', '07D')",13.13074,,288069.0
"('10D', '03S', '12D', '13S', '07D')",13.13073,,287676.0
"('10D', '12D', '02D', '13S', '07D')",13.130719999999998,,287284.0
"('10D', '06C', '12D', '05S', '13S')",13.13065,,286891.0
"('10D', '06C', '12D', '13S', '04C')",13.13064,,286499.0
"('10D', '06C', '03S', '12D', '13S')",13.13063,,286106.0
"('10D', '06C', '12D', '02D', '13S')",13.130619999999999,,285714.0
"('10D', '12D', '05S', '13S', '04C')",13.13054,,285321.0
"('10D', '03S', '12D', '05S', '13S')",13.13053,,284929.0
"('10D', '12D', '02D', '05S', '13S')",13.130519999999999,,284537.0
"('10D', '03S', '12D', '13S', '04C')",13.13043,,284144.0
"('10D', '12D', '02D', '13S', '04C')",13.130419999999999,,283752.0
"('10D', '03S', '12D', '02D', '13S')",13.130319999999998,,283359.0
"('12D', '13S', '08H', '09S', '07D')",13.129869999999999,,282967.0
"('06C', '12D', '13S', '08H', '09S')",13.129859999999999,,282574.0
"('12D', '05S', '13S', '08H', '09S')",13.12985,,282182.0
"('12D', '13S', '08H', '04C', '09S')",13.12984,,281789.0
"('03S', '12D', '13S', '08H', '09S')",13.12983,,281397.0
"('12D', '02D', '13S', '08H', '09S')",13.129819999999999,,281004.0
"('06C', '12D', '13S', '09S', '07D')",13.12976,,280612.0
"('12D', '05S', '13S', '09S', '07D')",13.12975,,280219.0
"('12D', '13S', '04C', '09S', '07D')",13.12974,,279827.0
"('03S', '12D', '13S', '09S', '07D')",13.12973,,279434.0
"('12D', '02D', '13S', '09S', '07D')",13.129719999999999,,279042.0
"('06C', '12D', '05S', '13S', '09S')",13.12965,,278650.0
"('06C', '12D', '13S', '04C', '09S')",13.12964,,278257.0
"('06C', '03S', '12D', '13S', '09S')",13.12963,,277865.0
"('06C', '12D', '02D', '13S', '09S')",13.12962,,277472.0
"('12D', '05S', '13S', '04C', '09S')",13.12954,,277080.0
"('03S', '12D', '05S', '13S', '09S')",13.12953,,276687.0
"('12D', '02D', '05S', '13S', '09S')",13.12952,,276295.0
"('03S', '12D', '13S', '04C', '09S')",13.129430000000001,,275902.0
"('12D', '02D', '13S', '04C', '09S')",13.12942,,275510.0
"('03S', '12D', '02D', '13S', '09S')",13.129319999999998,,275117.0
"('06C', '12D', '13S', '08H', '07D')",13.128759999999998,,274725.0
"('12D', '05S', '13S', '08H', '07D')",13.128749999999998,,274332.0
"('12D', '13S', '08H', '04C', '07D')",13.128739999999999,,273940.0
"('03S', '12D', '13S', '08H', '07D')",13.12873,,273547.0
"('12D', '02D', '13S', '08H', '07D')",13.128719999999998,,273155.0
"('06C', '12D', '05S', '13S', '08H')",13.128649999999999,,272763.0
"('06C', '12D', '13S', '08H', '04C')",13.128639999999999,,272370.0
"('06C', '03S', '12D', '13S', '08H')",13.12863,,271978.0
"('06C', '12D', '02D', '13S', '08H')",13.128619999999998,,271585.0
"('12D', '05S', '13S', '08H', '04C')",13.12854,,271193.0
"('03S', '12D', '05S', '13S', '08H')",13.12853,,270800.0
"('12D', '02D', '05S', '13S', '08H')",13.128519999999998,,270408.0
"('03S', '12D', '13S', '08H', '04C')",13.12843,,270015.0
"('12D', '02D', '13S', '08H', '04C')",13.128419999999998,,269623.0
"('03S', '12D', '02D', '13S', '08H')",13.128319999999997,,269230.0
"('06C', '12D', '05S', '13S', '07D')",13.12765,,268838.0
"('06C', '12D', '13S', '04C', '07D')",13.12764,,268445.0
"('06C', '03S', '12D', '13S', '07D')",13.12763,,268053.0
"('06C', '12D', '02D', '13S', '07D')",13.127619999999999,,267661.0
"('12D', '05S', '13S', '04C', '07D')",13.12754,,267268.0
"('03S', '12D', '05S', '13S', '07D')",13.12753,,266876.0
"('12D', '02D', '05S', '13S', '07D')",13.127519999999999,,266483.0
"('03S', '12D', '13S', '04C', '07D')",13.12743,,266091.0
"('12D', '02D', '13S', '04C', '07D')",13.127419999999999,,265698.0
"('03S', '12D', '02D', '13S', '07D')",13.127319999999997,,265306.0
"('06C', '12D', '05S', '13S', '04C')",13.12654,,264913.0
"('06C', '03S', '12D', '05S', '13S')",13.12653,,264521.0
"('06C', '12D', '02D', '05S', '13S')",13.12652,,264128.0
"('06C', '03S', '12D', '13S', '04C')",13.126430000000001,,263736.0
"('06C', '12D', '02D', '13S', '04C')",13.12642,,263343.0
"('06C', '03S', '12D', '02D', '13S')",13.126319999999998,,262951.0
"('03S', '12D', '05S', '13S', '04C')",13.125430000000001,,262558.0
"('12D', '02D', '05S', '13S', '04C')",13.12542,,262166.0
"('03S', '12D', '02D', '05S', '13S')",13.125319999999999,,261774.0
"('03S', '12D', '02D', '13S', '04C')",13.124319999999997,,261381.0
"('11D', '10D', '13S', '08H', '09S')",13.12098,,260989.0
"('11D', '10D', '13S', '09S', '07D')",13.120969999999998,,260596.0
"('11D', '10D', '06C', '13S', '09S')",13.120959999999998,,260204.0
"('11D', '10D', '05S', '13S', '09S')",13.120949999999999,,259811.0
"('11D', '10D', '13S', '04C', '09S')",13.12094,,259419.0
"('11D', '10D', '03S', '13S', '09S')",13.12093,,259026.0
"('11D', '10D', '02D', '13S', '09S')",13.120919999999998,,258634.0
"('11D', '10D', '13S', '08H', '07D')",13.120869999999998,,258241.0
"('11D', '10D', '06C', '13S', '08H')",13.120859999999999,,257849.0
"('11D', '10D', '05S', '13S', '08H')",13.120849999999999,,257456.0
"('11D', '10D', '13S', '08H', '04C')",13.12084,,257064.0
"('11D', '10D', '03S', '13S', '08H')",13.12083,,256672.0
"('11D', '10D', '02D', '13S', '08H')",13.120819999999998,,256279.0
"('11D', '10D', '06C', '13S', '07D')",13.120759999999999,,255887.0
"('11D', '10D', '05S', '13S', '07D')",13.12075,,255494.0
"('11D', '10D', '13S', '04C', '07D')",13.12074,,255102.0
"('11D', '10D', '03S', '13S', '07D')",13.12073,,254709.0
"('11D', '10D', '02D', '13S', '07D')",13.120719999999999,,254317.0
"('11D', '10D', '06C', '05S', '13S')",13.12065,,253924.0
"('11D', '10D', '06C', '13S', '04C')",13.12064,,253532.0
"('11D', '10D', '06C', '03S', '13S')",13.12063,,253139.0
"('11D', '10D', '06C', '02D', '13S')",13.120619999999999,,252747.0
"('11D', '10D', '05S', '13S', '04C')",13.12054,,252354.0
"('11D', '10D', '03S', '05S', '13S')",13.12053,,251962.0
"('11D', '10D', '02D', '05S', '13S')",13.120519999999999,,251569.0
"('11D', '10D', '03S', '13S', '04C')",13.12043,,251177.0
"('11D', '10D', '02D', '13S', '04C')",13.12042,,250785.0
"('11D', '10D', '03S', '02D', '13S')",13.120319999999998,,250392.0
"('11D', '13S', '08H', '09S', '07D')",13.119869999999999,,250000.0
"('11D', '06C', '13S', '08H', '09S')",13.11986,,249607.0
"('11D', '05S', '13S', '08H', '09S')",13.11985,,249215.0
"('11D', '13S', '08H', '04C', '09S')",13.11984,,248822.0
"('11D', '03S', '13S', '08H', '09S')",13.11983,,248430.0
"('11D', '02D', '13S', '08H', '09S')",13.119819999999999,,248037.0
"('11D', '06C', '13S', '09S', '07D')",13.11976,,247645.0
"('11D', '05S', '13S', '09S', '07D')",13.11975,,247252.0
"('11D', '13S', '04C', '09S', '07D')",13.11974,,246860.0
"('11D', '03S', '13S', '09S', '07D')",13.11973,,246467.0
"('11D', '02D', '13S', '09S', '07D')",13.11972,,246075.0
"('11D', '06C', '05S', '13S', '09S')",13.11965,,245683.0
"('11D', '06C', '13S', '04C', '09S')",13.11964,,245290.0
"('11D', '06C', '03S', '13S', '09S')",13.11963,,244898.0
"('11D', '06C', '02D', '13S', '09S')",13.11962,,244505.0
"('11D', '05S', '13S', '04C', '09S')",13.11954,,244113.0
"('11D', '03S', '05S', '13S', '09S')",13.119530000000001,,243720.0
"('11D', '02D', '05S', '13S', '09S')",13.11952,,243328.0
"('11D', '03S', '13S', '04C', '09S')",13.119430000000001,,242935.0
"('11D', '02D', '13S', '04C', '09S')",13.11942,,242543.0
"('11D', '03S', '02D', '13S', '09S')",13.119319999999998,,242150.0
"('11D', '06C', '13S', '08H', '07D')",13.118759999999998,,241758.0
"('11D', '05S', '13S', '08H', '07D')",13.118749999999999,,241365.0
"('11D', '13S', '08H', '04C', '07D')",13.118739999999999,,240973.0
"('11D', '03S', '13S', '08H', '07D')",13.11873,,240580.0
"('11D', '02D', '13S', '08H', '07D')",13.118719999999998,,240188.0
"('11D', '06C', '05S', '13S', '08H')",13.118649999999999,,239796.0
"('11D', '06C', '13S', '08H', '04C')",13.11864,,239403.0
"('11D', '06C', '03S', '13S', '08H')",13.11863,,239011.0
"('11D', '06C', '02D', '13S', '08H')",13.118619999999998,,238618.0
"('11D', '05S', '13S', '08H', '04C')",13.11854,,238226.0
"('11D', '03S', '05S', '13S', '08H')",13.11853,,237833.0
"('11D', '02D', '05S', '13S', '08H')",13.118519999999998,,237441.0
"('11D', '03S', '13S', '08H', '04C')",13.11843,,237048.0
"('11D', '02D', '13S', '08H', '04C')",13.118419999999999,,236656.0
"('11D', '03S', '02D', '13S', '08H')",13.118319999999997,,236263.0
"('11D', '06C', '05S', '13S', '07D')",13.11765,,235871.0
"('11D', '06C', '13S', '04C', '07D')",13.11764,,235478.0
"('11D', '06C', '03S', '13S', '07D')",13.11763,,235086.0
"('11D', '06C', '02D', '13S', '07D')",13.117619999999999,,234693.0
"('11D', '05S', '13S', '04C', '07D')",13.11754,,234301.0
"('11D', '03S', '05S', '13S', '07D')",13.11753,,233909.0
"('11D', '02D', '05S', '13S', '07D')",13.117519999999999,,233516.0
"('11D', '03S', '13S', '04C', '07D')",13.11743,,233124.0
"('11D', '02D', '13S', '04C', '07D')",13.11742,,232731.0
"('11D', '03S', '02D', '13S', '07D')",13.117319999999998,,232339.0
"('11D', '06C', '05S', '13S', '04C')",13.11654,,231946.0
"('11D', '06C', '03S', '05S', '13S')",13.116530000000001,,231554.0
"('11D', '06C', '02D', '05S', '13S')",13.11652,,231161.0
"('11D', '06C', '03S', '13S', '04C')",13.116430000000001,,230769.0
"('11D', '06C', '02D', '13S', '04C')",13.11642,,230376.0
"('11D', '06C', '03S', '02D', '13S')",13.116319999999998,,229984.0
"('11D', '03S', '05S', '13S', '04C')",13.115430000000002,,229591.0
"('11D', '02D', '05S', '13S', '04C')",13.11542,,229199.0
"('11D', '03S', '02D', '05S', '13S')",13.115319999999999,,228807.0
"('11D', '03S', '02D', '13S', '04C')",13.114319999999998,,228414.0
"('10D', '13S', '08H', '09S', '07D')",13.109869999999999,,228022.0
"('10D', '06C', '13S', '08H', '09S')",13.10986,,227629.0
"('10D', '05S', '13S', '08H', '09S')",13.10985,,227237.0
"('10D', '13S', '08H', '04C', '09S')",13.10984,,226844.0
"('10D', '03S', '13S', '08H', '09S')",13.10983,,226452.0
"('10D', '02D', '13S', '08H', '09S')",13.10982,,226059.0
"('10D', '06C', '13S', '09S', '07D')",13.10976,,225667.0
"('10D', '05S', '13S', '09S', '07D')",13.10975,,225274.0
"('10D', '13S', '04C', '09S', '07D')",13.10974,,224882.0
"('10D', '03S', '13S', '09S', '07D')",13.10973,,224489.0
"('10D', '02D', '13S', '09S', '07D')",13.10972,,224097.0
"('10D', '06C', '05S', '13S', '09S')",13.10965,,223704.0
"('10D', '06C', '13S', '04C', '09S')",13.10964,,223312.0
"('10D', '06C', '03S', '13S', '09S')",13.109630000000001,,222920.0
"('10D', '06C', '02D', '13S', '09S')",13.10962,,222527.0
"('10D', '05S', '13S', '04C', '09S')",13.10954,,222135.0
"('10D', '03S', '05S', '13S', '09S')",13.109530000000001,,221742.0
"('10D', '02D', '05S', '13S', '09S')",13.10952,,221350.0
"('10D', '03S', '13S', '04C', '09S')",13.109430000000001,,220957.0
"('10D', '02D', '13S', '04C', '09S')",13.10942,,220565.0
"('10D', '03S', '02D', '13S', '09S')",13.109319999999999,,220172.0
"('10D', '06C', '13S', '08H', '07D')",13.108759999999998,,219780.0
"('10D', '05S', '13S', '08H', '07D')",13.108749999999999,,219387.0
"('10D', '13S', '08H', '04C', '07D')",13.10874,,218995.0
"('10D', '03S', '13S', '08H', '07D')",13.10873,,218602.0
"('10D', '02D', '13S', '08H', '07D')",13.108719999999998,,218210.0
"('10D', '06C', '05S', '13S', '08H')",13.108649999999999,,217818.0
"('10D', '06C', '13S', '08H', '04C')",13.10864,,217425.0
"('10D', '06C', '03S', '13S', '08H')",13.10863,,217033.0
"('10D', '06C', '02D', '13S', '08H')",13.108619999999998,,216640.0
"('10D', '05S', '13S', '08H', '04C')",13.10854,,216248.0
"('10D', '03S', '05S', '13S', '08H')",13.10853,,215855.0
"('10D', '02D', '05S', '13S', '08H')",13.108519999999999,,215463.0
"('10D', '03S', '13S', '08H', '04C')",13.10843,,215070.0
"('10D', '02D', '13S', '08H', '04C')",13.108419999999999,,214678.0
"('10D', '03S', '02D', '13S', '08H')",13.108319999999997,,214285.0
"('10D', '06C', '05S', '13S', '07D')",13.10765,,213893.0
"('10D', '06C', '13S', '04C', '07D')",13.10764,,213500.0
"('10D', '06C', '03S', '13S', '07D')",13.10763,,213108.0
"('10D', '06C', '02D', '13S', '07D')",13.107619999999999,,212715.0
"('10D', '05S', '13S', '04C', '07D')",13.10754,,212323.0
"('10D', '03S', '05S', '13S', '07D')",13.10753,,211931.0
"('10D', '02D', '05S', '13S', '07D')",13.10752,,211538.0
"('10D', '03S', '13S', '04C', '07D')",13.10743,,211146.0
"('10D', '02D', '13S', '04C', '07D')",13.10742,,210753.0
"('10D', '03S', '02D', '13S', '07D')",13.107319999999998,,210361.0
"('10D', '06C', '05S', '13S', '04C')",13.10654,,209968.0
"('10D', '06C', '03S', '05S', '13S')",13.106530000000001,,209576.0
"('10D', '06C', '02D', '05S', '13S')",13.10652,,209183.0
"('10D', '06C', '03S', '13S', '04C')",13.106430000000001,,208791.0
"('10D', '06C', '02D', '13S', '04C')",13.10642,,208398.0
"('10D', '06C', '03S', '02D', '13S')",13.106319999999998,,208006.0
"('10D', '03S', '05S', '13S', '04C')",13.105430000000002,,207613.0
"('10D', '02D', '05S', '13S', '04C')",13.10542,,207221.0
"('10D', '03S', '02D', '05S', '13S')",13.105319999999999,,206829.0
"('10D', '03S', '02D', '13S', '04C')",13.104319999999998,,206436.0
"('06C', '13S', '08H', '09S', '07D')",13.098759999999999,,206044.0
"('05S', '13S', '08H', '09S', '07D')",13.098749999999999,,205651.0
"('13S', '08H', '04C', '09S', '07D')",13.09874,,205259.0
"('03S', '13S', '08H', '09S', '07D')",13.09873,,204866.0
"('02D', '13S', '08H', '09S', '07D')",13.098719999999998,,204474.0
"('06C', '05S', '13S', '08H', '09S')",13.09865,,204081.0
"('06C', '13S', '08H', '04C', '09S')",13.09864,,203689.0
"('06C', '03S', '13S', '08H', '09S')",13.09863,,203296.0
"('06C', '02D', '13S', '08H', '09S')",13.098619999999999,,202904.0
"('05S', '13S', '08H', '04C', '09S')",13.09854,,202511.0
"('03S', '05S', '13S', '08H', '09S')",13.09853,,202119.0
"('02D', '05S', '13S', '08H', '09S')",13.098519999999999,,201726.0
"('03S', '13S', '08H', '04C', '09S')",13.09843,,201334.0
"('02D', '13S', '08H', '04C', '09S')",13.098419999999999,,200942.0
"('03S', '02D', '13S', '08H', '09S')",13.098319999999998,,200549.0
"('06C', '05S', '13S', '09S', '07D')",13.09765,,200157.0
"('06C', '13S', '04C', '09S', '07D')",13.09764,,199764.0
"('06C', '03S', '13S', '09S', '07D')",13.09763,,199372.0
"('06C', '02D', '13S', '09S', '07D')",13.09762,,198979.0
"('05S', '13S', '04C', '09S', '07D')",13.09754,,198587.0
"('03S', '05S', '13S', '09S', '07D')",13.09753,,198194.0
"('02D', '05S', '13S', '09S', '07D')",13.09752,,197802.0
"('03S', '13S', '04C', '09S', '07D')",13.097430000000001,,197409.0
"('02D', '13S', '04C', '09S', '07D')",13.09742,,197017.0
"('03S', '02D', '13S', '09S', '07D')",13.097319999999998,,196624.0
"('06C', '05S', '13S', '04C', '09S')",13.096540000000001,,196232.0
"('06C', '03S', '05S', '13S', '09S')",13.096530000000001,,195839.0
"('06C', '02D', '05S', '13S', '09S')",13.09652,,195447.0
"('06C', '03S', '13S', '04C', '09S')",13.096430000000002,,195055.0
"('06C', '02D', '13S', '04C', '09S')",13.09642,,194662.0
"('06C', '03S', '02D', '13S', '09S')",13.096319999999999,,194270.0
"('03S', '05S', '13S', '04C', '09S')",13.095430000000002,,193877.0
"('02D', '05S', '13S', '04C', '09S')",13.09542,,193485.0
"('03S', '02D', '05S', '13S', '09S')",13.09532,,193092.0
"('03S', '02D', '13S', '04C', '09S')",13.094319999999998,,192700.0
"('06C', '05S', '13S', '08H', '07D')",13.08765,,192307.0
"('06C', '13S', '08H', '04C', '07D')",13.08764,,191915.0
"('06C', '03S', '13S', '08H', '07D')",13.08763,,191522.0
"('06C', '02D', '13S', '08H', '07D')",13.08762,,191130.0
"('05S', '13S', '08H', '04C', '07D')",13.08754,,190737.0
"('03S', '05S', '13S', '08H', '07D')",13.087530000000001,,190345.0
"('02D', '05S', '13S', '08H', '07D')",13.08752,,189953.0
"('03S', '13S', '08H', '04C', '07D')",13.087430000000001,,189560.0
"('02D', '13S', '08H', '04C', '07D')",13.08742,,189168.0
"('03S', '02D', '13S', '08H', '07D')",13.087319999999998,,188775.0
"('06C', '05S', '13S', '08H', '04C')",13.086540000000001,,188383.0
"('06C', '03S', '05S', '13S', '08H')",13.086530000000002,,187990.0
"('06C', '02D', '05S', '13S', '08H')",13.08652,,187598.0
"('06C', '03S', '13S', '08H', '04C')",13.086430000000002,,187205.0
"('06C', '02D', '13S', '08H', '04C')",13.08642,,186813.0
"('06C', '03S', '02D', '13S', '08H')",13.086319999999999,,186420.0
"('03S', '05S', '13S', '08H', '04C')",13.085430000000002,,186028.0
"('02D', '05S', '13S', '08H', '04C')",13.085420000000001,,185635.0
"('03S', '02D', '05S', '13S', '08H')",13.08532,,185243.0
"('03S', '02D', '13S', '08H', '04C')",13.084319999999998,,184850.0
"('06C', '05S', '13S', '04C', '07D')",13.076540000000001,,184458.0
"('06C', '03S', '05S', '13S', '07D')",13.076530000000002,,184066.0
"('06C', '02D', '05S', '13S', '07D')",13.07652,,183673.0
"('06C', '03S', '13S', '04C', '07D')",13.076430000000002,,183281.0
"('06C', '02D', '13S', '04C', '07D')",13.07642,,182888.0
"('06C', '03S', '02D', '13S', '07D')",13.076319999999999,,182496.0
"('03S', '05S', '13S', '04C', '07D')",13.075430000000003,,182103.0
"('02D', '05S', '13S', '04C', '07D')",13.075420000000001,,181711.0
"('03S', '02D', '05S', '13S', '07D')",13.07532,,181318.0
"('03S', '02D', '13S', '04C', '07D')",13.074319999999998,,180926.0
"('06C', '03S', '05S', '13S', '04C')",13.065430000000003,,180533.0
"('06C', '02D', '05S', '13S', '04C')",13.065420000000001,,180141.0
"('06C', '03S', '02D', '05S', '13S')",13.06532,,179748.0
"('06C', '03S', '02D', '13S', '04C')",13.064319999999999,,179356.0
"('03S', '02D', '05S', '13S', '04C')",13.054319999999999,,178964.0
"('11D', '10D', '12D', '09S', '07D')",12.120969999999998,,178571.0
"('11D', '10D', '06C', '12D', '09S')",12.120959999999998,,178179.0
"('11D', '10D', '12D', '05S', '09S')",12.120949999999999,,177786.0
"('11D', '10D', '12D', '04C', '09S')",12.12094,,177394.0
"('11D', '10D', '03S', '12D', '09S')",12.12093,,177001.0
"('11D', '10D', '12D', '02D', '09S')",12.120919999999998,,176609.0
"('11D', '10D', '12D', '08H', '07D')",12.120869999999998,,176216.0
"('11D', '10D', '06C', '12D', '08H')",12.120859999999999,,175824.0
"('11D', '10D', '12D', '05S', '08H')",12.120849999999999,,175431.0
"('11D', '10D', '12D', '08H', '04C')",12.12084,,175039.0
"('11D', '10D', '03S', '12D', '08H')",12.12083,,174646.0
"('11D', '10D', '12D', '02D', '08H')",12.120819999999998,,174254.0
"('11D', '10D', '06C', '12D', '07D')",12.120759999999999,,173861.0
"('11D', '10D', '12D', '05S', '07D')",12.12075,,173469.0
"('11D', '10D', '12D', '04C', '07D')",12.12074,,173077.0
"('11D', '10D', '03S', '12D', '07D')",12.12073,,172684.0
"('11D', '10D', '12D', '02D', '07S')",12.120719999999999,,172292.0
"('11D', '10D', '06C', '12D', '05S')",12.12065,,171899.0
"('11D', '10D', '06C', '12D', '04C')",12.12064,,171507.0
"('11D', '10D', '06C', '03S', '12D')",12.12063,,171114.0
"('11D', '10D', '06C', '12D', '02D')",12.120619999999999,,170722.0
"('11D', '10D', '12D', '05S', '04C')",12.12054,,170329.0
"('11D', '10D', '03S', '12D', '05S')",12.12053,,169937.0
"('11D', '10D', '12D', '02D', '05S')",12.120519999999999,,169544.0
"('11D', '10D', '03S', '12D', '04C')",12.12043,,169152.0
"('11D', '10D', '12D', '02D', '04C')",12.12042,,168759.0
"('11D', '10D', '03S', '12D', '02D')",12.120319999999998,,168367.0
"('11D', '12D', '08H', '09S', '07D')",12.119869999999999,,167974.0
"('11D', '06C', '12D', '08H', '09S')",12.11986,,167582.0
"('11D', '12D', '05S', '08H', '09S')",12.11985,,167190.0
"('11D', '12D', '08H', '04C', '09S')",12.11984,,166797.0
"('11D', '03S', '12D', '08H', '09S')",12.11983,,166405.0
"('11D', '12D', '02D', '08H', '09S')",12.119819999999999,,166012.0
"('11D', '06C', '12D', '09S', '07D')",12.11976,,165620.0
"('11D', '12D', '05S', '09S', '07D')",12.11975,,165227.0
"('11D', '12D', '04C', '09S', '07D')",12.11974,,164835.0
"('11D', '03S', '12D', '09S', '07D')",12.11973,,164442.0
"('11D', '12D', '02D', '09S', '07D')",12.11972,,164050.0
"('11D', '06C', '12D', '05S', '09S')",12.11965,,163657.0
"('11D', '06C', '12D', '04C', '09S')",12.11964,,163265.0
"('11D', '06C', '03S', '12D', '09S')",12.11963,,162872.0
"('11D', '06C', '12D', '02D', '09S')",12.11962,,162480.0
"('11D', '12D', '05S', '04C', '09S')",12.11954,,162088.0
"('11D', '03S', '12D', '05S', '09S')",12.119530000000001,,161695.0
"('11D', '12D', '02D', '05S', '09S')",12.11952,,161303.0
"('11D', '03S', '12D', '04C', '09S')",12.119430000000001,,160910.0
"('11D', '12D', '02D', '04C', '09S')",12.11942,,160518.0
"('11D', '03S', '12D', '02D', '09S')",12.119319999999998,,160125.0
"('11D', '06C', '12D', '08H', '07D')",12.118759999999998,,159733.0
"('11D', '12D', '05S', '08H', '07D')",12.118749999999999,,159340.0
"('11D', '12D', '08H', '04C', '07D')",12.118739999999999,,158948.0
"('11D', '03S', '12D', '08H', '07D')",12.11873,,158555.0
"('11D', '12D', '02D', '08H', '07D')",12.118719999999998,,158163.0
"('11D', '06C', '12D', '05S', '08H')",12.118649999999999,,157770.0
"('11D', '06C', '12D', '08H', '04C')",12.11864,,157378.0
"('11D', '06C', '03S', '12D', '08H')",12.11863,,156985.0
"('11D', '06C', '12D', '02D', '08H')",12.118619999999998,,156593.0
"('11D', '12D', '05S', '08H', '04C')",12.11854,,156201.0
"('11D', '03S', '12D', '05S', '08H')",12.11853,,155808.0
"('11D', '12D', '02D', '05S', '08H')",12.118519999999998,,155416.0
"('11D', '03S', '12D', '08H', '04C')",12.11843,,155023.0
"('11D', '12D', '02D', '08H', '04C')",12.118419999999999,,154631.0
"('11D', '03S', '12D', '02D', '08H')",12.118319999999997,,154238.0
"('11D', '06C', '12D', '05S', '07D')",12.11765,,153846.0
"('11D', '06C', '12D', '04C', '07D')",12.11764,,153453.0
"('11D', '06C', '03S', '12D', '07D')",12.11763,,153061.0
"('11D', '06C', '12D', '02D', '07D')",12.117619999999999,,152668.0
"('11D', '12D', '05S', '04C', '07D')",12.11754,,152276.0
"('11D', '03S', '12D', '05S', '07D')",12.11753,,151883.0
"('11D', '12D', '02D', '05S', '07D')",12.117519999999999,,151491.0
"('11D', '03S', '12D', '04C', '07D')",12.11743,,151099.0
"('11D', '12D', '02D', '04C', '07D')",12.11742,,150706.0
"('11D', '03S', '12D', '02D', '07D')",12.117319999999998,,150314.0
"('11D', '06C', '12D', '05S', '04C')",12.11654,,149921.0
"('11D', '06C', '03S', '12D', '05S')",12.116530000000001,,149529.0
"('11D', '06C', '12D', '02D', '05S')",12.11652,,149136.0
"('11D', '06C', '03S', '12D', '04C')",12.116430000000001,,148744.0
"('11D', '06C', '12D', '02D', '04C')",12.11642,,148351.0
"('11D', '06C', '03S', '12D', '02D')",12.116319999999998,,147959.0
"('11D', '03S', '12D', '05S', '04C')",12.115430000000002,,147566.0
"('11D', '12D', '02D', '05S', '04C')",12.11542,,147174.0
"('11D', '03S', '12D', '02D', '05S')",12.115319999999999,,146781.0
"('11D', '03S', '12D', '02D', '04C')",12.114319999999998,,146389.0
"('10D', '12D', '08H', '09S', '07D')",12.109869999999999,,145996.0
"('10D', '06C', '12D', '08H', '09S')",12.10986,,145604.0
"('10D', '12D', '05S', '08H', '09S')",12.10985,,145212.0
"('10D', '12D', '08H', '04C', '09S')",12.10984,,144819.0
"('10D', '03S', '12D', '08H', '09S')",12.10983,,144427.0
"('10D', '12D', '02D', '08H', '09S')",12.10982,,144034.0
"('10D', '06C', '12D', '09S', '07D')",12.10976,,143642.0
"('10D', '12D', '05S', '09S', '07D')",12.10975,,143249.0
"('10D', '12D', '04C', '09S', '07D')",12.10974,,142857.0
"('10D', '03S', '12D', '09S', '07D')",12.10973,,142464.0
"('10D', '12D', '02D', '09S', '07D')",12.10972,,142072.0
"('10D', '06C', '12D', '05S', '09S')",12.10965,,141679.0
"('10D', '06C', '12D', '04C', '09S')",12.10964,,141287.0
"('10D', '06C', '03S', '12D', '09S')",12.109630000000001,,140894.0
"('10D', '06C', '12D', '02D', '09S')",12.10962,,140502.0
"('10D', '12D', '05S', '04C', '09S')",12.10954,,140110.0
"('10D', '03S', '12D', '05S', '09S')",12.109530000000001,,139717.0
"('10D', '12D', '02D', '05S', '09S')",12.10952,,139325.0
"('10D', '03S', '12D', '04C', '09S')",12.109430000000001,,138932.0
"('10D', '12D', '02D', '04C', '09S')",12.10942,,138540.0
"('10D', '03S', '12D', '02D', '09S')",12.109319999999999,,138147.0
"('10D', '06C', '12D', '08H', '07D')",12.108759999999998,,137755.0
"('10D', '12D', '05S', '08H', '07D')",12.108749999999999,,137362.0
"('10D', '12D', '08H', '04C', '07D')",12.10874,,136970.0
"('10D', '03S', '12D', '08H', '07D')",12.10873,,136577.0
"('10D', '12D', '02D', '08H', '07D')",12.108719999999998,,136185.0
"('10D', '06C', '12D', '05S', '08H')",12.108649999999999,,135792.0
"('10D', '06C', '12D', '08H', '04C')",12.10864,,135400.0
"('10D', '06C', '03S', '12D', '08H')",12.10863,,135007.0
"('10D', '06C', '12D', '02D', '08H')",12.108619999999998,,134615.0
"('10D', '12D', '05S', '08H', '04C')",12.10854,,134223.0
"('10D', '03S', '12D', '05S', '08H')",12.10853,,133830.0
"('10D', '12D', '02D', '05S', '08H')",12.108519999999999,,133438.0
"('10D', '03S', '12D', '08H', '04C')",12.10843,,133045.0
"('10D', '12D', '02D', '08H', '04C')",12.108419999999999,,132653.0
"('10D', '03S', '12D', '02D', '08H')",12.108319999999997,,132260.0
"('10D', '06C', '12D', '05S', '07D')",12.10765,,131868.0
"('10D', '06C', '12D', '04C', '07D')",12.10764,,131475.0
"('10D', '06C', '03S', '12D', '07D')",12.10763,,131083.0
"('10D', '06C', '12D', '02D', '07D')",12.107619999999999,,130690.0
"('10D', '12D', '05S', '04C', '07D')",12.10754,,130298.0
"('10D', '03S', '12D', '05S', '07D')",12.10753,,129905.0
"('10D', '12D', '02D', '05S', '07D')",12.10752,,129513.0
"('10D', '03S', '12D', '04C', '07D')",12.10743,,129120.0
"('10D', '12D', '02D', '04C', '07D')",12.10742,,128728.0
"('10D', '03S', '12D', '02D', '07D')",12.107319999999998,,128336.0
"('10D', '06C', '12D', '05S', '04C')",12.10654,,127943.0
"('10D', '06C', '03S', '12D', '05S')",12.106530000000001,,127551.0
"('10D', '06C', '12D', '02D', '05S')",12.10652,,127158.0
"('10D', '06C', '03S', '12D', '04C')",12.106430000000001,,126766.0
"('10D', '06C', '12D', '02D', '04C')",12.10642,,126373.0
"('10D', '06C', '03S', '12D', '02D')",12.106319999999998,,125981.0
"('10D', '03S', '12D', '05S', '04C')",12.105430000000002,,125588.0
"('10D', '12D', '02D', '05S', '04C')",12.10542,,125196.0
"('10D', '03S', '12D', '02D', '05S')",12.105319999999999,,124803.0
"('10D', '03S', '12D', '02D', '04C')",12.104319999999998,,124411.0
"('06C', '12D', '08H', '09S', '07D')",12.098759999999999,,124018.0
"('12D', '05S', '08H', '09S', '07D')",12.098749999999999,,123626.0
"('12D', '08H', '04C', '09S', '07D')",12.09874,,123234.0
"('03S', '12D', '08H', '09S', '07D')",12.09873,,122841.0
"('12D', '02D', '08H', '09S', '07D')",12.098719999999998,,122449.0
"('06C', '12D', '05S', '08H', '09S')",12.09865,,122056.0
"('06C', '12D', '08H', '04C', '09S')",12.09864,,121664.0
"('06C', '03S', '12D', '08H', '09S')",12.09863,,121271.0
"('06C', '12D', '02D', '08H', '09S')",12.098619999999999,,120879.0
"('12D', '05S', '08H', '04C', '09S')",12.09854,,120486.0
"('03S', '12D', '05S', '08H', '09S')",12.09853,,120094.0
"('12D', '02D', '05S', '08H', '09S')",12.098519999999999,,119701.0
"('03S', '12D', '08H', '04C', '09S')",12.09843,,119309.0
"('12D', '02D', '08H', '04C', '09S')",12.098419999999999,,118916.0
"('03S', '12D', '02D', '08H', '09S')",12.098319999999998,,118524.0
"('06C', '12D', '05S', '09S', '07D')",12.09765,,118131.0
"('06C', '12D', '04C', '09S', '07D')",12.09764,,117739.0
"('06C', '03S', '12D', '09S', '07D')",12.09763,,117347.0
"('06C', '12D', '02D', '09S', '07D')",12.09762,,116954.0
"('12D', '05S', '04C', '09S', '07D')",12.09754,,116562.0
"('03S', '12D', '05S', '09S', '07D')",12.09753,,116169.0
"('12D', '02D', '05S', '09S', '07D')",12.09752,,115777.0
"('03S', '12D', '04C', '09S', '07D')",12.097430000000001,,115384.0
"('12D', '02D', '04C', '09S', '07D')",12.09742,,114992.0
"('03S', '12D', '02D', '09S', '07D')",12.097319999999998,,114599.0
"('06C', '12D', '05S', '04C', '09S')",12.096540000000001,,114207.0
"('06C', '03S', '12D', '05S', '09S')",12.096530000000001,,113814.0
"('06C', '12D', '02D', '05S', '09S')",12.09652,,113422.0
"('06C', '03S', '12D', '04C', '09S')",12.096430000000002,,113029.0
"('06C', '12D', '02D', '04C', '09S')",12.09642,,112637.0
"('06C', '03S', '12D', '02D', '09S')",12.096319999999999,,112245.0
"('03S', '12D', '05S', '04C', '09S')",12.095430000000002,,111852.0
"('12D', '02D', '05S', '04C', '09S')",12.09542,,111460.0
"('03S', '12D', '02D', '05S', '09S')",12.09532,,111067.0
"('03S', '12D', '02D', '04C', '09S')",12.094319999999998,,110675.0
"('06C', '12D', '05S', '08H', '07D')",12.08765,,110282.0
"('06C', '12D', '08H', '04C', '07D')",12.08764,,109890.0
"('06C', '03S', '12D', '08H', '07D')",12.08763,,109497.0
"('06C', '12D', '02D', '08H', '07D')",12.08762,,109105.0
"('12D', '05S', '08H', '04C', '07D')",12.08754,,108712.0
"('03S', '12D', '05S', '08H', '07D')",12.087530000000001,,108320.0
"('12D', '02D', '05S', '08H', '07D')",12.08752,,107927.0
"('03S', '12D', '08H', '04C', '07D')",12.087430000000001,,107535.0
"('12D', '02D', '08H', '04C', '07D')",12.08742,,107142.0
"('03S', '12D', '02D', '08H', '07D')",12.087319999999998,,106750.0
"('06C', '12D', '05S', '08H', '04C')",12.086540000000001,,106358.0
"('06C', '03S', '12D', '05S', '08H')",12.086530000000002,,105965.0
"('06C', '12D', '02D', '05S', '08H')",12.08652,,105573.0
"('06C', '03S', '12D', '08H', '04C')",12.086430000000002,,105180.0
"('06C', '12D', '02D', '08H', '04C')",12.08642,,104788.0
"('06C', '03S', '12D', '02D', '08H')",12.086319999999999,,104395.0
"('03S', '12D', '05S', '08H', '04C')",12.085430000000002,,104003.0
"('12D', '02D', '05S', '08H', '04C')",12.085420000000001,,103610.0
"('03S', '12D', '02D', '05S', '08H')",12.08532,,103218.0
"('03S', '12D', '02D', '08H', '04C')",12.084319999999998,,102825.0
"('06C', '12D', '05S', '04C', '07D')",12.076540000000001,,102433.0
"('06C', '03S', '12D', '05S', '07D')",12.076530000000002,,102040.0
"('06C', '12D', '02D', '05S', '07D')",12.07652,,101648.0
"('06C', '03S', '12D', '04C', '07D')",12.076430000000002,,101256.0
"('06C', '12D', '02D', '04C', '07D')",12.07642,,100863.0
"('06C', '03S', '12D', '02D', '07D')",12.076319999999999,,100471.0
"('03S', '12D', '05S', '04C', '07D')",12.075430000000003,,100078.0
"('12D', '02D', '05S', '04C', '07D')",12.075420000000001,,99686.0
"('03S', '12D', '02D', '05S', '07D')",12.07532,,99293.0
"('03S', '12D', '02D', '04C', '07D')",12.074319999999998,,98901.0
"('06C', '03S', '12D', '05S', '04C')",12.065430000000003,,98508.0
"('06C', '12D', '02D', '05S', '04C')",12.065420000000001,,98116.0
"('06C', '03S', '12D', '02D', '05S')",12.06532,,97723.0
"('06C', '03S', '12D', '02D', '04C')",12.064319999999999,,97331.0
"('03S', '12D', '02D', '05S', '04C')",12.054319999999999,,96938.0
"('11D', '10D', '06C', '08H', '09S')",11.10986,,96546.0
"('11D', '10D', '05S', '08H', '09S')",11.10985,,96153.0
"('11D', '10D', '08H', '04C', '09S')",11.10984,,95761.0
"('11D', '10D', '03S', '08H', '09S')",11.10983,,95369.0
"('11D', '10D', '02D', '08H', '09S')",11.10982,,94976.0
"('11D', '10D', '06C', '09S', '07D')",11.10976,,94584.0
"('11D', '10D', '05S', '09S', '07D')",11.10975,,94191.0
"('11D', '10D', '04C', '09S', '07D')",11.10974,,93799.0
"('11D', '10D', '03S', '09S', '07D')",11.10973,,93406.0
"('11D', '10D', '02D', '09S', '07D')",11.10972,,93014.0
"('11D', '10D', '06C', '05S', '09S')",11.10965,,92621.0
"('11D', '10D', '06C', '04C', '09S')",11.10964,,92229.0
"('11D', '10D', '06C', '03S', '09S')",11.109630000000001,,91836.0
"('11D', '10D', '06C', '02D', '09S')",11.10962,,91444.0
"('11D', '10D', '05S', '04C', '09S')",11.10954,,91051.0
"('11D', '10D', '03S', '05S', '09S')",11.109530000000001,,90659.0
"('11D', '10D', '02D', '05S', '09S')",11.10952,,90266.0
"('11D', '10D', '03S', '04C', '09S')",11.109430000000001,,89874.0
"('11D', '10D', '02D', '04C', '09S')",11.10942,,89482.0
"('11D', '10D', '03S', '02D', '09S')",11.109319999999999,,89089.0
"('11D', '10D', '06C', '08H', '07D')",11.108759999999998,,88697.0
"('11D', '10D', '05S', '08H', '07D')",11.108749999999999,,88304.0
"('11D', '10D', '08H', '04C', '07D')",11.10874,,87912.0
"('11D', '10D', '03S', '08H', '07D')",11.10873,,87519.0
"('11D', '10D', '02D', '08H', '07D')",11.108719999999998,,87127.0
"('11D', '10D', '06C', '05S', '08H')",11.108649999999999,,86734.0
"('11D', '10D', '06C', '08H', '04C')",11.10864,,86342.0
"('11D', '10D', '06C', '03S', '08H')",11.10863,,85949.0
"('11D', '10D', '06C', '02D', '08H')",11.108619999999998,,85557.0
"('11D', '10D', '05S', '08H', '04C')",11.10854,,85164.0
"('11D', '10D', '03S', '05S', '08H')",11.10853,,84772.0
"('11D', '10D', '02D', '05S', '08H')",11.108519999999999,,84380.0
"('11D', '10D', '03S', '08H', '04C')",11.10843,,83987.0
"('11D', '10D', '02D', '08H', '04C')",11.108419999999999,,83595.0
"('11D', '10D', '03S', '02D', '08H')",11.108319999999997,,83202.0
"('11D', '10D', '06C', '05S', '07D')",11.10765,,82810.0
"('11D', '10D', '06C', '04C', '07D')",11.10764,,82417.0
"('11D', '10D', '06C', '03S', '07D')",11.10763,,82025.0
"('11D', '10D', '06C', '02D', '07D')",11.107619999999999,,81632.0
"('11D', '10D', '05S', '04C', '07D')",11.10754,,81240.0
"('11D', '10D', '03S', '05S', '07D')",11.10753,,80847.0
"('11D', '10D', '02D', '05S', '07D')",11.10752,,80455.0
"('11D', '10D', '03S', '04C', '07D')",11.10743,,80062.0
"('11D', '10D', '02D', '04C', '07D')",11.10742,,79670.0
"('11D', '10D', '03S', '02D', '07D')",11.107319999999998,,79277.0
"('11D', '10D', '06C', '05S', '04C')",11.10654,,78885.0
"('11D', '10D', '06C', '03S', '05S')",11.106530000000001,,78493.0
"('11D', '10D', '06C', '02D', '05S')",11.10652,,78100.0
"('11D', '10D', '06C', '03S', '04C')",11.106430000000001,,77708.0
"('11D', '10D', '06C', '02D', '04C')",11.10642,,77315.0
"('11D', '10D', '06C', '03S', '02D')",11.106319999999998,,76923.0
"('11D', '10D', '03S', '05S', '04C')",11.105430000000002,,76530.0
"('11D', '10D', '02D', '05S', '04C')",11.10542,,76138.0
"('11D', '10D', '03S', '02D', '05S')",11.105319999999999,,75745.0
"('11D', '10D', '03S', '02D', '04C')",11.104319999999998,,75353.0
"('11D', '06C', '08H', '09S', '07D')",11.098759999999999,,74960.0
"('11D', '05S', '08H', '09S', '07D')",11.098749999999999,,74568.0
"('11D', '08H', '04C', '09S', '07D')",11.09874,,74175.0
"('11D', '03S', '08H', '09S', '07D')",11.09873,,73783.0
"('11D', '02D', '08H', '09S', '07D')",11.098719999999998,,73391.0
"('11D', '06C', '05S', '08H', '09S')",11.09865,,72998.0
"('11D', '06C', '08H', '04C', '09S')",11.09864,,72606.0
"('11D', '06C', '03S', '08H', '09S')",11.09863,,72213.0
"('11D', '06C', '02D', '08H', '09S')",11.098619999999999,,71821.0
"('11D', '05S', '08H', '04C', '09S')",11.09854,,71428.0
"('11D', '03S', '05S', '08H', '09S')",11.09853,,71036.0
"('11D', '02D', '05S', '08H', '09S')",11.098519999999999,,70643.0
"('11D', '03S', '08H', '04C', '09S')",11.09843,,70251.0
"('11D', '02D', '08H', '04C', '09S')",11.098419999999999,,69858.0
"('11D', '03S', '02D', '08H', '09S')",11.098319999999998,,69466.0
"('11D', '06C', '05S', '09S', '07D')",11.09765,,69073.0
"('11D', '06C', '04C', '09S', '07D')",11.09764,,68681.0
"('11D', '06C', '03S', '09S', '07D')",11.09763,,68288.0
"('11D', '06C', '02D', '09S', '07D')",11.09762,,67896.0
"('11D', '05S', '04C', '09S', '07D')",11.09754,,67504.0
"('11D', '03S', '05S', '09S', '07D')",11.09753,,67111.0
"('11D', '02D', '05S', '09S', '07D')",11.09752,,66719.0
"('11D', '03S', '04C', '09S', '07D')",11.097430000000001,,66326.0
"('11D', '02D', '04C', '09S', '07D')",11.09742,,65934.0
"('11D', '03S', '02D', '09S', '07D')",11.097319999999998,,65541.0
"('11D', '06C', '05S', '04C', '09S')",11.096540000000001,,65149.0
"('11D', '06C', '03S', '05S', '09S')",11.096530000000001,,64756.0
"('11D', '06C', '02D', '05S', '09S')",11.09652,,64364.0
"('11D', '06C', '03S', '04C', '09S')",11.096430000000002,,63971.0
"('11D', '06C', '02D', '04C', '09S')",11.09642,,63579.0
"('11D', '06C', '03S', '02D', '09S')",11.096319999999999,,63186.0
"('11D', '03S', '05S', '04C', '09S')",11.095430000000002,,62794.0
"('11D', '02D', '05S', '04C', '09S')",11.09542,,62401.0
"('11D', '03S', '02D', '05S', '09S')",11.09532,,62009.0
"('11D', '03S', '02D', '04C', '09S')",11.094319999999998,,61617.0
"('11D', '06C', '05S', '08H', '07D')",11.08765,,61224.0
"('11D', '06C', '08H', '04C', '07D')",11.08764,,60832.0
"('11D', '06C', '03S', '08H', '07D')",11.08763,,60439.0
"('11D', '06C', '02D', '08H', '07D')",11.08762,,60047.0
"('11D', '05S', '08H', '04C', '07D')",11.08754,,59654.0
"('11D', '03S', '05S', '08H', '07D')",11.087530000000001,,59262.0
"('11D', '02D', '05S', '08H', '07D')",11.08752,,58869.0
"('11D', '03S', '08H', '04C', '07D')",11.087430000000001,,58477.0
"('11D', '02D', '08H', '04C', '07D')",11.08742,,58084.0
"('11D', '03S', '02D', '08H', '07D')",11.087319999999998,,57692.0
"('11D', '06C', '05S', '08H', '04C')",11.086540000000001,,57299.0
"('11D', '06C', '03S', '05S', '08H')",11.086530000000002,,56907.0
"('11D', '06C', '02D', '05S', '08H')",11.08652,,56515.0
"('11D', '06C', '03S', '08H', '04C')",11.086430000000002,,56122.0
"('11D', '06C', '02D', '08H', '04C')",11.08642,,55730.0
"('11D', '06C', '03S', '02D', '08H')",11.086319999999999,,55337.0
"('11D', '03S', '05S', '08H', '04C')",11.085430000000002,,54945.0
"('11D', '02D', '05S', '08H', '04C')",11.085420000000001,,54552.0
"('11D', '03S', '02D', '05S', '08H')",11.08532,,54160.0
"('11D', '03S', '02D', '08H', '04C')",11.084319999999998,,53767.0
"('11D', '06C', '05S', '04C', '07D')",11.076540000000001,,53375.0
"('11D', '06C', '03S', '05S', '07D')",11.076530000000002,,52982.0
"('11D', '06C', '02D', '05S', '07D')",11.07652,,52590.0
"('11D', '06C', '03S', '04C', '07D')",11.076430000000002,,52197.0
"('11D', '06C', '02D', '04C', '07D')",11.07642,,51805.0
"('11D', '06C', '03S', '02D', '07D')",11.076319999999999,,51412.0
"('11D', '03S', '05S', '04C', '07D')",11.075430000000003,,51020.0
"('11D', '02D', '05S', '04C', '07D')",11.075420000000001,,50628.0
"('11D', '03S', '02D', '05S', '07D')",11.07532,,50235.0
"('11D', '03S', '02D', '04C', '07D')",11.074319999999998,,49843.0
"('11D', '06C', '03S', '05S', '04C')",11.065430000000003,,49450.0
"('11D', '06C', '02D', '05S', '04C')",11.065420000000001,,49058.0
"('11D', '06C', '03S', '02D', '05S')",11.06532,,48665.0
"('11D', '06C', '03S', '02D', '04C')",11.064319999999999,,48273.0
"('11D', '03S', '02D', '05S', '04C')",11.054319999999999,,47880.0
"('10D', '05S', '08H', '09S', '07D')",10.098749999999999,,47488.0
"('10D', '08H', '04C', '09S', '07D')",10.09874,,47095.0
"('10D', '03S', '08H', '09S', '07D')",10.09873,,46703.0
"('10D', '02D', '08H', '09S', '07D')",10.098719999999998,,46310.0
"('10D', '06C', '05S', '08H', '09S')",10.09865,,45918.0
"('10D', '06C', '08H', '04C', '09S')",10.09864,,45526.0
"('10D', '06C', '03S', '08H', '09S')",10.09863,,45133.0
"('10D', '06C', '02D', '08H', '09S')",10.098619999999999,,44741.0
"('10D', '05S', '08H', '04C', '09S')",10.09854,,44348.0
"('10D', '03S', '05S', '08H', '09S')",10.09853,,43956.0
"('10D', '02D', '05S', '08H', '09S')",10.098519999999999,,43563.0
"('10D', '03S', '08H', '04C', '09S')",10.09843,,43171.0
"('10D', '02D', '08H', '04C', '09S')",10.098419999999999,,42778.0
"('10D', '03S', '02D', '08H', '09S')",10.098319999999998,,42386.0
"('10D', '06C', '05S', '09S', '07D')",10.09765,,41993.0
"('10D', '06C', '04C', '09S', '07D')",10.09764,,41601.0
"('10D', '06C', '03S', '09S', '07D')",10.09763,,41208.0
"('10D', '06C', '02D', '09S', '07D')",10.09762,,40816.0
"('10D', '05S', '04C', '09S', '07D')",10.09754,,40423.0
"('10D', '03S', '05S', '09S', '07D')",10.09753,,40031.0
"('10D', '02D', '05S', '09S', '07D')",10.09752,,39639.0
"('10D', '03S', '04C', '09S', '07D')",10.097430000000001,,39246.0
"('10D', '02D', '04C', '09S', '07D')",10.09742,,38854.0
"('10D', '03S', '02D', '09S', '07D')",10.097319999999998,,38461.0
"('10D', '06C', '05S', '04C', '09S')",10.096540000000001,,38069.0
"('10D', '06C', '03S', '05S', '09S')",10.096530000000001,,37676.0
"('10D', '06C', '02D', '05S', '09S')",10.09652,,37284.0
"('10D', '06C', '03S', '04C', '09S')",10.096430000000002,,36891.0
"('10D', '06C', '02D', '04C', '09S')",10.09642,,36499.0
"('10D', '06C', '03S', '02D', '09S')",10.096319999999999,,36106.0
"('10D', '03S', '05S', '04C', '09S')",10.095430000000002,,35714.0
"('10D', '02D', '05S', '04C', '09S')",10.09542,,35321.0
"('10D', '03S', '02D', '05S', '09S')",10.09532,,34929.0
"('10D', '03S', '02D', '04C', '09S')",10.094319999999998,,34537.0
"('10D', '06C', '05S', '08H', '07D')",10.08765,,34144.0
"('10D', '06C', '08H', '04C', '07D')",10.08764,,33752.0
"('10D', '06C', '03S', '08H', '07D')",10.08763,,33359.0
"('10D', '06C', '02D', '08H', '07D')",10.08762,,32967.0
"('10D', '05S', '08H', '04C', '07D')",10.08754,,32574.0
"('10D', '03S', '05S', '08H', '07D')",10.087530000000001,,32182.0
"('10D', '02D', '05S', '08H', '07D')",10.08752,,31789.0
"('10D', '03S', '08H', '04C', '07D')",10.087430000000001,,31397.0
"('10D', '02D', '08H', '04C', '07D')",10.08742,,31004.0
"('10D', '03S', '02D', '08H', '07D')",10.087319999999998,,30612.0
"('10D', '06C', '05S', '08H', '04C')",10.086540000000001,,30219.0
"('10D', '06C', '03S', '05S', '08H')",10.086530000000002,,29827.0
"('10D', '06C', '02D', '05S', '08H')",10.08652,,29434.0
"('10D', '06C', '03S', '08H', '04C')",10.086430000000002,,29042.0
"('10D', '06C', '02D', '08H', '04C')",10.08642,,28650.0
"('10D', '06C', '03S', '02D', '08H')",10.086319999999999,,28257.0
"('10D', '03S', '05S', '08H', '04C')",10.085430000000002,,27865.0
"('10D', '02D', '05S', '08H', '04C')",10.085420000000001,,27472.0
"('10D', '03S', '02D', '05S', '08H')",10.08532,,27080.0
"('10D', '03S', '02D', '08H', '04C')",10.084319999999998,,26687.0
"('10D', '06C', '05S', '04C', '07D')",10.076540000000001,,26295.0
"('10D', '06C', '03S', '05S', '07D')",10.076530000000002,,25902.0
"('10D', '06C', '02D', '05S', '07D')",10.07652,,25510.0
"('10D', '06C', '03S', '04C', '07D')",10.076430000000002,,25117.0
"('10D', '06C', '02D', '04C', '07D')",10.07642,,24725.0
"('10D', '06C', '03S', '02D', '07D')",10.076319999999999,,24332.0
"('10D', '03S', '05S', '04C', '07D')",10.075430000000003,,23940.0
"('10D', '02D', '05S', '04C', '07D')",10.075420000000001,,23547.0
"('10D', '03S', '02D', '05S', '07D')",10.07532,,23155.0
"('10D', '03S', '02D', '04C', '07D')",10.074319999999998,,22763.0
"('10D', '06C', '03S', '05S', '04C')",10.065430000000003,,22370.0
"('10D', '06C', '02D', '05S', '04C')",10.065420000000001,,21978.0
"('10D', '06C', '03S', '02D', '05S')",10.06532,,21585.0
"('10D', '06C', '03S', '02D', '04C')",10.064319999999999,,21193.0
"('10D', '03S', '02D', '05S', '04C')",10.054319999999999,,20800.0
"('06C', '08H', '04C', '09S', '07D')",9.08764,,20408.0
"('06C', '03S', '08H', '09S', '07D')",9.08763,,20015.0
"('06C', '02D', '08H', '09S', '07D')",9.08762,,19623.0
"('05S', '08H', '04C', '09S', '07D')",9.08754,,19230.0
"('03S', '05S', '08H', '09S', '07D')",9.087530000000001,,18838.0
"('02D', '05S', '08H', '09S', '07D')",9.08752,,18445.0
"('03S', '08H', '04C', '09S', '07D')",9.087430000000001,,18053.0
"('02D', '08H', '04C', '09S', '07D')",9.08742,,17661.0
"('03S', '02D', '08H', '09S', '07D')",9.087319999999998,,17268.0
"('06C', '05S', '08H', '04C', '09S')",9.086540000000001,,16876.0
"('06C', '03S', '05S', '08H', '09S')",9.086530000000002,,16483.0
"('06C', '02D', '05S', '08H', '09S')",9.08652,,16091.0
"('06C', '03S', '08H', '04C', '09S')",9.086430000000002,,15698.0
"('06C', '02D', '08H', '04C', '09S')",9.08642,,15306.0
"('06C', '03S', '02D', '08H', '09S')",9.086319999999999,,14913.0
"('03S', '05S', '08H', '04C', '09S')",9.085430000000002,,14521.0
"('02D', '05S', '08H', '04C', '09S')",9.085420000000001,,14128.0
"('03S', '02D', '05S', '08H', '09S')",9.08532,,13736.0
"('03S', '02D', '08H', '04C', '09S')",9.084319999999998,,13343.0
"('06C', '05S', '04C', '09S', '07D')",9.076540000000001,,12951.0
"('06C', '03S', '05S', '09S', '07D')",9.076530000000002,,12558.0
"('06C', '02D', '05S', '09S', '07D')",9.07652,,12166.0
"('06C', '03S', '04C', '09S', '07D')",9.076430000000002,,11774.0
"('06C', '02D', '04C', '09S', '07D')",9.07642,,11381.0
"('06C', '03S', '02D', '09S', '07D')",9.076319999999999,,10989.0
"('03S', '05S', '04C', '09S', '07D')",9.075430000000003,,10596.0
"('02D', '05S', '04C', '09S', '07D')",9.075420000000001,,10204.0
"('03S', '02D', '05S', '09S', '07D')",9.07532,,9811.0
"('03S', '02D', '04C', '09S', '07D')",9.074319999999998,,9419.0
"('06C', '03S', '05S', '04C', '09S')",9.065430000000003,,9026.0
"('06C', '02D', '05S', '04C', '09S')",9.065420000000001,,8634.0
"('06C', '03S', '02D', '05S', '09S')",9.06532,,8241.0
"('06C', '03S', '02D', '04C', '09S')",9.064319999999999,,7849.0
"('03S', '02D', '05S', '04C', '09S')",9.054319999999999,,7456.0
"('06C', '03S', '05S', '08H', '07D')",8.076530000000002,,7064.0
"('06C', '02D', '05S', '08H', '07D')",8.07652,,6672.0
"('06C', '03S', '08H', '04C', '07D')",8.076430000000002,,6279.0
"('06C', '02D', '08H', '04C', '07D')",8.07642,,5887.0
"('06C', '03S', '02D', '08H', '07D')",8.076319999999999,,5494.0
"('03S', '05S', '08H', '04C', '07D')",8.075430000000003,,5102.0
"('02D', '05S', '08H', '04C', '07D')",8.075420000000001,,4709.0
"('03S', '02D', '05S', '08H', '07D')",8.07532,,4317.0
"('03S', '02D', '08H', '04C', '07D')",8.074319999999998,,3924.0
"('06C', '03S', '05S', '08H', '04C')",8.065430000000003,,3532.0
"('06C', '02D', '05S', '08H', '04C')",8.065420000000001,,3139.0
"('06C', '03S', '02D', '05S', '08H')",8.06532,,2747.0
"('06C', '03S', '02D', '08H', '04C')",8.064319999999999,,2354.0
"('03S', '02D', '05S', '08H', '04C')",8.054319999999999,,1962.0
"('06C', '02D', '05S', '04C', '07D')",7.06542,,1569.0
"('06C', '03S', '02D', '05S', '07D')",7.06532,,1177.0
"('06C', '03S', '02D', '04C', '07D')",7.0643199999999995,,785.0
"('03S', '02D', '05S', '04C', '07D')",7.05432,,392.0
