hand,value,handtype,score
"('14C', '14D', '14H')",59.0,3,1000000.0
"('14C', '14D', '14S')",59.0,3,1000000.0
"('14C', '14H', '14S')",59.0,3,1000000.0
"('14D', '14H', '14S')",59.0,3,1000000.0
"('13C', '13D', '13H')",58.0,3,999774.0
"('13C', '13D', '13S')",58.0,3,999774.0
"('13C', '13H', '13S')",58.0,3,999774.0
"('13D', '13H', '13S')",58.0,3,999774.0
"('12C', '12D', '12H')",57.0,3,999593.0
"('12C', '12D', '12S')",57.0,3,999593.0
"('12C', '12H', '12S')",57.0,3,999593.0
"('12D', '12H', '12S')",57.0,3,999593.0
"('11C', '11D', '11H')",56.0,3,999412.0
"('11C', '11D', '11S')",56.0,3,999412.0
"('11C', '11H', '11S')",56.0,3,999412.0
"('11D', '11H', '11S')",56.0,3,999412.0
"('10C', '10D', '10H')",55.0,3,999231.0
"('10C', '10D', '10S')",55.0,3,999231.0
"('10C', '10H', '10S')",55.0,3,999231.0
"('10D', '10H', '10S')",55.0,3,999231.0
"('09C', '09D', '09H')",54.0,3,999050.0
"('09C', '09D', '09S')",54.0,3,999050.0
"('09C', '09H', '09S')",54.0,3,999050.0
"('09D', '09H', '09S')",54.0,3,999050.0
"('08C', '08D', '08H')",53.0,3,998869.0
"('08C', '08D', '08S')",53.0,3,998869.0
"('08C', '08H', '08S')",53.0,3,998869.0
"('08D', '08H', '08S')",53.0,3,998869.0
"('07C', '07D', '07H')",52.0,3,998688.0
"('07C', '07D', '07S')",52.0,3,998688.0
"('07C', '07H', '07S')",52.0,3,998688.0
"('07D', '07H', '07S')",52.0,3,998688.0
"('06C', '06D', '06H')",51.0,3,998507.0
"('06C', '06D', '06S')",51.0,3,998507.0
"('06C', '06H', '06S')",51.0,3,998507.0
"('06D', '06H', '06S')",51.0,3,998507.0
"('05C', '05D', '05H')",50.0,3,998326.0
"('05C', '05D', '05S')",50.0,3,998326.0
"('05C', '05H', '05S')",50.0,3,998326.0
"('05D', '05H', '05S')",50.0,3,998326.0
"('04C', '04D', '04H')",49.0,3,998145.0
"('04C', '04D', '04S')",49.0,3,998145.0
"('04C', '04H', '04S')",49.0,3,998145.0
"('04D', '04H', '04S')",49.0,3,998145.0
"('03C', '03D', '03H')",48.0,3,997964.0
"('03C', '03D', '03S')",48.0,3,997964.0
"('03C', '03H', '03S')",48.0,3,997964.0
"('03D', '03H', '03S')",48.0,3,997964.0
"('02C', '02D', '02H')",47.0,3,997783.0
"('02C', '02D', '02S')",47.0,3,997783.0
"('02C', '02H', '02S')",47.0,3,997783.0
"('02D', '02H', '02S')",47.0,3,997783.0
"('13C', '14C', '14D')",29.13,1,997602.0
"('13C', '14C', '14H')",29.13,1,997602.0
"('13C', '14C', '14S')",29.13,1,997602.0
"('13C', '14D', '14H')",29.13,1,997602.0
"('13C', '14D', '14S')",29.13,1,997602.0
"('13C', '14H', '14S')",29.13,1,997602.0
"('13D', '14C', '14D')",29.13,1,997602.0
"('13D', '14C', '14H')",29.13,1,997602.0
"('13D', '14C', '14S')",29.13,1,997602.0
"('13D', '14D', '14H')",29.13,1,997602.0
"('13D', '14D', '14S')",29.13,1,997602.0
"('13D', '14H', '14S')",29.13,1,997602.0
"('13H', '14C', '14D')",29.13,1,997602.0
"('13H', '14C', '14H')",29.13,1,997602.0
"('13H', '14C', '14S')",29.13,1,997602.0
"('13H', '14D', '14H')",29.13,1,997602.0
"('13H', '14D', '14S')",29.13,1,997602.0
"('13H', '14H', '14S')",29.13,1,997602.0
"('13S', '14C', '14D')",29.13,1,997602.0
"('13S', '14C', '14H')",29.13,1,997602.0
"('13S', '14C', '14S')",29.13,1,997602.0
"('13S', '14D', '14H')",29.13,1,997602.0
"('13S', '14D', '14S')",29.13,1,997602.0
"('13S', '14H', '14S')",29.13,1,997602.0
"('12C', '14C', '14D')",29.12,1,996516.0
"('12C', '14C', '14H')",29.12,1,996516.0
"('12C', '14C', '14S')",29.12,1,996516.0
"('12C', '14D', '14H')",29.12,1,996516.0
"('12C', '14D', '14S')",29.12,1,996516.0
"('12C', '14H', '14S')",29.12,1,996516.0
"('12D', '14C', '14D')",29.12,1,996516.0
"('12D', '14C', '14H')",29.12,1,996516.0
"('12D', '14C', '14S')",29.12,1,996516.0
"('12D', '14D', '14H')",29.12,1,996516.0
"('12D', '14D', '14S')",29.12,1,996516.0
"('12D', '14H', '14S')",29.12,1,996516.0
"('12H', '14C', '14D')",29.12,1,996516.0
"('12H', '14C', '14H')",29.12,1,996516.0
"('12H', '14C', '14S')",29.12,1,996516.0
"('12H', '14D', '14H')",29.12,1,996516.0
"('12H', '14D', '14S')",29.12,1,996516.0
"('12H', '14H', '14S')",29.12,1,996516.0
"('12S', '14C', '14D')",29.12,1,996516.0
"('12S', '14C', '14H')",29.12,1,996516.0
"('12S', '14C', '14S')",29.12,1,996516.0
"('12S', '14D', '14H')",29.12,1,996516.0
"('12S', '14D', '14S')",29.12,1,996516.0
"('12S', '14H', '14S')",29.12,1,996516.0
"('11C', '14C', '14D')",29.11,1,995430.0
"('11C', '14C', '14H')",29.11,1,995430.0
"('11C', '14C', '14S')",29.11,1,995430.0
"('11C', '14D', '14H')",29.11,1,995430.0
"('11C', '14D', '14S')",29.11,1,995430.0
"('11C', '14H', '14S')",29.11,1,995430.0
"('11D', '14C', '14D')",29.11,1,995430.0
"('11D', '14C', '14H')",29.11,1,995430.0
"('11D', '14C', '14S')",29.11,1,995430.0
"('11D', '14D', '14H')",29.11,1,995430.0
"('11D', '14D', '14S')",29.11,1,995430.0
"('11D', '14H', '14S')",29.11,1,995430.0
"('11H', '14C', '14D')",29.11,1,995430.0
"('11H', '14C', '14H')",29.11,1,995430.0
"('11H', '14C', '14S')",29.11,1,995430.0
"('11H', '14D', '14H')",29.11,1,995430.0
"('11H', '14D', '14S')",29.11,1,995430.0
"('11H', '14H', '14S')",29.11,1,995430.0
"('11S', '14C', '14D')",29.11,1,995430.0
"('11S', '14C', '14H')",29.11,1,995430.0
"('11S', '14C', '14S')",29.11,1,995430.0
"('11S', '14D', '14H')",29.11,1,995430.0
"('11S', '14D', '14S')",29.11,1,995430.0
"('11S', '14H', '14S')",29.11,1,995430.0
"('10C', '14C', '14D')",29.1,1,994344.0
"('10C', '14C', '14H')",29.1,1,994344.0
"('10C', '14C', '14S')",29.1,1,994344.0
"('10C', '14D', '14H')",29.1,1,994344.0
"('10C', '14D', '14S')",29.1,1,994344.0
"('10C', '14H', '14S')",29.1,1,994344.0
"('10D', '14C', '14D')",29.1,1,994344.0
"('10D', '14C', '14H')",29.1,1,994344.0
"('10D', '14C', '14S')",29.1,1,994344.0
"('10D', '14D', '14H')",29.1,1,994344.0
"('10D', '14D', '14S')",29.1,1,994344.0
"('10D', '14H', '14S')",29.1,1,994344.0
"('10H', '14C', '14D')",29.1,1,994344.0
"('10H', '14C', '14H')",29.1,1,994344.0
"('10H', '14C', '14S')",29.1,1,994344.0
"('10H', '14D', '14H')",29.1,1,994344.0
"('10H', '14D', '14S')",29.1,1,994344.0
"('10H', '14H', '14S')",29.1,1,994344.0
"('10S', '14C', '14D')",29.1,1,994344.0
"('10S', '14C', '14H')",29.1,1,994344.0
"('10S', '14C', '14S')",29.1,1,994344.0
"('10S', '14D', '14H')",29.1,1,994344.0
"('10S', '14D', '14S')",29.1,1,994344.0
"('10S', '14H', '14S')",29.1,1,994344.0
"('09C', '14C', '14D')",29.09,1,993258.0
"('09C', '14C', '14H')",29.09,1,993258.0
"('09C', '14C', '14S')",29.09,1,993258.0
"('09C', '14D', '14H')",29.09,1,993258.0
"('09C', '14D', '14S')",29.09,1,993258.0
"('09C', '14H', '14S')",29.09,1,993258.0
"('09D', '14C', '14D')",29.09,1,993258.0
"('09D', '14C', '14H')",29.09,1,993258.0
"('09D', '14C', '14S')",29.09,1,993258.0
"('09D', '14D', '14H')",29.09,1,993258.0
"('09D', '14D', '14S')",29.09,1,993258.0
"('09D', '14H', '14S')",29.09,1,993258.0
"('09H', '14C', '14D')",29.09,1,993258.0
"('09H', '14C', '14H')",29.09,1,993258.0
"('09H', '14C', '14S')",29.09,1,993258.0
"('09H', '14D', '14H')",29.09,1,993258.0
"('09H', '14D', '14S')",29.09,1,993258.0
"('09H', '14H', '14S')",29.09,1,993258.0
"('09S', '14C', '14D')",29.09,1,993258.0
"('09S', '14C', '14H')",29.09,1,993258.0
"('09S', '14C', '14S')",29.09,1,993258.0
"('09S', '14D', '14H')",29.09,1,993258.0
"('09S', '14D', '14S')",29.09,1,993258.0
"('09S', '14H', '14S')",29.09,1,993258.0
"('08C', '14C', '14D')",29.08,1,992172.0
"('08C', '14C', '14H')",29.08,1,992172.0
"('08C', '14C', '14S')",29.08,1,992172.0
"('08C', '14D', '14H')",29.08,1,992172.0
"('08C', '14D', '14S')",29.08,1,992172.0
"('08C', '14H', '14S')",29.08,1,992172.0
"('08D', '14C', '14D')",29.08,1,992172.0
"('08D', '14C', '14H')",29.08,1,992172.0
"('08D', '14C', '14S')",29.08,1,992172.0
"('08D', '14D', '14H')",29.08,1,992172.0
"('08D', '14D', '14S')",29.08,1,992172.0
"('08D', '14H', '14S')",29.08,1,992172.0
"('08H', '14C', '14D')",29.08,1,992172.0
"('08H', '14C', '14H')",29.08,1,992172.0
"('08H', '14C', '14S')",29.08,1,992172.0
"('08H', '14D', '14H')",29.08,1,992172.0
"('08H', '14D', '14S')",29.08,1,992172.0
"('08H', '14H', '14S')",29.08,1,992172.0
"('08S', '14C', '14D')",29.08,1,992172.0
"('08S', '14C', '14H')",29.08,1,992172.0
"('08S', '14C', '14S')",29.08,1,992172.0
"('08S', '14D', '14H')",29.08,1,992172.0
"('08S', '14D', '14S')",29.08,1,992172.0
"('08S', '14H', '14S')",29.08,1,992172.0
"('07C', '14C', '14D')",29.07,1,991086.0
"('07C', '14C', '14H')",29.07,1,991086.0
"('07C', '14C', '14S')",29.07,1,991086.0
"('07C', '14D', '14H')",29.07,1,991086.0
"('07C', '14D', '14S')",29.07,1,991086.0
"('07C', '14H', '14S')",29.07,1,991086.0
"('07D', '14C', '14D')",29.07,1,991086.0
"('07D', '14C', '14H')",29.07,1,991086.0
"('07D', '14C', '14S')",29.07,1,991086.0
"('07D', '14D', '14H')",29.07,1,991086.0
"('07D', '14D', '14S')",29.07,1,991086.0
"('07D', '14H', '14S')",29.07,1,991086.0
"('07H', '14C', '14D')",29.07,1,991086.0
"('07H', '14C', '14H')",29.07,1,991086.0
"('07H', '14C', '14S')",29.07,1,991086.0
"('07H', '14D', '14H')",29.07,1,991086.0
"('07H', '14D', '14S')",29.07,1,991086.0
"('07H', '14H', '14S')",29.07,1,991086.0
"('07S', '14C', '14D')",29.07,1,991086.0
"('07S', '14C', '14H')",29.07,1,991086.0
"('07S', '14C', '14S')",29.07,1,991086.0
"('07S', '14D', '14H')",29.07,1,991086.0
"('07S', '14D', '14S')",29.07,1,991086.0
"('07S', '14H', '14S')",29.07,1,991086.0
"('06C', '14C', '14D')",29.06,1,990000.0
"('06C', '14C', '14H')",29.06,1,990000.0
"('06C', '14C', '14S')",29.06,1,990000.0
"('06C', '14D', '14H')",29.06,1,990000.0
"('06C', '14D', '14S')",29.06,1,990000.0
"('06C', '14H', '14S')",29.06,1,990000.0
"('06D', '14C', '14D')",29.06,1,990000.0
"('06D', '14C', '14H')",29.06,1,990000.0
"('06D', '14C', '14S')",29.06,1,990000.0
"('06D', '14D', '14H')",29.06,1,990000.0
"('06D', '14D', '14S')",29.06,1,990000.0
"('06D', '14H', '14S')",29.06,1,990000.0
"('06H', '14C', '14D')",29.06,1,990000.0
"('06H', '14C', '14H')",29.06,1,990000.0
"('06H', '14C', '14S')",29.06,1,990000.0
"('06H', '14D', '14H')",29.06,1,990000.0
"('06H', '14D', '14S')",29.06,1,990000.0
"('06H', '14H', '14S')",29.06,1,990000.0
"('06S', '14C', '14D')",29.06,1,990000.0
"('06S', '14C', '14H')",29.06,1,990000.0
"('06S', '14C', '14S')",29.06,1,990000.0
"('06S', '14D', '14H')",29.06,1,990000.0
"('06S', '14D', '14S')",29.06,1,990000.0
"('06S', '14H', '14S')",29.06,1,990000.0
"('05C', '14C', '14D')",29.05,1,988914.0
"('05C', '14C', '14H')",29.05,1,988914.0
"('05C', '14C', '14S')",29.05,1,988914.0
"('05C', '14D', '14H')",29.05,1,988914.0
"('05C', '14D', '14S')",29.05,1,988914.0
"('05C', '14H', '14S')",29.05,1,988914.0
"('05D', '14C', '14D')",29.05,1,988914.0
"('05D', '14C', '14H')",29.05,1,988914.0
"('05D', '14C', '14S')",29.05,1,988914.0
"('05D', '14D', '14H')",29.05,1,988914.0
"('05D', '14D', '14S')",29.05,1,988914.0
"('05D', '14H', '14S')",29.05,1,988914.0
"('05H', '14C', '14D')",29.05,1,988914.0
"('05H', '14C', '14H')",29.05,1,988914.0
"('05H', '14C', '14S')",29.05,1,988914.0
"('05H', '14D', '14H')",29.05,1,988914.0
"('05H', '14D', '14S')",29.05,1,988914.0
"('05H', '14H', '14S')",29.05,1,988914.0
"('05S', '14C', '14D')",29.05,1,988914.0
"('05S', '14C', '14H')",29.05,1,988914.0
"('05S', '14C', '14S')",29.05,1,988914.0
"('05S', '14D', '14H')",29.05,1,988914.0
"('05S', '14D', '14S')",29.05,1,988914.0
"('05S', '14H', '14S')",29.05,1,988914.0
"('04C', '14C', '14D')",29.04,1,987828.0
"('04C', '14C', '14H')",29.04,1,987828.0
"('04C', '14C', '14S')",29.04,1,987828.0
"('04C', '14D', '14H')",29.04,1,987828.0
"('04C', '14D', '14S')",29.04,1,987828.0
"('04C', '14H', '14S')",29.04,1,987828.0
"('04D', '14C', '14D')",29.04,1,987828.0
"('04D', '14C', '14H')",29.04,1,987828.0
"('04D', '14C', '14S')",29.04,1,987828.0
"('04D', '14D', '14H')",29.04,1,987828.0
"('04D', '14D', '14S')",29.04,1,987828.0
"('04D', '14H', '14S')",29.04,1,987828.0
"('04H', '14C', '14D')",29.04,1,987828.0
"('04H', '14C', '14H')",29.04,1,987828.0
"('04H', '14C', '14S')",29.04,1,987828.0
"('04H', '14D', '14H')",29.04,1,987828.0
"('04H', '14D', '14S')",29.04,1,987828.0
"('04H', '14H', '14S')",29.04,1,987828.0
"('04S', '14C', '14D')",29.04,1,987828.0
"('04S', '14C', '14H')",29.04,1,987828.0
"('04S', '14C', '14S')",29.04,1,987828.0
"('04S', '14D', '14H')",29.04,1,987828.0
"('04S', '14D', '14S')",29.04,1,987828.0
"('04S', '14H', '14S')",29.04,1,987828.0
"('03C', '14C', '14D')",29.03,1,986742.0
"('03C', '14C', '14H')",29.03,1,986742.0
"('03C', '14C', '14S')",29.03,1,986742.0
"('03C', '14D', '14H')",29.03,1,986742.0
"('03C', '14D', '14S')",29.03,1,986742.0
"('03C', '14H', '14S')",29.03,1,986742.0
"('03D', '14C', '14D')",29.03,1,986742.0
"('03D', '14C', '14H')",29.03,1,986742.0
"('03D', '14C', '14S')",29.03,1,986742.0
"('03D', '14D', '14H')",29.03,1,986742.0
"('03D', '14D', '14S')",29.03,1,986742.0
"('03D', '14H', '14S')",29.03,1,986742.0
"('03H', '14C', '14D')",29.03,1,986742.0
"('03H', '14C', '14H')",29.03,1,986742.0
"('03H', '14C', '14S')",29.03,1,986742.0
"('03H', '14D', '14H')",29.03,1,986742.0
"('03H', '14D', '14S')",29.03,1,986742.0
"('03H', '14H', '14S')",29.03,1,986742.0
"('03S', '14C', '14D')",29.03,1,986742.0
"('03S', '14C', '14H')",29.03,1,986742.0
"('03S', '14C', '14S')",29.03,1,986742.0
"('03S', '14D', '14H')",29.03,1,986742.0
"('03S', '14D', '14S')",29.03,1,986742.0
"('03S', '14H', '14S')",29.03,1,986742.0
"('02C', '14C', '14D')",29.02,1,985656.0
"('02C', '14C', '14H')",29.02,1,985656.0
"('02C', '14C', '14S')",29.02,1,985656.0
"('02C', '14D', '14H')",29.02,1,985656.0
"('02C', '14D', '14S')",29.02,1,985656.0
"('02C', '14H', '14S')",29.02,1,985656.0
"('02D', '14C', '14D')",29.02,1,985656.0
"('02D', '14C', '14H')",29.02,1,985656.0
"('02D', '14C', '14S')",29.02,1,985656.0
"('02D', '14D', '14H')",29.02,1,985656.0
"('02D', '14D', '14S')",29.02,1,985656.0
"('02D', '14H', '14S')",29.02,1,985656.0
"('02H', '14C', '14D')",29.02,1,985656.0
"('02H', '14C', '14H')",29.02,1,985656.0
"('02H', '14C', '14S')",29.02,1,985656.0
"('02H', '14D', '14H')",29.02,1,985656.0
"('02H', '14D', '14S')",29.02,1,985656.0
"('02H', '14H', '14S')",29.02,1,985656.0
"('02S', '14C', '14D')",29.02,1,985656.0
"('02S', '14C', '14H')",29.02,1,985656.0
"('02S', '14C', '14S')",29.02,1,985656.0
"('02S', '14D', '14H')",29.02,1,985656.0
"('02S', '14D', '14S')",29.02,1,985656.0
"('02S', '14H', '14S')",29.02,1,985656.0
"('13C', '13D', '14C')",28.14,1,984570.0
"('13C', '13D', '14D')",28.14,1,984570.0
"('13C', '13D', '14H')",28.14,1,984570.0
"('13C', '13D', '14S')",28.14,1,984570.0
"('13C', '13H', '14C')",28.14,1,984570.0
"('13C', '13H', '14D')",28.14,1,984570.0
"('13C', '13H', '14H')",28.14,1,984570.0
"('13C', '13H', '14S')",28.14,1,984570.0
"('13C', '13S', '14C')",28.14,1,984570.0
"('13C', '13S', '14D')",28.14,1,984570.0
"('13C', '13S', '14H')",28.14,1,984570.0
"('13C', '13S', '14S')",28.14,1,984570.0
"('13D', '13H', '14C')",28.14,1,984570.0
"('13D', '13H', '14D')",28.14,1,984570.0
"('13D', '13H', '14H')",28.14,1,984570.0
"('13D', '13H', '14S')",28.14,1,984570.0
"('13D', '13S', '14C')",28.14,1,984570.0
"('13D', '13S', '14D')",28.14,1,984570.0
"('13D', '13S', '14H')",28.14,1,984570.0
"('13D', '13S', '14S')",28.14,1,984570.0
"('13H', '13S', '14C')",28.14,1,984570.0
"('13H', '13S', '14D')",28.14,1,984570.0
"('13H', '13S', '14H')",28.14,1,984570.0
"('13H', '13S', '14S')",28.14,1,984570.0
"('12C', '13C', '13D')",28.12,1,983484.0
"('12C', '13C', '13H')",28.12,1,983484.0
"('12C', '13C', '13S')",28.12,1,983484.0
"('12C', '13D', '13H')",28.12,1,983484.0
"('12C', '13D', '13S')",28.12,1,983484.0
"('12C', '13H', '13S')",28.12,1,983484.0
"('12D', '13C', '13D')",28.12,1,983484.0
"('12D', '13C', '13H')",28.12,1,983484.0
"('12D', '13C', '13S')",28.12,1,983484.0
"('12D', '13D', '13H')",28.12,1,983484.0
"('12D', '13D', '13S')",28.12,1,983484.0
"('12D', '13H', '13S')",28.12,1,983484.0
"('12H', '13C', '13D')",28.12,1,983484.0
"('12H', '13C', '13H')",28.12,1,983484.0
"('12H', '13C', '13S')",28.12,1,983484.0
"('12H', '13D', '13H')",28.12,1,983484.0
"('12H', '13D', '13S')",28.12,1,983484.0
"('12H', '13H', '13S')",28.12,1,983484.0
"('12S', '13C', '13D')",28.12,1,983484.0
"('12S', '13C', '13H')",28.12,1,983484.0
"('12S', '13C', '13S')",28.12,1,983484.0
"('12S', '13D', '13H')",28.12,1,983484.0
"('12S', '13D', '13S')",28.12,1,983484.0
"('12S', '13H', '13S')",28.12,1,983484.0
"('11C', '13C', '13D')",28.11,1,982398.0
"('11C', '13C', '13H')",28.11,1,982398.0
"('11C', '13C', '13S')",28.11,1,982398.0
"('11C', '13D', '13H')",28.11,1,982398.0
"('11C', '13D', '13S')",28.11,1,982398.0
"('11C', '13H', '13S')",28.11,1,982398.0
"('11D', '13C', '13D')",28.11,1,982398.0
"('11D', '13C', '13H')",28.11,1,982398.0
"('11D', '13C', '13S')",28.11,1,982398.0
"('11D', '13D', '13H')",28.11,1,982398.0
"('11D', '13D', '13S')",28.11,1,982398.0
"('11D', '13H', '13S')",28.11,1,982398.0
"('11H', '13C', '13D')",28.11,1,982398.0
"('11H', '13C', '13H')",28.11,1,982398.0
"('11H', '13C', '13S')",28.11,1,982398.0
"('11H', '13D', '13H')",28.11,1,982398.0
"('11H', '13D', '13S')",28.11,1,982398.0
"('11H', '13H', '13S')",28.11,1,982398.0
"('11S', '13C', '13D')",28.11,1,982398.0
"('11S', '13C', '13H')",28.11,1,982398.0
"('11S', '13C', '13S')",28.11,1,982398.0
"('11S', '13D', '13H')",28.11,1,982398.0
"('11S', '13D', '13S')",28.11,1,982398.0
"('11S', '13H', '13S')",28.11,1,982398.0
"('10C', '13C', '13D')",28.1,1,981312.0
"('10C', '13C', '13H')",28.1,1,981312.0
"('10C', '13C', '13S')",28.1,1,981312.0
"('10C', '13D', '13H')",28.1,1,981312.0
"('10C', '13D', '13S')",28.1,1,981312.0
"('10C', '13H', '13S')",28.1,1,981312.0
"('10D', '13C', '13D')",28.1,1,981312.0
"('10D', '13C', '13H')",28.1,1,981312.0
"('10D', '13C', '13S')",28.1,1,981312.0
"('10D', '13D', '13H')",28.1,1,981312.0
"('10D', '13D', '13S')",28.1,1,981312.0
"('10D', '13H', '13S')",28.1,1,981312.0
"('10H', '13C', '13D')",28.1,1,981312.0
"('10H', '13C', '13H')",28.1,1,981312.0
"('10H', '13C', '13S')",28.1,1,981312.0
"('10H', '13D', '13H')",28.1,1,981312.0
"('10H', '13D', '13S')",28.1,1,981312.0
"('10H', '13H', '13S')",28.1,1,981312.0
"('10S', '13C', '13D')",28.1,1,981312.0
"('10S', '13C', '13H')",28.1,1,981312.0
"('10S', '13C', '13S')",28.1,1,981312.0
"('10S', '13D', '13H')",28.1,1,981312.0
"('10S', '13D', '13S')",28.1,1,981312.0
"('10S', '13H', '13S')",28.1,1,981312.0
"('09C', '13C', '13D')",28.09,1,980226.0
"('09C', '13C', '13H')",28.09,1,980226.0
"('09C', '13C', '13S')",28.09,1,980226.0
"('09C', '13D', '13H')",28.09,1,980226.0
"('09C', '13D', '13S')",28.09,1,980226.0
"('09C', '13H', '13S')",28.09,1,980226.0
"('09D', '13C', '13D')",28.09,1,980226.0
"('09D', '13C', '13H')",28.09,1,980226.0
"('09D', '13C', '13S')",28.09,1,980226.0
"('09D', '13D', '13H')",28.09,1,980226.0
"('09D', '13D', '13S')",28.09,1,980226.0
"('09D', '13H', '13S')",28.09,1,980226.0
"('09H', '13C', '13D')",28.09,1,980226.0
"('09H', '13C', '13H')",28.09,1,980226.0
"('09H', '13C', '13S')",28.09,1,980226.0
"('09H', '13D', '13H')",28.09,1,980226.0
"('09H', '13D', '13S')",28.09,1,980226.0
"('09H', '13H', '13S')",28.09,1,980226.0
"('09S', '13C', '13D')",28.09,1,980226.0
"('09S', '13C', '13H')",28.09,1,980226.0
"('09S', '13C', '13S')",28.09,1,980226.0
"('09S', '13D', '13H')",28.09,1,980226.0
"('09S', '13D', '13S')",28.09,1,980226.0
"('09S', '13H', '13S')",28.09,1,980226.0
"('08C', '13C', '13D')",28.08,1,979140.0
"('08C', '13C', '13H')",28.08,1,979140.0
"('08C', '13C', '13S')",28.08,1,979140.0
"('08C', '13D', '13H')",28.08,1,979140.0
"('08C', '13D', '13S')",28.08,1,979140.0
"('08C', '13H', '13S')",28.08,1,979140.0
"('08D', '13C', '13D')",28.08,1,979140.0
"('08D', '13C', '13H')",28.08,1,979140.0
"('08D', '13C', '13S')",28.08,1,979140.0
"('08D', '13D', '13H')",28.08,1,979140.0
"('08D', '13D', '13S')",28.08,1,979140.0
"('08D', '13H', '13S')",28.08,1,979140.0
"('08H', '13C', '13D')",28.08,1,979140.0
"('08H', '13C', '13H')",28.08,1,979140.0
"('08H', '13C', '13S')",28.08,1,979140.0
"('08H', '13D', '13H')",28.08,1,979140.0
"('08H', '13D', '13S')",28.08,1,979140.0
"('08H', '13H', '13S')",28.08,1,979140.0
"('08S', '13C', '13D')",28.08,1,979140.0
"('08S', '13C', '13H')",28.08,1,979140.0
"('08S', '13C', '13S')",28.08,1,979140.0
"('08S', '13D', '13H')",28.08,1,979140.0
"('08S', '13D', '13S')",28.08,1,979140.0
"('08S', '13H', '13S')",28.08,1,979140.0
"('07C', '13C', '13D')",28.07,1,978054.0
"('07C', '13C', '13H')",28.07,1,978054.0
"('07C', '13C', '13S')",28.07,1,978054.0
"('07C', '13D', '13H')",28.07,1,978054.0
"('07C', '13D', '13S')",28.07,1,978054.0
"('07C', '13H', '13S')",28.07,1,978054.0
"('07D', '13C', '13D')",28.07,1,978054.0
"('07D', '13C', '13H')",28.07,1,978054.0
"('07D', '13C', '13S')",28.07,1,978054.0
"('07D', '13D', '13H')",28.07,1,978054.0
"('07D', '13D', '13S')",28.07,1,978054.0
"('07D', '13H', '13S')",28.07,1,978054.0
"('07H', '13C', '13D')",28.07,1,978054.0
"('07H', '13C', '13H')",28.07,1,978054.0
"('07H', '13C', '13S')",28.07,1,978054.0
"('07H', '13D', '13H')",28.07,1,978054.0
"('07H', '13D', '13S')",28.07,1,978054.0
"('07H', '13H', '13S')",28.07,1,978054.0
"('07S', '13C', '13D')",28.07,1,978054.0
"('07S', '13C', '13H')",28.07,1,978054.0
"('07S', '13C', '13S')",28.07,1,978054.0
"('07S', '13D', '13H')",28.07,1,978054.0
"('07S', '13D', '13S')",28.07,1,978054.0
"('07S', '13H', '13S')",28.07,1,978054.0
"('06C', '13C', '13D')",28.06,1,976968.0
"('06C', '13C', '13H')",28.06,1,976968.0
"('06C', '13C', '13S')",28.06,1,976968.0
"('06C', '13D', '13H')",28.06,1,976968.0
"('06C', '13D', '13S')",28.06,1,976968.0
"('06C', '13H', '13S')",28.06,1,976968.0
"('06D', '13C', '13D')",28.06,1,976968.0
"('06D', '13C', '13H')",28.06,1,976968.0
"('06D', '13C', '13S')",28.06,1,976968.0
"('06D', '13D', '13H')",28.06,1,976968.0
"('06D', '13D', '13S')",28.06,1,976968.0
"('06D', '13H', '13S')",28.06,1,976968.0
"('06H', '13C', '13D')",28.06,1,976968.0
"('06H', '13C', '13H')",28.06,1,976968.0
"('06H', '13C', '13S')",28.06,1,976968.0
"('06H', '13D', '13H')",28.06,1,976968.0
"('06H', '13D', '13S')",28.06,1,976968.0
"('06H', '13H', '13S')",28.06,1,976968.0
"('06S', '13C', '13D')",28.06,1,976968.0
"('06S', '13C', '13H')",28.06,1,976968.0
"('06S', '13C', '13S')",28.06,1,976968.0
"('06S', '13D', '13H')",28.06,1,976968.0
"('06S', '13D', '13S')",28.06,1,976968.0
"('06S', '13H', '13S')",28.06,1,976968.0
"('05C', '13C', '13D')",28.05,1,975882.0
"('05C', '13C', '13H')",28.05,1,975882.0
"('05C', '13C', '13S')",28.05,1,975882.0
"('05C', '13D', '13H')",28.05,1,975882.0
"('05C', '13D', '13S')",28.05,1,975882.0
"('05C', '13H', '13S')",28.05,1,975882.0
"('05D', '13C', '13D')",28.05,1,975882.0
"('05D', '13C', '13H')",28.05,1,975882.0
"('05D', '13C', '13S')",28.05,1,975882.0
"('05D', '13D', '13H')",28.05,1,975882.0
"('05D', '13D', '13S')",28.05,1,975882.0
"('05D', '13H', '13S')",28.05,1,975882.0
"('05H', '13C', '13D')",28.05,1,975882.0
"('05H', '13C', '13H')",28.05,1,975882.0
"('05H', '13C', '13S')",28.05,1,975882.0
"('05H', '13D', '13H')",28.05,1,975882.0
"('05H', '13D', '13S')",28.05,1,975882.0
"('05H', '13H', '13S')",28.05,1,975882.0
"('05S', '13C', '13D')",28.05,1,975882.0
"('05S', '13C', '13H')",28.05,1,975882.0
"('05S', '13C', '13S')",28.05,1,975882.0
"('05S', '13D', '13H')",28.05,1,975882.0
"('05S', '13D', '13S')",28.05,1,975882.0
"('05S', '13H', '13S')",28.05,1,975882.0
"('04C', '13C', '13D')",28.04,1,974796.0
"('04C', '13C', '13H')",28.04,1,974796.0
"('04C', '13C', '13S')",28.04,1,974796.0
"('04C', '13D', '13H')",28.04,1,974796.0
"('04C', '13D', '13S')",28.04,1,974796.0
"('04C', '13H', '13S')",28.04,1,974796.0
"('04D', '13C', '13D')",28.04,1,974796.0
"('04D', '13C', '13H')",28.04,1,974796.0
"('04D', '13C', '13S')",28.04,1,974796.0
"('04D', '13D', '13H')",28.04,1,974796.0
"('04D', '13D', '13S')",28.04,1,974796.0
"('04D', '13H', '13S')",28.04,1,974796.0
"('04H', '13C', '13D')",28.04,1,974796.0
"('04H', '13C', '13H')",28.04,1,974796.0
"('04H', '13C', '13S')",28.04,1,974796.0
"('04H', '13D', '13H')",28.04,1,974796.0
"('04H', '13D', '13S')",28.04,1,974796.0
"('04H', '13H', '13S')",28.04,1,974796.0
"('04S', '13C', '13D')",28.04,1,974796.0
"('04S', '13C', '13H')",28.04,1,974796.0
"('04S', '13C', '13S')",28.04,1,974796.0
"('04S', '13D', '13H')",28.04,1,974796.0
"('04S', '13D', '13S')",28.04,1,974796.0
"('04S', '13H', '13S')",28.04,1,974796.0
"('03C', '13C', '13D')",28.03,1,973710.0
"('03C', '13C', '13H')",28.03,1,973710.0
"('03C', '13C', '13S')",28.03,1,973710.0
"('03C', '13D', '13H')",28.03,1,973710.0
"('03C', '13D', '13S')",28.03,1,973710.0
"('03C', '13H', '13S')",28.03,1,973710.0
"('03D', '13C', '13D')",28.03,1,973710.0
"('03D', '13C', '13H')",28.03,1,973710.0
"('03D', '13C', '13S')",28.03,1,973710.0
"('03D', '13D', '13H')",28.03,1,973710.0
"('03D', '13D', '13S')",28.03,1,973710.0
"('03D', '13H', '13S')",28.03,1,973710.0
"('03H', '13C', '13D')",28.03,1,973710.0
"('03H', '13C', '13H')",28.03,1,973710.0
"('03H', '13C', '13S')",28.03,1,973710.0
"('03H', '13D', '13H')",28.03,1,973710.0
"('03H', '13D', '13S')",28.03,1,973710.0
"('03H', '13H', '13S')",28.03,1,973710.0
"('03S', '13C', '13D')",28.03,1,973710.0
"('03S', '13C', '13H')",28.03,1,973710.0
"('03S', '13C', '13S')",28.03,1,973710.0
"('03S', '13D', '13H')",28.03,1,973710.0
"('03S', '13D', '13S')",28.03,1,973710.0
"('03S', '13H', '13S')",28.03,1,973710.0
"('02C', '13C', '13D')",28.02,1,972624.0
"('02C', '13C', '13H')",28.02,1,972624.0
"('02C', '13C', '13S')",28.02,1,972624.0
"('02C', '13D', '13H')",28.02,1,972624.0
"('02C', '13D', '13S')",28.02,1,972624.0
"('02C', '13H', '13S')",28.02,1,972624.0
"('02D', '13C', '13D')",28.02,1,972624.0
"('02D', '13C', '13H')",28.02,1,972624.0
"('02D', '13C', '13S')",28.02,1,972624.0
"('02D', '13D', '13H')",28.02,1,972624.0
"('02D', '13D', '13S')",28.02,1,972624.0
"('02D', '13H', '13S')",28.02,1,972624.0
"('02H', '13C', '13D')",28.02,1,972624.0
"('02H', '13C', '13H')",28.02,1,972624.0
"('02H', '13C', '13S')",28.02,1,972624.0
"('02H', '13D', '13H')",28.02,1,972624.0
"('02H', '13D', '13S')",28.02,1,972624.0
"('02H', '13H', '13S')",28.02,1,972624.0
"('02S', '13C', '13D')",28.02,1,972624.0
"('02S', '13C', '13H')",28.02,1,972624.0
"('02S', '13C', '13S')",28.02,1,972624.0
"('02S', '13D', '13H')",28.02,1,972624.0
"('02S', '13D', '13S')",28.02,1,972624.0
"('02S', '13H', '13S')",28.02,1,972624.0
"('12C', '12D', '14C')",27.14,1,971538.0
"('12C', '12D', '14D')",27.14,1,971538.0
"('12C', '12D', '14H')",27.14,1,971538.0
"('12C', '12D', '14S')",27.14,1,971538.0
"('12C', '12H', '14C')",27.14,1,971538.0
"('12C', '12H', '14D')",27.14,1,971538.0
"('12C', '12H', '14H')",27.14,1,971538.0
"('12C', '12H', '14S')",27.14,1,971538.0
"('12C', '12S', '14C')",27.14,1,971538.0
"('12C', '12S', '14D')",27.14,1,971538.0
"('12C', '12S', '14H')",27.14,1,971538.0
"('12C', '12S', '14S')",27.14,1,971538.0
"('12D', '12H', '14C')",27.14,1,971538.0
"('12D', '12H', '14D')",27.14,1,971538.0
"('12D', '12H', '14H')",27.14,1,971538.0
"('12D', '12H', '14S')",27.14,1,971538.0
"('12D', '12S', '14C')",27.14,1,971538.0
"('12D', '12S', '14D')",27.14,1,971538.0
"('12D', '12S', '14H')",27.14,1,971538.0
"('12D', '12S', '14S')",27.14,1,971538.0
"('12H', '12S', '14C')",27.14,1,971538.0
"('12H', '12S', '14D')",27.14,1,971538.0
"('12H', '12S', '14H')",27.14,1,971538.0
"('12H', '12S', '14S')",27.14,1,971538.0
"('12C', '12D', '13C')",27.13,1,970452.0
"('12C', '12D', '13D')",27.13,1,970452.0
"('12C', '12D', '13H')",27.13,1,970452.0
"('12C', '12D', '13S')",27.13,1,970452.0
"('12C', '12H', '13C')",27.13,1,970452.0
"('12C', '12H', '13D')",27.13,1,970452.0
"('12C', '12H', '13H')",27.13,1,970452.0
"('12C', '12H', '13S')",27.13,1,970452.0
"('12C', '12S', '13C')",27.13,1,970452.0
"('12C', '12S', '13D')",27.13,1,970452.0
"('12C', '12S', '13H')",27.13,1,970452.0
"('12C', '12S', '13S')",27.13,1,970452.0
"('12D', '12H', '13C')",27.13,1,970452.0
"('12D', '12H', '13D')",27.13,1,970452.0
"('12D', '12H', '13H')",27.13,1,970452.0
"('12D', '12H', '13S')",27.13,1,970452.0
"('12D', '12S', '13C')",27.13,1,970452.0
"('12D', '12S', '13D')",27.13,1,970452.0
"('12D', '12S', '13H')",27.13,1,970452.0
"('12D', '12S', '13S')",27.13,1,970452.0
"('12H', '12S', '13C')",27.13,1,970452.0
"('12H', '12S', '13D')",27.13,1,970452.0
"('12H', '12S', '13H')",27.13,1,970452.0
"('12H', '12S', '13S')",27.13,1,970452.0
"('11C', '12C', '12D')",27.11,1,969367.0
"('11C', '12C', '12H')",27.11,1,969367.0
"('11C', '12C', '12S')",27.11,1,969367.0
"('11C', '12D', '12H')",27.11,1,969367.0
"('11C', '12D', '12S')",27.11,1,969367.0
"('11C', '12H', '12S')",27.11,1,969367.0
"('11D', '12C', '12D')",27.11,1,969367.0
"('11D', '12C', '12H')",27.11,1,969367.0
"('11D', '12C', '12S')",27.11,1,969367.0
"('11D', '12D', '12H')",27.11,1,969367.0
"('11D', '12D', '12S')",27.11,1,969367.0
"('11D', '12H', '12S')",27.11,1,969367.0
"('11H', '12C', '12D')",27.11,1,969367.0
"('11H', '12C', '12H')",27.11,1,969367.0
"('11H', '12C', '12S')",27.11,1,969367.0
"('11H', '12D', '12H')",27.11,1,969367.0
"('11H', '12D', '12S')",27.11,1,969367.0
"('11H', '12H', '12S')",27.11,1,969367.0
"('11S', '12C', '12D')",27.11,1,969367.0
"('11S', '12C', '12H')",27.11,1,969367.0
"('11S', '12C', '12S')",27.11,1,969367.0
"('11S', '12D', '12H')",27.11,1,969367.0
"('11S', '12D', '12S')",27.11,1,969367.0
"('11S', '12H', '12S')",27.11,1,969367.0
"('10C', '12C', '12D')",27.1,1,968281.0
"('10C', '12C', '12H')",27.1,1,968281.0
"('10C', '12C', '12S')",27.1,1,968281.0
"('10C', '12D', '12H')",27.1,1,968281.0
"('10C', '12D', '12S')",27.1,1,968281.0
"('10C', '12H', '12S')",27.1,1,968281.0
"('10D', '12C', '12D')",27.1,1,968281.0
"('10D', '12C', '12H')",27.1,1,968281.0
"('10D', '12C', '12S')",27.1,1,968281.0
"('10D', '12D', '12H')",27.1,1,968281.0
"('10D', '12D', '12S')",27.1,1,968281.0
"('10D', '12H', '12S')",27.1,1,968281.0
"('10H', '12C', '12D')",27.1,1,968281.0
"('10H', '12C', '12H')",27.1,1,968281.0
"('10H', '12C', '12S')",27.1,1,968281.0
"('10H', '12D', '12H')",27.1,1,968281.0
"('10H', '12D', '12S')",27.1,1,968281.0
"('10H', '12H', '12S')",27.1,1,968281.0
"('10S', '12C', '12D')",27.1,1,968281.0
"('10S', '12C', '12H')",27.1,1,968281.0
"('10S', '12C', '12S')",27.1,1,968281.0
"('10S', '12D', '12H')",27.1,1,968281.0
"('10S', '12D', '12S')",27.1,1,968281.0
"('10S', '12H', '12S')",27.1,1,968281.0
"('09C', '12C', '12D')",27.09,1,967195.0
"('09C', '12C', '12H')",27.09,1,967195.0
"('09C', '12C', '12S')",27.09,1,967195.0
"('09C', '12D', '12H')",27.09,1,967195.0
"('09C', '12D', '12S')",27.09,1,967195.0
"('09C', '12H', '12S')",27.09,1,967195.0
"('09D', '12C', '12D')",27.09,1,967195.0
"('09D', '12C', '12H')",27.09,1,967195.0
"('09D', '12C', '12S')",27.09,1,967195.0
"('09D', '12D', '12H')",27.09,1,967195.0
"('09D', '12D', '12S')",27.09,1,967195.0
"('09D', '12H', '12S')",27.09,1,967195.0
"('09H', '12C', '12D')",27.09,1,967195.0
"('09H', '12C', '12H')",27.09,1,967195.0
"('09H', '12C', '12S')",27.09,1,967195.0
"('09H', '12D', '12H')",27.09,1,967195.0
"('09H', '12D', '12S')",27.09,1,967195.0
"('09H', '12H', '12S')",27.09,1,967195.0
"('09S', '12C', '12D')",27.09,1,967195.0
"('09S', '12C', '12H')",27.09,1,967195.0
"('09S', '12C', '12S')",27.09,1,967195.0
"('09S', '12D', '12H')",27.09,1,967195.0
"('09S', '12D', '12S')",27.09,1,967195.0
"('09S', '12H', '12S')",27.09,1,967195.0
"('08C', '12C', '12D')",27.08,1,966109.0
"('08C', '12C', '12H')",27.08,1,966109.0
"('08C', '12C', '12S')",27.08,1,966109.0
"('08C', '12D', '12H')",27.08,1,966109.0
"('08C', '12D', '12S')",27.08,1,966109.0
"('08C', '12H', '12S')",27.08,1,966109.0
"('08D', '12C', '12D')",27.08,1,966109.0
"('08D', '12C', '12H')",27.08,1,966109.0
"('08D', '12C', '12S')",27.08,1,966109.0
"('08D', '12D', '12H')",27.08,1,966109.0
"('08D', '12D', '12S')",27.08,1,966109.0
"('08D', '12H', '12S')",27.08,1,966109.0
"('08H', '12C', '12D')",27.08,1,966109.0
"('08H', '12C', '12H')",27.08,1,966109.0
"('08H', '12C', '12S')",27.08,1,966109.0
"('08H', '12D', '12H')",27.08,1,966109.0
"('08H', '12D', '12S')",27.08,1,966109.0
"('08H', '12H', '12S')",27.08,1,966109.0
"('08S', '12C', '12D')",27.08,1,966109.0
"('08S', '12C', '12H')",27.08,1,966109.0
"('08S', '12C', '12S')",27.08,1,966109.0
"('08S', '12D', '12H')",27.08,1,966109.0
"('08S', '12D', '12S')",27.08,1,966109.0
"('08S', '12H', '12S')",27.08,1,966109.0
"('07C', '12C', '12D')",27.07,1,965023.0
"('07C', '12C', '12H')",27.07,1,965023.0
"('07C', '12C', '12S')",27.07,1,965023.0
"('07C', '12D', '12H')",27.07,1,965023.0
"('07C', '12D', '12S')",27.07,1,965023.0
"('07C', '12H', '12S')",27.07,1,965023.0
"('07D', '12C', '12D')",27.07,1,965023.0
"('07D', '12C', '12H')",27.07,1,965023.0
"('07D', '12C', '12S')",27.07,1,965023.0
"('07D', '12D', '12H')",27.07,1,965023.0
"('07D', '12D', '12S')",27.07,1,965023.0
"('07D', '12H', '12S')",27.07,1,965023.0
"('07H', '12C', '12D')",27.07,1,965023.0
"('07H', '12C', '12H')",27.07,1,965023.0
"('07H', '12C', '12S')",27.07,1,965023.0
"('07H', '12D', '12H')",27.07,1,965023.0
"('07H', '12D', '12S')",27.07,1,965023.0
"('07H', '12H', '12S')",27.07,1,965023.0
"('07S', '12C', '12D')",27.07,1,965023.0
"('07S', '12C', '12H')",27.07,1,965023.0
"('07S', '12C', '12S')",27.07,1,965023.0
"('07S', '12D', '12H')",27.07,1,965023.0
"('07S', '12D', '12S')",27.07,1,965023.0
"('07S', '12H', '12S')",27.07,1,965023.0
"('06C', '12C', '12D')",27.06,1,963937.0
"('06C', '12C', '12H')",27.06,1,963937.0
"('06C', '12C', '12S')",27.06,1,963937.0
"('06C', '12D', '12H')",27.06,1,963937.0
"('06C', '12D', '12S')",27.06,1,963937.0
"('06C', '12H', '12S')",27.06,1,963937.0
"('06D', '12C', '12D')",27.06,1,963937.0
"('06D', '12C', '12H')",27.06,1,963937.0
"('06D', '12C', '12S')",27.06,1,963937.0
"('06D', '12D', '12H')",27.06,1,963937.0
"('06D', '12D', '12S')",27.06,1,963937.0
"('06D', '12H', '12S')",27.06,1,963937.0
"('06H', '12C', '12D')",27.06,1,963937.0
"('06H', '12C', '12H')",27.06,1,963937.0
"('06H', '12C', '12S')",27.06,1,963937.0
"('06H', '12D', '12H')",27.06,1,963937.0
"('06H', '12D', '12S')",27.06,1,963937.0
"('06H', '12H', '12S')",27.06,1,963937.0
"('06S', '12C', '12D')",27.06,1,963937.0
"('06S', '12C', '12H')",27.06,1,963937.0
"('06S', '12C', '12S')",27.06,1,963937.0
"('06S', '12D', '12H')",27.06,1,963937.0
"('06S', '12D', '12S')",27.06,1,963937.0
"('06S', '12H', '12S')",27.06,1,963937.0
"('05C', '12C', '12D')",27.05,1,962851.0
"('05C', '12C', '12H')",27.05,1,962851.0
"('05C', '12C', '12S')",27.05,1,962851.0
"('05C', '12D', '12H')",27.05,1,962851.0
"('05C', '12D', '12S')",27.05,1,962851.0
"('05C', '12H', '12S')",27.05,1,962851.0
"('05D', '12C', '12D')",27.05,1,962851.0
"('05D', '12C', '12H')",27.05,1,962851.0
"('05D', '12C', '12S')",27.05,1,962851.0
"('05D', '12D', '12H')",27.05,1,962851.0
"('05D', '12D', '12S')",27.05,1,962851.0
"('05D', '12H', '12S')",27.05,1,962851.0
"('05H', '12C', '12D')",27.05,1,962851.0
"('05H', '12C', '12H')",27.05,1,962851.0
"('05H', '12C', '12S')",27.05,1,962851.0
"('05H', '12D', '12H')",27.05,1,962851.0
"('05H', '12D', '12S')",27.05,1,962851.0
"('05H', '12H', '12S')",27.05,1,962851.0
"('05S', '12C', '12D')",27.05,1,962851.0
"('05S', '12C', '12H')",27.05,1,962851.0
"('05S', '12C', '12S')",27.05,1,962851.0
"('05S', '12D', '12H')",27.05,1,962851.0
"('05S', '12D', '12S')",27.05,1,962851.0
"('05S', '12H', '12S')",27.05,1,962851.0
"('04C', '12C', '12D')",27.04,1,961765.0
"('04C', '12C', '12H')",27.04,1,961765.0
"('04C', '12C', '12S')",27.04,1,961765.0
"('04C', '12D', '12H')",27.04,1,961765.0
"('04C', '12D', '12S')",27.04,1,961765.0
"('04C', '12H', '12S')",27.04,1,961765.0
"('04D', '12C', '12D')",27.04,1,961765.0
"('04D', '12C', '12H')",27.04,1,961765.0
"('04D', '12C', '12S')",27.04,1,961765.0
"('04D', '12D', '12H')",27.04,1,961765.0
"('04D', '12D', '12S')",27.04,1,961765.0
"('04D', '12H', '12S')",27.04,1,961765.0
"('04H', '12C', '12D')",27.04,1,961765.0
"('04H', '12C', '12H')",27.04,1,961765.0
"('04H', '12C', '12S')",27.04,1,961765.0
"('04H', '12D', '12H')",27.04,1,961765.0
"('04H', '12D', '12S')",27.04,1,961765.0
"('04H', '12H', '12S')",27.04,1,961765.0
"('04S', '12C', '12D')",27.04,1,961765.0
"('04S', '12C', '12H')",27.04,1,961765.0
"('04S', '12C', '12S')",27.04,1,961765.0
"('04S', '12D', '12H')",27.04,1,961765.0
"('04S', '12D', '12S')",27.04,1,961765.0
"('04S', '12H', '12S')",27.04,1,961765.0
"('03C', '12C', '12D')",27.03,1,960679.0
"('03C', '12C', '12H')",27.03,1,960679.0
"('03C', '12C', '12S')",27.03,1,960679.0
"('03C', '12D', '12H')",27.03,1,960679.0
"('03C', '12D', '12S')",27.03,1,960679.0
"('03C', '12H', '12S')",27.03,1,960679.0
"('03D', '12C', '12D')",27.03,1,960679.0
"('03D', '12C', '12H')",27.03,1,960679.0
"('03D', '12C', '12S')",27.03,1,960679.0
"('03D', '12D', '12H')",27.03,1,960679.0
"('03D', '12D', '12S')",27.03,1,960679.0
"('03D', '12H', '12S')",27.03,1,960679.0
"('03H', '12C', '12D')",27.03,1,960679.0
"('03H', '12C', '12H')",27.03,1,960679.0
"('03H', '12C', '12S')",27.03,1,960679.0
"('03H', '12D', '12H')",27.03,1,960679.0
"('03H', '12D', '12S')",27.03,1,960679.0
"('03H', '12H', '12S')",27.03,1,960679.0
"('03S', '12C', '12D')",27.03,1,960679.0
"('03S', '12C', '12H')",27.03,1,960679.0
"('03S', '12C', '12S')",27.03,1,960679.0
"('03S', '12D', '12H')",27.03,1,960679.0
"('03S', '12D', '12S')",27.03,1,960679.0
"('03S', '12H', '12S')",27.03,1,960679.0
"('02C', '12C', '12D')",27.02,1,959593.0
"('02C', '12C', '12H')",27.02,1,959593.0
"('02C', '12C', '12S')",27.02,1,959593.0
"('02C', '12D', '12H')",27.02,1,959593.0
"('02C', '12D', '12S')",27.02,1,959593.0
"('02C', '12H', '12S')",27.02,1,959593.0
"('02D', '12C', '12D')",27.02,1,959593.0
"('02D', '12C', '12H')",27.02,1,959593.0
"('02D', '12C', '12S')",27.02,1,959593.0
"('02D', '12D', '12H')",27.02,1,959593.0
"('02D', '12D', '12S')",27.02,1,959593.0
"('02D', '12H', '12S')",27.02,1,959593.0
"('02H', '12C', '12D')",27.02,1,959593.0
"('02H', '12C', '12H')",27.02,1,959593.0
"('02H', '12C', '12S')",27.02,1,959593.0
"('02H', '12D', '12H')",27.02,1,959593.0
"('02H', '12D', '12S')",27.02,1,959593.0
"('02H', '12H', '12S')",27.02,1,959593.0
"('02S', '12C', '12D')",27.02,1,959593.0
"('02S', '12C', '12H')",27.02,1,959593.0
"('02S', '12C', '12S')",27.02,1,959593.0
"('02S', '12D', '12H')",27.02,1,959593.0
"('02S', '12D', '12S')",27.02,1,959593.0
"('02S', '12H', '12S')",27.02,1,959593.0
"('11C', '11D', '14C')",26.14,1,958507.0
"('11C', '11D', '14D')",26.14,1,958507.0
"('11C', '11D', '14H')",26.14,1,958507.0
"('11C', '11D', '14S')",26.14,1,958507.0
"('11C', '11H', '14C')",26.14,1,958507.0
"('11C', '11H', '14D')",26.14,1,958507.0
"('11C', '11H', '14H')",26.14,1,958507.0
"('11C', '11H', '14S')",26.14,1,958507.0
"('11C', '11S', '14C')",26.14,1,958507.0
"('11C', '11S', '14D')",26.14,1,958507.0
"('11C', '11S', '14H')",26.14,1,958507.0
"('11C', '11S', '14S')",26.14,1,958507.0
"('11D', '11H', '14C')",26.14,1,958507.0
"('11D', '11H', '14D')",26.14,1,958507.0
"('11D', '11H', '14H')",26.14,1,958507.0
"('11D', '11H', '14S')",26.14,1,958507.0
"('11D', '11S', '14C')",26.14,1,958507.0
"('11D', '11S', '14D')",26.14,1,958507.0
"('11D', '11S', '14H')",26.14,1,958507.0
"('11D', '11S', '14S')",26.14,1,958507.0
"('11H', '11S', '14C')",26.14,1,958507.0
"('11H', '11S', '14D')",26.14,1,958507.0
"('11H', '11S', '14H')",26.14,1,958507.0
"('11H', '11S', '14S')",26.14,1,958507.0
"('11C', '11D', '13C')",26.13,1,957421.0
"('11C', '11D', '13D')",26.13,1,957421.0
"('11C', '11D', '13H')",26.13,1,957421.0
"('11C', '11D', '13S')",26.13,1,957421.0
"('11C', '11H', '13C')",26.13,1,957421.0
"('11C', '11H', '13D')",26.13,1,957421.0
"('11C', '11H', '13H')",26.13,1,957421.0
"('11C', '11H', '13S')",26.13,1,957421.0
"('11C', '11S', '13C')",26.13,1,957421.0
"('11C', '11S', '13D')",26.13,1,957421.0
"('11C', '11S', '13H')",26.13,1,957421.0
"('11C', '11S', '13S')",26.13,1,957421.0
"('11D', '11H', '13C')",26.13,1,957421.0
"('11D', '11H', '13D')",26.13,1,957421.0
"('11D', '11H', '13H')",26.13,1,957421.0
"('11D', '11H', '13S')",26.13,1,957421.0
"('11D', '11S', '13C')",26.13,1,957421.0
"('11D', '11S', '13D')",26.13,1,957421.0
"('11D', '11S', '13H')",26.13,1,957421.0
"('11D', '11S', '13S')",26.13,1,957421.0
"('11H', '11S', '13C')",26.13,1,957421.0
"('11H', '11S', '13D')",26.13,1,957421.0
"('11H', '11S', '13H')",26.13,1,957421.0
"('11H', '11S', '13S')",26.13,1,957421.0
"('11C', '11D', '12C')",26.12,1,956335.0
"('11C', '11D', '12D')",26.12,1,956335.0
"('11C', '11D', '12H')",26.12,1,956335.0
"('11C', '11D', '12S')",26.12,1,956335.0
"('11C', '11H', '12C')",26.12,1,956335.0
"('11C', '11H', '12D')",26.12,1,956335.0
"('11C', '11H', '12H')",26.12,1,956335.0
"('11C', '11H', '12S')",26.12,1,956335.0
"('11C', '11S', '12C')",26.12,1,956335.0
"('11C', '11S', '12D')",26.12,1,956335.0
"('11C', '11S', '12H')",26.12,1,956335.0
"('11C', '11S', '12S')",26.12,1,956335.0
"('11D', '11H', '12C')",26.12,1,956335.0
"('11D', '11H', '12D')",26.12,1,956335.0
"('11D', '11H', '12H')",26.12,1,956335.0
"('11D', '11H', '12S')",26.12,1,956335.0
"('11D', '11S', '12C')",26.12,1,956335.0
"('11D', '11S', '12D')",26.12,1,956335.0
"('11D', '11S', '12H')",26.12,1,956335.0
"('11D', '11S', '12S')",26.12,1,956335.0
"('11H', '11S', '12C')",26.12,1,956335.0
"('11H', '11S', '12D')",26.12,1,956335.0
"('11H', '11S', '12H')",26.12,1,956335.0
"('11H', '11S', '12S')",26.12,1,956335.0
"('10C', '11C', '11D')",26.1,1,955249.0
"('10C', '11C', '11H')",26.1,1,955249.0
"('10C', '11C', '11S')",26.1,1,955249.0
"('10C', '11D', '11H')",26.1,1,955249.0
"('10C', '11D', '11S')",26.1,1,955249.0
"('10C', '11H', '11S')",26.1,1,955249.0
"('10D', '11C', '11D')",26.1,1,955249.0
"('10D', '11C', '11H')",26.1,1,955249.0
"('10D', '11C', '11S')",26.1,1,955249.0
"('10D', '11D', '11H')",26.1,1,955249.0
"('10D', '11D', '11S')",26.1,1,955249.0
"('10D', '11H', '11S')",26.1,1,955249.0
"('10H', '11C', '11D')",26.1,1,955249.0
"('10H', '11C', '11H')",26.1,1,955249.0
"('10H', '11C', '11S')",26.1,1,955249.0
"('10H', '11D', '11H')",26.1,1,955249.0
"('10H', '11D', '11S')",26.1,1,955249.0
"('10H', '11H', '11S')",26.1,1,955249.0
"('10S', '11C', '11D')",26.1,1,955249.0
"('10S', '11C', '11H')",26.1,1,955249.0
"('10S', '11C', '11S')",26.1,1,955249.0
"('10S', '11D', '11H')",26.1,1,955249.0
"('10S', '11D', '11S')",26.1,1,955249.0
"('10S', '11H', '11S')",26.1,1,955249.0
"('09C', '11C', '11D')",26.09,1,954163.0
"('09C', '11C', '11H')",26.09,1,954163.0
"('09C', '11C', '11S')",26.09,1,954163.0
"('09C', '11D', '11H')",26.09,1,954163.0
"('09C', '11D', '11S')",26.09,1,954163.0
"('09C', '11H', '11S')",26.09,1,954163.0
"('09D', '11C', '11D')",26.09,1,954163.0
"('09D', '11C', '11H')",26.09,1,954163.0
"('09D', '11C', '11S')",26.09,1,954163.0
"('09D', '11D', '11H')",26.09,1,954163.0
"('09D', '11D', '11S')",26.09,1,954163.0
"('09D', '11H', '11S')",26.09,1,954163.0
"('09H', '11C', '11D')",26.09,1,954163.0
"('09H', '11C', '11H')",26.09,1,954163.0
"('09H', '11C', '11S')",26.09,1,954163.0
"('09H', '11D', '11H')",26.09,1,954163.0
"('09H', '11D', '11S')",26.09,1,954163.0
"('09H', '11H', '11S')",26.09,1,954163.0
"('09S', '11C', '11D')",26.09,1,954163.0
"('09S', '11C', '11H')",26.09,1,954163.0
"('09S', '11C', '11S')",26.09,1,954163.0
"('09S', '11D', '11H')",26.09,1,954163.0
"('09S', '11D', '11S')",26.09,1,954163.0
"('09S', '11H', '11S')",26.09,1,954163.0
"('08C', '11C', '11D')",26.08,1,953077.0
"('08C', '11C', '11H')",26.08,1,953077.0
"('08C', '11C', '11S')",26.08,1,953077.0
"('08C', '11D', '11H')",26.08,1,953077.0
"('08C', '11D', '11S')",26.08,1,953077.0
"('08C', '11H', '11S')",26.08,1,953077.0
"('08D', '11C', '11D')",26.08,1,953077.0
"('08D', '11C', '11H')",26.08,1,953077.0
"('08D', '11C', '11S')",26.08,1,953077.0
"('08D', '11D', '11H')",26.08,1,953077.0
"('08D', '11D', '11S')",26.08,1,953077.0
"('08D', '11H', '11S')",26.08,1,953077.0
"('08H', '11C', '11D')",26.08,1,953077.0
"('08H', '11C', '11H')",26.08,1,953077.0
"('08H', '11C', '11S')",26.08,1,953077.0
"('08H', '11D', '11H')",26.08,1,953077.0
"('08H', '11D', '11S')",26.08,1,953077.0
"('08H', '11H', '11S')",26.08,1,953077.0
"('08S', '11C', '11D')",26.08,1,953077.0
"('08S', '11C', '11H')",26.08,1,953077.0
"('08S', '11C', '11S')",26.08,1,953077.0
"('08S', '11D', '11H')",26.08,1,953077.0
"('08S', '11D', '11S')",26.08,1,953077.0
"('08S', '11H', '11S')",26.08,1,953077.0
"('07C', '11C', '11D')",26.07,1,951991.0
"('07C', '11C', '11H')",26.07,1,951991.0
"('07C', '11C', '11S')",26.07,1,951991.0
"('07C', '11D', '11H')",26.07,1,951991.0
"('07C', '11D', '11S')",26.07,1,951991.0
"('07C', '11H', '11S')",26.07,1,951991.0
"('07D', '11C', '11D')",26.07,1,951991.0
"('07D', '11C', '11H')",26.07,1,951991.0
"('07D', '11C', '11S')",26.07,1,951991.0
"('07D', '11D', '11H')",26.07,1,951991.0
"('07D', '11D', '11S')",26.07,1,951991.0
"('07D', '11H', '11S')",26.07,1,951991.0
"('07H', '11C', '11D')",26.07,1,951991.0
"('07H', '11C', '11H')",26.07,1,951991.0
"('07H', '11C', '11S')",26.07,1,951991.0
"('07H', '11D', '11H')",26.07,1,951991.0
"('07H', '11D', '11S')",26.07,1,951991.0
"('07H', '11H', '11S')",26.07,1,951991.0
"('07S', '11C', '11D')",26.07,1,951991.0
"('07S', '11C', '11H')",26.07,1,951991.0
"('07S', '11C', '11S')",26.07,1,951991.0
"('07S', '11D', '11H')",26.07,1,951991.0
"('07S', '11D', '11S')",26.07,1,951991.0
"('07S', '11H', '11S')",26.07,1,951991.0
"('06C', '11C', '11D')",26.06,1,950905.0
"('06C', '11C', '11H')",26.06,1,950905.0
"('06C', '11C', '11S')",26.06,1,950905.0
"('06C', '11D', '11H')",26.06,1,950905.0
"('06C', '11D', '11S')",26.06,1,950905.0
"('06C', '11H', '11S')",26.06,1,950905.0
"('06D', '11C', '11D')",26.06,1,950905.0
"('06D', '11C', '11H')",26.06,1,950905.0
"('06D', '11C', '11S')",26.06,1,950905.0
"('06D', '11D', '11H')",26.06,1,950905.0
"('06D', '11D', '11S')",26.06,1,950905.0
"('06D', '11H', '11S')",26.06,1,950905.0
"('06H', '11C', '11D')",26.06,1,950905.0
"('06H', '11C', '11H')",26.06,1,950905.0
"('06H', '11C', '11S')",26.06,1,950905.0
"('06H', '11D', '11H')",26.06,1,950905.0
"('06H', '11D', '11S')",26.06,1,950905.0
"('06H', '11H', '11S')",26.06,1,950905.0
"('06S', '11C', '11D')",26.06,1,950905.0
"('06S', '11C', '11H')",26.06,1,950905.0
"('06S', '11C', '11S')",26.06,1,950905.0
"('06S', '11D', '11H')",26.06,1,950905.0
"('06S', '11D', '11S')",26.06,1,950905.0
"('06S', '11H', '11S')",26.06,1,950905.0
"('05C', '11C', '11D')",26.05,1,949819.0
"('05C', '11C', '11H')",26.05,1,949819.0
"('05C', '11C', '11S')",26.05,1,949819.0
"('05C', '11D', '11H')",26.05,1,949819.0
"('05C', '11D', '11S')",26.05,1,949819.0
"('05C', '11H', '11S')",26.05,1,949819.0
"('05D', '11C', '11D')",26.05,1,949819.0
"('05D', '11C', '11H')",26.05,1,949819.0
"('05D', '11C', '11S')",26.05,1,949819.0
"('05D', '11D', '11H')",26.05,1,949819.0
"('05D', '11D', '11S')",26.05,1,949819.0
"('05D', '11H', '11S')",26.05,1,949819.0
"('05H', '11C', '11D')",26.05,1,949819.0
"('05H', '11C', '11H')",26.05,1,949819.0
"('05H', '11C', '11S')",26.05,1,949819.0
"('05H', '11D', '11H')",26.05,1,949819.0
"('05H', '11D', '11S')",26.05,1,949819.0
"('05H', '11H', '11S')",26.05,1,949819.0
"('05S', '11C', '11D')",26.05,1,949819.0
"('05S', '11C', '11H')",26.05,1,949819.0
"('05S', '11C', '11S')",26.05,1,949819.0
"('05S', '11D', '11H')",26.05,1,949819.0
"('05S', '11D', '11S')",26.05,1,949819.0
"('05S', '11H', '11S')",26.05,1,949819.0
"('04C', '11C', '11D')",26.04,1,948733.0
"('04C', '11C', '11H')",26.04,1,948733.0
"('04C', '11C', '11S')",26.04,1,948733.0
"('04C', '11D', '11H')",26.04,1,948733.0
"('04C', '11D', '11S')",26.04,1,948733.0
"('04C', '11H', '11S')",26.04,1,948733.0
"('04D', '11C', '11D')",26.04,1,948733.0
"('04D', '11C', '11H')",26.04,1,948733.0
"('04D', '11C', '11S')",26.04,1,948733.0
"('04D', '11D', '11H')",26.04,1,948733.0
"('04D', '11D', '11S')",26.04,1,948733.0
"('04D', '11H', '11S')",26.04,1,948733.0
"('04H', '11C', '11D')",26.04,1,948733.0
"('04H', '11C', '11H')",26.04,1,948733.0
"('04H', '11C', '11S')",26.04,1,948733.0
"('04H', '11D', '11H')",26.04,1,948733.0
"('04H', '11D', '11S')",26.04,1,948733.0
"('04H', '11H', '11S')",26.04,1,948733.0
"('04S', '11C', '11D')",26.04,1,948733.0
"('04S', '11C', '11H')",26.04,1,948733.0
"('04S', '11C', '11S')",26.04,1,948733.0
"('04S', '11D', '11H')",26.04,1,948733.0
"('04S', '11D', '11S')",26.04,1,948733.0
"('04S', '11H', '11S')",26.04,1,948733.0
"('03C', '11C', '11D')",26.03,1,947647.0
"('03C', '11C', '11H')",26.03,1,947647.0
"('03C', '11C', '11S')",26.03,1,947647.0
"('03C', '11D', '11H')",26.03,1,947647.0
"('03C', '11D', '11S')",26.03,1,947647.0
"('03C', '11H', '11S')",26.03,1,947647.0
"('03D', '11C', '11D')",26.03,1,947647.0
"('03D', '11C', '11H')",26.03,1,947647.0
"('03D', '11C', '11S')",26.03,1,947647.0
"('03D', '11D', '11H')",26.03,1,947647.0
"('03D', '11D', '11S')",26.03,1,947647.0
"('03D', '11H', '11S')",26.03,1,947647.0
"('03H', '11C', '11D')",26.03,1,947647.0
"('03H', '11C', '11H')",26.03,1,947647.0
"('03H', '11C', '11S')",26.03,1,947647.0
"('03H', '11D', '11H')",26.03,1,947647.0
"('03H', '11D', '11S')",26.03,1,947647.0
"('03H', '11H', '11S')",26.03,1,947647.0
"('03S', '11C', '11D')",26.03,1,947647.0
"('03S', '11C', '11H')",26.03,1,947647.0
"('03S', '11C', '11S')",26.03,1,947647.0
"('03S', '11D', '11H')",26.03,1,947647.0
"('03S', '11D', '11S')",26.03,1,947647.0
"('03S', '11H', '11S')",26.03,1,947647.0
"('02C', '11C', '11D')",26.02,1,946561.0
"('02C', '11C', '11H')",26.02,1,946561.0
"('02C', '11C', '11S')",26.02,1,946561.0
"('02C', '11D', '11H')",26.02,1,946561.0
"('02C', '11D', '11S')",26.02,1,946561.0
"('02C', '11H', '11S')",26.02,1,946561.0
"('02D', '11C', '11D')",26.02,1,946561.0
"('02D', '11C', '11H')",26.02,1,946561.0
"('02D', '11C', '11S')",26.02,1,946561.0
"('02D', '11D', '11H')",26.02,1,946561.0
"('02D', '11D', '11S')",26.02,1,946561.0
"('02D', '11H', '11S')",26.02,1,946561.0
"('02H', '11C', '11D')",26.02,1,946561.0
"('02H', '11C', '11H')",26.02,1,946561.0
"('02H', '11C', '11S')",26.02,1,946561.0
"('02H', '11D', '11H')",26.02,1,946561.0
"('02H', '11D', '11S')",26.02,1,946561.0
"('02H', '11H', '11S')",26.02,1,946561.0
"('02S', '11C', '11D')",26.02,1,946561.0
"('02S', '11C', '11H')",26.02,1,946561.0
"('02S', '11C', '11S')",26.02,1,946561.0
"('02S', '11D', '11H')",26.02,1,946561.0
"('02S', '11D', '11S')",26.02,1,946561.0
"('02S', '11H', '11S')",26.02,1,946561.0
"('10C', '10D', '14C')",25.14,1,945475.0
"('10C', '10D', '14D')",25.14,1,945475.0
"('10C', '10D', '14H')",25.14,1,945475.0
"('10C', '10D', '14S')",25.14,1,945475.0
"('10C', '10H', '14C')",25.14,1,945475.0
"('10C', '10H', '14D')",25.14,1,945475.0
"('10C', '10H', '14H')",25.14,1,945475.0
"('10C', '10H', '14S')",25.14,1,945475.0
"('10C', '10S', '14C')",25.14,1,945475.0
"('10C', '10S', '14D')",25.14,1,945475.0
"('10C', '10S', '14H')",25.14,1,945475.0
"('10C', '10S', '14S')",25.14,1,945475.0
"('10D', '10H', '14C')",25.14,1,945475.0
"('10D', '10H', '14D')",25.14,1,945475.0
"('10D', '10H', '14H')",25.14,1,945475.0
"('10D', '10H', '14S')",25.14,1,945475.0
"('10D', '10S', '14C')",25.14,1,945475.0
"('10D', '10S', '14D')",25.14,1,945475.0
"('10D', '10S', '14H')",25.14,1,945475.0
"('10D', '10S', '14S')",25.14,1,945475.0
"('10H', '10S', '14C')",25.14,1,945475.0
"('10H', '10S', '14D')",25.14,1,945475.0
"('10H', '10S', '14H')",25.14,1,945475.0
"('10H', '10S', '14S')",25.14,1,945475.0
"('10C', '10D', '13C')",25.13,1,944389.0
"('10C', '10D', '13D')",25.13,1,944389.0
"('10C', '10D', '13H')",25.13,1,944389.0
"('10C', '10D', '13S')",25.13,1,944389.0
"('10C', '10H', '13C')",25.13,1,944389.0
"('10C', '10H', '13D')",25.13,1,944389.0
"('10C', '10H', '13H')",25.13,1,944389.0
"('10C', '10H', '13S')",25.13,1,944389.0
"('10C', '10S', '13C')",25.13,1,944389.0
"('10C', '10S', '13D')",25.13,1,944389.0
"('10C', '10S', '13H')",25.13,1,944389.0
"('10C', '10S', '13S')",25.13,1,944389.0
"('10D', '10H', '13C')",25.13,1,944389.0
"('10D', '10H', '13D')",25.13,1,944389.0
"('10D', '10H', '13H')",25.13,1,944389.0
"('10D', '10H', '13S')",25.13,1,944389.0
"('10D', '10S', '13C')",25.13,1,944389.0
"('10D', '10S', '13D')",25.13,1,944389.0
"('10D', '10S', '13H')",25.13,1,944389.0
"('10D', '10S', '13S')",25.13,1,944389.0
"('10H', '10S', '13C')",25.13,1,944389.0
"('10H', '10S', '13D')",25.13,1,944389.0
"('10H', '10S', '13H')",25.13,1,944389.0
"('10H', '10S', '13S')",25.13,1,944389.0
"('10C', '10D', '12C')",25.12,1,943303.0
"('10C', '10D', '12D')",25.12,1,943303.0
"('10C', '10D', '12H')",25.12,1,943303.0
"('10C', '10D', '12S')",25.12,1,943303.0
"('10C', '10H', '12C')",25.12,1,943303.0
"('10C', '10H', '12D')",25.12,1,943303.0
"('10C', '10H', '12H')",25.12,1,943303.0
"('10C', '10H', '12S')",25.12,1,943303.0
"('10C', '10S', '12C')",25.12,1,943303.0
"('10C', '10S', '12D')",25.12,1,943303.0
"('10C', '10S', '12H')",25.12,1,943303.0
"('10C', '10S', '12S')",25.12,1,943303.0
"('10D', '10H', '12C')",25.12,1,943303.0
"('10D', '10H', '12D')",25.12,1,943303.0
"('10D', '10H', '12H')",25.12,1,943303.0
"('10D', '10H', '12S')",25.12,1,943303.0
"('10D', '10S', '12C')",25.12,1,943303.0
"('10D', '10S', '12D')",25.12,1,943303.0
"('10D', '10S', '12H')",25.12,1,943303.0
"('10D', '10S', '12S')",25.12,1,943303.0
"('10H', '10S', '12C')",25.12,1,943303.0
"('10H', '10S', '12D')",25.12,1,943303.0
"('10H', '10S', '12H')",25.12,1,943303.0
"('10H', '10S', '12S')",25.12,1,943303.0
"('10C', '10D', '11C')",25.11,1,942217.0
"('10C', '10D', '11D')",25.11,1,942217.0
"('10C', '10D', '11H')",25.11,1,942217.0
"('10C', '10D', '11S')",25.11,1,942217.0
"('10C', '10H', '11C')",25.11,1,942217.0
"('10C', '10H', '11D')",25.11,1,942217.0
"('10C', '10H', '11H')",25.11,1,942217.0
"('10C', '10H', '11S')",25.11,1,942217.0
"('10C', '10S', '11C')",25.11,1,942217.0
"('10C', '10S', '11D')",25.11,1,942217.0
"('10C', '10S', '11H')",25.11,1,942217.0
"('10C', '10S', '11S')",25.11,1,942217.0
"('10D', '10H', '11C')",25.11,1,942217.0
"('10D', '10H', '11D')",25.11,1,942217.0
"('10D', '10H', '11H')",25.11,1,942217.0
"('10D', '10H', '11S')",25.11,1,942217.0
"('10D', '10S', '11C')",25.11,1,942217.0
"('10D', '10S', '11D')",25.11,1,942217.0
"('10D', '10S', '11H')",25.11,1,942217.0
"('10D', '10S', '11S')",25.11,1,942217.0
"('10H', '10S', '11C')",25.11,1,942217.0
"('10H', '10S', '11D')",25.11,1,942217.0
"('10H', '10S', '11H')",25.11,1,942217.0
"('10H', '10S', '11S')",25.11,1,942217.0
"('09C', '10C', '10D')",25.09,1,941131.0
"('09C', '10C', '10H')",25.09,1,941131.0
"('09C', '10C', '10S')",25.09,1,941131.0
"('09C', '10D', '10H')",25.09,1,941131.0
"('09C', '10D', '10S')",25.09,1,941131.0
"('09C', '10H', '10S')",25.09,1,941131.0
"('09D', '10C', '10D')",25.09,1,941131.0
"('09D', '10C', '10H')",25.09,1,941131.0
"('09D', '10C', '10S')",25.09,1,941131.0
"('09D', '10D', '10H')",25.09,1,941131.0
"('09D', '10D', '10S')",25.09,1,941131.0
"('09D', '10H', '10S')",25.09,1,941131.0
"('09H', '10C', '10D')",25.09,1,941131.0
"('09H', '10C', '10H')",25.09,1,941131.0
"('09H', '10C', '10S')",25.09,1,941131.0
"('09H', '10D', '10H')",25.09,1,941131.0
"('09H', '10D', '10S')",25.09,1,941131.0
"('09H', '10H', '10S')",25.09,1,941131.0
"('09S', '10C', '10D')",25.09,1,941131.0
"('09S', '10C', '10H')",25.09,1,941131.0
"('09S', '10C', '10S')",25.09,1,941131.0
"('09S', '10D', '10H')",25.09,1,941131.0
"('09S', '10D', '10S')",25.09,1,941131.0
"('09S', '10H', '10S')",25.09,1,941131.0
"('08C', '10C', '10D')",25.08,1,940045.0
"('08C', '10C', '10H')",25.08,1,940045.0
"('08C', '10C', '10S')",25.08,1,940045.0
"('08C', '10D', '10H')",25.08,1,940045.0
"('08C', '10D', '10S')",25.08,1,940045.0
"('08C', '10H', '10S')",25.08,1,940045.0
"('08D', '10C', '10D')",25.08,1,940045.0
"('08D', '10C', '10H')",25.08,1,940045.0
"('08D', '10C', '10S')",25.08,1,940045.0
"('08D', '10D', '10H')",25.08,1,940045.0
"('08D', '10D', '10S')",25.08,1,940045.0
"('08D', '10H', '10S')",25.08,1,940045.0
"('08H', '10C', '10D')",25.08,1,940045.0
"('08H', '10C', '10H')",25.08,1,940045.0
"('08H', '10C', '10S')",25.08,1,940045.0
"('08H', '10D', '10H')",25.08,1,940045.0
"('08H', '10D', '10S')",25.08,1,940045.0
"('08H', '10H', '10S')",25.08,1,940045.0
"('08S', '10C', '10D')",25.08,1,940045.0
"('08S', '10C', '10H')",25.08,1,940045.0
"('08S', '10C', '10S')",25.08,1,940045.0
"('08S', '10D', '10H')",25.08,1,940045.0
"('08S', '10D', '10S')",25.08,1,940045.0
"('08S', '10H', '10S')",25.08,1,940045.0
"('07C', '10C', '10D')",25.07,1,938959.0
"('07C', '10C', '10H')",25.07,1,938959.0
"('07C', '10C', '10S')",25.07,1,938959.0
"('07C', '10D', '10H')",25.07,1,938959.0
"('07C', '10D', '10S')",25.07,1,938959.0
"('07C', '10H', '10S')",25.07,1,938959.0
"('07D', '10C', '10D')",25.07,1,938959.0
"('07D', '10C', '10H')",25.07,1,938959.0
"('07D', '10C', '10S')",25.07,1,938959.0
"('07D', '10D', '10H')",25.07,1,938959.0
"('07D', '10D', '10S')",25.07,1,938959.0
"('07D', '10H', '10S')",25.07,1,938959.0
"('07H', '10C', '10D')",25.07,1,938959.0
"('07H', '10C', '10H')",25.07,1,938959.0
"('07H', '10C', '10S')",25.07,1,938959.0
"('07H', '10D', '10H')",25.07,1,938959.0
"('07H', '10D', '10S')",25.07,1,938959.0
"('07H', '10H', '10S')",25.07,1,938959.0
"('07S', '10C', '10D')",25.07,1,938959.0
"('07S', '10C', '10H')",25.07,1,938959.0
"('07S', '10C', '10S')",25.07,1,938959.0
"('07S', '10D', '10H')",25.07,1,938959.0
"('07S', '10D', '10S')",25.07,1,938959.0
"('07S', '10H', '10S')",25.07,1,938959.0
"('06C', '10C', '10D')",25.06,1,937873.0
"('06C', '10C', '10H')",25.06,1,937873.0
"('06C', '10C', '10S')",25.06,1,937873.0
"('06C', '10D', '10H')",25.06,1,937873.0
"('06C', '10D', '10S')",25.06,1,937873.0
"('06C', '10H', '10S')",25.06,1,937873.0
"('06D', '10C', '10D')",25.06,1,937873.0
"('06D', '10C', '10H')",25.06,1,937873.0
"('06D', '10C', '10S')",25.06,1,937873.0
"('06D', '10D', '10H')",25.06,1,937873.0
"('06D', '10D', '10S')",25.06,1,937873.0
"('06D', '10H', '10S')",25.06,1,937873.0
"('06H', '10C', '10D')",25.06,1,937873.0
"('06H', '10C', '10H')",25.06,1,937873.0
"('06H', '10C', '10S')",25.06,1,937873.0
"('06H', '10D', '10H')",25.06,1,937873.0
"('06H', '10D', '10S')",25.06,1,937873.0
"('06H', '10H', '10S')",25.06,1,937873.0
"('06S', '10C', '10D')",25.06,1,937873.0
"('06S', '10C', '10H')",25.06,1,937873.0
"('06S', '10C', '10S')",25.06,1,937873.0
"('06S', '10D', '10H')",25.06,1,937873.0
"('06S', '10D', '10S')",25.06,1,937873.0
"('06S', '10H', '10S')",25.06,1,937873.0
"('05C', '10C', '10D')",25.05,1,936787.0
"('05C', '10C', '10H')",25.05,1,936787.0
"('05C', '10C', '10S')",25.05,1,936787.0
"('05C', '10D', '10H')",25.05,1,936787.0
"('05C', '10D', '10S')",25.05,1,936787.0
"('05C', '10H', '10S')",25.05,1,936787.0
"('05D', '10C', '10D')",25.05,1,936787.0
"('05D', '10C', '10H')",25.05,1,936787.0
"('05D', '10C', '10S')",25.05,1,936787.0
"('05D', '10D', '10H')",25.05,1,936787.0
"('05D', '10D', '10S')",25.05,1,936787.0
"('05D', '10H', '10S')",25.05,1,936787.0
"('05H', '10C', '10D')",25.05,1,936787.0
"('05H', '10C', '10H')",25.05,1,936787.0
"('05H', '10C', '10S')",25.05,1,936787.0
"('05H', '10D', '10H')",25.05,1,936787.0
"('05H', '10D', '10S')",25.05,1,936787.0
"('05H', '10H', '10S')",25.05,1,936787.0
"('05S', '10C', '10D')",25.05,1,936787.0
"('05S', '10C', '10H')",25.05,1,936787.0
"('05S', '10C', '10S')",25.05,1,936787.0
"('05S', '10D', '10H')",25.05,1,936787.0
"('05S', '10D', '10S')",25.05,1,936787.0
"('05S', '10H', '10S')",25.05,1,936787.0
"('04C', '10C', '10D')",25.04,1,935701.0
"('04C', '10C', '10H')",25.04,1,935701.0
"('04C', '10C', '10S')",25.04,1,935701.0
"('04C', '10D', '10H')",25.04,1,935701.0
"('04C', '10D', '10S')",25.04,1,935701.0
"('04C', '10H', '10S')",25.04,1,935701.0
"('04D', '10C', '10D')",25.04,1,935701.0
"('04D', '10C', '10H')",25.04,1,935701.0
"('04D', '10C', '10S')",25.04,1,935701.0
"('04D', '10D', '10H')",25.04,1,935701.0
"('04D', '10D', '10S')",25.04,1,935701.0
"('04D', '10H', '10S')",25.04,1,935701.0
"('04H', '10C', '10D')",25.04,1,935701.0
"('04H', '10C', '10H')",25.04,1,935701.0
"('04H', '10C', '10S')",25.04,1,935701.0
"('04H', '10D', '10H')",25.04,1,935701.0
"('04H', '10D', '10S')",25.04,1,935701.0
"('04H', '10H', '10S')",25.04,1,935701.0
"('04S', '10C', '10D')",25.04,1,935701.0
"('04S', '10C', '10H')",25.04,1,935701.0
"('04S', '10C', '10S')",25.04,1,935701.0
"('04S', '10D', '10H')",25.04,1,935701.0
"('04S', '10D', '10S')",25.04,1,935701.0
"('04S', '10H', '10S')",25.04,1,935701.0
"('03C', '10C', '10D')",25.03,1,934615.0
"('03C', '10C', '10H')",25.03,1,934615.0
"('03C', '10C', '10S')",25.03,1,934615.0
"('03C', '10D', '10H')",25.03,1,934615.0
"('03C', '10D', '10S')",25.03,1,934615.0
"('03C', '10H', '10S')",25.03,1,934615.0
"('03D', '10C', '10D')",25.03,1,934615.0
"('03D', '10C', '10H')",25.03,1,934615.0
"('03D', '10C', '10S')",25.03,1,934615.0
"('03D', '10D', '10H')",25.03,1,934615.0
"('03D', '10D', '10S')",25.03,1,934615.0
"('03D', '10H', '10S')",25.03,1,934615.0
"('03H', '10C', '10D')",25.03,1,934615.0
"('03H', '10C', '10H')",25.03,1,934615.0
"('03H', '10C', '10S')",25.03,1,934615.0
"('03H', '10D', '10H')",25.03,1,934615.0
"('03H', '10D', '10S')",25.03,1,934615.0
"('03H', '10H', '10S')",25.03,1,934615.0
"('03S', '10C', '10D')",25.03,1,934615.0
"('03S', '10C', '10H')",25.03,1,934615.0
"('03S', '10C', '10S')",25.03,1,934615.0
"('03S', '10D', '10H')",25.03,1,934615.0
"('03S', '10D', '10S')",25.03,1,934615.0
"('03S', '10H', '10S')",25.03,1,934615.0
"('02C', '10C', '10D')",25.02,1,933529.0
"('02C', '10C', '10H')",25.02,1,933529.0
"('02C', '10C', '10S')",25.02,1,933529.0
"('02C', '10D', '10H')",25.02,1,933529.0
"('02C', '10D', '10S')",25.02,1,933529.0
"('02C', '10H', '10S')",25.02,1,933529.0
"('02D', '10C', '10D')",25.02,1,933529.0
"('02D', '10C', '10H')",25.02,1,933529.0
"('02D', '10C', '10S')",25.02,1,933529.0
"('02D', '10D', '10H')",25.02,1,933529.0
"('02D', '10D', '10S')",25.02,1,933529.0
"('02D', '10H', '10S')",25.02,1,933529.0
"('02H', '10C', '10D')",25.02,1,933529.0
"('02H', '10C', '10H')",25.02,1,933529.0
"('02H', '10C', '10S')",25.02,1,933529.0
"('02H', '10D', '10H')",25.02,1,933529.0
"('02H', '10D', '10S')",25.02,1,933529.0
"('02H', '10H', '10S')",25.02,1,933529.0
"('02S', '10C', '10D')",25.02,1,933529.0
"('02S', '10C', '10H')",25.02,1,933529.0
"('02S', '10C', '10S')",25.02,1,933529.0
"('02S', '10D', '10H')",25.02,1,933529.0
"('02S', '10D', '10S')",25.02,1,933529.0
"('02S', '10H', '10S')",25.02,1,933529.0
"('09C', '09D', '14C')",24.14,1,932443.0
"('09C', '09D', '14D')",24.14,1,932443.0
"('09C', '09D', '14H')",24.14,1,932443.0
"('09C', '09D', '14S')",24.14,1,932443.0
"('09C', '09H', '14C')",24.14,1,932443.0
"('09C', '09H', '14D')",24.14,1,932443.0
"('09C', '09H', '14H')",24.14,1,932443.0
"('09C', '09H', '14S')",24.14,1,932443.0
"('09C', '09S', '14C')",24.14,1,932443.0
"('09C', '09S', '14D')",24.14,1,932443.0
"('09C', '09S', '14H')",24.14,1,932443.0
"('09C', '09S', '14S')",24.14,1,932443.0
"('09D', '09H', '14C')",24.14,1,932443.0
"('09D', '09H', '14D')",24.14,1,932443.0
"('09D', '09H', '14H')",24.14,1,932443.0
"('09D', '09H', '14S')",24.14,1,932443.0
"('09D', '09S', '14C')",24.14,1,932443.0
"('09D', '09S', '14D')",24.14,1,932443.0
"('09D', '09S', '14H')",24.14,1,932443.0
"('09D', '09S', '14S')",24.14,1,932443.0
"('09H', '09S', '14C')",24.14,1,932443.0
"('09H', '09S', '14D')",24.14,1,932443.0
"('09H', '09S', '14H')",24.14,1,932443.0
"('09H', '09S', '14S')",24.14,1,932443.0
"('09C', '09D', '13C')",24.13,1,931357.0
"('09C', '09D', '13D')",24.13,1,931357.0
"('09C', '09D', '13H')",24.13,1,931357.0
"('09C', '09D', '13S')",24.13,1,931357.0
"('09C', '09H', '13C')",24.13,1,931357.0
"('09C', '09H', '13D')",24.13,1,931357.0
"('09C', '09H', '13H')",24.13,1,931357.0
"('09C', '09H', '13S')",24.13,1,931357.0
"('09C', '09S', '13C')",24.13,1,931357.0
"('09C', '09S', '13D')",24.13,1,931357.0
"('09C', '09S', '13H')",24.13,1,931357.0
"('09C', '09S', '13S')",24.13,1,931357.0
"('09D', '09H', '13C')",24.13,1,931357.0
"('09D', '09H', '13D')",24.13,1,931357.0
"('09D', '09H', '13H')",24.13,1,931357.0
"('09D', '09H', '13S')",24.13,1,931357.0
"('09D', '09S', '13C')",24.13,1,931357.0
"('09D', '09S', '13D')",24.13,1,931357.0
"('09D', '09S', '13H')",24.13,1,931357.0
"('09D', '09S', '13S')",24.13,1,931357.0
"('09H', '09S', '13C')",24.13,1,931357.0
"('09H', '09S', '13D')",24.13,1,931357.0
"('09H', '09S', '13H')",24.13,1,931357.0
"('09H', '09S', '13S')",24.13,1,931357.0
"('09C', '09D', '12C')",24.12,1,930271.0
"('09C', '09D', '12D')",24.12,1,930271.0
"('09C', '09D', '12H')",24.12,1,930271.0
"('09C', '09D', '12S')",24.12,1,930271.0
"('09C', '09H', '12C')",24.12,1,930271.0
"('09C', '09H', '12D')",24.12,1,930271.0
"('09C', '09H', '12H')",24.12,1,930271.0
"('09C', '09H', '12S')",24.12,1,930271.0
"('09C', '09S', '12C')",24.12,1,930271.0
"('09C', '09S', '12D')",24.12,1,930271.0
"('09C', '09S', '12H')",24.12,1,930271.0
"('09C', '09S', '12S')",24.12,1,930271.0
"('09D', '09H', '12C')",24.12,1,930271.0
"('09D', '09H', '12D')",24.12,1,930271.0
"('09D', '09H', '12H')",24.12,1,930271.0
"('09D', '09H', '12S')",24.12,1,930271.0
"('09D', '09S', '12C')",24.12,1,930271.0
"('09D', '09S', '12D')",24.12,1,930271.0
"('09D', '09S', '12H')",24.12,1,930271.0
"('09D', '09S', '12S')",24.12,1,930271.0
"('09H', '09S', '12C')",24.12,1,930271.0
"('09H', '09S', '12D')",24.12,1,930271.0
"('09H', '09S', '12H')",24.12,1,930271.0
"('09H', '09S', '12S')",24.12,1,930271.0
"('09C', '09D', '11C')",24.11,1,929186.0
"('09C', '09D', '11D')",24.11,1,929186.0
"('09C', '09D', '11H')",24.11,1,929186.0
"('09C', '09D', '11S')",24.11,1,929186.0
"('09C', '09H', '11C')",24.11,1,929186.0
"('09C', '09H', '11D')",24.11,1,929186.0
"('09C', '09H', '11H')",24.11,1,929186.0
"('09C', '09H', '11S')",24.11,1,929186.0
"('09C', '09S', '11C')",24.11,1,929186.0
"('09C', '09S', '11D')",24.11,1,929186.0
"('09C', '09S', '11H')",24.11,1,929186.0
"('09C', '09S', '11S')",24.11,1,929186.0
"('09D', '09H', '11C')",24.11,1,929186.0
"('09D', '09H', '11D')",24.11,1,929186.0
"('09D', '09H', '11H')",24.11,1,929186.0
"('09D', '09H', '11S')",24.11,1,929186.0
"('09D', '09S', '11C')",24.11,1,929186.0
"('09D', '09S', '11D')",24.11,1,929186.0
"('09D', '09S', '11H')",24.11,1,929186.0
"('09D', '09S', '11S')",24.11,1,929186.0
"('09H', '09S', '11C')",24.11,1,929186.0
"('09H', '09S', '11D')",24.11,1,929186.0
"('09H', '09S', '11H')",24.11,1,929186.0
"('09H', '09S', '11S')",24.11,1,929186.0
"('09C', '09D', '10C')",24.1,1,928100.0
"('09C', '09D', '10D')",24.1,1,928100.0
"('09C', '09D', '10H')",24.1,1,928100.0
"('09C', '09D', '10S')",24.1,1,928100.0
"('09C', '09H', '10C')",24.1,1,928100.0
"('09C', '09H', '10D')",24.1,1,928100.0
"('09C', '09H', '10H')",24.1,1,928100.0
"('09C', '09H', '10S')",24.1,1,928100.0
"('09C', '09S', '10C')",24.1,1,928100.0
"('09C', '09S', '10D')",24.1,1,928100.0
"('09C', '09S', '10H')",24.1,1,928100.0
"('09C', '09S', '10S')",24.1,1,928100.0
"('09D', '09H', '10C')",24.1,1,928100.0
"('09D', '09H', '10D')",24.1,1,928100.0
"('09D', '09H', '10H')",24.1,1,928100.0
"('09D', '09H', '10S')",24.1,1,928100.0
"('09D', '09S', '10C')",24.1,1,928100.0
"('09D', '09S', '10D')",24.1,1,928100.0
"('09D', '09S', '10H')",24.1,1,928100.0
"('09D', '09S', '10S')",24.1,1,928100.0
"('09H', '09S', '10C')",24.1,1,928100.0
"('09H', '09S', '10D')",24.1,1,928100.0
"('09H', '09S', '10H')",24.1,1,928100.0
"('09H', '09S', '10S')",24.1,1,928100.0
"('08C', '09C', '09D')",24.08,1,927014.0
"('08C', '09C', '09H')",24.08,1,927014.0
"('08C', '09C', '09S')",24.08,1,927014.0
"('08C', '09D', '09H')",24.08,1,927014.0
"('08C', '09D', '09S')",24.08,1,927014.0
"('08C', '09H', '09S')",24.08,1,927014.0
"('08D', '09C', '09D')",24.08,1,927014.0
"('08D', '09C', '09H')",24.08,1,927014.0
"('08D', '09C', '09S')",24.08,1,927014.0
"('08D', '09D', '09H')",24.08,1,927014.0
"('08D', '09D', '09S')",24.08,1,927014.0
"('08D', '09H', '09S')",24.08,1,927014.0
"('08H', '09C', '09D')",24.08,1,927014.0
"('08H', '09C', '09H')",24.08,1,927014.0
"('08H', '09C', '09S')",24.08,1,927014.0
"('08H', '09D', '09H')",24.08,1,927014.0
"('08H', '09D', '09S')",24.08,1,927014.0
"('08H', '09H', '09S')",24.08,1,927014.0
"('08S', '09C', '09D')",24.08,1,927014.0
"('08S', '09C', '09H')",24.08,1,927014.0
"('08S', '09C', '09S')",24.08,1,927014.0
"('08S', '09D', '09H')",24.08,1,927014.0
"('08S', '09D', '09S')",24.08,1,927014.0
"('08S', '09H', '09S')",24.08,1,927014.0
"('07C', '09C', '09D')",24.07,1,925928.0
"('07C', '09C', '09H')",24.07,1,925928.0
"('07C', '09C', '09S')",24.07,1,925928.0
"('07C', '09D', '09H')",24.07,1,925928.0
"('07C', '09D', '09S')",24.07,1,925928.0
"('07C', '09H', '09S')",24.07,1,925928.0
"('07D', '09C', '09D')",24.07,1,925928.0
"('07D', '09C', '09H')",24.07,1,925928.0
"('07D', '09C', '09S')",24.07,1,925928.0
"('07D', '09D', '09H')",24.07,1,925928.0
"('07D', '09D', '09S')",24.07,1,925928.0
"('07D', '09H', '09S')",24.07,1,925928.0
"('07H', '09C', '09D')",24.07,1,925928.0
"('07H', '09C', '09H')",24.07,1,925928.0
"('07H', '09C', '09S')",24.07,1,925928.0
"('07H', '09D', '09H')",24.07,1,925928.0
"('07H', '09D', '09S')",24.07,1,925928.0
"('07H', '09H', '09S')",24.07,1,925928.0
"('07S', '09C', '09D')",24.07,1,925928.0
"('07S', '09C', '09H')",24.07,1,925928.0
"('07S', '09C', '09S')",24.07,1,925928.0
"('07S', '09D', '09H')",24.07,1,925928.0
"('07S', '09D', '09S')",24.07,1,925928.0
"('07S', '09H', '09S')",24.07,1,925928.0
"('06C', '09C', '09D')",24.06,1,924842.0
"('06C', '09C', '09H')",24.06,1,924842.0
"('06C', '09C', '09S')",24.06,1,924842.0
"('06C', '09D', '09H')",24.06,1,924842.0
"('06C', '09D', '09S')",24.06,1,924842.0
"('06C', '09H', '09S')",24.06,1,924842.0
"('06D', '09C', '09D')",24.06,1,924842.0
"('06D', '09C', '09H')",24.06,1,924842.0
"('06D', '09C', '09S')",24.06,1,924842.0
"('06D', '09D', '09H')",24.06,1,924842.0
"('06D', '09D', '09S')",24.06,1,924842.0
"('06D', '09H', '09S')",24.06,1,924842.0
"('06H', '09C', '09D')",24.06,1,924842.0
"('06H', '09C', '09H')",24.06,1,924842.0
"('06H', '09C', '09S')",24.06,1,924842.0
"('06H', '09D', '09H')",24.06,1,924842.0
"('06H', '09D', '09S')",24.06,1,924842.0
"('06H', '09H', '09S')",24.06,1,924842.0
"('06S', '09C', '09D')",24.06,1,924842.0
"('06S', '09C', '09H')",24.06,1,924842.0
"('06S', '09C', '09S')",24.06,1,924842.0
"('06S', '09D', '09H')",24.06,1,924842.0
"('06S', '09D', '09S')",24.06,1,924842.0
"('06S', '09H', '09S')",24.06,1,924842.0
"('05C', '09C', '09D')",24.05,1,923756.0
"('05C', '09C', '09H')",24.05,1,923756.0
"('05C', '09C', '09S')",24.05,1,923756.0
"('05C', '09D', '09H')",24.05,1,923756.0
"('05C', '09D', '09S')",24.05,1,923756.0
"('05C', '09H', '09S')",24.05,1,923756.0
"('05D', '09C', '09D')",24.05,1,923756.0
"('05D', '09C', '09H')",24.05,1,923756.0
"('05D', '09C', '09S')",24.05,1,923756.0
"('05D', '09D', '09H')",24.05,1,923756.0
"('05D', '09D', '09S')",24.05,1,923756.0
"('05D', '09H', '09S')",24.05,1,923756.0
"('05H', '09C', '09D')",24.05,1,923756.0
"('05H', '09C', '09H')",24.05,1,923756.0
"('05H', '09C', '09S')",24.05,1,923756.0
"('05H', '09D', '09H')",24.05,1,923756.0
"('05H', '09D', '09S')",24.05,1,923756.0
"('05H', '09H', '09S')",24.05,1,923756.0
"('05S', '09C', '09D')",24.05,1,923756.0
"('05S', '09C', '09H')",24.05,1,923756.0
"('05S', '09C', '09S')",24.05,1,923756.0
"('05S', '09D', '09H')",24.05,1,923756.0
"('05S', '09D', '09S')",24.05,1,923756.0
"('05S', '09H', '09S')",24.05,1,923756.0
"('04C', '09C', '09D')",24.04,1,922670.0
"('04C', '09C', '09H')",24.04,1,922670.0
"('04C', '09C', '09S')",24.04,1,922670.0
"('04C', '09D', '09H')",24.04,1,922670.0
"('04C', '09D', '09S')",24.04,1,922670.0
"('04C', '09H', '09S')",24.04,1,922670.0
"('04D', '09C', '09D')",24.04,1,922670.0
"('04D', '09C', '09H')",24.04,1,922670.0
"('04D', '09C', '09S')",24.04,1,922670.0
"('04D', '09D', '09H')",24.04,1,922670.0
"('04D', '09D', '09S')",24.04,1,922670.0
"('04D', '09H', '09S')",24.04,1,922670.0
"('04H', '09C', '09D')",24.04,1,922670.0
"('04H', '09C', '09H')",24.04,1,922670.0
"('04H', '09C', '09S')",24.04,1,922670.0
"('04H', '09D', '09H')",24.04,1,922670.0
"('04H', '09D', '09S')",24.04,1,922670.0
"('04H', '09H', '09S')",24.04,1,922670.0
"('04S', '09C', '09D')",24.04,1,922670.0
"('04S', '09C', '09H')",24.04,1,922670.0
"('04S', '09C', '09S')",24.04,1,922670.0
"('04S', '09D', '09H')",24.04,1,922670.0
"('04S', '09D', '09S')",24.04,1,922670.0
"('04S', '09H', '09S')",24.04,1,922670.0
"('03C', '09C', '09D')",24.03,1,921584.0
"('03C', '09C', '09H')",24.03,1,921584.0
"('03C', '09C', '09S')",24.03,1,921584.0
"('03C', '09D', '09H')",24.03,1,921584.0
"('03C', '09D', '09S')",24.03,1,921584.0
"('03C', '09H', '09S')",24.03,1,921584.0
"('03D', '09C', '09D')",24.03,1,921584.0
"('03D', '09C', '09H')",24.03,1,921584.0
"('03D', '09C', '09S')",24.03,1,921584.0
"('03D', '09D', '09H')",24.03,1,921584.0
"('03D', '09D', '09S')",24.03,1,921584.0
"('03D', '09H', '09S')",24.03,1,921584.0
"('03H', '09C', '09D')",24.03,1,921584.0
"('03H', '09C', '09H')",24.03,1,921584.0
"('03H', '09C', '09S')",24.03,1,921584.0
"('03H', '09D', '09H')",24.03,1,921584.0
"('03H', '09D', '09S')",24.03,1,921584.0
"('03H', '09H', '09S')",24.03,1,921584.0
"('03S', '09C', '09D')",24.03,1,921584.0
"('03S', '09C', '09H')",24.03,1,921584.0
"('03S', '09C', '09S')",24.03,1,921584.0
"('03S', '09D', '09H')",24.03,1,921584.0
"('03S', '09D', '09S')",24.03,1,921584.0
"('03S', '09H', '09S')",24.03,1,921584.0
"('02C', '09C', '09D')",24.02,1,920498.0
"('02C', '09C', '09H')",24.02,1,920498.0
"('02C', '09C', '09S')",24.02,1,920498.0
"('02C', '09D', '09H')",24.02,1,920498.0
"('02C', '09D', '09S')",24.02,1,920498.0
"('02C', '09H', '09S')",24.02,1,920498.0
"('02D', '09C', '09D')",24.02,1,920498.0
"('02D', '09C', '09H')",24.02,1,920498.0
"('02D', '09C', '09S')",24.02,1,920498.0
"('02D', '09D', '09H')",24.02,1,920498.0
"('02D', '09D', '09S')",24.02,1,920498.0
"('02D', '09H', '09S')",24.02,1,920498.0
"('02H', '09C', '09D')",24.02,1,920498.0
"('02H', '09C', '09H')",24.02,1,920498.0
"('02H', '09C', '09S')",24.02,1,920498.0
"('02H', '09D', '09H')",24.02,1,920498.0
"('02H', '09D', '09S')",24.02,1,920498.0
"('02H', '09H', '09S')",24.02,1,920498.0
"('02S', '09C', '09D')",24.02,1,920498.0
"('02S', '09C', '09H')",24.02,1,920498.0
"('02S', '09C', '09S')",24.02,1,920498.0
"('02S', '09D', '09H')",24.02,1,920498.0
"('02S', '09D', '09S')",24.02,1,920498.0
"('02S', '09H', '09S')",24.02,1,920498.0
"('08C', '08D', '14C')",23.14,1,919412.0
"('08C', '08D', '14D')",23.14,1,919412.0
"('08C', '08D', '14H')",23.14,1,919412.0
"('08C', '08D', '14S')",23.14,1,919412.0
"('08C', '08H', '14C')",23.14,1,919412.0
"('08C', '08H', '14D')",23.14,1,919412.0
"('08C', '08H', '14H')",23.14,1,919412.0
"('08C', '08H', '14S')",23.14,1,919412.0
"('08C', '08S', '14C')",23.14,1,919412.0
"('08C', '08S', '14D')",23.14,1,919412.0
"('08C', '08S', '14H')",23.14,1,919412.0
"('08C', '08S', '14S')",23.14,1,919412.0
"('08D', '08H', '14C')",23.14,1,919412.0
"('08D', '08H', '14D')",23.14,1,919412.0
"('08D', '08H', '14H')",23.14,1,919412.0
"('08D', '08H', '14S')",23.14,1,919412.0
"('08D', '08S', '14C')",23.14,1,919412.0
"('08D', '08S', '14D')",23.14,1,919412.0
"('08D', '08S', '14H')",23.14,1,919412.0
"('08D', '08S', '14S')",23.14,1,919412.0
"('08H', '08S', '14C')",23.14,1,919412.0
"('08H', '08S', '14D')",23.14,1,919412.0
"('08H', '08S', '14H')",23.14,1,919412.0
"('08H', '08S', '14S')",23.14,1,919412.0
"('08C', '08D', '13C')",23.13,1,918326.0
"('08C', '08D', '13D')",23.13,1,918326.0
"('08C', '08D', '13H')",23.13,1,918326.0
"('08C', '08D', '13S')",23.13,1,918326.0
"('08C', '08H', '13C')",23.13,1,918326.0
"('08C', '08H', '13D')",23.13,1,918326.0
"('08C', '08H', '13H')",23.13,1,918326.0
"('08C', '08H', '13S')",23.13,1,918326.0
"('08C', '08S', '13C')",23.13,1,918326.0
"('08C', '08S', '13D')",23.13,1,918326.0
"('08C', '08S', '13H')",23.13,1,918326.0
"('08C', '08S', '13S')",23.13,1,918326.0
"('08D', '08H', '13C')",23.13,1,918326.0
"('08D', '08H', '13D')",23.13,1,918326.0
"('08D', '08H', '13H')",23.13,1,918326.0
"('08D', '08H', '13S')",23.13,1,918326.0
"('08D', '08S', '13C')",23.13,1,918326.0
"('08D', '08S', '13D')",23.13,1,918326.0
"('08D', '08S', '13H')",23.13,1,918326.0
"('08D', '08S', '13S')",23.13,1,918326.0
"('08H', '08S', '13C')",23.13,1,918326.0
"('08H', '08S', '13D')",23.13,1,918326.0
"('08H', '08S', '13H')",23.13,1,918326.0
"('08H', '08S', '13S')",23.13,1,918326.0
"('08C', '08D', '12C')",23.12,1,917240.0
"('08C', '08D', '12D')",23.12,1,917240.0
"('08C', '08D', '12H')",23.12,1,917240.0
"('08C', '08D', '12S')",23.12,1,917240.0
"('08C', '08H', '12C')",23.12,1,917240.0
"('08C', '08H', '12D')",23.12,1,917240.0
"('08C', '08H', '12H')",23.12,1,917240.0
"('08C', '08H', '12S')",23.12,1,917240.0
"('08C', '08S', '12C')",23.12,1,917240.0
"('08C', '08S', '12D')",23.12,1,917240.0
"('08C', '08S', '12H')",23.12,1,917240.0
"('08C', '08S', '12S')",23.12,1,917240.0
"('08D', '08H', '12C')",23.12,1,917240.0
"('08D', '08H', '12D')",23.12,1,917240.0
"('08D', '08H', '12H')",23.12,1,917240.0
"('08D', '08H', '12S')",23.12,1,917240.0
"('08D', '08S', '12C')",23.12,1,917240.0
"('08D', '08S', '12D')",23.12,1,917240.0
"('08D', '08S', '12H')",23.12,1,917240.0
"('08D', '08S', '12S')",23.12,1,917240.0
"('08H', '08S', '12C')",23.12,1,917240.0
"('08H', '08S', '12D')",23.12,1,917240.0
"('08H', '08S', '12H')",23.12,1,917240.0
"('08H', '08S', '12S')",23.12,1,917240.0
"('08C', '08D', '11C')",23.11,1,916154.0
"('08C', '08D', '11D')",23.11,1,916154.0
"('08C', '08D', '11H')",23.11,1,916154.0
"('08C', '08D', '11S')",23.11,1,916154.0
"('08C', '08H', '11C')",23.11,1,916154.0
"('08C', '08H', '11D')",23.11,1,916154.0
"('08C', '08H', '11H')",23.11,1,916154.0
"('08C', '08H', '11S')",23.11,1,916154.0
"('08C', '08S', '11C')",23.11,1,916154.0
"('08C', '08S', '11D')",23.11,1,916154.0
"('08C', '08S', '11H')",23.11,1,916154.0
"('08C', '08S', '11S')",23.11,1,916154.0
"('08D', '08H', '11C')",23.11,1,916154.0
"('08D', '08H', '11D')",23.11,1,916154.0
"('08D', '08H', '11H')",23.11,1,916154.0
"('08D', '08H', '11S')",23.11,1,916154.0
"('08D', '08S', '11C')",23.11,1,916154.0
"('08D', '08S', '11D')",23.11,1,916154.0
"('08D', '08S', '11H')",23.11,1,916154.0
"('08D', '08S', '11S')",23.11,1,916154.0
"('08H', '08S', '11C')",23.11,1,916154.0
"('08H', '08S', '11D')",23.11,1,916154.0
"('08H', '08S', '11H')",23.11,1,916154.0
"('08H', '08S', '11S')",23.11,1,916154.0
"('08C', '08D', '10C')",23.1,1,915068.0
"('08C', '08D', '10D')",23.1,1,915068.0
"('08C', '08D', '10H')",23.1,1,915068.0
"('08C', '08D', '10S')",23.1,1,915068.0
"('08C', '08H', '10C')",23.1,1,915068.0
"('08C', '08H', '10D')",23.1,1,915068.0
"('08C', '08H', '10H')",23.1,1,915068.0
"('08C', '08H', '10S')",23.1,1,915068.0
"('08C', '08S', '10C')",23.1,1,915068.0
"('08C', '08S', '10D')",23.1,1,915068.0
"('08C', '08S', '10H')",23.1,1,915068.0
"('08C', '08S', '10S')",23.1,1,915068.0
"('08D', '08H', '10C')",23.1,1,915068.0
"('08D', '08H', '10D')",23.1,1,915068.0
"('08D', '08H', '10H')",23.1,1,915068.0
"('08D', '08H', '10S')",23.1,1,915068.0
"('08D', '08S', '10C')",23.1,1,915068.0
"('08D', '08S', '10D')",23.1,1,915068.0
"('08D', '08S', '10H')",23.1,1,915068.0
"('08D', '08S', '10S')",23.1,1,915068.0
"('08H', '08S', '10C')",23.1,1,915068.0
"('08H', '08S', '10D')",23.1,1,915068.0
"('08H', '08S', '10H')",23.1,1,915068.0
"('08H', '08S', '10S')",23.1,1,915068.0
"('08C', '08D', '09C')",23.09,1,913982.0
"('08C', '08D', '09D')",23.09,1,913982.0
"('08C', '08D', '09H')",23.09,1,913982.0
"('08C', '08D', '09S')",23.09,1,913982.0
"('08C', '08H', '09C')",23.09,1,913982.0
"('08C', '08H', '09D')",23.09,1,913982.0
"('08C', '08H', '09H')",23.09,1,913982.0
"('08C', '08H', '09S')",23.09,1,913982.0
"('08C', '08S', '09C')",23.09,1,913982.0
"('08C', '08S', '09D')",23.09,1,913982.0
"('08C', '08S', '09H')",23.09,1,913982.0
"('08C', '08S', '09S')",23.09,1,913982.0
"('08D', '08H', '09C')",23.09,1,913982.0
"('08D', '08H', '09D')",23.09,1,913982.0
"('08D', '08H', '09H')",23.09,1,913982.0
"('08D', '08H', '09S')",23.09,1,913982.0
"('08D', '08S', '09C')",23.09,1,913982.0
"('08D', '08S', '09D')",23.09,1,913982.0
"('08D', '08S', '09H')",23.09,1,913982.0
"('08D', '08S', '09S')",23.09,1,913982.0
"('08H', '08S', '09C')",23.09,1,913982.0
"('08H', '08S', '09D')",23.09,1,913982.0
"('08H', '08S', '09H')",23.09,1,913982.0
"('08H', '08S', '09S')",23.09,1,913982.0
"('07C', '08C', '08D')",23.07,1,912896.0
"('07C', '08C', '08H')",23.07,1,912896.0
"('07C', '08C', '08S')",23.07,1,912896.0
"('07C', '08D', '08H')",23.07,1,912896.0
"('07C', '08D', '08S')",23.07,1,912896.0
"('07C', '08H', '08S')",23.07,1,912896.0
"('07D', '08C', '08D')",23.07,1,912896.0
"('07D', '08C', '08H')",23.07,1,912896.0
"('07D', '08C', '08S')",23.07,1,912896.0
"('07D', '08D', '08H')",23.07,1,912896.0
"('07D', '08D', '08S')",23.07,1,912896.0
"('07D', '08H', '08S')",23.07,1,912896.0
"('07H', '08C', '08D')",23.07,1,912896.0
"('07H', '08C', '08H')",23.07,1,912896.0
"('07H', '08C', '08S')",23.07,1,912896.0
"('07H', '08D', '08H')",23.07,1,912896.0
"('07H', '08D', '08S')",23.07,1,912896.0
"('07H', '08H', '08S')",23.07,1,912896.0
"('07S', '08C', '08D')",23.07,1,912896.0
"('07S', '08C', '08H')",23.07,1,912896.0
"('07S', '08C', '08S')",23.07,1,912896.0
"('07S', '08D', '08H')",23.07,1,912896.0
"('07S', '08D', '08S')",23.07,1,912896.0
"('07S', '08H', '08S')",23.07,1,912896.0
"('06C', '08C', '08D')",23.06,1,911810.0
"('06C', '08C', '08H')",23.06,1,911810.0
"('06C', '08C', '08S')",23.06,1,911810.0
"('06C', '08D', '08H')",23.06,1,911810.0
"('06C', '08D', '08S')",23.06,1,911810.0
"('06C', '08H', '08S')",23.06,1,911810.0
"('06D', '08C', '08D')",23.06,1,911810.0
"('06D', '08C', '08H')",23.06,1,911810.0
"('06D', '08C', '08S')",23.06,1,911810.0
"('06D', '08D', '08H')",23.06,1,911810.0
"('06D', '08D', '08S')",23.06,1,911810.0
"('06D', '08H', '08S')",23.06,1,911810.0
"('06H', '08C', '08D')",23.06,1,911810.0
"('06H', '08C', '08H')",23.06,1,911810.0
"('06H', '08C', '08S')",23.06,1,911810.0
"('06H', '08D', '08H')",23.06,1,911810.0
"('06H', '08D', '08S')",23.06,1,911810.0
"('06H', '08H', '08S')",23.06,1,911810.0
"('06S', '08C', '08D')",23.06,1,911810.0
"('06S', '08C', '08H')",23.06,1,911810.0
"('06S', '08C', '08S')",23.06,1,911810.0
"('06S', '08D', '08H')",23.06,1,911810.0
"('06S', '08D', '08S')",23.06,1,911810.0
"('06S', '08H', '08S')",23.06,1,911810.0
"('05C', '08C', '08D')",23.05,1,910724.0
"('05C', '08C', '08H')",23.05,1,910724.0
"('05C', '08C', '08S')",23.05,1,910724.0
"('05C', '08D', '08H')",23.05,1,910724.0
"('05C', '08D', '08S')",23.05,1,910724.0
"('05C', '08H', '08S')",23.05,1,910724.0
"('05D', '08C', '08D')",23.05,1,910724.0
"('05D', '08C', '08H')",23.05,1,910724.0
"('05D', '08C', '08S')",23.05,1,910724.0
"('05D', '08D', '08H')",23.05,1,910724.0
"('05D', '08D', '08S')",23.05,1,910724.0
"('05D', '08H', '08S')",23.05,1,910724.0
"('05H', '08C', '08D')",23.05,1,910724.0
"('05H', '08C', '08H')",23.05,1,910724.0
"('05H', '08C', '08S')",23.05,1,910724.0
"('05H', '08D', '08H')",23.05,1,910724.0
"('05H', '08D', '08S')",23.05,1,910724.0
"('05H', '08H', '08S')",23.05,1,910724.0
"('05S', '08C', '08D')",23.05,1,910724.0
"('05S', '08C', '08H')",23.05,1,910724.0
"('05S', '08C', '08S')",23.05,1,910724.0
"('05S', '08D', '08H')",23.05,1,910724.0
"('05S', '08D', '08S')",23.05,1,910724.0
"('05S', '08H', '08S')",23.05,1,910724.0
"('04C', '08C', '08D')",23.04,1,909638.0
"('04C', '08C', '08H')",23.04,1,909638.0
"('04C', '08C', '08S')",23.04,1,909638.0
"('04C', '08D', '08H')",23.04,1,909638.0
"('04C', '08D', '08S')",23.04,1,909638.0
"('04C', '08H', '08S')",23.04,1,909638.0
"('04D', '08C', '08D')",23.04,1,909638.0
"('04D', '08C', '08H')",23.04,1,909638.0
"('04D', '08C', '08S')",23.04,1,909638.0
"('04D', '08D', '08H')",23.04,1,909638.0
"('04D', '08D', '08S')",23.04,1,909638.0
"('04D', '08H', '08S')",23.04,1,909638.0
"('04H', '08C', '08D')",23.04,1,909638.0
"('04H', '08C', '08H')",23.04,1,909638.0
"('04H', '08C', '08S')",23.04,1,909638.0
"('04H', '08D', '08H')",23.04,1,909638.0
"('04H', '08D', '08S')",23.04,1,909638.0
"('04H', '08H', '08S')",23.04,1,909638.0
"('04S', '08C', '08D')",23.04,1,909638.0
"('04S', '08C', '08H')",23.04,1,909638.0
"('04S', '08C', '08S')",23.04,1,909638.0
"('04S', '08D', '08H')",23.04,1,909638.0
"('04S', '08D', '08S')",23.04,1,909638.0
"('04S', '08H', '08S')",23.04,1,909638.0
"('03C', '08C', '08D')",23.03,1,908552.0
"('03C', '08C', '08H')",23.03,1,908552.0
"('03C', '08C', '08S')",23.03,1,908552.0
"('03C', '08D', '08H')",23.03,1,908552.0
"('03C', '08D', '08S')",23.03,1,908552.0
"('03C', '08H', '08S')",23.03,1,908552.0
"('03D', '08C', '08D')",23.03,1,908552.0
"('03D', '08C', '08H')",23.03,1,908552.0
"('03D', '08C', '08S')",23.03,1,908552.0
"('03D', '08D', '08H')",23.03,1,908552.0
"('03D', '08D', '08S')",23.03,1,908552.0
"('03D', '08H', '08S')",23.03,1,908552.0
"('03H', '08C', '08D')",23.03,1,908552.0
"('03H', '08C', '08H')",23.03,1,908552.0
"('03H', '08C', '08S')",23.03,1,908552.0
"('03H', '08D', '08H')",23.03,1,908552.0
"('03H', '08D', '08S')",23.03,1,908552.0
"('03H', '08H', '08S')",23.03,1,908552.0
"('03S', '08C', '08D')",23.03,1,908552.0
"('03S', '08C', '08H')",23.03,1,908552.0
"('03S', '08C', '08S')",23.03,1,908552.0
"('03S', '08D', '08H')",23.03,1,908552.0
"('03S', '08D', '08S')",23.03,1,908552.0
"('03S', '08H', '08S')",23.03,1,908552.0
"('02C', '08C', '08D')",23.02,1,907466.0
"('02C', '08C', '08H')",23.02,1,907466.0
"('02C', '08C', '08S')",23.02,1,907466.0
"('02C', '08D', '08H')",23.02,1,907466.0
"('02C', '08D', '08S')",23.02,1,907466.0
"('02C', '08H', '08S')",23.02,1,907466.0
"('02D', '08C', '08D')",23.02,1,907466.0
"('02D', '08C', '08H')",23.02,1,907466.0
"('02D', '08C', '08S')",23.02,1,907466.0
"('02D', '08D', '08H')",23.02,1,907466.0
"('02D', '08D', '08S')",23.02,1,907466.0
"('02D', '08H', '08S')",23.02,1,907466.0
"('02H', '08C', '08D')",23.02,1,907466.0
"('02H', '08C', '08H')",23.02,1,907466.0
"('02H', '08C', '08S')",23.02,1,907466.0
"('02H', '08D', '08H')",23.02,1,907466.0
"('02H', '08D', '08S')",23.02,1,907466.0
"('02H', '08H', '08S')",23.02,1,907466.0
"('02S', '08C', '08D')",23.02,1,907466.0
"('02S', '08C', '08H')",23.02,1,907466.0
"('02S', '08C', '08S')",23.02,1,907466.0
"('02S', '08D', '08H')",23.02,1,907466.0
"('02S', '08D', '08S')",23.02,1,907466.0
"('02S', '08H', '08S')",23.02,1,907466.0
"('07C', '07D', '14C')",22.14,1,906380.0
"('07C', '07D', '14D')",22.14,1,906380.0
"('07C', '07D', '14H')",22.14,1,906380.0
"('07C', '07D', '14S')",22.14,1,906380.0
"('07C', '07H', '14C')",22.14,1,906380.0
"('07C', '07H', '14D')",22.14,1,906380.0
"('07C', '07H', '14H')",22.14,1,906380.0
"('07C', '07H', '14S')",22.14,1,906380.0
"('07C', '07S', '14C')",22.14,1,906380.0
"('07C', '07S', '14D')",22.14,1,906380.0
"('07C', '07S', '14H')",22.14,1,906380.0
"('07C', '07S', '14S')",22.14,1,906380.0
"('07D', '07H', '14C')",22.14,1,906380.0
"('07D', '07H', '14D')",22.14,1,906380.0
"('07D', '07H', '14H')",22.14,1,906380.0
"('07D', '07H', '14S')",22.14,1,906380.0
"('07D', '07S', '14C')",22.14,1,906380.0
"('07D', '07S', '14D')",22.14,1,906380.0
"('07D', '07S', '14H')",22.14,1,906380.0
"('07D', '07S', '14S')",22.14,1,906380.0
"('07H', '07S', '14C')",22.14,1,906380.0
"('07H', '07S', '14D')",22.14,1,906380.0
"('07H', '07S', '14H')",22.14,1,906380.0
"('07H', '07S', '14S')",22.14,1,906380.0
"('07C', '07D', '13C')",22.13,1,905294.0
"('07C', '07D', '13D')",22.13,1,905294.0
"('07C', '07D', '13H')",22.13,1,905294.0
"('07C', '07D', '13S')",22.13,1,905294.0
"('07C', '07H', '13C')",22.13,1,905294.0
"('07C', '07H', '13D')",22.13,1,905294.0
"('07C', '07H', '13H')",22.13,1,905294.0
"('07C', '07H', '13S')",22.13,1,905294.0
"('07C', '07S', '13C')",22.13,1,905294.0
"('07C', '07S', '13D')",22.13,1,905294.0
"('07C', '07S', '13H')",22.13,1,905294.0
"('07C', '07S', '13S')",22.13,1,905294.0
"('07D', '07H', '13C')",22.13,1,905294.0
"('07D', '07H', '13D')",22.13,1,905294.0
"('07D', '07H', '13H')",22.13,1,905294.0
"('07D', '07H', '13S')",22.13,1,905294.0
"('07D', '07S', '13C')",22.13,1,905294.0
"('07D', '07S', '13D')",22.13,1,905294.0
"('07D', '07S', '13H')",22.13,1,905294.0
"('07D', '07S', '13S')",22.13,1,905294.0
"('07H', '07S', '13C')",22.13,1,905294.0
"('07H', '07S', '13D')",22.13,1,905294.0
"('07H', '07S', '13H')",22.13,1,905294.0
"('07H', '07S', '13S')",22.13,1,905294.0
"('07C', '07D', '12C')",22.12,1,904208.0
"('07C', '07D', '12D')",22.12,1,904208.0
"('07C', '07D', '12H')",22.12,1,904208.0
"('07C', '07D', '12S')",22.12,1,904208.0
"('07C', '07H', '12C')",22.12,1,904208.0
"('07C', '07H', '12D')",22.12,1,904208.0
"('07C', '07H', '12H')",22.12,1,904208.0
"('07C', '07H', '12S')",22.12,1,904208.0
"('07C', '07S', '12C')",22.12,1,904208.0
"('07C', '07S', '12D')",22.12,1,904208.0
"('07C', '07S', '12H')",22.12,1,904208.0
"('07C', '07S', '12S')",22.12,1,904208.0
"('07D', '07H', '12C')",22.12,1,904208.0
"('07D', '07H', '12D')",22.12,1,904208.0
"('07D', '07H', '12H')",22.12,1,904208.0
"('07D', '07H', '12S')",22.12,1,904208.0
"('07D', '07S', '12C')",22.12,1,904208.0
"('07D', '07S', '12D')",22.12,1,904208.0
"('07D', '07S', '12H')",22.12,1,904208.0
"('07D', '07S', '12S')",22.12,1,904208.0
"('07H', '07S', '12C')",22.12,1,904208.0
"('07H', '07S', '12D')",22.12,1,904208.0
"('07H', '07S', '12H')",22.12,1,904208.0
"('07H', '07S', '12S')",22.12,1,904208.0
"('07C', '07D', '11C')",22.11,1,903122.0
"('07C', '07D', '11D')",22.11,1,903122.0
"('07C', '07D', '11H')",22.11,1,903122.0
"('07C', '07D', '11S')",22.11,1,903122.0
"('07C', '07H', '11C')",22.11,1,903122.0
"('07C', '07H', '11D')",22.11,1,903122.0
"('07C', '07H', '11H')",22.11,1,903122.0
"('07C', '07H', '11S')",22.11,1,903122.0
"('07C', '07S', '11C')",22.11,1,903122.0
"('07C', '07S', '11D')",22.11,1,903122.0
"('07C', '07S', '11H')",22.11,1,903122.0
"('07C', '07S', '11S')",22.11,1,903122.0
"('07D', '07H', '11C')",22.11,1,903122.0
"('07D', '07H', '11D')",22.11,1,903122.0
"('07D', '07H', '11H')",22.11,1,903122.0
"('07D', '07H', '11S')",22.11,1,903122.0
"('07D', '07S', '11C')",22.11,1,903122.0
"('07D', '07S', '11D')",22.11,1,903122.0
"('07D', '07S', '11H')",22.11,1,903122.0
"('07D', '07S', '11S')",22.11,1,903122.0
"('07H', '07S', '11C')",22.11,1,903122.0
"('07H', '07S', '11D')",22.11,1,903122.0
"('07H', '07S', '11H')",22.11,1,903122.0
"('07H', '07S', '11S')",22.11,1,903122.0
"('07C', '07D', '10C')",22.1,1,902036.0
"('07C', '07D', '10D')",22.1,1,902036.0
"('07C', '07D', '10H')",22.1,1,902036.0
"('07C', '07D', '10S')",22.1,1,902036.0
"('07C', '07H', '10C')",22.1,1,902036.0
"('07C', '07H', '10D')",22.1,1,902036.0
"('07C', '07H', '10H')",22.1,1,902036.0
"('07C', '07H', '10S')",22.1,1,902036.0
"('07C', '07S', '10C')",22.1,1,902036.0
"('07C', '07S', '10D')",22.1,1,902036.0
"('07C', '07S', '10H')",22.1,1,902036.0
"('07C', '07S', '10S')",22.1,1,902036.0
"('07D', '07H', '10C')",22.1,1,902036.0
"('07D', '07H', '10D')",22.1,1,902036.0
"('07D', '07H', '10H')",22.1,1,902036.0
"('07D', '07H', '10S')",22.1,1,902036.0
"('07D', '07S', '10C')",22.1,1,902036.0
"('07D', '07S', '10D')",22.1,1,902036.0
"('07D', '07S', '10H')",22.1,1,902036.0
"('07D', '07S', '10S')",22.1,1,902036.0
"('07H', '07S', '10C')",22.1,1,902036.0
"('07H', '07S', '10D')",22.1,1,902036.0
"('07H', '07S', '10H')",22.1,1,902036.0
"('07H', '07S', '10S')",22.1,1,902036.0
"('07C', '07D', '09C')",22.09,1,900950.0
"('07C', '07D', '09D')",22.09,1,900950.0
"('07C', '07D', '09H')",22.09,1,900950.0
"('07C', '07D', '09S')",22.09,1,900950.0
"('07C', '07H', '09C')",22.09,1,900950.0
"('07C', '07H', '09D')",22.09,1,900950.0
"('07C', '07H', '09H')",22.09,1,900950.0
"('07C', '07H', '09S')",22.09,1,900950.0
"('07C', '07S', '09C')",22.09,1,900950.0
"('07C', '07S', '09D')",22.09,1,900950.0
"('07C', '07S', '09H')",22.09,1,900950.0
"('07C', '07S', '09S')",22.09,1,900950.0
"('07D', '07H', '09C')",22.09,1,900950.0
"('07D', '07H', '09D')",22.09,1,900950.0
"('07D', '07H', '09H')",22.09,1,900950.0
"('07D', '07H', '09S')",22.09,1,900950.0
"('07D', '07S', '09C')",22.09,1,900950.0
"('07D', '07S', '09D')",22.09,1,900950.0
"('07D', '07S', '09H')",22.09,1,900950.0
"('07D', '07S', '09S')",22.09,1,900950.0
"('07H', '07S', '09C')",22.09,1,900950.0
"('07H', '07S', '09D')",22.09,1,900950.0
"('07H', '07S', '09H')",22.09,1,900950.0
"('07H', '07S', '09S')",22.09,1,900950.0
"('07C', '07D', '08C')",22.08,1,899864.0
"('07C', '07D', '08D')",22.08,1,899864.0
"('07C', '07D', '08H')",22.08,1,899864.0
"('07C', '07D', '08S')",22.08,1,899864.0
"('07C', '07H', '08C')",22.08,1,899864.0
"('07C', '07H', '08D')",22.08,1,899864.0
"('07C', '07H', '08H')",22.08,1,899864.0
"('07C', '07H', '08S')",22.08,1,899864.0
"('07C', '07S', '08C')",22.08,1,899864.0
"('07C', '07S', '08D')",22.08,1,899864.0
"('07C', '07S', '08H')",22.08,1,899864.0
"('07C', '07S', '08S')",22.08,1,899864.0
"('07D', '07H', '08C')",22.08,1,899864.0
"('07D', '07H', '08D')",22.08,1,899864.0
"('07D', '07H', '08H')",22.08,1,899864.0
"('07D', '07H', '08S')",22.08,1,899864.0
"('07D', '07S', '08C')",22.08,1,899864.0
"('07D', '07S', '08D')",22.08,1,899864.0
"('07D', '07S', '08H')",22.08,1,899864.0
"('07D', '07S', '08S')",22.08,1,899864.0
"('07H', '07S', '08C')",22.08,1,899864.0
"('07H', '07S', '08D')",22.08,1,899864.0
"('07H', '07S', '08H')",22.08,1,899864.0
"('07H', '07S', '08S')",22.08,1,899864.0
"('06C', '07C', '07D')",22.06,1,898778.0
"('06C', '07C', '07H')",22.06,1,898778.0
"('06C', '07C', '07S')",22.06,1,898778.0
"('06C', '07D', '07H')",22.06,1,898778.0
"('06C', '07D', '07S')",22.06,1,898778.0
"('06C', '07H', '07S')",22.06,1,898778.0
"('06D', '07C', '07D')",22.06,1,898778.0
"('06D', '07C', '07H')",22.06,1,898778.0
"('06D', '07C', '07S')",22.06,1,898778.0
"('06D', '07D', '07H')",22.06,1,898778.0
"('06D', '07D', '07S')",22.06,1,898778.0
"('06D', '07H', '07S')",22.06,1,898778.0
"('06H', '07C', '07D')",22.06,1,898778.0
"('06H', '07C', '07H')",22.06,1,898778.0
"('06H', '07C', '07S')",22.06,1,898778.0
"('06H', '07D', '07H')",22.06,1,898778.0
"('06H', '07D', '07S')",22.06,1,898778.0
"('06H', '07H', '07S')",22.06,1,898778.0
"('06S', '07C', '07D')",22.06,1,898778.0
"('06S', '07C', '07H')",22.06,1,898778.0
"('06S', '07C', '07S')",22.06,1,898778.0
"('06S', '07D', '07H')",22.06,1,898778.0
"('06S', '07D', '07S')",22.06,1,898778.0
"('06S', '07H', '07S')",22.06,1,898778.0
"('05C', '07C', '07D')",22.05,1,897692.0
"('05C', '07C', '07H')",22.05,1,897692.0
"('05C', '07C', '07S')",22.05,1,897692.0
"('05C', '07D', '07H')",22.05,1,897692.0
"('05C', '07D', '07S')",22.05,1,897692.0
"('05C', '07H', '07S')",22.05,1,897692.0
"('05D', '07C', '07D')",22.05,1,897692.0
"('05D', '07C', '07H')",22.05,1,897692.0
"('05D', '07C', '07S')",22.05,1,897692.0
"('05D', '07D', '07H')",22.05,1,897692.0
"('05D', '07D', '07S')",22.05,1,897692.0
"('05D', '07H', '07S')",22.05,1,897692.0
"('05H', '07C', '07D')",22.05,1,897692.0
"('05H', '07C', '07H')",22.05,1,897692.0
"('05H', '07C', '07S')",22.05,1,897692.0
"('05H', '07D', '07H')",22.05,1,897692.0
"('05H', '07D', '07S')",22.05,1,897692.0
"('05H', '07H', '07S')",22.05,1,897692.0
"('05S', '07C', '07D')",22.05,1,897692.0
"('05S', '07C', '07H')",22.05,1,897692.0
"('05S', '07C', '07S')",22.05,1,897692.0
"('05S', '07D', '07H')",22.05,1,897692.0
"('05S', '07D', '07S')",22.05,1,897692.0
"('05S', '07H', '07S')",22.05,1,897692.0
"('04C', '07C', '07D')",22.04,1,896606.0
"('04C', '07C', '07H')",22.04,1,896606.0
"('04C', '07C', '07S')",22.04,1,896606.0
"('04C', '07D', '07H')",22.04,1,896606.0
"('04C', '07D', '07S')",22.04,1,896606.0
"('04C', '07H', '07S')",22.04,1,896606.0
"('04D', '07C', '07D')",22.04,1,896606.0
"('04D', '07C', '07H')",22.04,1,896606.0
"('04D', '07C', '07S')",22.04,1,896606.0
"('04D', '07D', '07H')",22.04,1,896606.0
"('04D', '07D', '07S')",22.04,1,896606.0
"('04D', '07H', '07S')",22.04,1,896606.0
"('04H', '07C', '07D')",22.04,1,896606.0
"('04H', '07C', '07H')",22.04,1,896606.0
"('04H', '07C', '07S')",22.04,1,896606.0
"('04H', '07D', '07H')",22.04,1,896606.0
"('04H', '07D', '07S')",22.04,1,896606.0
"('04H', '07H', '07S')",22.04,1,896606.0
"('04S', '07C', '07D')",22.04,1,896606.0
"('04S', '07C', '07H')",22.04,1,896606.0
"('04S', '07C', '07S')",22.04,1,896606.0
"('04S', '07D', '07H')",22.04,1,896606.0
"('04S', '07D', '07S')",22.04,1,896606.0
"('04S', '07H', '07S')",22.04,1,896606.0
"('03C', '07C', '07D')",22.03,1,895520.0
"('03C', '07C', '07H')",22.03,1,895520.0
"('03C', '07C', '07S')",22.03,1,895520.0
"('03C', '07D', '07H')",22.03,1,895520.0
"('03C', '07D', '07S')",22.03,1,895520.0
"('03C', '07H', '07S')",22.03,1,895520.0
"('03D', '07C', '07D')",22.03,1,895520.0
"('03D', '07C', '07H')",22.03,1,895520.0
"('03D', '07C', '07S')",22.03,1,895520.0
"('03D', '07D', '07H')",22.03,1,895520.0
"('03D', '07D', '07S')",22.03,1,895520.0
"('03D', '07H', '07S')",22.03,1,895520.0
"('03H', '07C', '07D')",22.03,1,895520.0
"('03H', '07C', '07H')",22.03,1,895520.0
"('03H', '07C', '07S')",22.03,1,895520.0
"('03H', '07D', '07H')",22.03,1,895520.0
"('03H', '07D', '07S')",22.03,1,895520.0
"('03H', '07H', '07S')",22.03,1,895520.0
"('03S', '07C', '07D')",22.03,1,895520.0
"('03S', '07C', '07H')",22.03,1,895520.0
"('03S', '07C', '07S')",22.03,1,895520.0
"('03S', '07D', '07H')",22.03,1,895520.0
"('03S', '07D', '07S')",22.03,1,895520.0
"('03S', '07H', '07S')",22.03,1,895520.0
"('02C', '07C', '07D')",22.02,1,894434.0
"('02C', '07C', '07H')",22.02,1,894434.0
"('02C', '07C', '07S')",22.02,1,894434.0
"('02C', '07D', '07H')",22.02,1,894434.0
"('02C', '07D', '07S')",22.02,1,894434.0
"('02C', '07H', '07S')",22.02,1,894434.0
"('02D', '07C', '07D')",22.02,1,894434.0
"('02D', '07C', '07H')",22.02,1,894434.0
"('02D', '07C', '07S')",22.02,1,894434.0
"('02D', '07D', '07H')",22.02,1,894434.0
"('02D', '07D', '07S')",22.02,1,894434.0
"('02D', '07H', '07S')",22.02,1,894434.0
"('02H', '07C', '07D')",22.02,1,894434.0
"('02H', '07C', '07H')",22.02,1,894434.0
"('02H', '07C', '07S')",22.02,1,894434.0
"('02H', '07D', '07H')",22.02,1,894434.0
"('02H', '07D', '07S')",22.02,1,894434.0
"('02H', '07H', '07S')",22.02,1,894434.0
"('02S', '07C', '07D')",22.02,1,894434.0
"('02S', '07C', '07H')",22.02,1,894434.0
"('02S', '07C', '07S')",22.02,1,894434.0
"('02S', '07D', '07H')",22.02,1,894434.0
"('02S', '07D', '07S')",22.02,1,894434.0
"('02S', '07H', '07S')",22.02,1,894434.0
"('06C', '06D', '14C')",21.14,1,893348.0
"('06C', '06D', '14D')",21.14,1,893348.0
"('06C', '06D', '14H')",21.14,1,893348.0
"('06C', '06D', '14S')",21.14,1,893348.0
"('06C', '06H', '14C')",21.14,1,893348.0
"('06C', '06H', '14D')",21.14,1,893348.0
"('06C', '06H', '14H')",21.14,1,893348.0
"('06C', '06H', '14S')",21.14,1,893348.0
"('06C', '06S', '14C')",21.14,1,893348.0
"('06C', '06S', '14D')",21.14,1,893348.0
"('06C', '06S', '14H')",21.14,1,893348.0
"('06C', '06S', '14S')",21.14,1,893348.0
"('06D', '06H', '14C')",21.14,1,893348.0
"('06D', '06H', '14D')",21.14,1,893348.0
"('06D', '06H', '14H')",21.14,1,893348.0
"('06D', '06H', '14S')",21.14,1,893348.0
"('06D', '06S', '14C')",21.14,1,893348.0
"('06D', '06S', '14D')",21.14,1,893348.0
"('06D', '06S', '14H')",21.14,1,893348.0
"('06D', '06S', '14S')",21.14,1,893348.0
"('06H', '06S', '14C')",21.14,1,893348.0
"('06H', '06S', '14D')",21.14,1,893348.0
"('06H', '06S', '14H')",21.14,1,893348.0
"('06H', '06S', '14S')",21.14,1,893348.0
"('06C', '06D', '13C')",21.13,1,892262.0
"('06C', '06D', '13D')",21.13,1,892262.0
"('06C', '06D', '13H')",21.13,1,892262.0
"('06C', '06D', '13S')",21.13,1,892262.0
"('06C', '06H', '13C')",21.13,1,892262.0
"('06C', '06H', '13D')",21.13,1,892262.0
"('06C', '06H', '13H')",21.13,1,892262.0
"('06C', '06H', '13S')",21.13,1,892262.0
"('06C', '06S', '13C')",21.13,1,892262.0
"('06C', '06S', '13D')",21.13,1,892262.0
"('06C', '06S', '13H')",21.13,1,892262.0
"('06C', '06S', '13S')",21.13,1,892262.0
"('06D', '06H', '13C')",21.13,1,892262.0
"('06D', '06H', '13D')",21.13,1,892262.0
"('06D', '06H', '13H')",21.13,1,892262.0
"('06D', '06H', '13S')",21.13,1,892262.0
"('06D', '06S', '13C')",21.13,1,892262.0
"('06D', '06S', '13D')",21.13,1,892262.0
"('06D', '06S', '13H')",21.13,1,892262.0
"('06D', '06S', '13S')",21.13,1,892262.0
"('06H', '06S', '13C')",21.13,1,892262.0
"('06H', '06S', '13D')",21.13,1,892262.0
"('06H', '06S', '13H')",21.13,1,892262.0
"('06H', '06S', '13S')",21.13,1,892262.0
"('06C', '06D', '12C')",21.12,1,891176.0
"('06C', '06D', '12D')",21.12,1,891176.0
"('06C', '06D', '12H')",21.12,1,891176.0
"('06C', '06D', '12S')",21.12,1,891176.0
"('06C', '06H', '12C')",21.12,1,891176.0
"('06C', '06H', '12D')",21.12,1,891176.0
"('06C', '06H', '12H')",21.12,1,891176.0
"('06C', '06H', '12S')",21.12,1,891176.0
"('06C', '06S', '12C')",21.12,1,891176.0
"('06C', '06S', '12D')",21.12,1,891176.0
"('06C', '06S', '12H')",21.12,1,891176.0
"('06C', '06S', '12S')",21.12,1,891176.0
"('06D', '06H', '12C')",21.12,1,891176.0
"('06D', '06H', '12D')",21.12,1,891176.0
"('06D', '06H', '12H')",21.12,1,891176.0
"('06D', '06H', '12S')",21.12,1,891176.0
"('06D', '06S', '12C')",21.12,1,891176.0
"('06D', '06S', '12D')",21.12,1,891176.0
"('06D', '06S', '12H')",21.12,1,891176.0
"('06D', '06S', '12S')",21.12,1,891176.0
"('06H', '06S', '12C')",21.12,1,891176.0
"('06H', '06S', '12D')",21.12,1,891176.0
"('06H', '06S', '12H')",21.12,1,891176.0
"('06H', '06S', '12S')",21.12,1,891176.0
"('06C', '06D', '11C')",21.11,1,890090.0
"('06C', '06D', '11D')",21.11,1,890090.0
"('06C', '06D', '11H')",21.11,1,890090.0
"('06C', '06D', '11S')",21.11,1,890090.0
"('06C', '06H', '11C')",21.11,1,890090.0
"('06C', '06H', '11D')",21.11,1,890090.0
"('06C', '06H', '11H')",21.11,1,890090.0
"('06C', '06H', '11S')",21.11,1,890090.0
"('06C', '06S', '11C')",21.11,1,890090.0
"('06C', '06S', '11D')",21.11,1,890090.0
"('06C', '06S', '11H')",21.11,1,890090.0
"('06C', '06S', '11S')",21.11,1,890090.0
"('06D', '06H', '11C')",21.11,1,890090.0
"('06D', '06H', '11D')",21.11,1,890090.0
"('06D', '06H', '11H')",21.11,1,890090.0
"('06D', '06H', '11S')",21.11,1,890090.0
"('06D', '06S', '11C')",21.11,1,890090.0
"('06D', '06S', '11D')",21.11,1,890090.0
"('06D', '06S', '11H')",21.11,1,890090.0
"('06D', '06S', '11S')",21.11,1,890090.0
"('06H', '06S', '11C')",21.11,1,890090.0
"('06H', '06S', '11D')",21.11,1,890090.0
"('06H', '06S', '11H')",21.11,1,890090.0
"('06H', '06S', '11S')",21.11,1,890090.0
"('06C', '06D', '10C')",21.1,1,889005.0
"('06C', '06D', '10D')",21.1,1,889005.0
"('06C', '06D', '10H')",21.1,1,889005.0
"('06C', '06D', '10S')",21.1,1,889005.0
"('06C', '06H', '10C')",21.1,1,889005.0
"('06C', '06H', '10D')",21.1,1,889005.0
"('06C', '06H', '10H')",21.1,1,889005.0
"('06C', '06H', '10S')",21.1,1,889005.0
"('06C', '06S', '10C')",21.1,1,889005.0
"('06C', '06S', '10D')",21.1,1,889005.0
"('06C', '06S', '10H')",21.1,1,889005.0
"('06C', '06S', '10S')",21.1,1,889005.0
"('06D', '06H', '10C')",21.1,1,889005.0
"('06D', '06H', '10D')",21.1,1,889005.0
"('06D', '06H', '10H')",21.1,1,889005.0
"('06D', '06H', '10S')",21.1,1,889005.0
"('06D', '06S', '10C')",21.1,1,889005.0
"('06D', '06S', '10D')",21.1,1,889005.0
"('06D', '06S', '10H')",21.1,1,889005.0
"('06D', '06S', '10S')",21.1,1,889005.0
"('06H', '06S', '10C')",21.1,1,889005.0
"('06H', '06S', '10D')",21.1,1,889005.0
"('06H', '06S', '10H')",21.1,1,889005.0
"('06H', '06S', '10S')",21.1,1,889005.0
"('06C', '06D', '09C')",21.09,1,887919.0
"('06C', '06D', '09D')",21.09,1,887919.0
"('06C', '06D', '09H')",21.09,1,887919.0
"('06C', '06D', '09S')",21.09,1,887919.0
"('06C', '06H', '09C')",21.09,1,887919.0
"('06C', '06H', '09D')",21.09,1,887919.0
"('06C', '06H', '09H')",21.09,1,887919.0
"('06C', '06H', '09S')",21.09,1,887919.0
"('06C', '06S', '09C')",21.09,1,887919.0
"('06C', '06S', '09D')",21.09,1,887919.0
"('06C', '06S', '09H')",21.09,1,887919.0
"('06C', '06S', '09S')",21.09,1,887919.0
"('06D', '06H', '09C')",21.09,1,887919.0
"('06D', '06H', '09D')",21.09,1,887919.0
"('06D', '06H', '09H')",21.09,1,887919.0
"('06D', '06H', '09S')",21.09,1,887919.0
"('06D', '06S', '09C')",21.09,1,887919.0
"('06D', '06S', '09D')",21.09,1,887919.0
"('06D', '06S', '09H')",21.09,1,887919.0
"('06D', '06S', '09S')",21.09,1,887919.0
"('06H', '06S', '09C')",21.09,1,887919.0
"('06H', '06S', '09D')",21.09,1,887919.0
"('06H', '06S', '09H')",21.09,1,887919.0
"('06H', '06S', '09S')",21.09,1,887919.0
"('06C', '06D', '08C')",21.08,1,886833.0
"('06C', '06D', '08D')",21.08,1,886833.0
"('06C', '06D', '08H')",21.08,1,886833.0
"('06C', '06D', '08S')",21.08,1,886833.0
"('06C', '06H', '08C')",21.08,1,886833.0
"('06C', '06H', '08D')",21.08,1,886833.0
"('06C', '06H', '08H')",21.08,1,886833.0
"('06C', '06H', '08S')",21.08,1,886833.0
"('06C', '06S', '08C')",21.08,1,886833.0
"('06C', '06S', '08D')",21.08,1,886833.0
"('06C', '06S', '08H')",21.08,1,886833.0
"('06C', '06S', '08S')",21.08,1,886833.0
"('06D', '06H', '08C')",21.08,1,886833.0
"('06D', '06H', '08D')",21.08,1,886833.0
"('06D', '06H', '08H')",21.08,1,886833.0
"('06D', '06H', '08S')",21.08,1,886833.0
"('06D', '06S', '08C')",21.08,1,886833.0
"('06D', '06S', '08D')",21.08,1,886833.0
"('06D', '06S', '08H')",21.08,1,886833.0
"('06D', '06S', '08S')",21.08,1,886833.0
"('06H', '06S', '08C')",21.08,1,886833.0
"('06H', '06S', '08D')",21.08,1,886833.0
"('06H', '06S', '08H')",21.08,1,886833.0
"('06H', '06S', '08S')",21.08,1,886833.0
"('06C', '06D', '07C')",21.07,1,885747.0
"('06C', '06D', '07D')",21.07,1,885747.0
"('06C', '06D', '07H')",21.07,1,885747.0
"('06C', '06D', '07S')",21.07,1,885747.0
"('06C', '06H', '07C')",21.07,1,885747.0
"('06C', '06H', '07D')",21.07,1,885747.0
"('06C', '06H', '07H')",21.07,1,885747.0
"('06C', '06H', '07S')",21.07,1,885747.0
"('06C', '06S', '07C')",21.07,1,885747.0
"('06C', '06S', '07D')",21.07,1,885747.0
"('06C', '06S', '07H')",21.07,1,885747.0
"('06C', '06S', '07S')",21.07,1,885747.0
"('06D', '06H', '07C')",21.07,1,885747.0
"('06D', '06H', '07D')",21.07,1,885747.0
"('06D', '06H', '07H')",21.07,1,885747.0
"('06D', '06H', '07S')",21.07,1,885747.0
"('06D', '06S', '07C')",21.07,1,885747.0
"('06D', '06S', '07D')",21.07,1,885747.0
"('06D', '06S', '07H')",21.07,1,885747.0
"('06D', '06S', '07S')",21.07,1,885747.0
"('06H', '06S', '07C')",21.07,1,885747.0
"('06H', '06S', '07D')",21.07,1,885747.0
"('06H', '06S', '07H')",21.07,1,885747.0
"('06H', '06S', '07S')",21.07,1,885747.0
"('05C', '06C', '06D')",21.05,1,884661.0
"('05C', '06C', '06H')",21.05,1,884661.0
"('05C', '06C', '06S')",21.05,1,884661.0
"('05C', '06D', '06H')",21.05,1,884661.0
"('05C', '06D', '06S')",21.05,1,884661.0
"('05C', '06H', '06S')",21.05,1,884661.0
"('05D', '06C', '06D')",21.05,1,884661.0
"('05D', '06C', '06H')",21.05,1,884661.0
"('05D', '06C', '06S')",21.05,1,884661.0
"('05D', '06D', '06H')",21.05,1,884661.0
"('05D', '06D', '06S')",21.05,1,884661.0
"('05D', '06H', '06S')",21.05,1,884661.0
"('05H', '06C', '06D')",21.05,1,884661.0
"('05H', '06C', '06H')",21.05,1,884661.0
"('05H', '06C', '06S')",21.05,1,884661.0
"('05H', '06D', '06H')",21.05,1,884661.0
"('05H', '06D', '06S')",21.05,1,884661.0
"('05H', '06H', '06S')",21.05,1,884661.0
"('05S', '06C', '06D')",21.05,1,884661.0
"('05S', '06C', '06H')",21.05,1,884661.0
"('05S', '06C', '06S')",21.05,1,884661.0
"('05S', '06D', '06H')",21.05,1,884661.0
"('05S', '06D', '06S')",21.05,1,884661.0
"('05S', '06H', '06S')",21.05,1,884661.0
"('04C', '06C', '06D')",21.04,1,883575.0
"('04C', '06C', '06H')",21.04,1,883575.0
"('04C', '06C', '06S')",21.04,1,883575.0
"('04C', '06D', '06H')",21.04,1,883575.0
"('04C', '06D', '06S')",21.04,1,883575.0
"('04C', '06H', '06S')",21.04,1,883575.0
"('04D', '06C', '06D')",21.04,1,883575.0
"('04D', '06C', '06H')",21.04,1,883575.0
"('04D', '06C', '06S')",21.04,1,883575.0
"('04D', '06D', '06H')",21.04,1,883575.0
"('04D', '06D', '06S')",21.04,1,883575.0
"('04D', '06H', '06S')",21.04,1,883575.0
"('04H', '06C', '06D')",21.04,1,883575.0
"('04H', '06C', '06H')",21.04,1,883575.0
"('04H', '06C', '06S')",21.04,1,883575.0
"('04H', '06D', '06H')",21.04,1,883575.0
"('04H', '06D', '06S')",21.04,1,883575.0
"('04H', '06H', '06S')",21.04,1,883575.0
"('04S', '06C', '06D')",21.04,1,883575.0
"('04S', '06C', '06H')",21.04,1,883575.0
"('04S', '06C', '06S')",21.04,1,883575.0
"('04S', '06D', '06H')",21.04,1,883575.0
"('04S', '06D', '06S')",21.04,1,883575.0
"('04S', '06H', '06S')",21.04,1,883575.0
"('03C', '06C', '06D')",21.03,1,882489.0
"('03C', '06C', '06H')",21.03,1,882489.0
"('03C', '06C', '06S')",21.03,1,882489.0
"('03C', '06D', '06H')",21.03,1,882489.0
"('03C', '06D', '06S')",21.03,1,882489.0
"('03C', '06H', '06S')",21.03,1,882489.0
"('03D', '06C', '06D')",21.03,1,882489.0
"('03D', '06C', '06H')",21.03,1,882489.0
"('03D', '06C', '06S')",21.03,1,882489.0
"('03D', '06D', '06H')",21.03,1,882489.0
"('03D', '06D', '06S')",21.03,1,882489.0
"('03D', '06H', '06S')",21.03,1,882489.0
"('03H', '06C', '06D')",21.03,1,882489.0
"('03H', '06C', '06H')",21.03,1,882489.0
"('03H', '06C', '06S')",21.03,1,882489.0
"('03H', '06D', '06H')",21.03,1,882489.0
"('03H', '06D', '06S')",21.03,1,882489.0
"('03H', '06H', '06S')",21.03,1,882489.0
"('03S', '06C', '06D')",21.03,1,882489.0
"('03S', '06C', '06H')",21.03,1,882489.0
"('03S', '06C', '06S')",21.03,1,882489.0
"('03S', '06D', '06H')",21.03,1,882489.0
"('03S', '06D', '06S')",21.03,1,882489.0
"('03S', '06H', '06S')",21.03,1,882489.0
"('02C', '06C', '06D')",21.02,1,881403.0
"('02C', '06C', '06H')",21.02,1,881403.0
"('02C', '06C', '06S')",21.02,1,881403.0
"('02C', '06D', '06H')",21.02,1,881403.0
"('02C', '06D', '06S')",21.02,1,881403.0
"('02C', '06H', '06S')",21.02,1,881403.0
"('02D', '06C', '06D')",21.02,1,881403.0
"('02D', '06C', '06H')",21.02,1,881403.0
"('02D', '06C', '06S')",21.02,1,881403.0
"('02D', '06D', '06H')",21.02,1,881403.0
"('02D', '06D', '06S')",21.02,1,881403.0
"('02D', '06H', '06S')",21.02,1,881403.0
"('02H', '06C', '06D')",21.02,1,881403.0
"('02H', '06C', '06H')",21.02,1,881403.0
"('02H', '06C', '06S')",21.02,1,881403.0
"('02H', '06D', '06H')",21.02,1,881403.0
"('02H', '06D', '06S')",21.02,1,881403.0
"('02H', '06H', '06S')",21.02,1,881403.0
"('02S', '06C', '06D')",21.02,1,881403.0
"('02S', '06C', '06H')",21.02,1,881403.0
"('02S', '06C', '06S')",21.02,1,881403.0
"('02S', '06D', '06H')",21.02,1,881403.0
"('02S', '06D', '06S')",21.02,1,881403.0
"('02S', '06H', '06S')",21.02,1,881403.0
"('05C', '05D', '14C')",20.14,1,880317.0
"('05C', '05D', '14D')",20.14,1,880317.0
"('05C', '05D', '14H')",20.14,1,880317.0
"('05C', '05D', '14S')",20.14,1,880317.0
"('05C', '05H', '14C')",20.14,1,880317.0
"('05C', '05H', '14D')",20.14,1,880317.0
"('05C', '05H', '14H')",20.14,1,880317.0
"('05C', '05H', '14S')",20.14,1,880317.0
"('05C', '05S', '14C')",20.14,1,880317.0
"('05C', '05S', '14D')",20.14,1,880317.0
"('05C', '05S', '14H')",20.14,1,880317.0
"('05C', '05S', '14S')",20.14,1,880317.0
"('05D', '05H', '14C')",20.14,1,880317.0
"('05D', '05H', '14D')",20.14,1,880317.0
"('05D', '05H', '14H')",20.14,1,880317.0
"('05D', '05H', '14S')",20.14,1,880317.0
"('05D', '05S', '14C')",20.14,1,880317.0
"('05D', '05S', '14D')",20.14,1,880317.0
"('05D', '05S', '14H')",20.14,1,880317.0
"('05D', '05S', '14S')",20.14,1,880317.0
"('05H', '05S', '14C')",20.14,1,880317.0
"('05H', '05S', '14D')",20.14,1,880317.0
"('05H', '05S', '14H')",20.14,1,880317.0
"('05H', '05S', '14S')",20.14,1,880317.0
"('05C', '05D', '13C')",20.13,1,879231.0
"('05C', '05D', '13D')",20.13,1,879231.0
"('05C', '05D', '13H')",20.13,1,879231.0
"('05C', '05D', '13S')",20.13,1,879231.0
"('05C', '05H', '13C')",20.13,1,879231.0
"('05C', '05H', '13D')",20.13,1,879231.0
"('05C', '05H', '13H')",20.13,1,879231.0
"('05C', '05H', '13S')",20.13,1,879231.0
"('05C', '05S', '13C')",20.13,1,879231.0
"('05C', '05S', '13D')",20.13,1,879231.0
"('05C', '05S', '13H')",20.13,1,879231.0
"('05C', '05S', '13S')",20.13,1,879231.0
"('05D', '05H', '13C')",20.13,1,879231.0
"('05D', '05H', '13D')",20.13,1,879231.0
"('05D', '05H', '13H')",20.13,1,879231.0
"('05D', '05H', '13S')",20.13,1,879231.0
"('05D', '05S', '13C')",20.13,1,879231.0
"('05D', '05S', '13D')",20.13,1,879231.0
"('05D', '05S', '13H')",20.13,1,879231.0
"('05D', '05S', '13S')",20.13,1,879231.0
"('05H', '05S', '13C')",20.13,1,879231.0
"('05H', '05S', '13D')",20.13,1,879231.0
"('05H', '05S', '13H')",20.13,1,879231.0
"('05H', '05S', '13S')",20.13,1,879231.0
"('05C', '05D', '12C')",20.12,1,878145.0
"('05C', '05D', '12D')",20.12,1,878145.0
"('05C', '05D', '12H')",20.12,1,878145.0
"('05C', '05D', '12S')",20.12,1,878145.0
"('05C', '05H', '12C')",20.12,1,878145.0
"('05C', '05H', '12D')",20.12,1,878145.0
"('05C', '05H', '12H')",20.12,1,878145.0
"('05C', '05H', '12S')",20.12,1,878145.0
"('05C', '05S', '12C')",20.12,1,878145.0
"('05C', '05S', '12D')",20.12,1,878145.0
"('05C', '05S', '12H')",20.12,1,878145.0
"('05C', '05S', '12S')",20.12,1,878145.0
"('05D', '05H', '12C')",20.12,1,878145.0
"('05D', '05H', '12D')",20.12,1,878145.0
"('05D', '05H', '12H')",20.12,1,878145.0
"('05D', '05H', '12S')",20.12,1,878145.0
"('05D', '05S', '12C')",20.12,1,878145.0
"('05D', '05S', '12D')",20.12,1,878145.0
"('05D', '05S', '12H')",20.12,1,878145.0
"('05D', '05S', '12S')",20.12,1,878145.0
"('05H', '05S', '12C')",20.12,1,878145.0
"('05H', '05S', '12D')",20.12,1,878145.0
"('05H', '05S', '12H')",20.12,1,878145.0
"('05H', '05S', '12S')",20.12,1,878145.0
"('05C', '05D', '11C')",20.11,1,877059.0
"('05C', '05D', '11D')",20.11,1,877059.0
"('05C', '05D', '11H')",20.11,1,877059.0
"('05C', '05D', '11S')",20.11,1,877059.0
"('05C', '05H', '11C')",20.11,1,877059.0
"('05C', '05H', '11D')",20.11,1,877059.0
"('05C', '05H', '11H')",20.11,1,877059.0
"('05C', '05H', '11S')",20.11,1,877059.0
"('05C', '05S', '11C')",20.11,1,877059.0
"('05C', '05S', '11D')",20.11,1,877059.0
"('05C', '05S', '11H')",20.11,1,877059.0
"('05C', '05S', '11S')",20.11,1,877059.0
"('05D', '05H', '11C')",20.11,1,877059.0
"('05D', '05H', '11D')",20.11,1,877059.0
"('05D', '05H', '11H')",20.11,1,877059.0
"('05D', '05H', '11S')",20.11,1,877059.0
"('05D', '05S', '11C')",20.11,1,877059.0
"('05D', '05S', '11D')",20.11,1,877059.0
"('05D', '05S', '11H')",20.11,1,877059.0
"('05D', '05S', '11S')",20.11,1,877059.0
"('05H', '05S', '11C')",20.11,1,877059.0
"('05H', '05S', '11D')",20.11,1,877059.0
"('05H', '05S', '11H')",20.11,1,877059.0
"('05H', '05S', '11S')",20.11,1,877059.0
"('05C', '05D', '10C')",20.1,1,875973.0
"('05C', '05D', '10D')",20.1,1,875973.0
"('05C', '05D', '10H')",20.1,1,875973.0
"('05C', '05D', '10S')",20.1,1,875973.0
"('05C', '05H', '10C')",20.1,1,875973.0
"('05C', '05H', '10D')",20.1,1,875973.0
"('05C', '05H', '10H')",20.1,1,875973.0
"('05C', '05H', '10S')",20.1,1,875973.0
"('05C', '05S', '10C')",20.1,1,875973.0
"('05C', '05S', '10D')",20.1,1,875973.0
"('05C', '05S', '10H')",20.1,1,875973.0
"('05C', '05S', '10S')",20.1,1,875973.0
"('05D', '05H', '10C')",20.1,1,875973.0
"('05D', '05H', '10D')",20.1,1,875973.0
"('05D', '05H', '10H')",20.1,1,875973.0
"('05D', '05H', '10S')",20.1,1,875973.0
"('05D', '05S', '10C')",20.1,1,875973.0
"('05D', '05S', '10D')",20.1,1,875973.0
"('05D', '05S', '10H')",20.1,1,875973.0
"('05D', '05S', '10S')",20.1,1,875973.0
"('05H', '05S', '10C')",20.1,1,875973.0
"('05H', '05S', '10D')",20.1,1,875973.0
"('05H', '05S', '10H')",20.1,1,875973.0
"('05H', '05S', '10S')",20.1,1,875973.0
"('05C', '05D', '09C')",20.09,1,874887.0
"('05C', '05D', '09D')",20.09,1,874887.0
"('05C', '05D', '09H')",20.09,1,874887.0
"('05C', '05D', '09S')",20.09,1,874887.0
"('05C', '05H', '09C')",20.09,1,874887.0
"('05C', '05H', '09D')",20.09,1,874887.0
"('05C', '05H', '09H')",20.09,1,874887.0
"('05C', '05H', '09S')",20.09,1,874887.0
"('05C', '05S', '09C')",20.09,1,874887.0
"('05C', '05S', '09D')",20.09,1,874887.0
"('05C', '05S', '09H')",20.09,1,874887.0
"('05C', '05S', '09S')",20.09,1,874887.0
"('05D', '05H', '09C')",20.09,1,874887.0
"('05D', '05H', '09D')",20.09,1,874887.0
"('05D', '05H', '09H')",20.09,1,874887.0
"('05D', '05H', '09S')",20.09,1,874887.0
"('05D', '05S', '09C')",20.09,1,874887.0
"('05D', '05S', '09D')",20.09,1,874887.0
"('05D', '05S', '09H')",20.09,1,874887.0
"('05D', '05S', '09S')",20.09,1,874887.0
"('05H', '05S', '09C')",20.09,1,874887.0
"('05H', '05S', '09D')",20.09,1,874887.0
"('05H', '05S', '09H')",20.09,1,874887.0
"('05H', '05S', '09S')",20.09,1,874887.0
"('05C', '05D', '08C')",20.08,1,873801.0
"('05C', '05D', '08D')",20.08,1,873801.0
"('05C', '05D', '08H')",20.08,1,873801.0
"('05C', '05D', '08S')",20.08,1,873801.0
"('05C', '05H', '08C')",20.08,1,873801.0
"('05C', '05H', '08D')",20.08,1,873801.0
"('05C', '05H', '08H')",20.08,1,873801.0
"('05C', '05H', '08S')",20.08,1,873801.0
"('05C', '05S', '08C')",20.08,1,873801.0
"('05C', '05S', '08D')",20.08,1,873801.0
"('05C', '05S', '08H')",20.08,1,873801.0
"('05C', '05S', '08S')",20.08,1,873801.0
"('05D', '05H', '08C')",20.08,1,873801.0
"('05D', '05H', '08D')",20.08,1,873801.0
"('05D', '05H', '08H')",20.08,1,873801.0
"('05D', '05H', '08S')",20.08,1,873801.0
"('05D', '05S', '08C')",20.08,1,873801.0
"('05D', '05S', '08D')",20.08,1,873801.0
"('05D', '05S', '08H')",20.08,1,873801.0
"('05D', '05S', '08S')",20.08,1,873801.0
"('05H', '05S', '08C')",20.08,1,873801.0
"('05H', '05S', '08D')",20.08,1,873801.0
"('05H', '05S', '08H')",20.08,1,873801.0
"('05H', '05S', '08S')",20.08,1,873801.0
"('05C', '05D', '07C')",20.07,1,872715.0
"('05C', '05D', '07D')",20.07,1,872715.0
"('05C', '05D', '07H')",20.07,1,872715.0
"('05C', '05D', '07S')",20.07,1,872715.0
"('05C', '05H', '07C')",20.07,1,872715.0
"('05C', '05H', '07D')",20.07,1,872715.0
"('05C', '05H', '07H')",20.07,1,872715.0
"('05C', '05H', '07S')",20.07,1,872715.0
"('05C', '05S', '07C')",20.07,1,872715.0
"('05C', '05S', '07D')",20.07,1,872715.0
"('05C', '05S', '07H')",20.07,1,872715.0
"('05C', '05S', '07S')",20.07,1,872715.0
"('05D', '05H', '07C')",20.07,1,872715.0
"('05D', '05H', '07D')",20.07,1,872715.0
"('05D', '05H', '07H')",20.07,1,872715.0
"('05D', '05H', '07S')",20.07,1,872715.0
"('05D', '05S', '07C')",20.07,1,872715.0
"('05D', '05S', '07D')",20.07,1,872715.0
"('05D', '05S', '07H')",20.07,1,872715.0
"('05D', '05S', '07S')",20.07,1,872715.0
"('05H', '05S', '07C')",20.07,1,872715.0
"('05H', '05S', '07D')",20.07,1,872715.0
"('05H', '05S', '07H')",20.07,1,872715.0
"('05H', '05S', '07S')",20.07,1,872715.0
"('05C', '05D', '06C')",20.06,1,871629.0
"('05C', '05D', '06D')",20.06,1,871629.0
"('05C', '05D', '06H')",20.06,1,871629.0
"('05C', '05D', '06S')",20.06,1,871629.0
"('05C', '05H', '06C')",20.06,1,871629.0
"('05C', '05H', '06D')",20.06,1,871629.0
"('05C', '05H', '06H')",20.06,1,871629.0
"('05C', '05H', '06S')",20.06,1,871629.0
"('05C', '05S', '06C')",20.06,1,871629.0
"('05C', '05S', '06D')",20.06,1,871629.0
"('05C', '05S', '06H')",20.06,1,871629.0
"('05C', '05S', '06S')",20.06,1,871629.0
"('05D', '05H', '06C')",20.06,1,871629.0
"('05D', '05H', '06D')",20.06,1,871629.0
"('05D', '05H', '06H')",20.06,1,871629.0
"('05D', '05H', '06S')",20.06,1,871629.0
"('05D', '05S', '06C')",20.06,1,871629.0
"('05D', '05S', '06D')",20.06,1,871629.0
"('05D', '05S', '06H')",20.06,1,871629.0
"('05D', '05S', '06S')",20.06,1,871629.0
"('05H', '05S', '06C')",20.06,1,871629.0
"('05H', '05S', '06D')",20.06,1,871629.0
"('05H', '05S', '06H')",20.06,1,871629.0
"('05H', '05S', '06S')",20.06,1,871629.0
"('04C', '05C', '05D')",20.04,1,870543.0
"('04C', '05C', '05H')",20.04,1,870543.0
"('04C', '05C', '05S')",20.04,1,870543.0
"('04C', '05D', '05H')",20.04,1,870543.0
"('04C', '05D', '05S')",20.04,1,870543.0
"('04C', '05H', '05S')",20.04,1,870543.0
"('04D', '05C', '05D')",20.04,1,870543.0
"('04D', '05C', '05H')",20.04,1,870543.0
"('04D', '05C', '05S')",20.04,1,870543.0
"('04D', '05D', '05H')",20.04,1,870543.0
"('04D', '05D', '05S')",20.04,1,870543.0
"('04D', '05H', '05S')",20.04,1,870543.0
"('04H', '05C', '05D')",20.04,1,870543.0
"('04H', '05C', '05H')",20.04,1,870543.0
"('04H', '05C', '05S')",20.04,1,870543.0
"('04H', '05D', '05H')",20.04,1,870543.0
"('04H', '05D', '05S')",20.04,1,870543.0
"('04H', '05H', '05S')",20.04,1,870543.0
"('04S', '05C', '05D')",20.04,1,870543.0
"('04S', '05C', '05H')",20.04,1,870543.0
"('04S', '05C', '05S')",20.04,1,870543.0
"('04S', '05D', '05H')",20.04,1,870543.0
"('04S', '05D', '05S')",20.04,1,870543.0
"('04S', '05H', '05S')",20.04,1,870543.0
"('03C', '05C', '05D')",20.03,1,869457.0
"('03C', '05C', '05H')",20.03,1,869457.0
"('03C', '05C', '05S')",20.03,1,869457.0
"('03C', '05D', '05H')",20.03,1,869457.0
"('03C', '05D', '05S')",20.03,1,869457.0
"('03C', '05H', '05S')",20.03,1,869457.0
"('03D', '05C', '05D')",20.03,1,869457.0
"('03D', '05C', '05H')",20.03,1,869457.0
"('03D', '05C', '05S')",20.03,1,869457.0
"('03D', '05D', '05H')",20.03,1,869457.0
"('03D', '05D', '05S')",20.03,1,869457.0
"('03D', '05H', '05S')",20.03,1,869457.0
"('03H', '05C', '05D')",20.03,1,869457.0
"('03H', '05C', '05H')",20.03,1,869457.0
"('03H', '05C', '05S')",20.03,1,869457.0
"('03H', '05D', '05H')",20.03,1,869457.0
"('03H', '05D', '05S')",20.03,1,869457.0
"('03H', '05H', '05S')",20.03,1,869457.0
"('03S', '05C', '05D')",20.03,1,869457.0
"('03S', '05C', '05H')",20.03,1,869457.0
"('03S', '05C', '05S')",20.03,1,869457.0
"('03S', '05D', '05H')",20.03,1,869457.0
"('03S', '05D', '05S')",20.03,1,869457.0
"('03S', '05H', '05S')",20.03,1,869457.0
"('02C', '05C', '05D')",20.02,1,868371.0
"('02C', '05C', '05H')",20.02,1,868371.0
"('02C', '05C', '05S')",20.02,1,868371.0
"('02C', '05D', '05H')",20.02,1,868371.0
"('02C', '05D', '05S')",20.02,1,868371.0
"('02C', '05H', '05S')",20.02,1,868371.0
"('02D', '05C', '05D')",20.02,1,868371.0
"('02D', '05C', '05H')",20.02,1,868371.0
"('02D', '05C', '05S')",20.02,1,868371.0
"('02D', '05D', '05H')",20.02,1,868371.0
"('02D', '05D', '05S')",20.02,1,868371.0
"('02D', '05H', '05S')",20.02,1,868371.0
"('02H', '05C', '05D')",20.02,1,868371.0
"('02H', '05C', '05H')",20.02,1,868371.0
"('02H', '05C', '05S')",20.02,1,868371.0
"('02H', '05D', '05H')",20.02,1,868371.0
"('02H', '05D', '05S')",20.02,1,868371.0
"('02H', '05H', '05S')",20.02,1,868371.0
"('02S', '05C', '05D')",20.02,1,868371.0
"('02S', '05C', '05H')",20.02,1,868371.0
"('02S', '05C', '05S')",20.02,1,868371.0
"('02S', '05D', '05H')",20.02,1,868371.0
"('02S', '05D', '05S')",20.02,1,868371.0
"('02S', '05H', '05S')",20.02,1,868371.0
"('04C', '04D', '14C')",19.14,1,867285.0
"('04C', '04D', '14D')",19.14,1,867285.0
"('04C', '04D', '14H')",19.14,1,867285.0
"('04C', '04D', '14S')",19.14,1,867285.0
"('04C', '04H', '14C')",19.14,1,867285.0
"('04C', '04H', '14D')",19.14,1,867285.0
"('04C', '04H', '14H')",19.14,1,867285.0
"('04C', '04H', '14S')",19.14,1,867285.0
"('04C', '04S', '14C')",19.14,1,867285.0
"('04C', '04S', '14D')",19.14,1,867285.0
"('04C', '04S', '14H')",19.14,1,867285.0
"('04C', '04S', '14S')",19.14,1,867285.0
"('04D', '04H', '14C')",19.14,1,867285.0
"('04D', '04H', '14D')",19.14,1,867285.0
"('04D', '04H', '14H')",19.14,1,867285.0
"('04D', '04H', '14S')",19.14,1,867285.0
"('04D', '04S', '14C')",19.14,1,867285.0
"('04D', '04S', '14D')",19.14,1,867285.0
"('04D', '04S', '14H')",19.14,1,867285.0
"('04D', '04S', '14S')",19.14,1,867285.0
"('04H', '04S', '14C')",19.14,1,867285.0
"('04H', '04S', '14D')",19.14,1,867285.0
"('04H', '04S', '14H')",19.14,1,867285.0
"('04H', '04S', '14S')",19.14,1,867285.0
"('04C', '04D', '13C')",19.13,1,866199.0
"('04C', '04D', '13D')",19.13,1,866199.0
"('04C', '04D', '13H')",19.13,1,866199.0
"('04C', '04D', '13S')",19.13,1,866199.0
"('04C', '04H', '13C')",19.13,1,866199.0
"('04C', '04H', '13D')",19.13,1,866199.0
"('04C', '04H', '13H')",19.13,1,866199.0
"('04C', '04H', '13S')",19.13,1,866199.0
"('04C', '04S', '13C')",19.13,1,866199.0
"('04C', '04S', '13D')",19.13,1,866199.0
"('04C', '04S', '13H')",19.13,1,866199.0
"('04C', '04S', '13S')",19.13,1,866199.0
"('04D', '04H', '13C')",19.13,1,866199.0
"('04D', '04H', '13D')",19.13,1,866199.0
"('04D', '04H', '13H')",19.13,1,866199.0
"('04D', '04H', '13S')",19.13,1,866199.0
"('04D', '04S', '13C')",19.13,1,866199.0
"('04D', '04S', '13D')",19.13,1,866199.0
"('04D', '04S', '13H')",19.13,1,866199.0
"('04D', '04S', '13S')",19.13,1,866199.0
"('04H', '04S', '13C')",19.13,1,866199.0
"('04H', '04S', '13D')",19.13,1,866199.0
"('04H', '04S', '13H')",19.13,1,866199.0
"('04H', '04S', '13S')",19.13,1,866199.0
"('04C', '04D', '12C')",19.12,1,865113.0
"('04C', '04D', '12D')",19.12,1,865113.0
"('04C', '04D', '12H')",19.12,1,865113.0
"('04C', '04D', '12S')",19.12,1,865113.0
"('04C', '04H', '12C')",19.12,1,865113.0
"('04C', '04H', '12D')",19.12,1,865113.0
"('04C', '04H', '12H')",19.12,1,865113.0
"('04C', '04H', '12S')",19.12,1,865113.0
"('04C', '04S', '12C')",19.12,1,865113.0
"('04C', '04S', '12D')",19.12,1,865113.0
"('04C', '04S', '12H')",19.12,1,865113.0
"('04C', '04S', '12S')",19.12,1,865113.0
"('04D', '04H', '12C')",19.12,1,865113.0
"('04D', '04H', '12D')",19.12,1,865113.0
"('04D', '04H', '12H')",19.12,1,865113.0
"('04D', '04H', '12S')",19.12,1,865113.0
"('04D', '04S', '12C')",19.12,1,865113.0
"('04D', '04S', '12D')",19.12,1,865113.0
"('04D', '04S', '12H')",19.12,1,865113.0
"('04D', '04S', '12S')",19.12,1,865113.0
"('04H', '04S', '12C')",19.12,1,865113.0
"('04H', '04S', '12D')",19.12,1,865113.0
"('04H', '04S', '12H')",19.12,1,865113.0
"('04H', '04S', '12S')",19.12,1,865113.0
"('04C', '04D', '11C')",19.11,1,864027.0
"('04C', '04D', '11D')",19.11,1,864027.0
"('04C', '04D', '11H')",19.11,1,864027.0
"('04C', '04D', '11S')",19.11,1,864027.0
"('04C', '04H', '11C')",19.11,1,864027.0
"('04C', '04H', '11D')",19.11,1,864027.0
"('04C', '04H', '11H')",19.11,1,864027.0
"('04C', '04H', '11S')",19.11,1,864027.0
"('04C', '04S', '11C')",19.11,1,864027.0
"('04C', '04S', '11D')",19.11,1,864027.0
"('04C', '04S', '11H')",19.11,1,864027.0
"('04C', '04S', '11S')",19.11,1,864027.0
"('04D', '04H', '11C')",19.11,1,864027.0
"('04D', '04H', '11D')",19.11,1,864027.0
"('04D', '04H', '11H')",19.11,1,864027.0
"('04D', '04H', '11S')",19.11,1,864027.0
"('04D', '04S', '11C')",19.11,1,864027.0
"('04D', '04S', '11D')",19.11,1,864027.0
"('04D', '04S', '11H')",19.11,1,864027.0
"('04D', '04S', '11S')",19.11,1,864027.0
"('04H', '04S', '11C')",19.11,1,864027.0
"('04H', '04S', '11D')",19.11,1,864027.0
"('04H', '04S', '11H')",19.11,1,864027.0
"('04H', '04S', '11S')",19.11,1,864027.0
"('04C', '04D', '10C')",19.1,1,862941.0
"('04C', '04D', '10D')",19.1,1,862941.0
"('04C', '04D', '10H')",19.1,1,862941.0
"('04C', '04D', '10S')",19.1,1,862941.0
"('04C', '04H', '10C')",19.1,1,862941.0
"('04C', '04H', '10D')",19.1,1,862941.0
"('04C', '04H', '10H')",19.1,1,862941.0
"('04C', '04H', '10S')",19.1,1,862941.0
"('04C', '04S', '10C')",19.1,1,862941.0
"('04C', '04S', '10D')",19.1,1,862941.0
"('04C', '04S', '10H')",19.1,1,862941.0
"('04C', '04S', '10S')",19.1,1,862941.0
"('04D', '04H', '10C')",19.1,1,862941.0
"('04D', '04H', '10D')",19.1,1,862941.0
"('04D', '04H', '10H')",19.1,1,862941.0
"('04D', '04H', '10S')",19.1,1,862941.0
"('04D', '04S', '10C')",19.1,1,862941.0
"('04D', '04S', '10D')",19.1,1,862941.0
"('04D', '04S', '10H')",19.1,1,862941.0
"('04D', '04S', '10S')",19.1,1,862941.0
"('04H', '04S', '10C')",19.1,1,862941.0
"('04H', '04S', '10D')",19.1,1,862941.0
"('04H', '04S', '10H')",19.1,1,862941.0
"('04H', '04S', '10S')",19.1,1,862941.0
"('04C', '04D', '09C')",19.09,1,861855.0
"('04C', '04D', '09D')",19.09,1,861855.0
"('04C', '04D', '09H')",19.09,1,861855.0
"('04C', '04D', '09S')",19.09,1,861855.0
"('04C', '04H', '09C')",19.09,1,861855.0
"('04C', '04H', '09D')",19.09,1,861855.0
"('04C', '04H', '09H')",19.09,1,861855.0
"('04C', '04H', '09S')",19.09,1,861855.0
"('04C', '04S', '09C')",19.09,1,861855.0
"('04C', '04S', '09D')",19.09,1,861855.0
"('04C', '04S', '09H')",19.09,1,861855.0
"('04C', '04S', '09S')",19.09,1,861855.0
"('04D', '04H', '09C')",19.09,1,861855.0
"('04D', '04H', '09D')",19.09,1,861855.0
"('04D', '04H', '09H')",19.09,1,861855.0
"('04D', '04H', '09S')",19.09,1,861855.0
"('04D', '04S', '09C')",19.09,1,861855.0
"('04D', '04S', '09D')",19.09,1,861855.0
"('04D', '04S', '09H')",19.09,1,861855.0
"('04D', '04S', '09S')",19.09,1,861855.0
"('04H', '04S', '09C')",19.09,1,861855.0
"('04H', '04S', '09D')",19.09,1,861855.0
"('04H', '04S', '09H')",19.09,1,861855.0
"('04H', '04S', '09S')",19.09,1,861855.0
"('04C', '04D', '08C')",19.08,1,860769.0
"('04C', '04D', '08D')",19.08,1,860769.0
"('04C', '04D', '08H')",19.08,1,860769.0
"('04C', '04D', '08S')",19.08,1,860769.0
"('04C', '04H', '08C')",19.08,1,860769.0
"('04C', '04H', '08D')",19.08,1,860769.0
"('04C', '04H', '08H')",19.08,1,860769.0
"('04C', '04H', '08S')",19.08,1,860769.0
"('04C', '04S', '08C')",19.08,1,860769.0
"('04C', '04S', '08D')",19.08,1,860769.0
"('04C', '04S', '08H')",19.08,1,860769.0
"('04C', '04S', '08S')",19.08,1,860769.0
"('04D', '04H', '08C')",19.08,1,860769.0
"('04D', '04H', '08D')",19.08,1,860769.0
"('04D', '04H', '08H')",19.08,1,860769.0
"('04D', '04H', '08S')",19.08,1,860769.0
"('04D', '04S', '08C')",19.08,1,860769.0
"('04D', '04S', '08D')",19.08,1,860769.0
"('04D', '04S', '08H')",19.08,1,860769.0
"('04D', '04S', '08S')",19.08,1,860769.0
"('04H', '04S', '08C')",19.08,1,860769.0
"('04H', '04S', '08D')",19.08,1,860769.0
"('04H', '04S', '08H')",19.08,1,860769.0
"('04H', '04S', '08S')",19.08,1,860769.0
"('04C', '04D', '07C')",19.07,1,859683.0
"('04C', '04D', '07D')",19.07,1,859683.0
"('04C', '04D', '07H')",19.07,1,859683.0
"('04C', '04D', '07S')",19.07,1,859683.0
"('04C', '04H', '07C')",19.07,1,859683.0
"('04C', '04H', '07D')",19.07,1,859683.0
"('04C', '04H', '07H')",19.07,1,859683.0
"('04C', '04H', '07S')",19.07,1,859683.0
"('04C', '04S', '07C')",19.07,1,859683.0
"('04C', '04S', '07D')",19.07,1,859683.0
"('04C', '04S', '07H')",19.07,1,859683.0
"('04C', '04S', '07S')",19.07,1,859683.0
"('04D', '04H', '07C')",19.07,1,859683.0
"('04D', '04H', '07D')",19.07,1,859683.0
"('04D', '04H', '07H')",19.07,1,859683.0
"('04D', '04H', '07S')",19.07,1,859683.0
"('04D', '04S', '07C')",19.07,1,859683.0
"('04D', '04S', '07D')",19.07,1,859683.0
"('04D', '04S', '07H')",19.07,1,859683.0
"('04D', '04S', '07S')",19.07,1,859683.0
"('04H', '04S', '07C')",19.07,1,859683.0
"('04H', '04S', '07D')",19.07,1,859683.0
"('04H', '04S', '07H')",19.07,1,859683.0
"('04H', '04S', '07S')",19.07,1,859683.0
"('04C', '04D', '06C')",19.06,1,858597.0
"('04C', '04D', '06D')",19.06,1,858597.0
"('04C', '04D', '06H')",19.06,1,858597.0
"('04C', '04D', '06S')",19.06,1,858597.0
"('04C', '04H', '06C')",19.06,1,858597.0
"('04C', '04H', '06D')",19.06,1,858597.0
"('04C', '04H', '06H')",19.06,1,858597.0
"('04C', '04H', '06S')",19.06,1,858597.0
"('04C', '04S', '06C')",19.06,1,858597.0
"('04C', '04S', '06D')",19.06,1,858597.0
"('04C', '04S', '06H')",19.06,1,858597.0
"('04C', '04S', '06S')",19.06,1,858597.0
"('04D', '04H', '06C')",19.06,1,858597.0
"('04D', '04H', '06D')",19.06,1,858597.0
"('04D', '04H', '06H')",19.06,1,858597.0
"('04D', '04H', '06S')",19.06,1,858597.0
"('04D', '04S', '06C')",19.06,1,858597.0
"('04D', '04S', '06D')",19.06,1,858597.0
"('04D', '04S', '06H')",19.06,1,858597.0
"('04D', '04S', '06S')",19.06,1,858597.0
"('04H', '04S', '06C')",19.06,1,858597.0
"('04H', '04S', '06D')",19.06,1,858597.0
"('04H', '04S', '06H')",19.06,1,858597.0
"('04H', '04S', '06S')",19.06,1,858597.0
"('04C', '04D', '05C')",19.05,1,857511.0
"('04C', '04D', '05D')",19.05,1,857511.0
"('04C', '04D', '05H')",19.05,1,857511.0
"('04C', '04D', '05S')",19.05,1,857511.0
"('04C', '04H', '05C')",19.05,1,857511.0
"('04C', '04H', '05D')",19.05,1,857511.0
"('04C', '04H', '05H')",19.05,1,857511.0
"('04C', '04H', '05S')",19.05,1,857511.0
"('04C', '04S', '05C')",19.05,1,857511.0
"('04C', '04S', '05D')",19.05,1,857511.0
"('04C', '04S', '05H')",19.05,1,857511.0
"('04C', '04S', '05S')",19.05,1,857511.0
"('04D', '04H', '05C')",19.05,1,857511.0
"('04D', '04H', '05D')",19.05,1,857511.0
"('04D', '04H', '05H')",19.05,1,857511.0
"('04D', '04H', '05S')",19.05,1,857511.0
"('04D', '04S', '05C')",19.05,1,857511.0
"('04D', '04S', '05D')",19.05,1,857511.0
"('04D', '04S', '05H')",19.05,1,857511.0
"('04D', '04S', '05S')",19.05,1,857511.0
"('04H', '04S', '05C')",19.05,1,857511.0
"('04H', '04S', '05D')",19.05,1,857511.0
"('04H', '04S', '05H')",19.05,1,857511.0
"('04H', '04S', '05S')",19.05,1,857511.0
"('03C', '04C', '04D')",19.03,1,856425.0
"('03C', '04C', '04H')",19.03,1,856425.0
"('03C', '04C', '04S')",19.03,1,856425.0
"('03C', '04D', '04H')",19.03,1,856425.0
"('03C', '04D', '04S')",19.03,1,856425.0
"('03C', '04H', '04S')",19.03,1,856425.0
"('03D', '04C', '04D')",19.03,1,856425.0
"('03D', '04C', '04H')",19.03,1,856425.0
"('03D', '04C', '04S')",19.03,1,856425.0
"('03D', '04D', '04H')",19.03,1,856425.0
"('03D', '04D', '04S')",19.03,1,856425.0
"('03D', '04H', '04S')",19.03,1,856425.0
"('03H', '04C', '04D')",19.03,1,856425.0
"('03H', '04C', '04H')",19.03,1,856425.0
"('03H', '04C', '04S')",19.03,1,856425.0
"('03H', '04D', '04H')",19.03,1,856425.0
"('03H', '04D', '04S')",19.03,1,856425.0
"('03H', '04H', '04S')",19.03,1,856425.0
"('03S', '04C', '04D')",19.03,1,856425.0
"('03S', '04C', '04H')",19.03,1,856425.0
"('03S', '04C', '04S')",19.03,1,856425.0
"('03S', '04D', '04H')",19.03,1,856425.0
"('03S', '04D', '04S')",19.03,1,856425.0
"('03S', '04H', '04S')",19.03,1,856425.0
"('02C', '04C', '04D')",19.02,1,855339.0
"('02C', '04C', '04H')",19.02,1,855339.0
"('02C', '04C', '04S')",19.02,1,855339.0
"('02C', '04D', '04H')",19.02,1,855339.0
"('02C', '04D', '04S')",19.02,1,855339.0
"('02C', '04H', '04S')",19.02,1,855339.0
"('02D', '04C', '04D')",19.02,1,855339.0
"('02D', '04C', '04H')",19.02,1,855339.0
"('02D', '04C', '04S')",19.02,1,855339.0
"('02D', '04D', '04H')",19.02,1,855339.0
"('02D', '04D', '04S')",19.02,1,855339.0
"('02D', '04H', '04S')",19.02,1,855339.0
"('02H', '04C', '04D')",19.02,1,855339.0
"('02H', '04C', '04H')",19.02,1,855339.0
"('02H', '04C', '04S')",19.02,1,855339.0
"('02H', '04D', '04H')",19.02,1,855339.0
"('02H', '04D', '04S')",19.02,1,855339.0
"('02H', '04H', '04S')",19.02,1,855339.0
"('02S', '04C', '04D')",19.02,1,855339.0
"('02S', '04C', '04H')",19.02,1,855339.0
"('02S', '04C', '04S')",19.02,1,855339.0
"('02S', '04D', '04H')",19.02,1,855339.0
"('02S', '04D', '04S')",19.02,1,855339.0
"('02S', '04H', '04S')",19.02,1,855339.0
"('03C', '03D', '14C')",18.14,1,854253.0
"('03C', '03D', '14D')",18.14,1,854253.0
"('03C', '03D', '14H')",18.14,1,854253.0
"('03C', '03D', '14S')",18.14,1,854253.0
"('03C', '03H', '14C')",18.14,1,854253.0
"('03C', '03H', '14D')",18.14,1,854253.0
"('03C', '03H', '14H')",18.14,1,854253.0
"('03C', '03H', '14S')",18.14,1,854253.0
"('03C', '03S', '14C')",18.14,1,854253.0
"('03C', '03S', '14D')",18.14,1,854253.0
"('03C', '03S', '14H')",18.14,1,854253.0
"('03C', '03S', '14S')",18.14,1,854253.0
"('03D', '03H', '14C')",18.14,1,854253.0
"('03D', '03H', '14D')",18.14,1,854253.0
"('03D', '03H', '14H')",18.14,1,854253.0
"('03D', '03H', '14S')",18.14,1,854253.0
"('03D', '03S', '14C')",18.14,1,854253.0
"('03D', '03S', '14D')",18.14,1,854253.0
"('03D', '03S', '14H')",18.14,1,854253.0
"('03D', '03S', '14S')",18.14,1,854253.0
"('03H', '03S', '14C')",18.14,1,854253.0
"('03H', '03S', '14D')",18.14,1,854253.0
"('03H', '03S', '14H')",18.14,1,854253.0
"('03H', '03S', '14S')",18.14,1,854253.0
"('03C', '03D', '13C')",18.13,1,853167.0
"('03C', '03D', '13D')",18.13,1,853167.0
"('03C', '03D', '13H')",18.13,1,853167.0
"('03C', '03D', '13S')",18.13,1,853167.0
"('03C', '03H', '13C')",18.13,1,853167.0
"('03C', '03H', '13D')",18.13,1,853167.0
"('03C', '03H', '13H')",18.13,1,853167.0
"('03C', '03H', '13S')",18.13,1,853167.0
"('03C', '03S', '13C')",18.13,1,853167.0
"('03C', '03S', '13D')",18.13,1,853167.0
"('03C', '03S', '13H')",18.13,1,853167.0
"('03C', '03S', '13S')",18.13,1,853167.0
"('03D', '03H', '13C')",18.13,1,853167.0
"('03D', '03H', '13D')",18.13,1,853167.0
"('03D', '03H', '13H')",18.13,1,853167.0
"('03D', '03H', '13S')",18.13,1,853167.0
"('03D', '03S', '13C')",18.13,1,853167.0
"('03D', '03S', '13D')",18.13,1,853167.0
"('03D', '03S', '13H')",18.13,1,853167.0
"('03D', '03S', '13S')",18.13,1,853167.0
"('03H', '03S', '13C')",18.13,1,853167.0
"('03H', '03S', '13D')",18.13,1,853167.0
"('03H', '03S', '13H')",18.13,1,853167.0
"('03H', '03S', '13S')",18.13,1,853167.0
"('03C', '03D', '12C')",18.12,1,852081.0
"('03C', '03D', '12D')",18.12,1,852081.0
"('03C', '03D', '12H')",18.12,1,852081.0
"('03C', '03D', '12S')",18.12,1,852081.0
"('03C', '03H', '12C')",18.12,1,852081.0
"('03C', '03H', '12D')",18.12,1,852081.0
"('03C', '03H', '12H')",18.12,1,852081.0
"('03C', '03H', '12S')",18.12,1,852081.0
"('03C', '03S', '12C')",18.12,1,852081.0
"('03C', '03S', '12D')",18.12,1,852081.0
"('03C', '03S', '12H')",18.12,1,852081.0
"('03C', '03S', '12S')",18.12,1,852081.0
"('03D', '03H', '12C')",18.12,1,852081.0
"('03D', '03H', '12D')",18.12,1,852081.0
"('03D', '03H', '12H')",18.12,1,852081.0
"('03D', '03H', '12S')",18.12,1,852081.0
"('03D', '03S', '12C')",18.12,1,852081.0
"('03D', '03S', '12D')",18.12,1,852081.0
"('03D', '03S', '12H')",18.12,1,852081.0
"('03D', '03S', '12S')",18.12,1,852081.0
"('03H', '03S', '12C')",18.12,1,852081.0
"('03H', '03S', '12D')",18.12,1,852081.0
"('03H', '03S', '12H')",18.12,1,852081.0
"('03H', '03S', '12S')",18.12,1,852081.0
"('03C', '03D', '11C')",18.11,1,850995.0
"('03C', '03D', '11D')",18.11,1,850995.0
"('03C', '03D', '11H')",18.11,1,850995.0
"('03C', '03D', '11S')",18.11,1,850995.0
"('03C', '03H', '11C')",18.11,1,850995.0
"('03C', '03H', '11D')",18.11,1,850995.0
"('03C', '03H', '11H')",18.11,1,850995.0
"('03C', '03H', '11S')",18.11,1,850995.0
"('03C', '03S', '11C')",18.11,1,850995.0
"('03C', '03S', '11D')",18.11,1,850995.0
"('03C', '03S', '11H')",18.11,1,850995.0
"('03C', '03S', '11S')",18.11,1,850995.0
"('03D', '03H', '11C')",18.11,1,850995.0
"('03D', '03H', '11D')",18.11,1,850995.0
"('03D', '03H', '11H')",18.11,1,850995.0
"('03D', '03H', '11S')",18.11,1,850995.0
"('03D', '03S', '11C')",18.11,1,850995.0
"('03D', '03S', '11D')",18.11,1,850995.0
"('03D', '03S', '11H')",18.11,1,850995.0
"('03D', '03S', '11S')",18.11,1,850995.0
"('03H', '03S', '11C')",18.11,1,850995.0
"('03H', '03S', '11D')",18.11,1,850995.0
"('03H', '03S', '11H')",18.11,1,850995.0
"('03H', '03S', '11S')",18.11,1,850995.0
"('03C', '03D', '10C')",18.1,1,849910.0
"('03C', '03D', '10D')",18.1,1,849910.0
"('03C', '03D', '10H')",18.1,1,849910.0
"('03C', '03D', '10S')",18.1,1,849910.0
"('03C', '03H', '10C')",18.1,1,849910.0
"('03C', '03H', '10D')",18.1,1,849910.0
"('03C', '03H', '10H')",18.1,1,849910.0
"('03C', '03H', '10S')",18.1,1,849910.0
"('03C', '03S', '10C')",18.1,1,849910.0
"('03C', '03S', '10D')",18.1,1,849910.0
"('03C', '03S', '10H')",18.1,1,849910.0
"('03C', '03S', '10S')",18.1,1,849910.0
"('03D', '03H', '10C')",18.1,1,849910.0
"('03D', '03H', '10D')",18.1,1,849910.0
"('03D', '03H', '10H')",18.1,1,849910.0
"('03D', '03H', '10S')",18.1,1,849910.0
"('03D', '03S', '10C')",18.1,1,849910.0
"('03D', '03S', '10D')",18.1,1,849910.0
"('03D', '03S', '10H')",18.1,1,849910.0
"('03D', '03S', '10S')",18.1,1,849910.0
"('03H', '03S', '10C')",18.1,1,849910.0
"('03H', '03S', '10D')",18.1,1,849910.0
"('03H', '03S', '10H')",18.1,1,849910.0
"('03H', '03S', '10S')",18.1,1,849910.0
"('03C', '03D', '09C')",18.09,1,848824.0
"('03C', '03D', '09D')",18.09,1,848824.0
"('03C', '03D', '09H')",18.09,1,848824.0
"('03C', '03D', '09S')",18.09,1,848824.0
"('03C', '03H', '09C')",18.09,1,848824.0
"('03C', '03H', '09D')",18.09,1,848824.0
"('03C', '03H', '09H')",18.09,1,848824.0
"('03C', '03H', '09S')",18.09,1,848824.0
"('03C', '03S', '09C')",18.09,1,848824.0
"('03C', '03S', '09D')",18.09,1,848824.0
"('03C', '03S', '09H')",18.09,1,848824.0
"('03C', '03S', '09S')",18.09,1,848824.0
"('03D', '03H', '09C')",18.09,1,848824.0
"('03D', '03H', '09D')",18.09,1,848824.0
"('03D', '03H', '09H')",18.09,1,848824.0
"('03D', '03H', '09S')",18.09,1,848824.0
"('03D', '03S', '09C')",18.09,1,848824.0
"('03D', '03S', '09D')",18.09,1,848824.0
"('03D', '03S', '09H')",18.09,1,848824.0
"('03D', '03S', '09S')",18.09,1,848824.0
"('03H', '03S', '09C')",18.09,1,848824.0
"('03H', '03S', '09D')",18.09,1,848824.0
"('03H', '03S', '09H')",18.09,1,848824.0
"('03H', '03S', '09S')",18.09,1,848824.0
"('03C', '03D', '08C')",18.08,1,847738.0
"('03C', '03D', '08D')",18.08,1,847738.0
"('03C', '03D', '08H')",18.08,1,847738.0
"('03C', '03D', '08S')",18.08,1,847738.0
"('03C', '03H', '08C')",18.08,1,847738.0
"('03C', '03H', '08D')",18.08,1,847738.0
"('03C', '03H', '08H')",18.08,1,847738.0
"('03C', '03H', '08S')",18.08,1,847738.0
"('03C', '03S', '08C')",18.08,1,847738.0
"('03C', '03S', '08D')",18.08,1,847738.0
"('03C', '03S', '08H')",18.08,1,847738.0
"('03C', '03S', '08S')",18.08,1,847738.0
"('03D', '03H', '08C')",18.08,1,847738.0
"('03D', '03H', '08D')",18.08,1,847738.0
"('03D', '03H', '08H')",18.08,1,847738.0
"('03D', '03H', '08S')",18.08,1,847738.0
"('03D', '03S', '08C')",18.08,1,847738.0
"('03D', '03S', '08D')",18.08,1,847738.0
"('03D', '03S', '08H')",18.08,1,847738.0
"('03D', '03S', '08S')",18.08,1,847738.0
"('03H', '03S', '08C')",18.08,1,847738.0
"('03H', '03S', '08D')",18.08,1,847738.0
"('03H', '03S', '08H')",18.08,1,847738.0
"('03H', '03S', '08S')",18.08,1,847738.0
"('03C', '03D', '07C')",18.07,1,846652.0
"('03C', '03D', '07D')",18.07,1,846652.0
"('03C', '03D', '07H')",18.07,1,846652.0
"('03C', '03D', '07S')",18.07,1,846652.0
"('03C', '03H', '07C')",18.07,1,846652.0
"('03C', '03H', '07D')",18.07,1,846652.0
"('03C', '03H', '07H')",18.07,1,846652.0
"('03C', '03H', '07S')",18.07,1,846652.0
"('03C', '03S', '07C')",18.07,1,846652.0
"('03C', '03S', '07D')",18.07,1,846652.0
"('03C', '03S', '07H')",18.07,1,846652.0
"('03C', '03S', '07S')",18.07,1,846652.0
"('03D', '03H', '07C')",18.07,1,846652.0
"('03D', '03H', '07D')",18.07,1,846652.0
"('03D', '03H', '07H')",18.07,1,846652.0
"('03D', '03H', '07S')",18.07,1,846652.0
"('03D', '03S', '07C')",18.07,1,846652.0
"('03D', '03S', '07D')",18.07,1,846652.0
"('03D', '03S', '07H')",18.07,1,846652.0
"('03D', '03S', '07S')",18.07,1,846652.0
"('03H', '03S', '07C')",18.07,1,846652.0
"('03H', '03S', '07D')",18.07,1,846652.0
"('03H', '03S', '07H')",18.07,1,846652.0
"('03H', '03S', '07S')",18.07,1,846652.0
"('03C', '03D', '06C')",18.06,1,845566.0
"('03C', '03D', '06D')",18.06,1,845566.0
"('03C', '03D', '06H')",18.06,1,845566.0
"('03C', '03D', '06S')",18.06,1,845566.0
"('03C', '03H', '06C')",18.06,1,845566.0
"('03C', '03H', '06D')",18.06,1,845566.0
"('03C', '03H', '06H')",18.06,1,845566.0
"('03C', '03H', '06S')",18.06,1,845566.0
"('03C', '03S', '06C')",18.06,1,845566.0
"('03C', '03S', '06D')",18.06,1,845566.0
"('03C', '03S', '06H')",18.06,1,845566.0
"('03C', '03S', '06S')",18.06,1,845566.0
"('03D', '03H', '06C')",18.06,1,845566.0
"('03D', '03H', '06D')",18.06,1,845566.0
"('03D', '03H', '06H')",18.06,1,845566.0
"('03D', '03H', '06S')",18.06,1,845566.0
"('03D', '03S', '06C')",18.06,1,845566.0
"('03D', '03S', '06D')",18.06,1,845566.0
"('03D', '03S', '06H')",18.06,1,845566.0
"('03D', '03S', '06S')",18.06,1,845566.0
"('03H', '03S', '06C')",18.06,1,845566.0
"('03H', '03S', '06D')",18.06,1,845566.0
"('03H', '03S', '06H')",18.06,1,845566.0
"('03H', '03S', '06S')",18.06,1,845566.0
"('03C', '03D', '05C')",18.05,1,844480.0
"('03C', '03D', '05D')",18.05,1,844480.0
"('03C', '03D', '05H')",18.05,1,844480.0
"('03C', '03D', '05S')",18.05,1,844480.0
"('03C', '03H', '05C')",18.05,1,844480.0
"('03C', '03H', '05D')",18.05,1,844480.0
"('03C', '03H', '05H')",18.05,1,844480.0
"('03C', '03H', '05S')",18.05,1,844480.0
"('03C', '03S', '05C')",18.05,1,844480.0
"('03C', '03S', '05D')",18.05,1,844480.0
"('03C', '03S', '05H')",18.05,1,844480.0
"('03C', '03S', '05S')",18.05,1,844480.0
"('03D', '03H', '05C')",18.05,1,844480.0
"('03D', '03H', '05D')",18.05,1,844480.0
"('03D', '03H', '05H')",18.05,1,844480.0
"('03D', '03H', '05S')",18.05,1,844480.0
"('03D', '03S', '05C')",18.05,1,844480.0
"('03D', '03S', '05D')",18.05,1,844480.0
"('03D', '03S', '05H')",18.05,1,844480.0
"('03D', '03S', '05S')",18.05,1,844480.0
"('03H', '03S', '05C')",18.05,1,844480.0
"('03H', '03S', '05D')",18.05,1,844480.0
"('03H', '03S', '05H')",18.05,1,844480.0
"('03H', '03S', '05S')",18.05,1,844480.0
"('03C', '03D', '04C')",18.04,1,843394.0
"('03C', '03D', '04D')",18.04,1,843394.0
"('03C', '03D', '04H')",18.04,1,843394.0
"('03C', '03D', '04S')",18.04,1,843394.0
"('03C', '03H', '04C')",18.04,1,843394.0
"('03C', '03H', '04D')",18.04,1,843394.0
"('03C', '03H', '04H')",18.04,1,843394.0
"('03C', '03H', '04S')",18.04,1,843394.0
"('03C', '03S', '04C')",18.04,1,843394.0
"('03C', '03S', '04D')",18.04,1,843394.0
"('03C', '03S', '04H')",18.04,1,843394.0
"('03C', '03S', '04S')",18.04,1,843394.0
"('03D', '03H', '04C')",18.04,1,843394.0
"('03D', '03H', '04D')",18.04,1,843394.0
"('03D', '03H', '04H')",18.04,1,843394.0
"('03D', '03H', '04S')",18.04,1,843394.0
"('03D', '03S', '04C')",18.04,1,843394.0
"('03D', '03S', '04D')",18.04,1,843394.0
"('03D', '03S', '04H')",18.04,1,843394.0
"('03D', '03S', '04S')",18.04,1,843394.0
"('03H', '03S', '04C')",18.04,1,843394.0
"('03H', '03S', '04D')",18.04,1,843394.0
"('03H', '03S', '04H')",18.04,1,843394.0
"('03H', '03S', '04S')",18.04,1,843394.0
"('02C', '03C', '03D')",18.02,1,842308.0
"('02C', '03C', '03H')",18.02,1,842308.0
"('02C', '03C', '03S')",18.02,1,842308.0
"('02C', '03D', '03H')",18.02,1,842308.0
"('02C', '03D', '03S')",18.02,1,842308.0
"('02C', '03H', '03S')",18.02,1,842308.0
"('02D', '03C', '03D')",18.02,1,842308.0
"('02D', '03C', '03H')",18.02,1,842308.0
"('02D', '03C', '03S')",18.02,1,842308.0
"('02D', '03D', '03H')",18.02,1,842308.0
"('02D', '03D', '03S')",18.02,1,842308.0
"('02D', '03H', '03S')",18.02,1,842308.0
"('02H', '03C', '03D')",18.02,1,842308.0
"('02H', '03C', '03H')",18.02,1,842308.0
"('02H', '03C', '03S')",18.02,1,842308.0
"('02H', '03D', '03H')",18.02,1,842308.0
"('02H', '03D', '03S')",18.02,1,842308.0
"('02H', '03H', '03S')",18.02,1,842308.0
"('02S', '03C', '03D')",18.02,1,842308.0
"('02S', '03C', '03H')",18.02,1,842308.0
"('02S', '03C', '03S')",18.02,1,842308.0
"('02S', '03D', '03H')",18.02,1,842308.0
"('02S', '03D', '03S')",18.02,1,842308.0
"('02S', '03H', '03S')",18.02,1,842308.0
"('02C', '02D', '14C')",17.14,1,841222.0
"('02C', '02D', '14D')",17.14,1,841222.0
"('02C', '02D', '14H')",17.14,1,841222.0
"('02C', '02D', '14S')",17.14,1,841222.0
"('02C', '02H', '14C')",17.14,1,841222.0
"('02C', '02H', '14D')",17.14,1,841222.0
"('02C', '02H', '14H')",17.14,1,841222.0
"('02C', '02H', '14S')",17.14,1,841222.0
"('02C', '02S', '14C')",17.14,1,841222.0
"('02C', '02S', '14D')",17.14,1,841222.0
"('02C', '02S', '14H')",17.14,1,841222.0
"('02C', '02S', '14S')",17.14,1,841222.0
"('02D', '02H', '14C')",17.14,1,841222.0
"('02D', '02H', '14D')",17.14,1,841222.0
"('02D', '02H', '14H')",17.14,1,841222.0
"('02D', '02H', '14S')",17.14,1,841222.0
"('02D', '02S', '14C')",17.14,1,841222.0
"('02D', '02S', '14D')",17.14,1,841222.0
"('02D', '02S', '14H')",17.14,1,841222.0
"('02D', '02S', '14S')",17.14,1,841222.0
"('02H', '02S', '14C')",17.14,1,841222.0
"('02H', '02S', '14D')",17.14,1,841222.0
"('02H', '02S', '14H')",17.14,1,841222.0
"('02H', '02S', '14S')",17.14,1,841222.0
"('02C', '02D', '13C')",17.13,1,840136.0
"('02C', '02D', '13D')",17.13,1,840136.0
"('02C', '02D', '13H')",17.13,1,840136.0
"('02C', '02D', '13S')",17.13,1,840136.0
"('02C', '02H', '13C')",17.13,1,840136.0
"('02C', '02H', '13D')",17.13,1,840136.0
"('02C', '02H', '13H')",17.13,1,840136.0
"('02C', '02H', '13S')",17.13,1,840136.0
"('02C', '02S', '13C')",17.13,1,840136.0
"('02C', '02S', '13D')",17.13,1,840136.0
"('02C', '02S', '13H')",17.13,1,840136.0
"('02C', '02S', '13S')",17.13,1,840136.0
"('02D', '02H', '13C')",17.13,1,840136.0
"('02D', '02H', '13D')",17.13,1,840136.0
"('02D', '02H', '13H')",17.13,1,840136.0
"('02D', '02H', '13S')",17.13,1,840136.0
"('02D', '02S', '13C')",17.13,1,840136.0
"('02D', '02S', '13D')",17.13,1,840136.0
"('02D', '02S', '13H')",17.13,1,840136.0
"('02D', '02S', '13S')",17.13,1,840136.0
"('02H', '02S', '13C')",17.13,1,840136.0
"('02H', '02S', '13D')",17.13,1,840136.0
"('02H', '02S', '13H')",17.13,1,840136.0
"('02H', '02S', '13S')",17.13,1,840136.0
"('02C', '02D', '12C')",17.12,1,839050.0
"('02C', '02D', '12D')",17.12,1,839050.0
"('02C', '02D', '12H')",17.12,1,839050.0
"('02C', '02D', '12S')",17.12,1,839050.0
"('02C', '02H', '12C')",17.12,1,839050.0
"('02C', '02H', '12D')",17.12,1,839050.0
"('02C', '02H', '12H')",17.12,1,839050.0
"('02C', '02H', '12S')",17.12,1,839050.0
"('02C', '02S', '12C')",17.12,1,839050.0
"('02C', '02S', '12D')",17.12,1,839050.0
"('02C', '02S', '12H')",17.12,1,839050.0
"('02C', '02S', '12S')",17.12,1,839050.0
"('02D', '02H', '12C')",17.12,1,839050.0
"('02D', '02H', '12D')",17.12,1,839050.0
"('02D', '02H', '12H')",17.12,1,839050.0
"('02D', '02H', '12S')",17.12,1,839050.0
"('02D', '02S', '12C')",17.12,1,839050.0
"('02D', '02S', '12D')",17.12,1,839050.0
"('02D', '02S', '12H')",17.12,1,839050.0
"('02D', '02S', '12S')",17.12,1,839050.0
"('02H', '02S', '12C')",17.12,1,839050.0
"('02H', '02S', '12D')",17.12,1,839050.0
"('02H', '02S', '12H')",17.12,1,839050.0
"('02H', '02S', '12S')",17.12,1,839050.0
"('02C', '02D', '11C')",17.11,1,837964.0
"('02C', '02D', '11D')",17.11,1,837964.0
"('02C', '02D', '11H')",17.11,1,837964.0
"('02C', '02D', '11S')",17.11,1,837964.0
"('02C', '02H', '11C')",17.11,1,837964.0
"('02C', '02H', '11D')",17.11,1,837964.0
"('02C', '02H', '11H')",17.11,1,837964.0
"('02C', '02H', '11S')",17.11,1,837964.0
"('02C', '02S', '11C')",17.11,1,837964.0
"('02C', '02S', '11D')",17.11,1,837964.0
"('02C', '02S', '11H')",17.11,1,837964.0
"('02C', '02S', '11S')",17.11,1,837964.0
"('02D', '02H', '11C')",17.11,1,837964.0
"('02D', '02H', '11D')",17.11,1,837964.0
"('02D', '02H', '11H')",17.11,1,837964.0
"('02D', '02H', '11S')",17.11,1,837964.0
"('02D', '02S', '11C')",17.11,1,837964.0
"('02D', '02S', '11D')",17.11,1,837964.0
"('02D', '02S', '11H')",17.11,1,837964.0
"('02D', '02S', '11S')",17.11,1,837964.0
"('02H', '02S', '11C')",17.11,1,837964.0
"('02H', '02S', '11D')",17.11,1,837964.0
"('02H', '02S', '11H')",17.11,1,837964.0
"('02H', '02S', '11S')",17.11,1,837964.0
"('02C', '02D', '10C')",17.1,1,836878.0
"('02C', '02D', '10D')",17.1,1,836878.0
"('02C', '02D', '10H')",17.1,1,836878.0
"('02C', '02D', '10S')",17.1,1,836878.0
"('02C', '02H', '10C')",17.1,1,836878.0
"('02C', '02H', '10D')",17.1,1,836878.0
"('02C', '02H', '10H')",17.1,1,836878.0
"('02C', '02H', '10S')",17.1,1,836878.0
"('02C', '02S', '10C')",17.1,1,836878.0
"('02C', '02S', '10D')",17.1,1,836878.0
"('02C', '02S', '10H')",17.1,1,836878.0
"('02C', '02S', '10S')",17.1,1,836878.0
"('02D', '02H', '10C')",17.1,1,836878.0
"('02D', '02H', '10D')",17.1,1,836878.0
"('02D', '02H', '10H')",17.1,1,836878.0
"('02D', '02H', '10S')",17.1,1,836878.0
"('02D', '02S', '10C')",17.1,1,836878.0
"('02D', '02S', '10D')",17.1,1,836878.0
"('02D', '02S', '10H')",17.1,1,836878.0
"('02D', '02S', '10S')",17.1,1,836878.0
"('02H', '02S', '10C')",17.1,1,836878.0
"('02H', '02S', '10D')",17.1,1,836878.0
"('02H', '02S', '10H')",17.1,1,836878.0
"('02H', '02S', '10S')",17.1,1,836878.0
"('02C', '02D', '09C')",17.09,1,835792.0
"('02C', '02D', '09D')",17.09,1,835792.0
"('02C', '02D', '09H')",17.09,1,835792.0
"('02C', '02D', '09S')",17.09,1,835792.0
"('02C', '02H', '09C')",17.09,1,835792.0
"('02C', '02H', '09D')",17.09,1,835792.0
"('02C', '02H', '09H')",17.09,1,835792.0
"('02C', '02H', '09S')",17.09,1,835792.0
"('02C', '02S', '09C')",17.09,1,835792.0
"('02C', '02S', '09D')",17.09,1,835792.0
"('02C', '02S', '09H')",17.09,1,835792.0
"('02C', '02S', '09S')",17.09,1,835792.0
"('02D', '02H', '09C')",17.09,1,835792.0
"('02D', '02H', '09D')",17.09,1,835792.0
"('02D', '02H', '09H')",17.09,1,835792.0
"('02D', '02H', '09S')",17.09,1,835792.0
"('02D', '02S', '09C')",17.09,1,835792.0
"('02D', '02S', '09D')",17.09,1,835792.0
"('02D', '02S', '09H')",17.09,1,835792.0
"('02D', '02S', '09S')",17.09,1,835792.0
"('02H', '02S', '09C')",17.09,1,835792.0
"('02H', '02S', '09D')",17.09,1,835792.0
"('02H', '02S', '09H')",17.09,1,835792.0
"('02H', '02S', '09S')",17.09,1,835792.0
"('02C', '02D', '08C')",17.08,1,834706.0
"('02C', '02D', '08D')",17.08,1,834706.0
"('02C', '02D', '08H')",17.08,1,834706.0
"('02C', '02D', '08S')",17.08,1,834706.0
"('02C', '02H', '08C')",17.08,1,834706.0
"('02C', '02H', '08D')",17.08,1,834706.0
"('02C', '02H', '08H')",17.08,1,834706.0
"('02C', '02H', '08S')",17.08,1,834706.0
"('02C', '02S', '08C')",17.08,1,834706.0
"('02C', '02S', '08D')",17.08,1,834706.0
"('02C', '02S', '08H')",17.08,1,834706.0
"('02C', '02S', '08S')",17.08,1,834706.0
"('02D', '02H', '08C')",17.08,1,834706.0
"('02D', '02H', '08D')",17.08,1,834706.0
"('02D', '02H', '08H')",17.08,1,834706.0
"('02D', '02H', '08S')",17.08,1,834706.0
"('02D', '02S', '08C')",17.08,1,834706.0
"('02D', '02S', '08D')",17.08,1,834706.0
"('02D', '02S', '08H')",17.08,1,834706.0
"('02D', '02S', '08S')",17.08,1,834706.0
"('02H', '02S', '08C')",17.08,1,834706.0
"('02H', '02S', '08D')",17.08,1,834706.0
"('02H', '02S', '08H')",17.08,1,834706.0
"('02H', '02S', '08S')",17.08,1,834706.0
"('02C', '02D', '07C')",17.07,1,833620.0
"('02C', '02D', '07D')",17.07,1,833620.0
"('02C', '02D', '07H')",17.07,1,833620.0
"('02C', '02D', '07S')",17.07,1,833620.0
"('02C', '02H', '07C')",17.07,1,833620.0
"('02C', '02H', '07D')",17.07,1,833620.0
"('02C', '02H', '07H')",17.07,1,833620.0
"('02C', '02H', '07S')",17.07,1,833620.0
"('02C', '02S', '07C')",17.07,1,833620.0
"('02C', '02S', '07D')",17.07,1,833620.0
"('02C', '02S', '07H')",17.07,1,833620.0
"('02C', '02S', '07S')",17.07,1,833620.0
"('02D', '02H', '07C')",17.07,1,833620.0
"('02D', '02H', '07D')",17.07,1,833620.0
"('02D', '02H', '07H')",17.07,1,833620.0
"('02D', '02H', '07S')",17.07,1,833620.0
"('02D', '02S', '07C')",17.07,1,833620.0
"('02D', '02S', '07D')",17.07,1,833620.0
"('02D', '02S', '07H')",17.07,1,833620.0
"('02D', '02S', '07S')",17.07,1,833620.0
"('02H', '02S', '07C')",17.07,1,833620.0
"('02H', '02S', '07D')",17.07,1,833620.0
"('02H', '02S', '07H')",17.07,1,833620.0
"('02H', '02S', '07S')",17.07,1,833620.0
"('02C', '02D', '06C')",17.06,1,832534.0
"('02C', '02D', '06D')",17.06,1,832534.0
"('02C', '02D', '06H')",17.06,1,832534.0
"('02C', '02D', '06S')",17.06,1,832534.0
"('02C', '02H', '06C')",17.06,1,832534.0
"('02C', '02H', '06D')",17.06,1,832534.0
"('02C', '02H', '06H')",17.06,1,832534.0
"('02C', '02H', '06S')",17.06,1,832534.0
"('02C', '02S', '06C')",17.06,1,832534.0
"('02C', '02S', '06D')",17.06,1,832534.0
"('02C', '02S', '06H')",17.06,1,832534.0
"('02C', '02S', '06S')",17.06,1,832534.0
"('02D', '02H', '06C')",17.06,1,832534.0
"('02D', '02H', '06D')",17.06,1,832534.0
"('02D', '02H', '06H')",17.06,1,832534.0
"('02D', '02H', '06S')",17.06,1,832534.0
"('02D', '02S', '06C')",17.06,1,832534.0
"('02D', '02S', '06D')",17.06,1,832534.0
"('02D', '02S', '06H')",17.06,1,832534.0
"('02D', '02S', '06S')",17.06,1,832534.0
"('02H', '02S', '06C')",17.06,1,832534.0
"('02H', '02S', '06D')",17.06,1,832534.0
"('02H', '02S', '06H')",17.06,1,832534.0
"('02H', '02S', '06S')",17.06,1,832534.0
"('02C', '02D', '05C')",17.05,1,831448.0
"('02C', '02D', '05D')",17.05,1,831448.0
"('02C', '02D', '05H')",17.05,1,831448.0
"('02C', '02D', '05S')",17.05,1,831448.0
"('02C', '02H', '05C')",17.05,1,831448.0
"('02C', '02H', '05D')",17.05,1,831448.0
"('02C', '02H', '05H')",17.05,1,831448.0
"('02C', '02H', '05S')",17.05,1,831448.0
"('02C', '02S', '05C')",17.05,1,831448.0
"('02C', '02S', '05D')",17.05,1,831448.0
"('02C', '02S', '05H')",17.05,1,831448.0
"('02C', '02S', '05S')",17.05,1,831448.0
"('02D', '02H', '05C')",17.05,1,831448.0
"('02D', '02H', '05D')",17.05,1,831448.0
"('02D', '02H', '05H')",17.05,1,831448.0
"('02D', '02H', '05S')",17.05,1,831448.0
"('02D', '02S', '05C')",17.05,1,831448.0
"('02D', '02S', '05D')",17.05,1,831448.0
"('02D', '02S', '05H')",17.05,1,831448.0
"('02D', '02S', '05S')",17.05,1,831448.0
"('02H', '02S', '05C')",17.05,1,831448.0
"('02H', '02S', '05D')",17.05,1,831448.0
"('02H', '02S', '05H')",17.05,1,831448.0
"('02H', '02S', '05S')",17.05,1,831448.0
"('02C', '02D', '04C')",17.04,1,830362.0
"('02C', '02D', '04D')",17.04,1,830362.0
"('02C', '02D', '04H')",17.04,1,830362.0
"('02C', '02D', '04S')",17.04,1,830362.0
"('02C', '02H', '04C')",17.04,1,830362.0
"('02C', '02H', '04D')",17.04,1,830362.0
"('02C', '02H', '04H')",17.04,1,830362.0
"('02C', '02H', '04S')",17.04,1,830362.0
"('02C', '02S', '04C')",17.04,1,830362.0
"('02C', '02S', '04D')",17.04,1,830362.0
"('02C', '02S', '04H')",17.04,1,830362.0
"('02C', '02S', '04S')",17.04,1,830362.0
"('02D', '02H', '04C')",17.04,1,830362.0
"('02D', '02H', '04D')",17.04,1,830362.0
"('02D', '02H', '04H')",17.04,1,830362.0
"('02D', '02H', '04S')",17.04,1,830362.0
"('02D', '02S', '04C')",17.04,1,830362.0
"('02D', '02S', '04D')",17.04,1,830362.0
"('02D', '02S', '04H')",17.04,1,830362.0
"('02D', '02S', '04S')",17.04,1,830362.0
"('02H', '02S', '04C')",17.04,1,830362.0
"('02H', '02S', '04D')",17.04,1,830362.0
"('02H', '02S', '04H')",17.04,1,830362.0
"('02H', '02S', '04S')",17.04,1,830362.0
"('02C', '02D', '03C')",17.03,1,829276.0
"('02C', '02D', '03D')",17.03,1,829276.0
"('02C', '02D', '03H')",17.03,1,829276.0
"('02C', '02D', '03S')",17.03,1,829276.0
"('02C', '02H', '03C')",17.03,1,829276.0
"('02C', '02H', '03D')",17.03,1,829276.0
"('02C', '02H', '03H')",17.03,1,829276.0
"('02C', '02H', '03S')",17.03,1,829276.0
"('02C', '02S', '03C')",17.03,1,829276.0
"('02C', '02S', '03D')",17.03,1,829276.0
"('02C', '02S', '03H')",17.03,1,829276.0
"('02C', '02S', '03S')",17.03,1,829276.0
"('02D', '02H', '03C')",17.03,1,829276.0
"('02D', '02H', '03D')",17.03,1,829276.0
"('02D', '02H', '03H')",17.03,1,829276.0
"('02D', '02H', '03S')",17.03,1,829276.0
"('02D', '02S', '03C')",17.03,1,829276.0
"('02D', '02S', '03D')",17.03,1,829276.0
"('02D', '02S', '03H')",17.03,1,829276.0
"('02D', '02S', '03S')",17.03,1,829276.0
"('02H', '02S', '03C')",17.03,1,829276.0
"('02H', '02S', '03D')",17.03,1,829276.0
"('02H', '02S', '03H')",17.03,1,829276.0
"('02H', '02S', '03S')",17.03,1,829276.0
"('12C', '13C', '14C')",14.142000000000001,4,828190.0
"('12C', '13C', '14D')",14.142000000000001,4,828190.0
"('12C', '13C', '14H')",14.142000000000001,4,828190.0
"('12C', '13C', '14S')",14.142000000000001,4,828190.0
"('12C', '13D', '14C')",14.142000000000001,4,828190.0
"('12C', '13D', '14D')",14.142000000000001,4,828190.0
"('12C', '13D', '14H')",14.142000000000001,4,828190.0
"('12C', '13D', '14S')",14.142000000000001,4,828190.0
"('12C', '13H', '14C')",14.142000000000001,4,828190.0
"('12C', '13H', '14D')",14.142000000000001,4,828190.0
"('12C', '13H', '14H')",14.142000000000001,4,828190.0
"('12C', '13H', '14S')",14.142000000000001,4,828190.0
"('12C', '13S', '14C')",14.142000000000001,4,828190.0
"('12C', '13S', '14D')",14.142000000000001,4,828190.0
"('12C', '13S', '14H')",14.142000000000001,4,828190.0
"('12C', '13S', '14S')",14.142000000000001,4,828190.0
"('12D', '13C', '14C')",14.142000000000001,4,828190.0
"('12D', '13C', '14D')",14.142000000000001,4,828190.0
"('12D', '13C', '14H')",14.142000000000001,4,828190.0
"('12D', '13C', '14S')",14.142000000000001,4,828190.0
"('12D', '13D', '14C')",14.142000000000001,4,828190.0
"('12D', '13D', '14D')",14.142000000000001,4,828190.0
"('12D', '13D', '14H')",14.142000000000001,4,828190.0
"('12D', '13D', '14S')",14.142000000000001,4,828190.0
"('12D', '13H', '14C')",14.142000000000001,4,828190.0
"('12D', '13H', '14D')",14.142000000000001,4,828190.0
"('12D', '13H', '14H')",14.142000000000001,4,828190.0
"('12D', '13H', '14S')",14.142000000000001,4,828190.0
"('12D', '13S', '14C')",14.142000000000001,4,828190.0
"('12D', '13S', '14D')",14.142000000000001,4,828190.0
"('12D', '13S', '14H')",14.142000000000001,4,828190.0
"('12D', '13S', '14S')",14.142000000000001,4,828190.0
"('12H', '13C', '14C')",14.142000000000001,4,828190.0
"('12H', '13C', '14D')",14.142000000000001,4,828190.0
"('12H', '13C', '14H')",14.142000000000001,4,828190.0
"('12H', '13C', '14S')",14.142000000000001,4,828190.0
"('12H', '13D', '14C')",14.142000000000001,4,828190.0
"('12H', '13D', '14D')",14.142000000000001,4,828190.0
"('12H', '13D', '14H')",14.142000000000001,4,828190.0
"('12H', '13D', '14S')",14.142000000000001,4,828190.0
"('12H', '13H', '14C')",14.142000000000001,4,828190.0
"('12H', '13H', '14D')",14.142000000000001,4,828190.0
"('12H', '13H', '14H')",14.142000000000001,4,828190.0
"('12H', '13H', '14S')",14.142000000000001,4,828190.0
"('12H', '13S', '14C')",14.142000000000001,4,828190.0
"('12H', '13S', '14D')",14.142000000000001,4,828190.0
"('12H', '13S', '14H')",14.142000000000001,4,828190.0
"('12H', '13S', '14S')",14.142000000000001,4,828190.0
"('12S', '13C', '14C')",14.142000000000001,4,828190.0
"('12S', '13C', '14D')",14.142000000000001,4,828190.0
"('12S', '13C', '14H')",14.142000000000001,4,828190.0
"('12S', '13C', '14S')",14.142000000000001,4,828190.0
"('12S', '13D', '14C')",14.142000000000001,4,828190.0
"('12S', '13D', '14D')",14.142000000000001,4,828190.0
"('12S', '13D', '14H')",14.142000000000001,4,828190.0
"('12S', '13D', '14S')",14.142000000000001,4,828190.0
"('12S', '13H', '14C')",14.142000000000001,4,828190.0
"('12S', '13H', '14D')",14.142000000000001,4,828190.0
"('12S', '13H', '14H')",14.142000000000001,4,828190.0
"('12S', '13H', '14S')",14.142000000000001,4,828190.0
"('12S', '13S', '14C')",14.142000000000001,4,828190.0
"('12S', '13S', '14D')",14.142000000000001,4,828190.0
"('12S', '13S', '14H')",14.142000000000001,4,828190.0
"('12S', '13S', '14S')",14.142000000000001,4,828190.0
"('11C', '13C', '14C')",14.141,0,825294.0
"('11C', '13C', '14D')",14.141,0,825294.0
"('11C', '13C', '14H')",14.141,0,825294.0
"('11C', '13C', '14S')",14.141,0,825294.0
"('11C', '13D', '14C')",14.141,0,825294.0
"('11C', '13D', '14D')",14.141,0,825294.0
"('11C', '13D', '14H')",14.141,0,825294.0
"('11C', '13D', '14S')",14.141,0,825294.0
"('11C', '13H', '14C')",14.141,0,825294.0
"('11C', '13H', '14D')",14.141,0,825294.0
"('11C', '13H', '14H')",14.141,0,825294.0
"('11C', '13H', '14S')",14.141,0,825294.0
"('11C', '13S', '14C')",14.141,0,825294.0
"('11C', '13S', '14D')",14.141,0,825294.0
"('11C', '13S', '14H')",14.141,0,825294.0
"('11C', '13S', '14S')",14.141,0,825294.0
"('11D', '13C', '14C')",14.141,0,825294.0
"('11D', '13C', '14D')",14.141,0,825294.0
"('11D', '13C', '14H')",14.141,0,825294.0
"('11D', '13C', '14S')",14.141,0,825294.0
"('11D', '13D', '14C')",14.141,0,825294.0
"('11D', '13D', '14D')",14.141,0,825294.0
"('11D', '13D', '14H')",14.141,0,825294.0
"('11D', '13D', '14S')",14.141,0,825294.0
"('11D', '13H', '14C')",14.141,0,825294.0
"('11D', '13H', '14D')",14.141,0,825294.0
"('11D', '13H', '14H')",14.141,0,825294.0
"('11D', '13H', '14S')",14.141,0,825294.0
"('11D', '13S', '14C')",14.141,0,825294.0
"('11D', '13S', '14D')",14.141,0,825294.0
"('11D', '13S', '14H')",14.141,0,825294.0
"('11D', '13S', '14S')",14.141,0,825294.0
"('11H', '13C', '14C')",14.141,0,825294.0
"('11H', '13C', '14D')",14.141,0,825294.0
"('11H', '13C', '14H')",14.141,0,825294.0
"('11H', '13C', '14S')",14.141,0,825294.0
"('11H', '13D', '14C')",14.141,0,825294.0
"('11H', '13D', '14D')",14.141,0,825294.0
"('11H', '13D', '14H')",14.141,0,825294.0
"('11H', '13D', '14S')",14.141,0,825294.0
"('11H', '13H', '14C')",14.141,0,825294.0
"('11H', '13H', '14D')",14.141,0,825294.0
"('11H', '13H', '14H')",14.141,0,825294.0
"('11H', '13H', '14S')",14.141,0,825294.0
"('11H', '13S', '14C')",14.141,0,825294.0
"('11H', '13S', '14D')",14.141,0,825294.0
"('11H', '13S', '14H')",14.141,0,825294.0
"('11H', '13S', '14S')",14.141,0,825294.0
"('11S', '13C', '14C')",14.141,0,825294.0
"('11S', '13C', '14D')",14.141,0,825294.0
"('11S', '13C', '14H')",14.141,0,825294.0
"('11S', '13C', '14S')",14.141,0,825294.0
"('11S', '13D', '14C')",14.141,0,825294.0
"('11S', '13D', '14D')",14.141,0,825294.0
"('11S', '13D', '14H')",14.141,0,825294.0
"('11S', '13D', '14S')",14.141,0,825294.0
"('11S', '13H', '14C')",14.141,0,825294.0
"('11S', '13H', '14D')",14.141,0,825294.0
"('11S', '13H', '14H')",14.141,0,825294.0
"('11S', '13H', '14S')",14.141,0,825294.0
"('11S', '13S', '14C')",14.141,0,825294.0
"('11S', '13S', '14D')",14.141,0,825294.0
"('11S', '13S', '14H')",14.141,0,825294.0
"('11S', '13S', '14S')",14.141,0,825294.0
"('10C', '13C', '14C')",14.14,0,822398.0
"('10C', '13C', '14D')",14.14,0,822398.0
"('10C', '13C', '14H')",14.14,0,822398.0
"('10C', '13C', '14S')",14.14,0,822398.0
"('10C', '13D', '14C')",14.14,0,822398.0
"('10C', '13D', '14D')",14.14,0,822398.0
"('10C', '13D', '14H')",14.14,0,822398.0
"('10C', '13D', '14S')",14.14,0,822398.0
"('10C', '13H', '14C')",14.14,0,822398.0
"('10C', '13H', '14D')",14.14,0,822398.0
"('10C', '13H', '14H')",14.14,0,822398.0
"('10C', '13H', '14S')",14.14,0,822398.0
"('10C', '13S', '14C')",14.14,0,822398.0
"('10C', '13S', '14D')",14.14,0,822398.0
"('10C', '13S', '14H')",14.14,0,822398.0
"('10C', '13S', '14S')",14.14,0,822398.0
"('10D', '13C', '14C')",14.14,0,822398.0
"('10D', '13C', '14D')",14.14,0,822398.0
"('10D', '13C', '14H')",14.14,0,822398.0
"('10D', '13C', '14S')",14.14,0,822398.0
"('10D', '13D', '14C')",14.14,0,822398.0
"('10D', '13D', '14D')",14.14,0,822398.0
"('10D', '13D', '14H')",14.14,0,822398.0
"('10D', '13D', '14S')",14.14,0,822398.0
"('10D', '13H', '14C')",14.14,0,822398.0
"('10D', '13H', '14D')",14.14,0,822398.0
"('10D', '13H', '14H')",14.14,0,822398.0
"('10D', '13H', '14S')",14.14,0,822398.0
"('10D', '13S', '14C')",14.14,0,822398.0
"('10D', '13S', '14D')",14.14,0,822398.0
"('10D', '13S', '14H')",14.14,0,822398.0
"('10D', '13S', '14S')",14.14,0,822398.0
"('10H', '13C', '14C')",14.14,0,822398.0
"('10H', '13C', '14D')",14.14,0,822398.0
"('10H', '13C', '14H')",14.14,0,822398.0
"('10H', '13C', '14S')",14.14,0,822398.0
"('10H', '13D', '14C')",14.14,0,822398.0
"('10H', '13D', '14D')",14.14,0,822398.0
"('10H', '13D', '14H')",14.14,0,822398.0
"('10H', '13D', '14S')",14.14,0,822398.0
"('10H', '13H', '14C')",14.14,0,822398.0
"('10H', '13H', '14D')",14.14,0,822398.0
"('10H', '13H', '14H')",14.14,0,822398.0
"('10H', '13H', '14S')",14.14,0,822398.0
"('10H', '13S', '14C')",14.14,0,822398.0
"('10H', '13S', '14D')",14.14,0,822398.0
"('10H', '13S', '14H')",14.14,0,822398.0
"('10H', '13S', '14S')",14.14,0,822398.0
"('10S', '13C', '14C')",14.14,0,822398.0
"('10S', '13C', '14D')",14.14,0,822398.0
"('10S', '13C', '14H')",14.14,0,822398.0
"('10S', '13C', '14S')",14.14,0,822398.0
"('10S', '13D', '14C')",14.14,0,822398.0
"('10S', '13D', '14D')",14.14,0,822398.0
"('10S', '13D', '14H')",14.14,0,822398.0
"('10S', '13D', '14S')",14.14,0,822398.0
"('10S', '13H', '14C')",14.14,0,822398.0
"('10S', '13H', '14D')",14.14,0,822398.0
"('10S', '13H', '14H')",14.14,0,822398.0
"('10S', '13H', '14S')",14.14,0,822398.0
"('10S', '13S', '14C')",14.14,0,822398.0
"('10S', '13S', '14D')",14.14,0,822398.0
"('10S', '13S', '14H')",14.14,0,822398.0
"('10S', '13S', '14S')",14.14,0,822398.0
"('09C', '13C', '14C')",14.139000000000001,0,819502.0
"('09C', '13C', '14D')",14.139000000000001,0,819502.0
"('09C', '13C', '14H')",14.139000000000001,0,819502.0
"('09C', '13C', '14S')",14.139000000000001,0,819502.0
"('09C', '13D', '14C')",14.139000000000001,0,819502.0
"('09C', '13D', '14D')",14.139000000000001,0,819502.0
"('09C', '13D', '14H')",14.139000000000001,0,819502.0
"('09C', '13D', '14S')",14.139000000000001,0,819502.0
"('09C', '13H', '14C')",14.139000000000001,0,819502.0
"('09C', '13H', '14D')",14.139000000000001,0,819502.0
"('09C', '13H', '14H')",14.139000000000001,0,819502.0
"('09C', '13H', '14S')",14.139000000000001,0,819502.0
"('09C', '13S', '14C')",14.139000000000001,0,819502.0
"('09C', '13S', '14D')",14.139000000000001,0,819502.0
"('09C', '13S', '14H')",14.139000000000001,0,819502.0
"('09C', '13S', '14S')",14.139000000000001,0,819502.0
"('09D', '13C', '14C')",14.139000000000001,0,819502.0
"('09D', '13C', '14D')",14.139000000000001,0,819502.0
"('09D', '13C', '14H')",14.139000000000001,0,819502.0
"('09D', '13C', '14S')",14.139000000000001,0,819502.0
"('09D', '13D', '14C')",14.139000000000001,0,819502.0
"('09D', '13D', '14D')",14.139000000000001,0,819502.0
"('09D', '13D', '14H')",14.139000000000001,0,819502.0
"('09D', '13D', '14S')",14.139000000000001,0,819502.0
"('09D', '13H', '14C')",14.139000000000001,0,819502.0
"('09D', '13H', '14D')",14.139000000000001,0,819502.0
"('09D', '13H', '14H')",14.139000000000001,0,819502.0
"('09D', '13H', '14S')",14.139000000000001,0,819502.0
"('09D', '13S', '14C')",14.139000000000001,0,819502.0
"('09D', '13S', '14D')",14.139000000000001,0,819502.0
"('09D', '13S', '14H')",14.139000000000001,0,819502.0
"('09D', '13S', '14S')",14.139000000000001,0,819502.0
"('09H', '13C', '14C')",14.139000000000001,0,819502.0
"('09H', '13C', '14D')",14.139000000000001,0,819502.0
"('09H', '13C', '14H')",14.139000000000001,0,819502.0
"('09H', '13C', '14S')",14.139000000000001,0,819502.0
"('09H', '13D', '14C')",14.139000000000001,0,819502.0
"('09H', '13D', '14D')",14.139000000000001,0,819502.0
"('09H', '13D', '14H')",14.139000000000001,0,819502.0
"('09H', '13D', '14S')",14.139000000000001,0,819502.0
"('09H', '13H', '14C')",14.139000000000001,0,819502.0
"('09H', '13H', '14D')",14.139000000000001,0,819502.0
"('09H', '13H', '14H')",14.139000000000001,0,819502.0
"('09H', '13H', '14S')",14.139000000000001,0,819502.0
"('09H', '13S', '14C')",14.139000000000001,0,819502.0
"('09H', '13S', '14D')",14.139000000000001,0,819502.0
"('09H', '13S', '14H')",14.139000000000001,0,819502.0
"('09H', '13S', '14S')",14.139000000000001,0,819502.0
"('09S', '13C', '14C')",14.139000000000001,0,819502.0
"('09S', '13C', '14D')",14.139000000000001,0,819502.0
"('09S', '13C', '14H')",14.139000000000001,0,819502.0
"('09S', '13C', '14S')",14.139000000000001,0,819502.0
"('09S', '13D', '14C')",14.139000000000001,0,819502.0
"('09S', '13D', '14D')",14.139000000000001,0,819502.0
"('09S', '13D', '14H')",14.139000000000001,0,819502.0
"('09S', '13D', '14S')",14.139000000000001,0,819502.0
"('09S', '13H', '14C')",14.139000000000001,0,819502.0
"('09S', '13H', '14D')",14.139000000000001,0,819502.0
"('09S', '13H', '14H')",14.139000000000001,0,819502.0
"('09S', '13H', '14S')",14.139000000000001,0,819502.0
"('09S', '13S', '14C')",14.139000000000001,0,819502.0
"('09S', '13S', '14D')",14.139000000000001,0,819502.0
"('09S', '13S', '14H')",14.139000000000001,0,819502.0
"('09S', '13S', '14S')",14.139000000000001,0,819502.0
"('08C', '13C', '14C')",14.138,0,816606.0
"('08C', '13C', '14D')",14.138,0,816606.0
"('08C', '13C', '14H')",14.138,0,816606.0
"('08C', '13C', '14S')",14.138,0,816606.0
"('08C', '13D', '14C')",14.138,0,816606.0
"('08C', '13D', '14D')",14.138,0,816606.0
"('08C', '13D', '14H')",14.138,0,816606.0
"('08C', '13D', '14S')",14.138,0,816606.0
"('08C', '13H', '14C')",14.138,0,816606.0
"('08C', '13H', '14D')",14.138,0,816606.0
"('08C', '13H', '14H')",14.138,0,816606.0
"('08C', '13H', '14S')",14.138,0,816606.0
"('08C', '13S', '14C')",14.138,0,816606.0
"('08C', '13S', '14D')",14.138,0,816606.0
"('08C', '13S', '14H')",14.138,0,816606.0
"('08C', '13S', '14S')",14.138,0,816606.0
"('08D', '13C', '14C')",14.138,0,816606.0
"('08D', '13C', '14D')",14.138,0,816606.0
"('08D', '13C', '14H')",14.138,0,816606.0
"('08D', '13C', '14S')",14.138,0,816606.0
"('08D', '13D', '14C')",14.138,0,816606.0
"('08D', '13D', '14D')",14.138,0,816606.0
"('08D', '13D', '14H')",14.138,0,816606.0
"('08D', '13D', '14S')",14.138,0,816606.0
"('08D', '13H', '14C')",14.138,0,816606.0
"('08D', '13H', '14D')",14.138,0,816606.0
"('08D', '13H', '14H')",14.138,0,816606.0
"('08D', '13H', '14S')",14.138,0,816606.0
"('08D', '13S', '14C')",14.138,0,816606.0
"('08D', '13S', '14D')",14.138,0,816606.0
"('08D', '13S', '14H')",14.138,0,816606.0
"('08D', '13S', '14S')",14.138,0,816606.0
"('08H', '13C', '14C')",14.138,0,816606.0
"('08H', '13C', '14D')",14.138,0,816606.0
"('08H', '13C', '14H')",14.138,0,816606.0
"('08H', '13C', '14S')",14.138,0,816606.0
"('08H', '13D', '14C')",14.138,0,816606.0
"('08H', '13D', '14D')",14.138,0,816606.0
"('08H', '13D', '14H')",14.138,0,816606.0
"('08H', '13D', '14S')",14.138,0,816606.0
"('08H', '13H', '14C')",14.138,0,816606.0
"('08H', '13H', '14D')",14.138,0,816606.0
"('08H', '13H', '14H')",14.138,0,816606.0
"('08H', '13H', '14S')",14.138,0,816606.0
"('08H', '13S', '14C')",14.138,0,816606.0
"('08H', '13S', '14D')",14.138,0,816606.0
"('08H', '13S', '14H')",14.138,0,816606.0
"('08H', '13S', '14S')",14.138,0,816606.0
"('08S', '13C', '14C')",14.138,0,816606.0
"('08S', '13C', '14D')",14.138,0,816606.0
"('08S', '13C', '14H')",14.138,0,816606.0
"('08S', '13C', '14S')",14.138,0,816606.0
"('08S', '13D', '14C')",14.138,0,816606.0
"('08S', '13D', '14D')",14.138,0,816606.0
"('08S', '13D', '14H')",14.138,0,816606.0
"('08S', '13D', '14S')",14.138,0,816606.0
"('08S', '13H', '14C')",14.138,0,816606.0
"('08S', '13H', '14D')",14.138,0,816606.0
"('08S', '13H', '14H')",14.138,0,816606.0
"('08S', '13H', '14S')",14.138,0,816606.0
"('08S', '13S', '14C')",14.138,0,816606.0
"('08S', '13S', '14D')",14.138,0,816606.0
"('08S', '13S', '14H')",14.138,0,816606.0
"('08S', '13S', '14S')",14.138,0,816606.0
"('07C', '13C', '14C')",14.137,0,813710.0
"('07C', '13C', '14D')",14.137,0,813710.0
"('07C', '13C', '14H')",14.137,0,813710.0
"('07C', '13C', '14S')",14.137,0,813710.0
"('07C', '13D', '14C')",14.137,0,813710.0
"('07C', '13D', '14D')",14.137,0,813710.0
"('07C', '13D', '14H')",14.137,0,813710.0
"('07C', '13D', '14S')",14.137,0,813710.0
"('07C', '13H', '14C')",14.137,0,813710.0
"('07C', '13H', '14D')",14.137,0,813710.0
"('07C', '13H', '14H')",14.137,0,813710.0
"('07C', '13H', '14S')",14.137,0,813710.0
"('07C', '13S', '14C')",14.137,0,813710.0
"('07C', '13S', '14D')",14.137,0,813710.0
"('07C', '13S', '14H')",14.137,0,813710.0
"('07C', '13S', '14S')",14.137,0,813710.0
"('07D', '13C', '14C')",14.137,0,813710.0
"('07D', '13C', '14D')",14.137,0,813710.0
"('07D', '13C', '14H')",14.137,0,813710.0
"('07D', '13C', '14S')",14.137,0,813710.0
"('07D', '13D', '14C')",14.137,0,813710.0
"('07D', '13D', '14D')",14.137,0,813710.0
"('07D', '13D', '14H')",14.137,0,813710.0
"('07D', '13D', '14S')",14.137,0,813710.0
"('07D', '13H', '14C')",14.137,0,813710.0
"('07D', '13H', '14D')",14.137,0,813710.0
"('07D', '13H', '14H')",14.137,0,813710.0
"('07D', '13H', '14S')",14.137,0,813710.0
"('07D', '13S', '14C')",14.137,0,813710.0
"('07D', '13S', '14D')",14.137,0,813710.0
"('07D', '13S', '14H')",14.137,0,813710.0
"('07D', '13S', '14S')",14.137,0,813710.0
"('07H', '13C', '14C')",14.137,0,813710.0
"('07H', '13C', '14D')",14.137,0,813710.0
"('07H', '13C', '14H')",14.137,0,813710.0
"('07H', '13C', '14S')",14.137,0,813710.0
"('07H', '13D', '14C')",14.137,0,813710.0
"('07H', '13D', '14D')",14.137,0,813710.0
"('07H', '13D', '14H')",14.137,0,813710.0
"('07H', '13D', '14S')",14.137,0,813710.0
"('07H', '13H', '14C')",14.137,0,813710.0
"('07H', '13H', '14D')",14.137,0,813710.0
"('07H', '13H', '14H')",14.137,0,813710.0
"('07H', '13H', '14S')",14.137,0,813710.0
"('07H', '13S', '14C')",14.137,0,813710.0
"('07H', '13S', '14D')",14.137,0,813710.0
"('07H', '13S', '14H')",14.137,0,813710.0
"('07H', '13S', '14S')",14.137,0,813710.0
"('07S', '13C', '14C')",14.137,0,813710.0
"('07S', '13C', '14D')",14.137,0,813710.0
"('07S', '13C', '14H')",14.137,0,813710.0
"('07S', '13C', '14S')",14.137,0,813710.0
"('07S', '13D', '14C')",14.137,0,813710.0
"('07S', '13D', '14D')",14.137,0,813710.0
"('07S', '13D', '14H')",14.137,0,813710.0
"('07S', '13D', '14S')",14.137,0,813710.0
"('07S', '13H', '14C')",14.137,0,813710.0
"('07S', '13H', '14D')",14.137,0,813710.0
"('07S', '13H', '14H')",14.137,0,813710.0
"('07S', '13H', '14S')",14.137,0,813710.0
"('07S', '13S', '14C')",14.137,0,813710.0
"('07S', '13S', '14D')",14.137,0,813710.0
"('07S', '13S', '14H')",14.137,0,813710.0
"('07S', '13S', '14S')",14.137,0,813710.0
"('06C', '13C', '14C')",14.136000000000001,0,810814.0
"('06C', '13C', '14D')",14.136000000000001,0,810814.0
"('06C', '13C', '14H')",14.136000000000001,0,810814.0
"('06C', '13C', '14S')",14.136000000000001,0,810814.0
"('06C', '13D', '14C')",14.136000000000001,0,810814.0
"('06C', '13D', '14D')",14.136000000000001,0,810814.0
"('06C', '13D', '14H')",14.136000000000001,0,810814.0
"('06C', '13D', '14S')",14.136000000000001,0,810814.0
"('06C', '13H', '14C')",14.136000000000001,0,810814.0
"('06C', '13H', '14D')",14.136000000000001,0,810814.0
"('06C', '13H', '14H')",14.136000000000001,0,810814.0
"('06C', '13H', '14S')",14.136000000000001,0,810814.0
"('06C', '13S', '14C')",14.136000000000001,0,810814.0
"('06C', '13S', '14D')",14.136000000000001,0,810814.0
"('06C', '13S', '14H')",14.136000000000001,0,810814.0
"('06C', '13S', '14S')",14.136000000000001,0,810814.0
"('06D', '13C', '14C')",14.136000000000001,0,810814.0
"('06D', '13C', '14D')",14.136000000000001,0,810814.0
"('06D', '13C', '14H')",14.136000000000001,0,810814.0
"('06D', '13C', '14S')",14.136000000000001,0,810814.0
"('06D', '13D', '14C')",14.136000000000001,0,810814.0
"('06D', '13D', '14D')",14.136000000000001,0,810814.0
"('06D', '13D', '14H')",14.136000000000001,0,810814.0
"('06D', '13D', '14S')",14.136000000000001,0,810814.0
"('06D', '13H', '14C')",14.136000000000001,0,810814.0
"('06D', '13H', '14D')",14.136000000000001,0,810814.0
"('06D', '13H', '14H')",14.136000000000001,0,810814.0
"('06D', '13H', '14S')",14.136000000000001,0,810814.0
"('06D', '13S', '14C')",14.136000000000001,0,810814.0
"('06D', '13S', '14D')",14.136000000000001,0,810814.0
"('06D', '13S', '14H')",14.136000000000001,0,810814.0
"('06D', '13S', '14S')",14.136000000000001,0,810814.0
"('06H', '13C', '14C')",14.136000000000001,0,810814.0
"('06H', '13C', '14D')",14.136000000000001,0,810814.0
"('06H', '13C', '14H')",14.136000000000001,0,810814.0
"('06H', '13C', '14S')",14.136000000000001,0,810814.0
"('06H', '13D', '14C')",14.136000000000001,0,810814.0
"('06H', '13D', '14D')",14.136000000000001,0,810814.0
"('06H', '13D', '14H')",14.136000000000001,0,810814.0
"('06H', '13D', '14S')",14.136000000000001,0,810814.0
"('06H', '13H', '14C')",14.136000000000001,0,810814.0
"('06H', '13H', '14D')",14.136000000000001,0,810814.0
"('06H', '13H', '14H')",14.136000000000001,0,810814.0
"('06H', '13H', '14S')",14.136000000000001,0,810814.0
"('06H', '13S', '14C')",14.136000000000001,0,810814.0
"('06H', '13S', '14D')",14.136000000000001,0,810814.0
"('06H', '13S', '14H')",14.136000000000001,0,810814.0
"('06H', '13S', '14S')",14.136000000000001,0,810814.0
"('06S', '13C', '14C')",14.136000000000001,0,810814.0
"('06S', '13C', '14D')",14.136000000000001,0,810814.0
"('06S', '13C', '14H')",14.136000000000001,0,810814.0
"('06S', '13C', '14S')",14.136000000000001,0,810814.0
"('06S', '13D', '14C')",14.136000000000001,0,810814.0
"('06S', '13D', '14D')",14.136000000000001,0,810814.0
"('06S', '13D', '14H')",14.136000000000001,0,810814.0
"('06S', '13D', '14S')",14.136000000000001,0,810814.0
"('06S', '13H', '14C')",14.136000000000001,0,810814.0
"('06S', '13H', '14D')",14.136000000000001,0,810814.0
"('06S', '13H', '14H')",14.136000000000001,0,810814.0
"('06S', '13H', '14S')",14.136000000000001,0,810814.0
"('06S', '13S', '14C')",14.136000000000001,0,810814.0
"('06S', '13S', '14D')",14.136000000000001,0,810814.0
"('06S', '13S', '14H')",14.136000000000001,0,810814.0
"('06S', '13S', '14S')",14.136000000000001,0,810814.0
"('05C', '13C', '14C')",14.135000000000002,0,807919.0
"('05C', '13C', '14D')",14.135000000000002,0,807919.0
"('05C', '13C', '14H')",14.135000000000002,0,807919.0
"('05C', '13C', '14S')",14.135000000000002,0,807919.0
"('05C', '13D', '14C')",14.135000000000002,0,807919.0
"('05C', '13D', '14D')",14.135000000000002,0,807919.0
"('05C', '13D', '14H')",14.135000000000002,0,807919.0
"('05C', '13D', '14S')",14.135000000000002,0,807919.0
"('05C', '13H', '14C')",14.135000000000002,0,807919.0
"('05C', '13H', '14D')",14.135000000000002,0,807919.0
"('05C', '13H', '14H')",14.135000000000002,0,807919.0
"('05C', '13H', '14S')",14.135000000000002,0,807919.0
"('05C', '13S', '14C')",14.135000000000002,0,807919.0
"('05C', '13S', '14D')",14.135000000000002,0,807919.0
"('05C', '13S', '14H')",14.135000000000002,0,807919.0
"('05C', '13S', '14S')",14.135000000000002,0,807919.0
"('05D', '13C', '14C')",14.135000000000002,0,807919.0
"('05D', '13C', '14D')",14.135000000000002,0,807919.0
"('05D', '13C', '14H')",14.135000000000002,0,807919.0
"('05D', '13C', '14S')",14.135000000000002,0,807919.0
"('05D', '13D', '14C')",14.135000000000002,0,807919.0
"('05D', '13D', '14D')",14.135000000000002,0,807919.0
"('05D', '13D', '14H')",14.135000000000002,0,807919.0
"('05D', '13D', '14S')",14.135000000000002,0,807919.0
"('05D', '13H', '14C')",14.135000000000002,0,807919.0
"('05D', '13H', '14D')",14.135000000000002,0,807919.0
"('05D', '13H', '14H')",14.135000000000002,0,807919.0
"('05D', '13H', '14S')",14.135000000000002,0,807919.0
"('05D', '13S', '14C')",14.135000000000002,0,807919.0
"('05D', '13S', '14D')",14.135000000000002,0,807919.0
"('05D', '13S', '14H')",14.135000000000002,0,807919.0
"('05D', '13S', '14S')",14.135000000000002,0,807919.0
"('05H', '13C', '14C')",14.135000000000002,0,807919.0
"('05H', '13C', '14D')",14.135000000000002,0,807919.0
"('05H', '13C', '14H')",14.135000000000002,0,807919.0
"('05H', '13C', '14S')",14.135000000000002,0,807919.0
"('05H', '13D', '14C')",14.135000000000002,0,807919.0
"('05H', '13D', '14D')",14.135000000000002,0,807919.0
"('05H', '13D', '14H')",14.135000000000002,0,807919.0
"('05H', '13D', '14S')",14.135000000000002,0,807919.0
"('05H', '13H', '14C')",14.135000000000002,0,807919.0
"('05H', '13H', '14D')",14.135000000000002,0,807919.0
"('05H', '13H', '14H')",14.135000000000002,0,807919.0
"('05H', '13H', '14S')",14.135000000000002,0,807919.0
"('05H', '13S', '14C')",14.135000000000002,0,807919.0
"('05H', '13S', '14D')",14.135000000000002,0,807919.0
"('05H', '13S', '14H')",14.135000000000002,0,807919.0
"('05H', '13S', '14S')",14.135000000000002,0,807919.0
"('05S', '13C', '14C')",14.135000000000002,0,807919.0
"('05S', '13C', '14D')",14.135000000000002,0,807919.0
"('05S', '13C', '14H')",14.135000000000002,0,807919.0
"('05S', '13C', '14S')",14.135000000000002,0,807919.0
"('05S', '13D', '14C')",14.135000000000002,0,807919.0
"('05S', '13D', '14D')",14.135000000000002,0,807919.0
"('05S', '13D', '14H')",14.135000000000002,0,807919.0
"('05S', '13D', '14S')",14.135000000000002,0,807919.0
"('05S', '13H', '14C')",14.135000000000002,0,807919.0
"('05S', '13H', '14D')",14.135000000000002,0,807919.0
"('05S', '13H', '14H')",14.135000000000002,0,807919.0
"('05S', '13H', '14S')",14.135000000000002,0,807919.0
"('05S', '13S', '14C')",14.135000000000002,0,807919.0
"('05S', '13S', '14D')",14.135000000000002,0,807919.0
"('05S', '13S', '14H')",14.135000000000002,0,807919.0
"('05S', '13S', '14S')",14.135000000000002,0,807919.0
"('04C', '13C', '14C')",14.134,0,805023.0
"('04C', '13C', '14D')",14.134,0,805023.0
"('04C', '13C', '14H')",14.134,0,805023.0
"('04C', '13C', '14S')",14.134,0,805023.0
"('04C', '13D', '14C')",14.134,0,805023.0
"('04C', '13D', '14D')",14.134,0,805023.0
"('04C', '13D', '14H')",14.134,0,805023.0
"('04C', '13D', '14S')",14.134,0,805023.0
"('04C', '13H', '14C')",14.134,0,805023.0
"('04C', '13H', '14D')",14.134,0,805023.0
"('04C', '13H', '14H')",14.134,0,805023.0
"('04C', '13H', '14S')",14.134,0,805023.0
"('04C', '13S', '14C')",14.134,0,805023.0
"('04C', '13S', '14D')",14.134,0,805023.0
"('04C', '13S', '14H')",14.134,0,805023.0
"('04C', '13S', '14S')",14.134,0,805023.0
"('04D', '13C', '14C')",14.134,0,805023.0
"('04D', '13C', '14D')",14.134,0,805023.0
"('04D', '13C', '14H')",14.134,0,805023.0
"('04D', '13C', '14S')",14.134,0,805023.0
"('04D', '13D', '14C')",14.134,0,805023.0
"('04D', '13D', '14D')",14.134,0,805023.0
"('04D', '13D', '14H')",14.134,0,805023.0
"('04D', '13D', '14S')",14.134,0,805023.0
"('04D', '13H', '14C')",14.134,0,805023.0
"('04D', '13H', '14D')",14.134,0,805023.0
"('04D', '13H', '14H')",14.134,0,805023.0
"('04D', '13H', '14S')",14.134,0,805023.0
"('04D', '13S', '14C')",14.134,0,805023.0
"('04D', '13S', '14D')",14.134,0,805023.0
"('04D', '13S', '14H')",14.134,0,805023.0
"('04D', '13S', '14S')",14.134,0,805023.0
"('04H', '13C', '14C')",14.134,0,805023.0
"('04H', '13C', '14D')",14.134,0,805023.0
"('04H', '13C', '14H')",14.134,0,805023.0
"('04H', '13C', '14S')",14.134,0,805023.0
"('04H', '13D', '14C')",14.134,0,805023.0
"('04H', '13D', '14D')",14.134,0,805023.0
"('04H', '13D', '14H')",14.134,0,805023.0
"('04H', '13D', '14S')",14.134,0,805023.0
"('04H', '13H', '14C')",14.134,0,805023.0
"('04H', '13H', '14D')",14.134,0,805023.0
"('04H', '13H', '14H')",14.134,0,805023.0
"('04H', '13H', '14S')",14.134,0,805023.0
"('04H', '13S', '14C')",14.134,0,805023.0
"('04H', '13S', '14D')",14.134,0,805023.0
"('04H', '13S', '14H')",14.134,0,805023.0
"('04H', '13S', '14S')",14.134,0,805023.0
"('04S', '13C', '14C')",14.134,0,805023.0
"('04S', '13C', '14D')",14.134,0,805023.0
"('04S', '13C', '14H')",14.134,0,805023.0
"('04S', '13C', '14S')",14.134,0,805023.0
"('04S', '13D', '14C')",14.134,0,805023.0
"('04S', '13D', '14D')",14.134,0,805023.0
"('04S', '13D', '14H')",14.134,0,805023.0
"('04S', '13D', '14S')",14.134,0,805023.0
"('04S', '13H', '14C')",14.134,0,805023.0
"('04S', '13H', '14D')",14.134,0,805023.0
"('04S', '13H', '14H')",14.134,0,805023.0
"('04S', '13H', '14S')",14.134,0,805023.0
"('04S', '13S', '14C')",14.134,0,805023.0
"('04S', '13S', '14D')",14.134,0,805023.0
"('04S', '13S', '14H')",14.134,0,805023.0
"('04S', '13S', '14S')",14.134,0,805023.0
"('03C', '13C', '14C')",14.133000000000001,0,802127.0
"('03C', '13C', '14D')",14.133000000000001,0,802127.0
"('03C', '13C', '14H')",14.133000000000001,0,802127.0
"('03C', '13C', '14S')",14.133000000000001,0,802127.0
"('03C', '13D', '14C')",14.133000000000001,0,802127.0
"('03C', '13D', '14D')",14.133000000000001,0,802127.0
"('03C', '13D', '14H')",14.133000000000001,0,802127.0
"('03C', '13D', '14S')",14.133000000000001,0,802127.0
"('03C', '13H', '14C')",14.133000000000001,0,802127.0
"('03C', '13H', '14D')",14.133000000000001,0,802127.0
"('03C', '13H', '14H')",14.133000000000001,0,802127.0
"('03C', '13H', '14S')",14.133000000000001,0,802127.0
"('03C', '13S', '14C')",14.133000000000001,0,802127.0
"('03C', '13S', '14D')",14.133000000000001,0,802127.0
"('03C', '13S', '14H')",14.133000000000001,0,802127.0
"('03C', '13S', '14S')",14.133000000000001,0,802127.0
"('03D', '13C', '14C')",14.133000000000001,0,802127.0
"('03D', '13C', '14D')",14.133000000000001,0,802127.0
"('03D', '13C', '14H')",14.133000000000001,0,802127.0
"('03D', '13C', '14S')",14.133000000000001,0,802127.0
"('03D', '13D', '14C')",14.133000000000001,0,802127.0
"('03D', '13D', '14D')",14.133000000000001,0,802127.0
"('03D', '13D', '14H')",14.133000000000001,0,802127.0
"('03D', '13D', '14S')",14.133000000000001,0,802127.0
"('03D', '13H', '14C')",14.133000000000001,0,802127.0
"('03D', '13H', '14D')",14.133000000000001,0,802127.0
"('03D', '13H', '14H')",14.133000000000001,0,802127.0
"('03D', '13H', '14S')",14.133000000000001,0,802127.0
"('03D', '13S', '14C')",14.133000000000001,0,802127.0
"('03D', '13S', '14D')",14.133000000000001,0,802127.0
"('03D', '13S', '14H')",14.133000000000001,0,802127.0
"('03D', '13S', '14S')",14.133000000000001,0,802127.0
"('03H', '13C', '14C')",14.133000000000001,0,802127.0
"('03H', '13C', '14D')",14.133000000000001,0,802127.0
"('03H', '13C', '14H')",14.133000000000001,0,802127.0
"('03H', '13C', '14S')",14.133000000000001,0,802127.0
"('03H', '13D', '14C')",14.133000000000001,0,802127.0
"('03H', '13D', '14D')",14.133000000000001,0,802127.0
"('03H', '13D', '14H')",14.133000000000001,0,802127.0
"('03H', '13D', '14S')",14.133000000000001,0,802127.0
"('03H', '13H', '14C')",14.133000000000001,0,802127.0
"('03H', '13H', '14D')",14.133000000000001,0,802127.0
"('03H', '13H', '14H')",14.133000000000001,0,802127.0
"('03H', '13H', '14S')",14.133000000000001,0,802127.0
"('03H', '13S', '14C')",14.133000000000001,0,802127.0
"('03H', '13S', '14D')",14.133000000000001,0,802127.0
"('03H', '13S', '14H')",14.133000000000001,0,802127.0
"('03H', '13S', '14S')",14.133000000000001,0,802127.0
"('03S', '13C', '14C')",14.133000000000001,0,802127.0
"('03S', '13C', '14D')",14.133000000000001,0,802127.0
"('03S', '13C', '14H')",14.133000000000001,0,802127.0
"('03S', '13C', '14S')",14.133000000000001,0,802127.0
"('03S', '13D', '14C')",14.133000000000001,0,802127.0
"('03S', '13D', '14D')",14.133000000000001,0,802127.0
"('03S', '13D', '14H')",14.133000000000001,0,802127.0
"('03S', '13D', '14S')",14.133000000000001,0,802127.0
"('03S', '13H', '14C')",14.133000000000001,0,802127.0
"('03S', '13H', '14D')",14.133000000000001,0,802127.0
"('03S', '13H', '14H')",14.133000000000001,0,802127.0
"('03S', '13H', '14S')",14.133000000000001,0,802127.0
"('03S', '13S', '14C')",14.133000000000001,0,802127.0
"('03S', '13S', '14D')",14.133000000000001,0,802127.0
"('03S', '13S', '14H')",14.133000000000001,0,802127.0
"('03S', '13S', '14S')",14.133000000000001,0,802127.0
"('02C', '13C', '14C')",14.132000000000001,0,799231.0
"('02C', '13C', '14D')",14.132000000000001,0,799231.0
"('02C', '13C', '14H')",14.132000000000001,0,799231.0
"('02C', '13C', '14S')",14.132000000000001,0,799231.0
"('02C', '13D', '14C')",14.132000000000001,0,799231.0
"('02C', '13D', '14D')",14.132000000000001,0,799231.0
"('02C', '13D', '14H')",14.132000000000001,0,799231.0
"('02C', '13D', '14S')",14.132000000000001,0,799231.0
"('02C', '13H', '14C')",14.132000000000001,0,799231.0
"('02C', '13H', '14D')",14.132000000000001,0,799231.0
"('02C', '13H', '14H')",14.132000000000001,0,799231.0
"('02C', '13H', '14S')",14.132000000000001,0,799231.0
"('02C', '13S', '14C')",14.132000000000001,0,799231.0
"('02C', '13S', '14D')",14.132000000000001,0,799231.0
"('02C', '13S', '14H')",14.132000000000001,0,799231.0
"('02C', '13S', '14S')",14.132000000000001,0,799231.0
"('02D', '13C', '14C')",14.132000000000001,0,799231.0
"('02D', '13C', '14D')",14.132000000000001,0,799231.0
"('02D', '13C', '14H')",14.132000000000001,0,799231.0
"('02D', '13C', '14S')",14.132000000000001,0,799231.0
"('02D', '13D', '14C')",14.132000000000001,0,799231.0
"('02D', '13D', '14D')",14.132000000000001,0,799231.0
"('02D', '13D', '14H')",14.132000000000001,0,799231.0
"('02D', '13D', '14S')",14.132000000000001,0,799231.0
"('02D', '13H', '14C')",14.132000000000001,0,799231.0
"('02D', '13H', '14D')",14.132000000000001,0,799231.0
"('02D', '13H', '14H')",14.132000000000001,0,799231.0
"('02D', '13H', '14S')",14.132000000000001,0,799231.0
"('02D', '13S', '14C')",14.132000000000001,0,799231.0
"('02D', '13S', '14D')",14.132000000000001,0,799231.0
"('02D', '13S', '14H')",14.132000000000001,0,799231.0
"('02D', '13S', '14S')",14.132000000000001,0,799231.0
"('02H', '13C', '14C')",14.132000000000001,0,799231.0
"('02H', '13C', '14D')",14.132000000000001,0,799231.0
"('02H', '13C', '14H')",14.132000000000001,0,799231.0
"('02H', '13C', '14S')",14.132000000000001,0,799231.0
"('02H', '13D', '14C')",14.132000000000001,0,799231.0
"('02H', '13D', '14D')",14.132000000000001,0,799231.0
"('02H', '13D', '14H')",14.132000000000001,0,799231.0
"('02H', '13D', '14S')",14.132000000000001,0,799231.0
"('02H', '13H', '14C')",14.132000000000001,0,799231.0
"('02H', '13H', '14D')",14.132000000000001,0,799231.0
"('02H', '13H', '14H')",14.132000000000001,0,799231.0
"('02H', '13H', '14S')",14.132000000000001,0,799231.0
"('02H', '13S', '14C')",14.132000000000001,0,799231.0
"('02H', '13S', '14D')",14.132000000000001,0,799231.0
"('02H', '13S', '14H')",14.132000000000001,0,799231.0
"('02H', '13S', '14S')",14.132000000000001,0,799231.0
"('02S', '13C', '14C')",14.132000000000001,0,799231.0
"('02S', '13C', '14D')",14.132000000000001,0,799231.0
"('02S', '13C', '14H')",14.132000000000001,0,799231.0
"('02S', '13C', '14S')",14.132000000000001,0,799231.0
"('02S', '13D', '14C')",14.132000000000001,0,799231.0
"('02S', '13D', '14D')",14.132000000000001,0,799231.0
"('02S', '13D', '14H')",14.132000000000001,0,799231.0
"('02S', '13D', '14S')",14.132000000000001,0,799231.0
"('02S', '13H', '14C')",14.132000000000001,0,799231.0
"('02S', '13H', '14D')",14.132000000000001,0,799231.0
"('02S', '13H', '14H')",14.132000000000001,0,799231.0
"('02S', '13H', '14S')",14.132000000000001,0,799231.0
"('02S', '13S', '14C')",14.132000000000001,0,799231.0
"('02S', '13S', '14D')",14.132000000000001,0,799231.0
"('02S', '13S', '14H')",14.132000000000001,0,799231.0
"('02S', '13S', '14S')",14.132000000000001,0,799231.0
"('11C', '12C', '14C')",14.130999999999998,0,796335.0
"('11C', '12C', '14D')",14.130999999999998,0,796335.0
"('11C', '12C', '14H')",14.130999999999998,0,796335.0
"('11C', '12C', '14S')",14.130999999999998,0,796335.0
"('11C', '12D', '14C')",14.130999999999998,0,796335.0
"('11C', '12D', '14D')",14.130999999999998,0,796335.0
"('11C', '12D', '14H')",14.130999999999998,0,796335.0
"('11C', '12D', '14S')",14.130999999999998,0,796335.0
"('11C', '12H', '14C')",14.130999999999998,0,796335.0
"('11C', '12H', '14D')",14.130999999999998,0,796335.0
"('11C', '12H', '14H')",14.130999999999998,0,796335.0
"('11C', '12H', '14S')",14.130999999999998,0,796335.0
"('11C', '12S', '14C')",14.130999999999998,0,796335.0
"('11C', '12S', '14D')",14.130999999999998,0,796335.0
"('11C', '12S', '14H')",14.130999999999998,0,796335.0
"('11C', '12S', '14S')",14.130999999999998,0,796335.0
"('11D', '12C', '14C')",14.130999999999998,0,796335.0
"('11D', '12C', '14D')",14.130999999999998,0,796335.0
"('11D', '12C', '14H')",14.130999999999998,0,796335.0
"('11D', '12C', '14S')",14.130999999999998,0,796335.0
"('11D', '12D', '14C')",14.130999999999998,0,796335.0
"('11D', '12D', '14D')",14.130999999999998,0,796335.0
"('11D', '12D', '14H')",14.130999999999998,0,796335.0
"('11D', '12D', '14S')",14.130999999999998,0,796335.0
"('11D', '12H', '14C')",14.130999999999998,0,796335.0
"('11D', '12H', '14D')",14.130999999999998,0,796335.0
"('11D', '12H', '14H')",14.130999999999998,0,796335.0
"('11D', '12H', '14S')",14.130999999999998,0,796335.0
"('11D', '12S', '14C')",14.130999999999998,0,796335.0
"('11D', '12S', '14D')",14.130999999999998,0,796335.0
"('11D', '12S', '14H')",14.130999999999998,0,796335.0
"('11D', '12S', '14S')",14.130999999999998,0,796335.0
"('11H', '12C', '14C')",14.130999999999998,0,796335.0
"('11H', '12C', '14D')",14.130999999999998,0,796335.0
"('11H', '12C', '14H')",14.130999999999998,0,796335.0
"('11H', '12C', '14S')",14.130999999999998,0,796335.0
"('11H', '12D', '14C')",14.130999999999998,0,796335.0
"('11H', '12D', '14D')",14.130999999999998,0,796335.0
"('11H', '12D', '14H')",14.130999999999998,0,796335.0
"('11H', '12D', '14S')",14.130999999999998,0,796335.0
"('11H', '12H', '14C')",14.130999999999998,0,796335.0
"('11H', '12H', '14D')",14.130999999999998,0,796335.0
"('11H', '12H', '14H')",14.130999999999998,0,796335.0
"('11H', '12H', '14S')",14.130999999999998,0,796335.0
"('11H', '12S', '14C')",14.130999999999998,0,796335.0
"('11H', '12S', '14D')",14.130999999999998,0,796335.0
"('11H', '12S', '14H')",14.130999999999998,0,796335.0
"('11H', '12S', '14S')",14.130999999999998,0,796335.0
"('11S', '12C', '14C')",14.130999999999998,0,796335.0
"('11S', '12C', '14D')",14.130999999999998,0,796335.0
"('11S', '12C', '14H')",14.130999999999998,0,796335.0
"('11S', '12C', '14S')",14.130999999999998,0,796335.0
"('11S', '12D', '14C')",14.130999999999998,0,796335.0
"('11S', '12D', '14D')",14.130999999999998,0,796335.0
"('11S', '12D', '14H')",14.130999999999998,0,796335.0
"('11S', '12D', '14S')",14.130999999999998,0,796335.0
"('11S', '12H', '14C')",14.130999999999998,0,796335.0
"('11S', '12H', '14D')",14.130999999999998,0,796335.0
"('11S', '12H', '14H')",14.130999999999998,0,796335.0
"('11S', '12H', '14S')",14.130999999999998,0,796335.0
"('11S', '12S', '14C')",14.130999999999998,0,796335.0
"('11S', '12S', '14D')",14.130999999999998,0,796335.0
"('11S', '12S', '14H')",14.130999999999998,0,796335.0
"('11S', '12S', '14S')",14.130999999999998,0,796335.0
"('10C', '12C', '14C')",14.129999999999999,0,793439.0
"('10C', '12C', '14D')",14.129999999999999,0,793439.0
"('10C', '12C', '14H')",14.129999999999999,0,793439.0
"('10C', '12C', '14S')",14.129999999999999,0,793439.0
"('10C', '12D', '14C')",14.129999999999999,0,793439.0
"('10C', '12D', '14D')",14.129999999999999,0,793439.0
"('10C', '12D', '14H')",14.129999999999999,0,793439.0
"('10C', '12D', '14S')",14.129999999999999,0,793439.0
"('10C', '12H', '14C')",14.129999999999999,0,793439.0
"('10C', '12H', '14D')",14.129999999999999,0,793439.0
"('10C', '12H', '14H')",14.129999999999999,0,793439.0
"('10C', '12H', '14S')",14.129999999999999,0,793439.0
"('10C', '12S', '14C')",14.129999999999999,0,793439.0
"('10C', '12S', '14D')",14.129999999999999,0,793439.0
"('10C', '12S', '14H')",14.129999999999999,0,793439.0
"('10C', '12S', '14S')",14.129999999999999,0,793439.0
"('10D', '12C', '14C')",14.129999999999999,0,793439.0
"('10D', '12C', '14D')",14.129999999999999,0,793439.0
"('10D', '12C', '14H')",14.129999999999999,0,793439.0
"('10D', '12C', '14S')",14.129999999999999,0,793439.0
"('10D', '12D', '14C')",14.129999999999999,0,793439.0
"('10D', '12D', '14D')",14.129999999999999,0,793439.0
"('10D', '12D', '14H')",14.129999999999999,0,793439.0
"('10D', '12D', '14S')",14.129999999999999,0,793439.0
"('10D', '12H', '14C')",14.129999999999999,0,793439.0
"('10D', '12H', '14D')",14.129999999999999,0,793439.0
"('10D', '12H', '14H')",14.129999999999999,0,793439.0
"('10D', '12H', '14S')",14.129999999999999,0,793439.0
"('10D', '12S', '14C')",14.129999999999999,0,793439.0
"('10D', '12S', '14D')",14.129999999999999,0,793439.0
"('10D', '12S', '14H')",14.129999999999999,0,793439.0
"('10D', '12S', '14S')",14.129999999999999,0,793439.0
"('10H', '12C', '14C')",14.129999999999999,0,793439.0
"('10H', '12C', '14D')",14.129999999999999,0,793439.0
"('10H', '12C', '14H')",14.129999999999999,0,793439.0
"('10H', '12C', '14S')",14.129999999999999,0,793439.0
"('10H', '12D', '14C')",14.129999999999999,0,793439.0
"('10H', '12D', '14D')",14.129999999999999,0,793439.0
"('10H', '12D', '14H')",14.129999999999999,0,793439.0
"('10H', '12D', '14S')",14.129999999999999,0,793439.0
"('10H', '12H', '14C')",14.129999999999999,0,793439.0
"('10H', '12H', '14D')",14.129999999999999,0,793439.0
"('10H', '12H', '14H')",14.129999999999999,0,793439.0
"('10H', '12H', '14S')",14.129999999999999,0,793439.0
"('10H', '12S', '14C')",14.129999999999999,0,793439.0
"('10H', '12S', '14D')",14.129999999999999,0,793439.0
"('10H', '12S', '14H')",14.129999999999999,0,793439.0
"('10H', '12S', '14S')",14.129999999999999,0,793439.0
"('10S', '12C', '14C')",14.129999999999999,0,793439.0
"('10S', '12C', '14D')",14.129999999999999,0,793439.0
"('10S', '12C', '14H')",14.129999999999999,0,793439.0
"('10S', '12C', '14S')",14.129999999999999,0,793439.0
"('10S', '12D', '14C')",14.129999999999999,0,793439.0
"('10S', '12D', '14D')",14.129999999999999,0,793439.0
"('10S', '12D', '14H')",14.129999999999999,0,793439.0
"('10S', '12D', '14S')",14.129999999999999,0,793439.0
"('10S', '12H', '14C')",14.129999999999999,0,793439.0
"('10S', '12H', '14D')",14.129999999999999,0,793439.0
"('10S', '12H', '14H')",14.129999999999999,0,793439.0
"('10S', '12H', '14S')",14.129999999999999,0,793439.0
"('10S', '12S', '14C')",14.129999999999999,0,793439.0
"('10S', '12S', '14D')",14.129999999999999,0,793439.0
"('10S', '12S', '14H')",14.129999999999999,0,793439.0
"('10S', '12S', '14S')",14.129999999999999,0,793439.0
"('09C', '12C', '14C')",14.129,0,790543.0
"('09C', '12C', '14D')",14.129,0,790543.0
"('09C', '12C', '14H')",14.129,0,790543.0
"('09C', '12C', '14S')",14.129,0,790543.0
"('09C', '12D', '14C')",14.129,0,790543.0
"('09C', '12D', '14D')",14.129,0,790543.0
"('09C', '12D', '14H')",14.129,0,790543.0
"('09C', '12D', '14S')",14.129,0,790543.0
"('09C', '12H', '14C')",14.129,0,790543.0
"('09C', '12H', '14D')",14.129,0,790543.0
"('09C', '12H', '14H')",14.129,0,790543.0
"('09C', '12H', '14S')",14.129,0,790543.0
"('09C', '12S', '14C')",14.129,0,790543.0
"('09C', '12S', '14D')",14.129,0,790543.0
"('09C', '12S', '14H')",14.129,0,790543.0
"('09C', '12S', '14S')",14.129,0,790543.0
"('09D', '12C', '14C')",14.129,0,790543.0
"('09D', '12C', '14D')",14.129,0,790543.0
"('09D', '12C', '14H')",14.129,0,790543.0
"('09D', '12C', '14S')",14.129,0,790543.0
"('09D', '12D', '14C')",14.129,0,790543.0
"('09D', '12D', '14D')",14.129,0,790543.0
"('09D', '12D', '14H')",14.129,0,790543.0
"('09D', '12D', '14S')",14.129,0,790543.0
"('09D', '12H', '14C')",14.129,0,790543.0
"('09D', '12H', '14D')",14.129,0,790543.0
"('09D', '12H', '14H')",14.129,0,790543.0
"('09D', '12H', '14S')",14.129,0,790543.0
"('09D', '12S', '14C')",14.129,0,790543.0
"('09D', '12S', '14D')",14.129,0,790543.0
"('09D', '12S', '14H')",14.129,0,790543.0
"('09D', '12S', '14S')",14.129,0,790543.0
"('09H', '12C', '14C')",14.129,0,790543.0
"('09H', '12C', '14D')",14.129,0,790543.0
"('09H', '12C', '14H')",14.129,0,790543.0
"('09H', '12C', '14S')",14.129,0,790543.0
"('09H', '12D', '14C')",14.129,0,790543.0
"('09H', '12D', '14D')",14.129,0,790543.0
"('09H', '12D', '14H')",14.129,0,790543.0
"('09H', '12D', '14S')",14.129,0,790543.0
"('09H', '12H', '14C')",14.129,0,790543.0
"('09H', '12H', '14D')",14.129,0,790543.0
"('09H', '12H', '14H')",14.129,0,790543.0
"('09H', '12H', '14S')",14.129,0,790543.0
"('09H', '12S', '14C')",14.129,0,790543.0
"('09H', '12S', '14D')",14.129,0,790543.0
"('09H', '12S', '14H')",14.129,0,790543.0
"('09H', '12S', '14S')",14.129,0,790543.0
"('09S', '12C', '14C')",14.129,0,790543.0
"('09S', '12C', '14D')",14.129,0,790543.0
"('09S', '12C', '14H')",14.129,0,790543.0
"('09S', '12C', '14S')",14.129,0,790543.0
"('09S', '12D', '14C')",14.129,0,790543.0
"('09S', '12D', '14D')",14.129,0,790543.0
"('09S', '12D', '14H')",14.129,0,790543.0
"('09S', '12D', '14S')",14.129,0,790543.0
"('09S', '12H', '14C')",14.129,0,790543.0
"('09S', '12H', '14D')",14.129,0,790543.0
"('09S', '12H', '14H')",14.129,0,790543.0
"('09S', '12H', '14S')",14.129,0,790543.0
"('09S', '12S', '14C')",14.129,0,790543.0
"('09S', '12S', '14D')",14.129,0,790543.0
"('09S', '12S', '14H')",14.129,0,790543.0
"('09S', '12S', '14S')",14.129,0,790543.0
"('08C', '12C', '14C')",14.127999999999998,0,787647.0
"('08C', '12C', '14D')",14.127999999999998,0,787647.0
"('08C', '12C', '14H')",14.127999999999998,0,787647.0
"('08C', '12C', '14S')",14.127999999999998,0,787647.0
"('08C', '12D', '14C')",14.127999999999998,0,787647.0
"('08C', '12D', '14D')",14.127999999999998,0,787647.0
"('08C', '12D', '14H')",14.127999999999998,0,787647.0
"('08C', '12D', '14S')",14.127999999999998,0,787647.0
"('08C', '12H', '14C')",14.127999999999998,0,787647.0
"('08C', '12H', '14D')",14.127999999999998,0,787647.0
"('08C', '12H', '14H')",14.127999999999998,0,787647.0
"('08C', '12H', '14S')",14.127999999999998,0,787647.0
"('08C', '12S', '14C')",14.127999999999998,0,787647.0
"('08C', '12S', '14D')",14.127999999999998,0,787647.0
"('08C', '12S', '14H')",14.127999999999998,0,787647.0
"('08C', '12S', '14S')",14.127999999999998,0,787647.0
"('08D', '12C', '14C')",14.127999999999998,0,787647.0
"('08D', '12C', '14D')",14.127999999999998,0,787647.0
"('08D', '12C', '14H')",14.127999999999998,0,787647.0
"('08D', '12C', '14S')",14.127999999999998,0,787647.0
"('08D', '12D', '14C')",14.127999999999998,0,787647.0
"('08D', '12D', '14D')",14.127999999999998,0,787647.0
"('08D', '12D', '14H')",14.127999999999998,0,787647.0
"('08D', '12D', '14S')",14.127999999999998,0,787647.0
"('08D', '12H', '14C')",14.127999999999998,0,787647.0
"('08D', '12H', '14D')",14.127999999999998,0,787647.0
"('08D', '12H', '14H')",14.127999999999998,0,787647.0
"('08D', '12H', '14S')",14.127999999999998,0,787647.0
"('08D', '12S', '14C')",14.127999999999998,0,787647.0
"('08D', '12S', '14D')",14.127999999999998,0,787647.0
"('08D', '12S', '14H')",14.127999999999998,0,787647.0
"('08D', '12S', '14S')",14.127999999999998,0,787647.0
"('08H', '12C', '14C')",14.127999999999998,0,787647.0
"('08H', '12C', '14D')",14.127999999999998,0,787647.0
"('08H', '12C', '14H')",14.127999999999998,0,787647.0
"('08H', '12C', '14S')",14.127999999999998,0,787647.0
"('08H', '12D', '14C')",14.127999999999998,0,787647.0
"('08H', '12D', '14D')",14.127999999999998,0,787647.0
"('08H', '12D', '14H')",14.127999999999998,0,787647.0
"('08H', '12D', '14S')",14.127999999999998,0,787647.0
"('08H', '12H', '14C')",14.127999999999998,0,787647.0
"('08H', '12H', '14D')",14.127999999999998,0,787647.0
"('08H', '12H', '14H')",14.127999999999998,0,787647.0
"('08H', '12H', '14S')",14.127999999999998,0,787647.0
"('08H', '12S', '14C')",14.127999999999998,0,787647.0
"('08H', '12S', '14D')",14.127999999999998,0,787647.0
"('08H', '12S', '14H')",14.127999999999998,0,787647.0
"('08H', '12S', '14S')",14.127999999999998,0,787647.0
"('08S', '12C', '14C')",14.127999999999998,0,787647.0
"('08S', '12C', '14D')",14.127999999999998,0,787647.0
"('08S', '12C', '14H')",14.127999999999998,0,787647.0
"('08S', '12C', '14S')",14.127999999999998,0,787647.0
"('08S', '12D', '14C')",14.127999999999998,0,787647.0
"('08S', '12D', '14D')",14.127999999999998,0,787647.0
"('08S', '12D', '14H')",14.127999999999998,0,787647.0
"('08S', '12D', '14S')",14.127999999999998,0,787647.0
"('08S', '12H', '14C')",14.127999999999998,0,787647.0
"('08S', '12H', '14D')",14.127999999999998,0,787647.0
"('08S', '12H', '14H')",14.127999999999998,0,787647.0
"('08S', '12H', '14S')",14.127999999999998,0,787647.0
"('08S', '12S', '14C')",14.127999999999998,0,787647.0
"('08S', '12S', '14D')",14.127999999999998,0,787647.0
"('08S', '12S', '14H')",14.127999999999998,0,787647.0
"('08S', '12S', '14S')",14.127999999999998,0,787647.0
"('07C', '12C', '14C')",14.126999999999999,0,784751.0
"('07C', '12C', '14D')",14.126999999999999,0,784751.0
"('07C', '12C', '14H')",14.126999999999999,0,784751.0
"('07C', '12C', '14S')",14.126999999999999,0,784751.0
"('07C', '12D', '14C')",14.126999999999999,0,784751.0
"('07C', '12D', '14D')",14.126999999999999,0,784751.0
"('07C', '12D', '14H')",14.126999999999999,0,784751.0
"('07C', '12D', '14S')",14.126999999999999,0,784751.0
"('07C', '12H', '14C')",14.126999999999999,0,784751.0
"('07C', '12H', '14D')",14.126999999999999,0,784751.0
"('07C', '12H', '14H')",14.126999999999999,0,784751.0
"('07C', '12H', '14S')",14.126999999999999,0,784751.0
"('07C', '12S', '14C')",14.126999999999999,0,784751.0
"('07C', '12S', '14D')",14.126999999999999,0,784751.0
"('07C', '12S', '14H')",14.126999999999999,0,784751.0
"('07C', '12S', '14S')",14.126999999999999,0,784751.0
"('07D', '12C', '14C')",14.126999999999999,0,784751.0
"('07D', '12C', '14D')",14.126999999999999,0,784751.0
"('07D', '12C', '14H')",14.126999999999999,0,784751.0
"('07D', '12C', '14S')",14.126999999999999,0,784751.0
"('07D', '12D', '14C')",14.126999999999999,0,784751.0
"('07D', '12D', '14D')",14.126999999999999,0,784751.0
"('07D', '12D', '14H')",14.126999999999999,0,784751.0
"('07D', '12D', '14S')",14.126999999999999,0,784751.0
"('07D', '12H', '14C')",14.126999999999999,0,784751.0
"('07D', '12H', '14D')",14.126999999999999,0,784751.0
"('07D', '12H', '14H')",14.126999999999999,0,784751.0
"('07D', '12H', '14S')",14.126999999999999,0,784751.0
"('07D', '12S', '14C')",14.126999999999999,0,784751.0
"('07D', '12S', '14D')",14.126999999999999,0,784751.0
"('07D', '12S', '14H')",14.126999999999999,0,784751.0
"('07D', '12S', '14S')",14.126999999999999,0,784751.0
"('07H', '12C', '14C')",14.126999999999999,0,784751.0
"('07H', '12C', '14D')",14.126999999999999,0,784751.0
"('07H', '12C', '14H')",14.126999999999999,0,784751.0
"('07H', '12C', '14S')",14.126999999999999,0,784751.0
"('07H', '12D', '14C')",14.126999999999999,0,784751.0
"('07H', '12D', '14D')",14.126999999999999,0,784751.0
"('07H', '12D', '14H')",14.126999999999999,0,784751.0
"('07H', '12D', '14S')",14.126999999999999,0,784751.0
"('07H', '12H', '14C')",14.126999999999999,0,784751.0
"('07H', '12H', '14D')",14.126999999999999,0,784751.0
"('07H', '12H', '14H')",14.126999999999999,0,784751.0
"('07H', '12H', '14S')",14.126999999999999,0,784751.0
"('07H', '12S', '14C')",14.126999999999999,0,784751.0
"('07H', '12S', '14D')",14.126999999999999,0,784751.0
"('07H', '12S', '14H')",14.126999999999999,0,784751.0
"('07H', '12S', '14S')",14.126999999999999,0,784751.0
"('07S', '12C', '14C')",14.126999999999999,0,784751.0
"('07S', '12C', '14D')",14.126999999999999,0,784751.0
"('07S', '12C', '14H')",14.126999999999999,0,784751.0
"('07S', '12C', '14S')",14.126999999999999,0,784751.0
"('07S', '12D', '14C')",14.126999999999999,0,784751.0
"('07S', '12D', '14D')",14.126999999999999,0,784751.0
"('07S', '12D', '14H')",14.126999999999999,0,784751.0
"('07S', '12D', '14S')",14.126999999999999,0,784751.0
"('07S', '12H', '14C')",14.126999999999999,0,784751.0
"('07S', '12H', '14D')",14.126999999999999,0,784751.0
"('07S', '12H', '14H')",14.126999999999999,0,784751.0
"('07S', '12H', '14S')",14.126999999999999,0,784751.0
"('07S', '12S', '14C')",14.126999999999999,0,784751.0
"('07S', '12S', '14D')",14.126999999999999,0,784751.0
"('07S', '12S', '14H')",14.126999999999999,0,784751.0
"('07S', '12S', '14S')",14.126999999999999,0,784751.0
"('06C', '12C', '14C')",14.126,0,781855.0
"('06C', '12C', '14D')",14.126,0,781855.0
"('06C', '12C', '14H')",14.126,0,781855.0
"('06C', '12C', '14S')",14.126,0,781855.0
"('06C', '12D', '14C')",14.126,0,781855.0
"('06C', '12D', '14D')",14.126,0,781855.0
"('06C', '12D', '14H')",14.126,0,781855.0
"('06C', '12D', '14S')",14.126,0,781855.0
"('06C', '12H', '14C')",14.126,0,781855.0
"('06C', '12H', '14D')",14.126,0,781855.0
"('06C', '12H', '14H')",14.126,0,781855.0
"('06C', '12H', '14S')",14.126,0,781855.0
"('06C', '12S', '14C')",14.126,0,781855.0
"('06C', '12S', '14D')",14.126,0,781855.0
"('06C', '12S', '14H')",14.126,0,781855.0
"('06C', '12S', '14S')",14.126,0,781855.0
"('06D', '12C', '14C')",14.126,0,781855.0
"('06D', '12C', '14D')",14.126,0,781855.0
"('06D', '12C', '14H')",14.126,0,781855.0
"('06D', '12C', '14S')",14.126,0,781855.0
"('06D', '12D', '14C')",14.126,0,781855.0
"('06D', '12D', '14D')",14.126,0,781855.0
"('06D', '12D', '14H')",14.126,0,781855.0
"('06D', '12D', '14S')",14.126,0,781855.0
"('06D', '12H', '14C')",14.126,0,781855.0
"('06D', '12H', '14D')",14.126,0,781855.0
"('06D', '12H', '14H')",14.126,0,781855.0
"('06D', '12H', '14S')",14.126,0,781855.0
"('06D', '12S', '14C')",14.126,0,781855.0
"('06D', '12S', '14D')",14.126,0,781855.0
"('06D', '12S', '14H')",14.126,0,781855.0
"('06D', '12S', '14S')",14.126,0,781855.0
"('06H', '12C', '14C')",14.126,0,781855.0
"('06H', '12C', '14D')",14.126,0,781855.0
"('06H', '12C', '14H')",14.126,0,781855.0
"('06H', '12C', '14S')",14.126,0,781855.0
"('06H', '12D', '14C')",14.126,0,781855.0
"('06H', '12D', '14D')",14.126,0,781855.0
"('06H', '12D', '14H')",14.126,0,781855.0
"('06H', '12D', '14S')",14.126,0,781855.0
"('06H', '12H', '14C')",14.126,0,781855.0
"('06H', '12H', '14D')",14.126,0,781855.0
"('06H', '12H', '14H')",14.126,0,781855.0
"('06H', '12H', '14S')",14.126,0,781855.0
"('06H', '12S', '14C')",14.126,0,781855.0
"('06H', '12S', '14D')",14.126,0,781855.0
"('06H', '12S', '14H')",14.126,0,781855.0
"('06H', '12S', '14S')",14.126,0,781855.0
"('06S', '12C', '14C')",14.126,0,781855.0
"('06S', '12C', '14D')",14.126,0,781855.0
"('06S', '12C', '14H')",14.126,0,781855.0
"('06S', '12C', '14S')",14.126,0,781855.0
"('06S', '12D', '14C')",14.126,0,781855.0
"('06S', '12D', '14D')",14.126,0,781855.0
"('06S', '12D', '14H')",14.126,0,781855.0
"('06S', '12D', '14S')",14.126,0,781855.0
"('06S', '12H', '14C')",14.126,0,781855.0
"('06S', '12H', '14D')",14.126,0,781855.0
"('06S', '12H', '14H')",14.126,0,781855.0
"('06S', '12H', '14S')",14.126,0,781855.0
"('06S', '12S', '14C')",14.126,0,781855.0
"('06S', '12S', '14D')",14.126,0,781855.0
"('06S', '12S', '14H')",14.126,0,781855.0
"('06S', '12S', '14S')",14.126,0,781855.0
"('05C', '12C', '14C')",14.125,0,778959.0
"('05C', '12C', '14D')",14.125,0,778959.0
"('05C', '12C', '14H')",14.125,0,778959.0
"('05C', '12C', '14S')",14.125,0,778959.0
"('05C', '12D', '14C')",14.125,0,778959.0
"('05C', '12D', '14D')",14.125,0,778959.0
"('05C', '12D', '14H')",14.125,0,778959.0
"('05C', '12D', '14S')",14.125,0,778959.0
"('05C', '12H', '14C')",14.125,0,778959.0
"('05C', '12H', '14D')",14.125,0,778959.0
"('05C', '12H', '14H')",14.125,0,778959.0
"('05C', '12H', '14S')",14.125,0,778959.0
"('05C', '12S', '14C')",14.125,0,778959.0
"('05C', '12S', '14D')",14.125,0,778959.0
"('05C', '12S', '14H')",14.125,0,778959.0
"('05C', '12S', '14S')",14.125,0,778959.0
"('05D', '12C', '14C')",14.125,0,778959.0
"('05D', '12C', '14D')",14.125,0,778959.0
"('05D', '12C', '14H')",14.125,0,778959.0
"('05D', '12C', '14S')",14.125,0,778959.0
"('05D', '12D', '14C')",14.125,0,778959.0
"('05D', '12D', '14D')",14.125,0,778959.0
"('05D', '12D', '14H')",14.125,0,778959.0
"('05D', '12D', '14S')",14.125,0,778959.0
"('05D', '12H', '14C')",14.125,0,778959.0
"('05D', '12H', '14D')",14.125,0,778959.0
"('05D', '12H', '14H')",14.125,0,778959.0
"('05D', '12H', '14S')",14.125,0,778959.0
"('05D', '12S', '14C')",14.125,0,778959.0
"('05D', '12S', '14D')",14.125,0,778959.0
"('05D', '12S', '14H')",14.125,0,778959.0
"('05D', '12S', '14S')",14.125,0,778959.0
"('05H', '12C', '14C')",14.125,0,778959.0
"('05H', '12C', '14D')",14.125,0,778959.0
"('05H', '12C', '14H')",14.125,0,778959.0
"('05H', '12C', '14S')",14.125,0,778959.0
"('05H', '12D', '14C')",14.125,0,778959.0
"('05H', '12D', '14D')",14.125,0,778959.0
"('05H', '12D', '14H')",14.125,0,778959.0
"('05H', '12D', '14S')",14.125,0,778959.0
"('05H', '12H', '14C')",14.125,0,778959.0
"('05H', '12H', '14D')",14.125,0,778959.0
"('05H', '12H', '14H')",14.125,0,778959.0
"('05H', '12H', '14S')",14.125,0,778959.0
"('05H', '12S', '14C')",14.125,0,778959.0
"('05H', '12S', '14D')",14.125,0,778959.0
"('05H', '12S', '14H')",14.125,0,778959.0
"('05H', '12S', '14S')",14.125,0,778959.0
"('05S', '12C', '14C')",14.125,0,778959.0
"('05S', '12C', '14D')",14.125,0,778959.0
"('05S', '12C', '14H')",14.125,0,778959.0
"('05S', '12C', '14S')",14.125,0,778959.0
"('05S', '12D', '14C')",14.125,0,778959.0
"('05S', '12D', '14D')",14.125,0,778959.0
"('05S', '12D', '14H')",14.125,0,778959.0
"('05S', '12D', '14S')",14.125,0,778959.0
"('05S', '12H', '14C')",14.125,0,778959.0
"('05S', '12H', '14D')",14.125,0,778959.0
"('05S', '12H', '14H')",14.125,0,778959.0
"('05S', '12H', '14S')",14.125,0,778959.0
"('05S', '12S', '14C')",14.125,0,778959.0
"('05S', '12S', '14D')",14.125,0,778959.0
"('05S', '12S', '14H')",14.125,0,778959.0
"('05S', '12S', '14S')",14.125,0,778959.0
"('04C', '12C', '14C')",14.123999999999999,0,776063.0
"('04C', '12C', '14D')",14.123999999999999,0,776063.0
"('04C', '12C', '14H')",14.123999999999999,0,776063.0
"('04C', '12C', '14S')",14.123999999999999,0,776063.0
"('04C', '12D', '14C')",14.123999999999999,0,776063.0
"('04C', '12D', '14D')",14.123999999999999,0,776063.0
"('04C', '12D', '14H')",14.123999999999999,0,776063.0
"('04C', '12D', '14S')",14.123999999999999,0,776063.0
"('04C', '12H', '14C')",14.123999999999999,0,776063.0
"('04C', '12H', '14D')",14.123999999999999,0,776063.0
"('04C', '12H', '14H')",14.123999999999999,0,776063.0
"('04C', '12H', '14S')",14.123999999999999,0,776063.0
"('04C', '12S', '14C')",14.123999999999999,0,776063.0
"('04C', '12S', '14D')",14.123999999999999,0,776063.0
"('04C', '12S', '14H')",14.123999999999999,0,776063.0
"('04C', '12S', '14S')",14.123999999999999,0,776063.0
"('04D', '12C', '14C')",14.123999999999999,0,776063.0
"('04D', '12C', '14D')",14.123999999999999,0,776063.0
"('04D', '12C', '14H')",14.123999999999999,0,776063.0
"('04D', '12C', '14S')",14.123999999999999,0,776063.0
"('04D', '12D', '14C')",14.123999999999999,0,776063.0
"('04D', '12D', '14D')",14.123999999999999,0,776063.0
"('04D', '12D', '14H')",14.123999999999999,0,776063.0
"('04D', '12D', '14S')",14.123999999999999,0,776063.0
"('04D', '12H', '14C')",14.123999999999999,0,776063.0
"('04D', '12H', '14D')",14.123999999999999,0,776063.0
"('04D', '12H', '14H')",14.123999999999999,0,776063.0
"('04D', '12H', '14S')",14.123999999999999,0,776063.0
"('04D', '12S', '14C')",14.123999999999999,0,776063.0
"('04D', '12S', '14D')",14.123999999999999,0,776063.0
"('04D', '12S', '14H')",14.123999999999999,0,776063.0
"('04D', '12S', '14S')",14.123999999999999,0,776063.0
"('04H', '12C', '14C')",14.123999999999999,0,776063.0
"('04H', '12C', '14D')",14.123999999999999,0,776063.0
"('04H', '12C', '14H')",14.123999999999999,0,776063.0
"('04H', '12C', '14S')",14.123999999999999,0,776063.0
"('04H', '12D', '14C')",14.123999999999999,0,776063.0
"('04H', '12D', '14D')",14.123999999999999,0,776063.0
"('04H', '12D', '14H')",14.123999999999999,0,776063.0
"('04H', '12D', '14S')",14.123999999999999,0,776063.0
"('04H', '12H', '14C')",14.123999999999999,0,776063.0
"('04H', '12H', '14D')",14.123999999999999,0,776063.0
"('04H', '12H', '14H')",14.123999999999999,0,776063.0
"('04H', '12H', '14S')",14.123999999999999,0,776063.0
"('04H', '12S', '14C')",14.123999999999999,0,776063.0
"('04H', '12S', '14D')",14.123999999999999,0,776063.0
"('04H', '12S', '14H')",14.123999999999999,0,776063.0
"('04H', '12S', '14S')",14.123999999999999,0,776063.0
"('04S', '12C', '14C')",14.123999999999999,0,776063.0
"('04S', '12C', '14D')",14.123999999999999,0,776063.0
"('04S', '12C', '14H')",14.123999999999999,0,776063.0
"('04S', '12C', '14S')",14.123999999999999,0,776063.0
"('04S', '12D', '14C')",14.123999999999999,0,776063.0
"('04S', '12D', '14D')",14.123999999999999,0,776063.0
"('04S', '12D', '14H')",14.123999999999999,0,776063.0
"('04S', '12D', '14S')",14.123999999999999,0,776063.0
"('04S', '12H', '14C')",14.123999999999999,0,776063.0
"('04S', '12H', '14D')",14.123999999999999,0,776063.0
"('04S', '12H', '14H')",14.123999999999999,0,776063.0
"('04S', '12H', '14S')",14.123999999999999,0,776063.0
"('04S', '12S', '14C')",14.123999999999999,0,776063.0
"('04S', '12S', '14D')",14.123999999999999,0,776063.0
"('04S', '12S', '14H')",14.123999999999999,0,776063.0
"('04S', '12S', '14S')",14.123999999999999,0,776063.0
"('03C', '12C', '14C')",14.123,0,773167.0
"('03C', '12C', '14D')",14.123,0,773167.0
"('03C', '12C', '14H')",14.123,0,773167.0
"('03C', '12C', '14S')",14.123,0,773167.0
"('03C', '12D', '14C')",14.123,0,773167.0
"('03C', '12D', '14D')",14.123,0,773167.0
"('03C', '12D', '14H')",14.123,0,773167.0
"('03C', '12D', '14S')",14.123,0,773167.0
"('03C', '12H', '14C')",14.123,0,773167.0
"('03C', '12H', '14D')",14.123,0,773167.0
"('03C', '12H', '14H')",14.123,0,773167.0
"('03C', '12H', '14S')",14.123,0,773167.0
"('03C', '12S', '14C')",14.123,0,773167.0
"('03C', '12S', '14D')",14.123,0,773167.0
"('03C', '12S', '14H')",14.123,0,773167.0
"('03C', '12S', '14S')",14.123,0,773167.0
"('03D', '12C', '14C')",14.123,0,773167.0
"('03D', '12C', '14D')",14.123,0,773167.0
"('03D', '12C', '14H')",14.123,0,773167.0
"('03D', '12C', '14S')",14.123,0,773167.0
"('03D', '12D', '14C')",14.123,0,773167.0
"('03D', '12D', '14D')",14.123,0,773167.0
"('03D', '12D', '14H')",14.123,0,773167.0
"('03D', '12D', '14S')",14.123,0,773167.0
"('03D', '12H', '14C')",14.123,0,773167.0
"('03D', '12H', '14D')",14.123,0,773167.0
"('03D', '12H', '14H')",14.123,0,773167.0
"('03D', '12H', '14S')",14.123,0,773167.0
"('03D', '12S', '14C')",14.123,0,773167.0
"('03D', '12S', '14D')",14.123,0,773167.0
"('03D', '12S', '14H')",14.123,0,773167.0
"('03D', '12S', '14S')",14.123,0,773167.0
"('03H', '12C', '14C')",14.123,0,773167.0
"('03H', '12C', '14D')",14.123,0,773167.0
"('03H', '12C', '14H')",14.123,0,773167.0
"('03H', '12C', '14S')",14.123,0,773167.0
"('03H', '12D', '14C')",14.123,0,773167.0
"('03H', '12D', '14D')",14.123,0,773167.0
"('03H', '12D', '14H')",14.123,0,773167.0
"('03H', '12D', '14S')",14.123,0,773167.0
"('03H', '12H', '14C')",14.123,0,773167.0
"('03H', '12H', '14D')",14.123,0,773167.0
"('03H', '12H', '14H')",14.123,0,773167.0
"('03H', '12H', '14S')",14.123,0,773167.0
"('03H', '12S', '14C')",14.123,0,773167.0
"('03H', '12S', '14D')",14.123,0,773167.0
"('03H', '12S', '14H')",14.123,0,773167.0
"('03H', '12S', '14S')",14.123,0,773167.0
"('03S', '12C', '14C')",14.123,0,773167.0
"('03S', '12C', '14D')",14.123,0,773167.0
"('03S', '12C', '14H')",14.123,0,773167.0
"('03S', '12C', '14S')",14.123,0,773167.0
"('03S', '12D', '14C')",14.123,0,773167.0
"('03S', '12D', '14D')",14.123,0,773167.0
"('03S', '12D', '14H')",14.123,0,773167.0
"('03S', '12D', '14S')",14.123,0,773167.0
"('03S', '12H', '14C')",14.123,0,773167.0
"('03S', '12H', '14D')",14.123,0,773167.0
"('03S', '12H', '14H')",14.123,0,773167.0
"('03S', '12H', '14S')",14.123,0,773167.0
"('03S', '12S', '14C')",14.123,0,773167.0
"('03S', '12S', '14D')",14.123,0,773167.0
"('03S', '12S', '14H')",14.123,0,773167.0
"('03S', '12S', '14S')",14.123,0,773167.0
"('02C', '12C', '14C')",14.122,0,770271.0
"('02C', '12C', '14D')",14.122,0,770271.0
"('02C', '12C', '14H')",14.122,0,770271.0
"('02C', '12C', '14S')",14.122,0,770271.0
"('02C', '12D', '14C')",14.122,0,770271.0
"('02C', '12D', '14D')",14.122,0,770271.0
"('02C', '12D', '14H')",14.122,0,770271.0
"('02C', '12D', '14S')",14.122,0,770271.0
"('02C', '12H', '14C')",14.122,0,770271.0
"('02C', '12H', '14D')",14.122,0,770271.0
"('02C', '12H', '14H')",14.122,0,770271.0
"('02C', '12H', '14S')",14.122,0,770271.0
"('02C', '12S', '14C')",14.122,0,770271.0
"('02C', '12S', '14D')",14.122,0,770271.0
"('02C', '12S', '14H')",14.122,0,770271.0
"('02C', '12S', '14S')",14.122,0,770271.0
"('02D', '12C', '14C')",14.122,0,770271.0
"('02D', '12C', '14D')",14.122,0,770271.0
"('02D', '12C', '14H')",14.122,0,770271.0
"('02D', '12C', '14S')",14.122,0,770271.0
"('02D', '12D', '14C')",14.122,0,770271.0
"('02D', '12D', '14D')",14.122,0,770271.0
"('02D', '12D', '14H')",14.122,0,770271.0
"('02D', '12D', '14S')",14.122,0,770271.0
"('02D', '12H', '14C')",14.122,0,770271.0
"('02D', '12H', '14D')",14.122,0,770271.0
"('02D', '12H', '14H')",14.122,0,770271.0
"('02D', '12H', '14S')",14.122,0,770271.0
"('02D', '12S', '14C')",14.122,0,770271.0
"('02D', '12S', '14D')",14.122,0,770271.0
"('02D', '12S', '14H')",14.122,0,770271.0
"('02D', '12S', '14S')",14.122,0,770271.0
"('02H', '12C', '14C')",14.122,0,770271.0
"('02H', '12C', '14D')",14.122,0,770271.0
"('02H', '12C', '14H')",14.122,0,770271.0
"('02H', '12C', '14S')",14.122,0,770271.0
"('02H', '12D', '14C')",14.122,0,770271.0
"('02H', '12D', '14D')",14.122,0,770271.0
"('02H', '12D', '14H')",14.122,0,770271.0
"('02H', '12D', '14S')",14.122,0,770271.0
"('02H', '12H', '14C')",14.122,0,770271.0
"('02H', '12H', '14D')",14.122,0,770271.0
"('02H', '12H', '14H')",14.122,0,770271.0
"('02H', '12H', '14S')",14.122,0,770271.0
"('02H', '12S', '14C')",14.122,0,770271.0
"('02H', '12S', '14D')",14.122,0,770271.0
"('02H', '12S', '14H')",14.122,0,770271.0
"('02H', '12S', '14S')",14.122,0,770271.0
"('02S', '12C', '14C')",14.122,0,770271.0
"('02S', '12C', '14D')",14.122,0,770271.0
"('02S', '12C', '14H')",14.122,0,770271.0
"('02S', '12C', '14S')",14.122,0,770271.0
"('02S', '12D', '14C')",14.122,0,770271.0
"('02S', '12D', '14D')",14.122,0,770271.0
"('02S', '12D', '14H')",14.122,0,770271.0
"('02S', '12D', '14S')",14.122,0,770271.0
"('02S', '12H', '14C')",14.122,0,770271.0
"('02S', '12H', '14D')",14.122,0,770271.0
"('02S', '12H', '14H')",14.122,0,770271.0
"('02S', '12H', '14S')",14.122,0,770271.0
"('02S', '12S', '14C')",14.122,0,770271.0
"('02S', '12S', '14D')",14.122,0,770271.0
"('02S', '12S', '14H')",14.122,0,770271.0
"('02S', '12S', '14S')",14.122,0,770271.0
"('10C', '11C', '14C')",14.12,0,767376.0
"('10C', '11C', '14D')",14.12,0,767376.0
"('10C', '11C', '14H')",14.12,0,767376.0
"('10C', '11C', '14S')",14.12,0,767376.0
"('10C', '11D', '14C')",14.12,0,767376.0
"('10C', '11D', '14D')",14.12,0,767376.0
"('10C', '11D', '14H')",14.12,0,767376.0
"('10C', '11D', '14S')",14.12,0,767376.0
"('10C', '11H', '14C')",14.12,0,767376.0
"('10C', '11H', '14D')",14.12,0,767376.0
"('10C', '11H', '14H')",14.12,0,767376.0
"('10C', '11H', '14S')",14.12,0,767376.0
"('10C', '11S', '14C')",14.12,0,767376.0
"('10C', '11S', '14D')",14.12,0,767376.0
"('10C', '11S', '14H')",14.12,0,767376.0
"('10C', '11S', '14S')",14.12,0,767376.0
"('10D', '11C', '14C')",14.12,0,767376.0
"('10D', '11C', '14D')",14.12,0,767376.0
"('10D', '11C', '14H')",14.12,0,767376.0
"('10D', '11C', '14S')",14.12,0,767376.0
"('10D', '11D', '14C')",14.12,0,767376.0
"('10D', '11D', '14D')",14.12,0,767376.0
"('10D', '11D', '14H')",14.12,0,767376.0
"('10D', '11D', '14S')",14.12,0,767376.0
"('10D', '11H', '14C')",14.12,0,767376.0
"('10D', '11H', '14D')",14.12,0,767376.0
"('10D', '11H', '14H')",14.12,0,767376.0
"('10D', '11H', '14S')",14.12,0,767376.0
"('10D', '11S', '14C')",14.12,0,767376.0
"('10D', '11S', '14D')",14.12,0,767376.0
"('10D', '11S', '14H')",14.12,0,767376.0
"('10D', '11S', '14S')",14.12,0,767376.0
"('10H', '11C', '14C')",14.12,0,767376.0
"('10H', '11C', '14D')",14.12,0,767376.0
"('10H', '11C', '14H')",14.12,0,767376.0
"('10H', '11C', '14S')",14.12,0,767376.0
"('10H', '11D', '14C')",14.12,0,767376.0
"('10H', '11D', '14D')",14.12,0,767376.0
"('10H', '11D', '14H')",14.12,0,767376.0
"('10H', '11D', '14S')",14.12,0,767376.0
"('10H', '11H', '14C')",14.12,0,767376.0
"('10H', '11H', '14D')",14.12,0,767376.0
"('10H', '11H', '14H')",14.12,0,767376.0
"('10H', '11H', '14S')",14.12,0,767376.0
"('10H', '11S', '14C')",14.12,0,767376.0
"('10H', '11S', '14D')",14.12,0,767376.0
"('10H', '11S', '14H')",14.12,0,767376.0
"('10H', '11S', '14S')",14.12,0,767376.0
"('10S', '11C', '14C')",14.12,0,767376.0
"('10S', '11C', '14D')",14.12,0,767376.0
"('10S', '11C', '14H')",14.12,0,767376.0
"('10S', '11C', '14S')",14.12,0,767376.0
"('10S', '11D', '14C')",14.12,0,767376.0
"('10S', '11D', '14D')",14.12,0,767376.0
"('10S', '11D', '14H')",14.12,0,767376.0
"('10S', '11D', '14S')",14.12,0,767376.0
"('10S', '11H', '14C')",14.12,0,767376.0
"('10S', '11H', '14D')",14.12,0,767376.0
"('10S', '11H', '14H')",14.12,0,767376.0
"('10S', '11H', '14S')",14.12,0,767376.0
"('10S', '11S', '14C')",14.12,0,767376.0
"('10S', '11S', '14D')",14.12,0,767376.0
"('10S', '11S', '14H')",14.12,0,767376.0
"('10S', '11S', '14S')",14.12,0,767376.0
"('09C', '11C', '14C')",14.119,0,764480.0
"('09C', '11C', '14D')",14.119,0,764480.0
"('09C', '11C', '14H')",14.119,0,764480.0
"('09C', '11C', '14S')",14.119,0,764480.0
"('09C', '11D', '14C')",14.119,0,764480.0
"('09C', '11D', '14D')",14.119,0,764480.0
"('09C', '11D', '14H')",14.119,0,764480.0
"('09C', '11D', '14S')",14.119,0,764480.0
"('09C', '11H', '14C')",14.119,0,764480.0
"('09C', '11H', '14D')",14.119,0,764480.0
"('09C', '11H', '14H')",14.119,0,764480.0
"('09C', '11H', '14S')",14.119,0,764480.0
"('09C', '11S', '14C')",14.119,0,764480.0
"('09C', '11S', '14D')",14.119,0,764480.0
"('09C', '11S', '14H')",14.119,0,764480.0
"('09C', '11S', '14S')",14.119,0,764480.0
"('09D', '11C', '14C')",14.119,0,764480.0
"('09D', '11C', '14D')",14.119,0,764480.0
"('09D', '11C', '14H')",14.119,0,764480.0
"('09D', '11C', '14S')",14.119,0,764480.0
"('09D', '11D', '14C')",14.119,0,764480.0
"('09D', '11D', '14D')",14.119,0,764480.0
"('09D', '11D', '14H')",14.119,0,764480.0
"('09D', '11D', '14S')",14.119,0,764480.0
"('09D', '11H', '14C')",14.119,0,764480.0
"('09D', '11H', '14D')",14.119,0,764480.0
"('09D', '11H', '14H')",14.119,0,764480.0
"('09D', '11H', '14S')",14.119,0,764480.0
"('09D', '11S', '14C')",14.119,0,764480.0
"('09D', '11S', '14D')",14.119,0,764480.0
"('09D', '11S', '14H')",14.119,0,764480.0
"('09D', '11S', '14S')",14.119,0,764480.0
"('09H', '11C', '14C')",14.119,0,764480.0
"('09H', '11C', '14D')",14.119,0,764480.0
"('09H', '11C', '14H')",14.119,0,764480.0
"('09H', '11C', '14S')",14.119,0,764480.0
"('09H', '11D', '14C')",14.119,0,764480.0
"('09H', '11D', '14D')",14.119,0,764480.0
"('09H', '11D', '14H')",14.119,0,764480.0
"('09H', '11D', '14S')",14.119,0,764480.0
"('09H', '11H', '14C')",14.119,0,764480.0
"('09H', '11H', '14D')",14.119,0,764480.0
"('09H', '11H', '14H')",14.119,0,764480.0
"('09H', '11H', '14S')",14.119,0,764480.0
"('09H', '11S', '14C')",14.119,0,764480.0
"('09H', '11S', '14D')",14.119,0,764480.0
"('09H', '11S', '14H')",14.119,0,764480.0
"('09H', '11S', '14S')",14.119,0,764480.0
"('09S', '11C', '14C')",14.119,0,764480.0
"('09S', '11C', '14D')",14.119,0,764480.0
"('09S', '11C', '14H')",14.119,0,764480.0
"('09S', '11C', '14S')",14.119,0,764480.0
"('09S', '11D', '14C')",14.119,0,764480.0
"('09S', '11D', '14D')",14.119,0,764480.0
"('09S', '11D', '14H')",14.119,0,764480.0
"('09S', '11D', '14S')",14.119,0,764480.0
"('09S', '11H', '14C')",14.119,0,764480.0
"('09S', '11H', '14D')",14.119,0,764480.0
"('09S', '11H', '14H')",14.119,0,764480.0
"('09S', '11H', '14S')",14.119,0,764480.0
"('09S', '11S', '14C')",14.119,0,764480.0
"('09S', '11S', '14D')",14.119,0,764480.0
"('09S', '11S', '14H')",14.119,0,764480.0
"('09S', '11S', '14S')",14.119,0,764480.0
"('08C', '11C', '14C')",14.117999999999999,0,761584.0
"('08C', '11C', '14D')",14.117999999999999,0,761584.0
"('08C', '11C', '14H')",14.117999999999999,0,761584.0
"('08C', '11C', '14S')",14.117999999999999,0,761584.0
"('08C', '11D', '14C')",14.117999999999999,0,761584.0
"('08C', '11D', '14D')",14.117999999999999,0,761584.0
"('08C', '11D', '14H')",14.117999999999999,0,761584.0
"('08C', '11D', '14S')",14.117999999999999,0,761584.0
"('08C', '11H', '14C')",14.117999999999999,0,761584.0
"('08C', '11H', '14D')",14.117999999999999,0,761584.0
"('08C', '11H', '14H')",14.117999999999999,0,761584.0
"('08C', '11H', '14S')",14.117999999999999,0,761584.0
"('08C', '11S', '14C')",14.117999999999999,0,761584.0
"('08C', '11S', '14D')",14.117999999999999,0,761584.0
"('08C', '11S', '14H')",14.117999999999999,0,761584.0
"('08C', '11S', '14S')",14.117999999999999,0,761584.0
"('08D', '11C', '14C')",14.117999999999999,0,761584.0
"('08D', '11C', '14D')",14.117999999999999,0,761584.0
"('08D', '11C', '14H')",14.117999999999999,0,761584.0
"('08D', '11C', '14S')",14.117999999999999,0,761584.0
"('08D', '11D', '14C')",14.117999999999999,0,761584.0
"('08D', '11D', '14D')",14.117999999999999,0,761584.0
"('08D', '11D', '14H')",14.117999999999999,0,761584.0
"('08D', '11D', '14S')",14.117999999999999,0,761584.0
"('08D', '11H', '14C')",14.117999999999999,0,761584.0
"('08D', '11H', '14D')",14.117999999999999,0,761584.0
"('08D', '11H', '14H')",14.117999999999999,0,761584.0
"('08D', '11H', '14S')",14.117999999999999,0,761584.0
"('08D', '11S', '14C')",14.117999999999999,0,761584.0
"('08D', '11S', '14D')",14.117999999999999,0,761584.0
"('08D', '11S', '14H')",14.117999999999999,0,761584.0
"('08D', '11S', '14S')",14.117999999999999,0,761584.0
"('08H', '11C', '14C')",14.117999999999999,0,761584.0
"('08H', '11C', '14D')",14.117999999999999,0,761584.0
"('08H', '11C', '14H')",14.117999999999999,0,761584.0
"('08H', '11C', '14S')",14.117999999999999,0,761584.0
"('08H', '11D', '14C')",14.117999999999999,0,761584.0
"('08H', '11D', '14D')",14.117999999999999,0,761584.0
"('08H', '11D', '14H')",14.117999999999999,0,761584.0
"('08H', '11D', '14S')",14.117999999999999,0,761584.0
"('08H', '11H', '14C')",14.117999999999999,0,761584.0
"('08H', '11H', '14D')",14.117999999999999,0,761584.0
"('08H', '11H', '14H')",14.117999999999999,0,761584.0
"('08H', '11H', '14S')",14.117999999999999,0,761584.0
"('08H', '11S', '14C')",14.117999999999999,0,761584.0
"('08H', '11S', '14D')",14.117999999999999,0,761584.0
"('08H', '11S', '14H')",14.117999999999999,0,761584.0
"('08H', '11S', '14S')",14.117999999999999,0,761584.0
"('08S', '11C', '14C')",14.117999999999999,0,761584.0
"('08S', '11C', '14D')",14.117999999999999,0,761584.0
"('08S', '11C', '14H')",14.117999999999999,0,761584.0
"('08S', '11C', '14S')",14.117999999999999,0,761584.0
"('08S', '11D', '14C')",14.117999999999999,0,761584.0
"('08S', '11D', '14D')",14.117999999999999,0,761584.0
"('08S', '11D', '14H')",14.117999999999999,0,761584.0
"('08S', '11D', '14S')",14.117999999999999,0,761584.0
"('08S', '11H', '14C')",14.117999999999999,0,761584.0
"('08S', '11H', '14D')",14.117999999999999,0,761584.0
"('08S', '11H', '14H')",14.117999999999999,0,761584.0
"('08S', '11H', '14S')",14.117999999999999,0,761584.0
"('08S', '11S', '14C')",14.117999999999999,0,761584.0
"('08S', '11S', '14D')",14.117999999999999,0,761584.0
"('08S', '11S', '14H')",14.117999999999999,0,761584.0
"('08S', '11S', '14S')",14.117999999999999,0,761584.0
"('07C', '11C', '14C')",14.116999999999999,0,758688.0
"('07C', '11C', '14D')",14.116999999999999,0,758688.0
"('07C', '11C', '14H')",14.116999999999999,0,758688.0
"('07C', '11C', '14S')",14.116999999999999,0,758688.0
"('07C', '11D', '14C')",14.116999999999999,0,758688.0
"('07C', '11D', '14D')",14.116999999999999,0,758688.0
"('07C', '11D', '14H')",14.116999999999999,0,758688.0
"('07C', '11D', '14S')",14.116999999999999,0,758688.0
"('07C', '11H', '14C')",14.116999999999999,0,758688.0
"('07C', '11H', '14D')",14.116999999999999,0,758688.0
"('07C', '11H', '14H')",14.116999999999999,0,758688.0
"('07C', '11H', '14S')",14.116999999999999,0,758688.0
"('07C', '11S', '14C')",14.116999999999999,0,758688.0
"('07C', '11S', '14D')",14.116999999999999,0,758688.0
"('07C', '11S', '14H')",14.116999999999999,0,758688.0
"('07C', '11S', '14S')",14.116999999999999,0,758688.0
"('07D', '11C', '14C')",14.116999999999999,0,758688.0
"('07D', '11C', '14D')",14.116999999999999,0,758688.0
"('07D', '11C', '14H')",14.116999999999999,0,758688.0
"('07D', '11C', '14S')",14.116999999999999,0,758688.0
"('07D', '11D', '14C')",14.116999999999999,0,758688.0
"('07D', '11D', '14D')",14.116999999999999,0,758688.0
"('07D', '11D', '14H')",14.116999999999999,0,758688.0
"('07D', '11D', '14S')",14.116999999999999,0,758688.0
"('07D', '11H', '14C')",14.116999999999999,0,758688.0
"('07D', '11H', '14D')",14.116999999999999,0,758688.0
"('07D', '11H', '14H')",14.116999999999999,0,758688.0
"('07D', '11H', '14S')",14.116999999999999,0,758688.0
"('07D', '11S', '14C')",14.116999999999999,0,758688.0
"('07D', '11S', '14D')",14.116999999999999,0,758688.0
"('07D', '11S', '14H')",14.116999999999999,0,758688.0
"('07D', '11S', '14S')",14.116999999999999,0,758688.0
"('07H', '11C', '14C')",14.116999999999999,0,758688.0
"('07H', '11C', '14D')",14.116999999999999,0,758688.0
"('07H', '11C', '14H')",14.116999999999999,0,758688.0
"('07H', '11C', '14S')",14.116999999999999,0,758688.0
"('07H', '11D', '14C')",14.116999999999999,0,758688.0
"('07H', '11D', '14D')",14.116999999999999,0,758688.0
"('07H', '11D', '14H')",14.116999999999999,0,758688.0
"('07H', '11D', '14S')",14.116999999999999,0,758688.0
"('07H', '11H', '14C')",14.116999999999999,0,758688.0
"('07H', '11H', '14D')",14.116999999999999,0,758688.0
"('07H', '11H', '14H')",14.116999999999999,0,758688.0
"('07H', '11H', '14S')",14.116999999999999,0,758688.0
"('07H', '11S', '14C')",14.116999999999999,0,758688.0
"('07H', '11S', '14D')",14.116999999999999,0,758688.0
"('07H', '11S', '14H')",14.116999999999999,0,758688.0
"('07H', '11S', '14S')",14.116999999999999,0,758688.0
"('07S', '11C', '14C')",14.116999999999999,0,758688.0
"('07S', '11C', '14D')",14.116999999999999,0,758688.0
"('07S', '11C', '14H')",14.116999999999999,0,758688.0
"('07S', '11C', '14S')",14.116999999999999,0,758688.0
"('07S', '11D', '14C')",14.116999999999999,0,758688.0
"('07S', '11D', '14D')",14.116999999999999,0,758688.0
"('07S', '11D', '14H')",14.116999999999999,0,758688.0
"('07S', '11D', '14S')",14.116999999999999,0,758688.0
"('07S', '11H', '14C')",14.116999999999999,0,758688.0
"('07S', '11H', '14D')",14.116999999999999,0,758688.0
"('07S', '11H', '14H')",14.116999999999999,0,758688.0
"('07S', '11H', '14S')",14.116999999999999,0,758688.0
"('07S', '11S', '14C')",14.116999999999999,0,758688.0
"('07S', '11S', '14D')",14.116999999999999,0,758688.0
"('07S', '11S', '14H')",14.116999999999999,0,758688.0
"('07S', '11S', '14S')",14.116999999999999,0,758688.0
"('06C', '11C', '14C')",14.116,0,755792.0
"('06C', '11C', '14D')",14.116,0,755792.0
"('06C', '11C', '14H')",14.116,0,755792.0
"('06C', '11C', '14S')",14.116,0,755792.0
"('06C', '11D', '14C')",14.116,0,755792.0
"('06C', '11D', '14D')",14.116,0,755792.0
"('06C', '11D', '14H')",14.116,0,755792.0
"('06C', '11D', '14S')",14.116,0,755792.0
"('06C', '11H', '14C')",14.116,0,755792.0
"('06C', '11H', '14D')",14.116,0,755792.0
"('06C', '11H', '14H')",14.116,0,755792.0
"('06C', '11H', '14S')",14.116,0,755792.0
"('06C', '11S', '14C')",14.116,0,755792.0
"('06C', '11S', '14D')",14.116,0,755792.0
"('06C', '11S', '14H')",14.116,0,755792.0
"('06C', '11S', '14S')",14.116,0,755792.0
"('06D', '11C', '14C')",14.116,0,755792.0
"('06D', '11C', '14D')",14.116,0,755792.0
"('06D', '11C', '14H')",14.116,0,755792.0
"('06D', '11C', '14S')",14.116,0,755792.0
"('06D', '11D', '14C')",14.116,0,755792.0
"('06D', '11D', '14D')",14.116,0,755792.0
"('06D', '11D', '14H')",14.116,0,755792.0
"('06D', '11D', '14S')",14.116,0,755792.0
"('06D', '11H', '14C')",14.116,0,755792.0
"('06D', '11H', '14D')",14.116,0,755792.0
"('06D', '11H', '14H')",14.116,0,755792.0
"('06D', '11H', '14S')",14.116,0,755792.0
"('06D', '11S', '14C')",14.116,0,755792.0
"('06D', '11S', '14D')",14.116,0,755792.0
"('06D', '11S', '14H')",14.116,0,755792.0
"('06D', '11S', '14S')",14.116,0,755792.0
"('06H', '11C', '14C')",14.116,0,755792.0
"('06H', '11C', '14D')",14.116,0,755792.0
"('06H', '11C', '14H')",14.116,0,755792.0
"('06H', '11C', '14S')",14.116,0,755792.0
"('06H', '11D', '14C')",14.116,0,755792.0
"('06H', '11D', '14D')",14.116,0,755792.0
"('06H', '11D', '14H')",14.116,0,755792.0
"('06H', '11D', '14S')",14.116,0,755792.0
"('06H', '11H', '14C')",14.116,0,755792.0
"('06H', '11H', '14D')",14.116,0,755792.0
"('06H', '11H', '14H')",14.116,0,755792.0
"('06H', '11H', '14S')",14.116,0,755792.0
"('06H', '11S', '14C')",14.116,0,755792.0
"('06H', '11S', '14D')",14.116,0,755792.0
"('06H', '11S', '14H')",14.116,0,755792.0
"('06H', '11S', '14S')",14.116,0,755792.0
"('06S', '11C', '14C')",14.116,0,755792.0
"('06S', '11C', '14D')",14.116,0,755792.0
"('06S', '11C', '14H')",14.116,0,755792.0
"('06S', '11C', '14S')",14.116,0,755792.0
"('06S', '11D', '14C')",14.116,0,755792.0
"('06S', '11D', '14D')",14.116,0,755792.0
"('06S', '11D', '14H')",14.116,0,755792.0
"('06S', '11D', '14S')",14.116,0,755792.0
"('06S', '11H', '14C')",14.116,0,755792.0
"('06S', '11H', '14D')",14.116,0,755792.0
"('06S', '11H', '14H')",14.116,0,755792.0
"('06S', '11H', '14S')",14.116,0,755792.0
"('06S', '11S', '14C')",14.116,0,755792.0
"('06S', '11S', '14D')",14.116,0,755792.0
"('06S', '11S', '14H')",14.116,0,755792.0
"('06S', '11S', '14S')",14.116,0,755792.0
"('05C', '11C', '14C')",14.115,0,752896.0
"('05C', '11C', '14D')",14.115,0,752896.0
"('05C', '11C', '14H')",14.115,0,752896.0
"('05C', '11C', '14S')",14.115,0,752896.0
"('05C', '11D', '14C')",14.115,0,752896.0
"('05C', '11D', '14D')",14.115,0,752896.0
"('05C', '11D', '14H')",14.115,0,752896.0
"('05C', '11D', '14S')",14.115,0,752896.0
"('05C', '11H', '14C')",14.115,0,752896.0
"('05C', '11H', '14D')",14.115,0,752896.0
"('05C', '11H', '14H')",14.115,0,752896.0
"('05C', '11H', '14S')",14.115,0,752896.0
"('05C', '11S', '14C')",14.115,0,752896.0
"('05C', '11S', '14D')",14.115,0,752896.0
"('05C', '11S', '14H')",14.115,0,752896.0
"('05C', '11S', '14S')",14.115,0,752896.0
"('05D', '11C', '14C')",14.115,0,752896.0
"('05D', '11C', '14D')",14.115,0,752896.0
"('05D', '11C', '14H')",14.115,0,752896.0
"('05D', '11C', '14S')",14.115,0,752896.0
"('05D', '11D', '14C')",14.115,0,752896.0
"('05D', '11D', '14D')",14.115,0,752896.0
"('05D', '11D', '14H')",14.115,0,752896.0
"('05D', '11D', '14S')",14.115,0,752896.0
"('05D', '11H', '14C')",14.115,0,752896.0
"('05D', '11H', '14D')",14.115,0,752896.0
"('05D', '11H', '14H')",14.115,0,752896.0
"('05D', '11H', '14S')",14.115,0,752896.0
"('05D', '11S', '14C')",14.115,0,752896.0
"('05D', '11S', '14D')",14.115,0,752896.0
"('05D', '11S', '14H')",14.115,0,752896.0
"('05D', '11S', '14S')",14.115,0,752896.0
"('05H', '11C', '14C')",14.115,0,752896.0
"('05H', '11C', '14D')",14.115,0,752896.0
"('05H', '11C', '14H')",14.115,0,752896.0
"('05H', '11C', '14S')",14.115,0,752896.0
"('05H', '11D', '14C')",14.115,0,752896.0
"('05H', '11D', '14D')",14.115,0,752896.0
"('05H', '11D', '14H')",14.115,0,752896.0
"('05H', '11D', '14S')",14.115,0,752896.0
"('05H', '11H', '14C')",14.115,0,752896.0
"('05H', '11H', '14D')",14.115,0,752896.0
"('05H', '11H', '14H')",14.115,0,752896.0
"('05H', '11H', '14S')",14.115,0,752896.0
"('05H', '11S', '14C')",14.115,0,752896.0
"('05H', '11S', '14D')",14.115,0,752896.0
"('05H', '11S', '14H')",14.115,0,752896.0
"('05H', '11S', '14S')",14.115,0,752896.0
"('05S', '11C', '14C')",14.115,0,752896.0
"('05S', '11C', '14D')",14.115,0,752896.0
"('05S', '11C', '14H')",14.115,0,752896.0
"('05S', '11C', '14S')",14.115,0,752896.0
"('05S', '11D', '14C')",14.115,0,752896.0
"('05S', '11D', '14D')",14.115,0,752896.0
"('05S', '11D', '14H')",14.115,0,752896.0
"('05S', '11D', '14S')",14.115,0,752896.0
"('05S', '11H', '14C')",14.115,0,752896.0
"('05S', '11H', '14D')",14.115,0,752896.0
"('05S', '11H', '14H')",14.115,0,752896.0
"('05S', '11H', '14S')",14.115,0,752896.0
"('05S', '11S', '14C')",14.115,0,752896.0
"('05S', '11S', '14D')",14.115,0,752896.0
"('05S', '11S', '14H')",14.115,0,752896.0
"('05S', '11S', '14S')",14.115,0,752896.0
"('04C', '11C', '14C')",14.113999999999999,0,750000.0
"('04C', '11C', '14D')",14.113999999999999,0,750000.0
"('04C', '11C', '14H')",14.113999999999999,0,750000.0
"('04C', '11C', '14S')",14.113999999999999,0,750000.0
"('04C', '11D', '14C')",14.113999999999999,0,750000.0
"('04C', '11D', '14D')",14.113999999999999,0,750000.0
"('04C', '11D', '14H')",14.113999999999999,0,750000.0
"('04C', '11D', '14S')",14.113999999999999,0,750000.0
"('04C', '11H', '14C')",14.113999999999999,0,750000.0
"('04C', '11H', '14D')",14.113999999999999,0,750000.0
"('04C', '11H', '14H')",14.113999999999999,0,750000.0
"('04C', '11H', '14S')",14.113999999999999,0,750000.0
"('04C', '11S', '14C')",14.113999999999999,0,750000.0
"('04C', '11S', '14D')",14.113999999999999,0,750000.0
"('04C', '11S', '14H')",14.113999999999999,0,750000.0
"('04C', '11S', '14S')",14.113999999999999,0,750000.0
"('04D', '11C', '14C')",14.113999999999999,0,750000.0
"('04D', '11C', '14D')",14.113999999999999,0,750000.0
"('04D', '11C', '14H')",14.113999999999999,0,750000.0
"('04D', '11C', '14S')",14.113999999999999,0,750000.0
"('04D', '11D', '14C')",14.113999999999999,0,750000.0
"('04D', '11D', '14D')",14.113999999999999,0,750000.0
"('04D', '11D', '14H')",14.113999999999999,0,750000.0
"('04D', '11D', '14S')",14.113999999999999,0,750000.0
"('04D', '11H', '14C')",14.113999999999999,0,750000.0
"('04D', '11H', '14D')",14.113999999999999,0,750000.0
"('04D', '11H', '14H')",14.113999999999999,0,750000.0
"('04D', '11H', '14S')",14.113999999999999,0,750000.0
"('04D', '11S', '14C')",14.113999999999999,0,750000.0
"('04D', '11S', '14D')",14.113999999999999,0,750000.0
"('04D', '11S', '14H')",14.113999999999999,0,750000.0
"('04D', '11S', '14S')",14.113999999999999,0,750000.0
"('04H', '11C', '14C')",14.113999999999999,0,750000.0
"('04H', '11C', '14D')",14.113999999999999,0,750000.0
"('04H', '11C', '14H')",14.113999999999999,0,750000.0
"('04H', '11C', '14S')",14.113999999999999,0,750000.0
"('04H', '11D', '14C')",14.113999999999999,0,750000.0
"('04H', '11D', '14D')",14.113999999999999,0,750000.0
"('04H', '11D', '14H')",14.113999999999999,0,750000.0
"('04H', '11D', '14S')",14.113999999999999,0,750000.0
"('04H', '11H', '14C')",14.113999999999999,0,750000.0
"('04H', '11H', '14D')",14.113999999999999,0,750000.0
"('04H', '11H', '14H')",14.113999999999999,0,750000.0
"('04H', '11H', '14S')",14.113999999999999,0,750000.0
"('04H', '11S', '14C')",14.113999999999999,0,750000.0
"('04H', '11S', '14D')",14.113999999999999,0,750000.0
"('04H', '11S', '14H')",14.113999999999999,0,750000.0
"('04H', '11S', '14S')",14.113999999999999,0,750000.0
"('04S', '11C', '14C')",14.113999999999999,0,750000.0
"('04S', '11C', '14D')",14.113999999999999,0,750000.0
"('04S', '11C', '14H')",14.113999999999999,0,750000.0
"('04S', '11C', '14S')",14.113999999999999,0,750000.0
"('04S', '11D', '14C')",14.113999999999999,0,750000.0
"('04S', '11D', '14D')",14.113999999999999,0,750000.0
"('04S', '11D', '14H')",14.113999999999999,0,750000.0
"('04S', '11D', '14S')",14.113999999999999,0,750000.0
"('04S', '11H', '14C')",14.113999999999999,0,750000.0
"('04S', '11H', '14D')",14.113999999999999,0,750000.0
"('04S', '11H', '14H')",14.113999999999999,0,750000.0
"('04S', '11H', '14S')",14.113999999999999,0,750000.0
"('04S', '11S', '14C')",14.113999999999999,0,750000.0
"('04S', '11S', '14D')",14.113999999999999,0,750000.0
"('04S', '11S', '14H')",14.113999999999999,0,750000.0
"('04S', '11S', '14S')",14.113999999999999,0,750000.0
"('03C', '11C', '14C')",14.113,0,747104.0
"('03C', '11C', '14D')",14.113,0,747104.0
"('03C', '11C', '14H')",14.113,0,747104.0
"('03C', '11C', '14S')",14.113,0,747104.0
"('03C', '11D', '14C')",14.113,0,747104.0
"('03C', '11D', '14D')",14.113,0,747104.0
"('03C', '11D', '14H')",14.113,0,747104.0
"('03C', '11D', '14S')",14.113,0,747104.0
"('03C', '11H', '14C')",14.113,0,747104.0
"('03C', '11H', '14D')",14.113,0,747104.0
"('03C', '11H', '14H')",14.113,0,747104.0
"('03C', '11H', '14S')",14.113,0,747104.0
"('03C', '11S', '14C')",14.113,0,747104.0
"('03C', '11S', '14D')",14.113,0,747104.0
"('03C', '11S', '14H')",14.113,0,747104.0
"('03C', '11S', '14S')",14.113,0,747104.0
"('03D', '11C', '14C')",14.113,0,747104.0
"('03D', '11C', '14D')",14.113,0,747104.0
"('03D', '11C', '14H')",14.113,0,747104.0
"('03D', '11C', '14S')",14.113,0,747104.0
"('03D', '11D', '14C')",14.113,0,747104.0
"('03D', '11D', '14D')",14.113,0,747104.0
"('03D', '11D', '14H')",14.113,0,747104.0
"('03D', '11D', '14S')",14.113,0,747104.0
"('03D', '11H', '14C')",14.113,0,747104.0
"('03D', '11H', '14D')",14.113,0,747104.0
"('03D', '11H', '14H')",14.113,0,747104.0
"('03D', '11H', '14S')",14.113,0,747104.0
"('03D', '11S', '14C')",14.113,0,747104.0
"('03D', '11S', '14D')",14.113,0,747104.0
"('03D', '11S', '14H')",14.113,0,747104.0
"('03D', '11S', '14S')",14.113,0,747104.0
"('03H', '11C', '14C')",14.113,0,747104.0
"('03H', '11C', '14D')",14.113,0,747104.0
"('03H', '11C', '14H')",14.113,0,747104.0
"('03H', '11C', '14S')",14.113,0,747104.0
"('03H', '11D', '14C')",14.113,0,747104.0
"('03H', '11D', '14D')",14.113,0,747104.0
"('03H', '11D', '14H')",14.113,0,747104.0
"('03H', '11D', '14S')",14.113,0,747104.0
"('03H', '11H', '14C')",14.113,0,747104.0
"('03H', '11H', '14D')",14.113,0,747104.0
"('03H', '11H', '14H')",14.113,0,747104.0
"('03H', '11H', '14S')",14.113,0,747104.0
"('03H', '11S', '14C')",14.113,0,747104.0
"('03H', '11S', '14D')",14.113,0,747104.0
"('03H', '11S', '14H')",14.113,0,747104.0
"('03H', '11S', '14S')",14.113,0,747104.0
"('03S', '11C', '14C')",14.113,0,747104.0
"('03S', '11C', '14D')",14.113,0,747104.0
"('03S', '11C', '14H')",14.113,0,747104.0
"('03S', '11C', '14S')",14.113,0,747104.0
"('03S', '11D', '14C')",14.113,0,747104.0
"('03S', '11D', '14D')",14.113,0,747104.0
"('03S', '11D', '14H')",14.113,0,747104.0
"('03S', '11D', '14S')",14.113,0,747104.0
"('03S', '11H', '14C')",14.113,0,747104.0
"('03S', '11H', '14D')",14.113,0,747104.0
"('03S', '11H', '14H')",14.113,0,747104.0
"('03S', '11H', '14S')",14.113,0,747104.0
"('03S', '11S', '14C')",14.113,0,747104.0
"('03S', '11S', '14D')",14.113,0,747104.0
"('03S', '11S', '14H')",14.113,0,747104.0
"('03S', '11S', '14S')",14.113,0,747104.0
"('02C', '11C', '14C')",14.112,0,744208.0
"('02C', '11C', '14D')",14.112,0,744208.0
"('02C', '11C', '14H')",14.112,0,744208.0
"('02C', '11C', '14S')",14.112,0,744208.0
"('02C', '11D', '14C')",14.112,0,744208.0
"('02C', '11D', '14D')",14.112,0,744208.0
"('02C', '11D', '14H')",14.112,0,744208.0
"('02C', '11D', '14S')",14.112,0,744208.0
"('02C', '11H', '14C')",14.112,0,744208.0
"('02C', '11H', '14D')",14.112,0,744208.0
"('02C', '11H', '14H')",14.112,0,744208.0
"('02C', '11H', '14S')",14.112,0,744208.0
"('02C', '11S', '14C')",14.112,0,744208.0
"('02C', '11S', '14D')",14.112,0,744208.0
"('02C', '11S', '14H')",14.112,0,744208.0
"('02C', '11S', '14S')",14.112,0,744208.0
"('02D', '11C', '14C')",14.112,0,744208.0
"('02D', '11C', '14D')",14.112,0,744208.0
"('02D', '11C', '14H')",14.112,0,744208.0
"('02D', '11C', '14S')",14.112,0,744208.0
"('02D', '11D', '14C')",14.112,0,744208.0
"('02D', '11D', '14D')",14.112,0,744208.0
"('02D', '11D', '14H')",14.112,0,744208.0
"('02D', '11D', '14S')",14.112,0,744208.0
"('02D', '11H', '14C')",14.112,0,744208.0
"('02D', '11H', '14D')",14.112,0,744208.0
"('02D', '11H', '14H')",14.112,0,744208.0
"('02D', '11H', '14S')",14.112,0,744208.0
"('02D', '11S', '14C')",14.112,0,744208.0
"('02D', '11S', '14D')",14.112,0,744208.0
"('02D', '11S', '14H')",14.112,0,744208.0
"('02D', '11S', '14S')",14.112,0,744208.0
"('02H', '11C', '14C')",14.112,0,744208.0
"('02H', '11C', '14D')",14.112,0,744208.0
"('02H', '11C', '14H')",14.112,0,744208.0
"('02H', '11C', '14S')",14.112,0,744208.0
"('02H', '11D', '14C')",14.112,0,744208.0
"('02H', '11D', '14D')",14.112,0,744208.0
"('02H', '11D', '14H')",14.112,0,744208.0
"('02H', '11D', '14S')",14.112,0,744208.0
"('02H', '11H', '14C')",14.112,0,744208.0
"('02H', '11H', '14D')",14.112,0,744208.0
"('02H', '11H', '14H')",14.112,0,744208.0
"('02H', '11H', '14S')",14.112,0,744208.0
"('02H', '11S', '14C')",14.112,0,744208.0
"('02H', '11S', '14D')",14.112,0,744208.0
"('02H', '11S', '14H')",14.112,0,744208.0
"('02H', '11S', '14S')",14.112,0,744208.0
"('02S', '11C', '14C')",14.112,0,744208.0
"('02S', '11C', '14D')",14.112,0,744208.0
"('02S', '11C', '14H')",14.112,0,744208.0
"('02S', '11C', '14S')",14.112,0,744208.0
"('02S', '11D', '14C')",14.112,0,744208.0
"('02S', '11D', '14D')",14.112,0,744208.0
"('02S', '11D', '14H')",14.112,0,744208.0
"('02S', '11D', '14S')",14.112,0,744208.0
"('02S', '11H', '14C')",14.112,0,744208.0
"('02S', '11H', '14D')",14.112,0,744208.0
"('02S', '11H', '14H')",14.112,0,744208.0
"('02S', '11H', '14S')",14.112,0,744208.0
"('02S', '11S', '14C')",14.112,0,744208.0
"('02S', '11S', '14D')",14.112,0,744208.0
"('02S', '11S', '14H')",14.112,0,744208.0
"('02S', '11S', '14S')",14.112,0,744208.0
"('09C', '10C', '14C')",14.109,0,741312.0
"('09C', '10C', '14D')",14.109,0,741312.0
"('09C', '10C', '14H')",14.109,0,741312.0
"('09C', '10C', '14S')",14.109,0,741312.0
"('09C', '10D', '14C')",14.109,0,741312.0
"('09C', '10D', '14D')",14.109,0,741312.0
"('09C', '10D', '14H')",14.109,0,741312.0
"('09C', '10D', '14S')",14.109,0,741312.0
"('09C', '10H', '14C')",14.109,0,741312.0
"('09C', '10H', '14D')",14.109,0,741312.0
"('09C', '10H', '14H')",14.109,0,741312.0
"('09C', '10H', '14S')",14.109,0,741312.0
"('09C', '10S', '14C')",14.109,0,741312.0
"('09C', '10S', '14D')",14.109,0,741312.0
"('09C', '10S', '14H')",14.109,0,741312.0
"('09C', '10S', '14S')",14.109,0,741312.0
"('09D', '10C', '14C')",14.109,0,741312.0
"('09D', '10C', '14D')",14.109,0,741312.0
"('09D', '10C', '14H')",14.109,0,741312.0
"('09D', '10C', '14S')",14.109,0,741312.0
"('09D', '10D', '14C')",14.109,0,741312.0
"('09D', '10D', '14D')",14.109,0,741312.0
"('09D', '10D', '14H')",14.109,0,741312.0
"('09D', '10D', '14S')",14.109,0,741312.0
"('09D', '10H', '14C')",14.109,0,741312.0
"('09D', '10H', '14D')",14.109,0,741312.0
"('09D', '10H', '14H')",14.109,0,741312.0
"('09D', '10H', '14S')",14.109,0,741312.0
"('09D', '10S', '14C')",14.109,0,741312.0
"('09D', '10S', '14D')",14.109,0,741312.0
"('09D', '10S', '14H')",14.109,0,741312.0
"('09D', '10S', '14S')",14.109,0,741312.0
"('09H', '10C', '14C')",14.109,0,741312.0
"('09H', '10C', '14D')",14.109,0,741312.0
"('09H', '10C', '14H')",14.109,0,741312.0
"('09H', '10C', '14S')",14.109,0,741312.0
"('09H', '10D', '14C')",14.109,0,741312.0
"('09H', '10D', '14D')",14.109,0,741312.0
"('09H', '10D', '14H')",14.109,0,741312.0
"('09H', '10D', '14S')",14.109,0,741312.0
"('09H', '10H', '14C')",14.109,0,741312.0
"('09H', '10H', '14D')",14.109,0,741312.0
"('09H', '10H', '14H')",14.109,0,741312.0
"('09H', '10H', '14S')",14.109,0,741312.0
"('09H', '10S', '14C')",14.109,0,741312.0
"('09H', '10S', '14D')",14.109,0,741312.0
"('09H', '10S', '14H')",14.109,0,741312.0
"('09H', '10S', '14S')",14.109,0,741312.0
"('09S', '10C', '14C')",14.109,0,741312.0
"('09S', '10C', '14D')",14.109,0,741312.0
"('09S', '10C', '14H')",14.109,0,741312.0
"('09S', '10C', '14S')",14.109,0,741312.0
"('09S', '10D', '14C')",14.109,0,741312.0
"('09S', '10D', '14D')",14.109,0,741312.0
"('09S', '10D', '14H')",14.109,0,741312.0
"('09S', '10D', '14S')",14.109,0,741312.0
"('09S', '10H', '14C')",14.109,0,741312.0
"('09S', '10H', '14D')",14.109,0,741312.0
"('09S', '10H', '14H')",14.109,0,741312.0
"('09S', '10H', '14S')",14.109,0,741312.0
"('09S', '10S', '14C')",14.109,0,741312.0
"('09S', '10S', '14D')",14.109,0,741312.0
"('09S', '10S', '14H')",14.109,0,741312.0
"('09S', '10S', '14S')",14.109,0,741312.0
"('08C', '10C', '14C')",14.107999999999999,0,738416.0
"('08C', '10C', '14D')",14.107999999999999,0,738416.0
"('08C', '10C', '14H')",14.107999999999999,0,738416.0
"('08C', '10C', '14S')",14.107999999999999,0,738416.0
"('08C', '10D', '14C')",14.107999999999999,0,738416.0
"('08C', '10D', '14D')",14.107999999999999,0,738416.0
"('08C', '10D', '14H')",14.107999999999999,0,738416.0
"('08C', '10D', '14S')",14.107999999999999,0,738416.0
"('08C', '10H', '14C')",14.107999999999999,0,738416.0
"('08C', '10H', '14D')",14.107999999999999,0,738416.0
"('08C', '10H', '14H')",14.107999999999999,0,738416.0
"('08C', '10H', '14S')",14.107999999999999,0,738416.0
"('08C', '10S', '14C')",14.107999999999999,0,738416.0
"('08C', '10S', '14D')",14.107999999999999,0,738416.0
"('08C', '10S', '14H')",14.107999999999999,0,738416.0
"('08C', '10S', '14S')",14.107999999999999,0,738416.0
"('08D', '10C', '14C')",14.107999999999999,0,738416.0
"('08D', '10C', '14D')",14.107999999999999,0,738416.0
"('08D', '10C', '14H')",14.107999999999999,0,738416.0
"('08D', '10C', '14S')",14.107999999999999,0,738416.0
"('08D', '10D', '14C')",14.107999999999999,0,738416.0
"('08D', '10D', '14D')",14.107999999999999,0,738416.0
"('08D', '10D', '14H')",14.107999999999999,0,738416.0
"('08D', '10D', '14S')",14.107999999999999,0,738416.0
"('08D', '10H', '14C')",14.107999999999999,0,738416.0
"('08D', '10H', '14D')",14.107999999999999,0,738416.0
"('08D', '10H', '14H')",14.107999999999999,0,738416.0
"('08D', '10H', '14S')",14.107999999999999,0,738416.0
"('08D', '10S', '14C')",14.107999999999999,0,738416.0
"('08D', '10S', '14D')",14.107999999999999,0,738416.0
"('08D', '10S', '14H')",14.107999999999999,0,738416.0
"('08D', '10S', '14S')",14.107999999999999,0,738416.0
"('08H', '10C', '14C')",14.107999999999999,0,738416.0
"('08H', '10C', '14D')",14.107999999999999,0,738416.0
"('08H', '10C', '14H')",14.107999999999999,0,738416.0
"('08H', '10C', '14S')",14.107999999999999,0,738416.0
"('08H', '10D', '14C')",14.107999999999999,0,738416.0
"('08H', '10D', '14D')",14.107999999999999,0,738416.0
"('08H', '10D', '14H')",14.107999999999999,0,738416.0
"('08H', '10D', '14S')",14.107999999999999,0,738416.0
"('08H', '10H', '14C')",14.107999999999999,0,738416.0
"('08H', '10H', '14D')",14.107999999999999,0,738416.0
"('08H', '10H', '14H')",14.107999999999999,0,738416.0
"('08H', '10H', '14S')",14.107999999999999,0,738416.0
"('08H', '10S', '14C')",14.107999999999999,0,738416.0
"('08H', '10S', '14D')",14.107999999999999,0,738416.0
"('08H', '10S', '14H')",14.107999999999999,0,738416.0
"('08H', '10S', '14S')",14.107999999999999,0,738416.0
"('08S', '10C', '14C')",14.107999999999999,0,738416.0
"('08S', '10C', '14D')",14.107999999999999,0,738416.0
"('08S', '10C', '14H')",14.107999999999999,0,738416.0
"('08S', '10C', '14S')",14.107999999999999,0,738416.0
"('08S', '10D', '14C')",14.107999999999999,0,738416.0
"('08S', '10D', '14D')",14.107999999999999,0,738416.0
"('08S', '10D', '14H')",14.107999999999999,0,738416.0
"('08S', '10D', '14S')",14.107999999999999,0,738416.0
"('08S', '10H', '14C')",14.107999999999999,0,738416.0
"('08S', '10H', '14D')",14.107999999999999,0,738416.0
"('08S', '10H', '14H')",14.107999999999999,0,738416.0
"('08S', '10H', '14S')",14.107999999999999,0,738416.0
"('08S', '10S', '14C')",14.107999999999999,0,738416.0
"('08S', '10S', '14D')",14.107999999999999,0,738416.0
"('08S', '10S', '14H')",14.107999999999999,0,738416.0
"('08S', '10S', '14S')",14.107999999999999,0,738416.0
"('07C', '10C', '14C')",14.107,0,735520.0
"('07C', '10C', '14D')",14.107,0,735520.0
"('07C', '10C', '14H')",14.107,0,735520.0
"('07C', '10C', '14S')",14.107,0,735520.0
"('07C', '10D', '14C')",14.107,0,735520.0
"('07C', '10D', '14D')",14.107,0,735520.0
"('07C', '10D', '14H')",14.107,0,735520.0
"('07C', '10D', '14S')",14.107,0,735520.0
"('07C', '10H', '14C')",14.107,0,735520.0
"('07C', '10H', '14D')",14.107,0,735520.0
"('07C', '10H', '14H')",14.107,0,735520.0
"('07C', '10H', '14S')",14.107,0,735520.0
"('07C', '10S', '14C')",14.107,0,735520.0
"('07C', '10S', '14D')",14.107,0,735520.0
"('07C', '10S', '14H')",14.107,0,735520.0
"('07C', '10S', '14S')",14.107,0,735520.0
"('07D', '10C', '14C')",14.107,0,735520.0
"('07D', '10C', '14D')",14.107,0,735520.0
"('07D', '10C', '14H')",14.107,0,735520.0
"('07D', '10C', '14S')",14.107,0,735520.0
"('07D', '10D', '14C')",14.107,0,735520.0
"('07D', '10D', '14D')",14.107,0,735520.0
"('07D', '10D', '14H')",14.107,0,735520.0
"('07D', '10D', '14S')",14.107,0,735520.0
"('07D', '10H', '14C')",14.107,0,735520.0
"('07D', '10H', '14D')",14.107,0,735520.0
"('07D', '10H', '14H')",14.107,0,735520.0
"('07D', '10H', '14S')",14.107,0,735520.0
"('07D', '10S', '14C')",14.107,0,735520.0
"('07D', '10S', '14D')",14.107,0,735520.0
"('07D', '10S', '14H')",14.107,0,735520.0
"('07D', '10S', '14S')",14.107,0,735520.0
"('07H', '10C', '14C')",14.107,0,735520.0
"('07H', '10C', '14D')",14.107,0,735520.0
"('07H', '10C', '14H')",14.107,0,735520.0
"('07H', '10C', '14S')",14.107,0,735520.0
"('07H', '10D', '14C')",14.107,0,735520.0
"('07H', '10D', '14D')",14.107,0,735520.0
"('07H', '10D', '14H')",14.107,0,735520.0
"('07H', '10D', '14S')",14.107,0,735520.0
"('07H', '10H', '14C')",14.107,0,735520.0
"('07H', '10H', '14D')",14.107,0,735520.0
"('07H', '10H', '14H')",14.107,0,735520.0
"('07H', '10H', '14S')",14.107,0,735520.0
"('07H', '10S', '14C')",14.107,0,735520.0
"('07H', '10S', '14D')",14.107,0,735520.0
"('07H', '10S', '14H')",14.107,0,735520.0
"('07H', '10S', '14S')",14.107,0,735520.0
"('07S', '10C', '14C')",14.107,0,735520.0
"('07S', '10C', '14D')",14.107,0,735520.0
"('07S', '10C', '14H')",14.107,0,735520.0
"('07S', '10C', '14S')",14.107,0,735520.0
"('07S', '10D', '14C')",14.107,0,735520.0
"('07S', '10D', '14D')",14.107,0,735520.0
"('07S', '10D', '14H')",14.107,0,735520.0
"('07S', '10D', '14S')",14.107,0,735520.0
"('07S', '10H', '14C')",14.107,0,735520.0
"('07S', '10H', '14D')",14.107,0,735520.0
"('07S', '10H', '14H')",14.107,0,735520.0
"('07S', '10H', '14S')",14.107,0,735520.0
"('07S', '10S', '14C')",14.107,0,735520.0
"('07S', '10S', '14D')",14.107,0,735520.0
"('07S', '10S', '14H')",14.107,0,735520.0
"('07S', '10S', '14S')",14.107,0,735520.0
"('06C', '10C', '14C')",14.106,0,732624.0
"('06C', '10C', '14D')",14.106,0,732624.0
"('06C', '10C', '14H')",14.106,0,732624.0
"('06C', '10C', '14S')",14.106,0,732624.0
"('06C', '10D', '14C')",14.106,0,732624.0
"('06C', '10D', '14D')",14.106,0,732624.0
"('06C', '10D', '14H')",14.106,0,732624.0
"('06C', '10D', '14S')",14.106,0,732624.0
"('06C', '10H', '14C')",14.106,0,732624.0
"('06C', '10H', '14D')",14.106,0,732624.0
"('06C', '10H', '14H')",14.106,0,732624.0
"('06C', '10H', '14S')",14.106,0,732624.0
"('06C', '10S', '14C')",14.106,0,732624.0
"('06C', '10S', '14D')",14.106,0,732624.0
"('06C', '10S', '14H')",14.106,0,732624.0
"('06C', '10S', '14S')",14.106,0,732624.0
"('06D', '10C', '14C')",14.106,0,732624.0
"('06D', '10C', '14D')",14.106,0,732624.0
"('06D', '10C', '14H')",14.106,0,732624.0
"('06D', '10C', '14S')",14.106,0,732624.0
"('06D', '10D', '14C')",14.106,0,732624.0
"('06D', '10D', '14D')",14.106,0,732624.0
"('06D', '10D', '14H')",14.106,0,732624.0
"('06D', '10D', '14S')",14.106,0,732624.0
"('06D', '10H', '14C')",14.106,0,732624.0
"('06D', '10H', '14D')",14.106,0,732624.0
"('06D', '10H', '14H')",14.106,0,732624.0
"('06D', '10H', '14S')",14.106,0,732624.0
"('06D', '10S', '14C')",14.106,0,732624.0
"('06D', '10S', '14D')",14.106,0,732624.0
"('06D', '10S', '14H')",14.106,0,732624.0
"('06D', '10S', '14S')",14.106,0,732624.0
"('06H', '10C', '14C')",14.106,0,732624.0
"('06H', '10C', '14D')",14.106,0,732624.0
"('06H', '10C', '14H')",14.106,0,732624.0
"('06H', '10C', '14S')",14.106,0,732624.0
"('06H', '10D', '14C')",14.106,0,732624.0
"('06H', '10D', '14D')",14.106,0,732624.0
"('06H', '10D', '14H')",14.106,0,732624.0
"('06H', '10D', '14S')",14.106,0,732624.0
"('06H', '10H', '14C')",14.106,0,732624.0
"('06H', '10H', '14D')",14.106,0,732624.0
"('06H', '10H', '14H')",14.106,0,732624.0
"('06H', '10H', '14S')",14.106,0,732624.0
"('06H', '10S', '14C')",14.106,0,732624.0
"('06H', '10S', '14D')",14.106,0,732624.0
"('06H', '10S', '14H')",14.106,0,732624.0
"('06H', '10S', '14S')",14.106,0,732624.0
"('06S', '10C', '14C')",14.106,0,732624.0
"('06S', '10C', '14D')",14.106,0,732624.0
"('06S', '10C', '14H')",14.106,0,732624.0
"('06S', '10C', '14S')",14.106,0,732624.0
"('06S', '10D', '14C')",14.106,0,732624.0
"('06S', '10D', '14D')",14.106,0,732624.0
"('06S', '10D', '14H')",14.106,0,732624.0
"('06S', '10D', '14S')",14.106,0,732624.0
"('06S', '10H', '14C')",14.106,0,732624.0
"('06S', '10H', '14D')",14.106,0,732624.0
"('06S', '10H', '14H')",14.106,0,732624.0
"('06S', '10H', '14S')",14.106,0,732624.0
"('06S', '10S', '14C')",14.106,0,732624.0
"('06S', '10S', '14D')",14.106,0,732624.0
"('06S', '10S', '14H')",14.106,0,732624.0
"('06S', '10S', '14S')",14.106,0,732624.0
"('05C', '10C', '14C')",14.105,0,729729.0
"('05C', '10C', '14D')",14.105,0,729729.0
"('05C', '10C', '14H')",14.105,0,729729.0
"('05C', '10C', '14S')",14.105,0,729729.0
"('05C', '10D', '14C')",14.105,0,729729.0
"('05C', '10D', '14D')",14.105,0,729729.0
"('05C', '10D', '14H')",14.105,0,729729.0
"('05C', '10D', '14S')",14.105,0,729729.0
"('05C', '10H', '14C')",14.105,0,729729.0
"('05C', '10H', '14D')",14.105,0,729729.0
"('05C', '10H', '14H')",14.105,0,729729.0
"('05C', '10H', '14S')",14.105,0,729729.0
"('05C', '10S', '14C')",14.105,0,729729.0
"('05C', '10S', '14D')",14.105,0,729729.0
"('05C', '10S', '14H')",14.105,0,729729.0
"('05C', '10S', '14S')",14.105,0,729729.0
"('05D', '10C', '14C')",14.105,0,729729.0
"('05D', '10C', '14D')",14.105,0,729729.0
"('05D', '10C', '14H')",14.105,0,729729.0
"('05D', '10C', '14S')",14.105,0,729729.0
"('05D', '10D', '14C')",14.105,0,729729.0
"('05D', '10D', '14D')",14.105,0,729729.0
"('05D', '10D', '14H')",14.105,0,729729.0
"('05D', '10D', '14S')",14.105,0,729729.0
"('05D', '10H', '14C')",14.105,0,729729.0
"('05D', '10H', '14D')",14.105,0,729729.0
"('05D', '10H', '14H')",14.105,0,729729.0
"('05D', '10H', '14S')",14.105,0,729729.0
"('05D', '10S', '14C')",14.105,0,729729.0
"('05D', '10S', '14D')",14.105,0,729729.0
"('05D', '10S', '14H')",14.105,0,729729.0
"('05D', '10S', '14S')",14.105,0,729729.0
"('05H', '10C', '14C')",14.105,0,729729.0
"('05H', '10C', '14D')",14.105,0,729729.0
"('05H', '10C', '14H')",14.105,0,729729.0
"('05H', '10C', '14S')",14.105,0,729729.0
"('05H', '10D', '14C')",14.105,0,729729.0
"('05H', '10D', '14D')",14.105,0,729729.0
"('05H', '10D', '14H')",14.105,0,729729.0
"('05H', '10D', '14S')",14.105,0,729729.0
"('05H', '10H', '14C')",14.105,0,729729.0
"('05H', '10H', '14D')",14.105,0,729729.0
"('05H', '10H', '14H')",14.105,0,729729.0
"('05H', '10H', '14S')",14.105,0,729729.0
"('05H', '10S', '14C')",14.105,0,729729.0
"('05H', '10S', '14D')",14.105,0,729729.0
"('05H', '10S', '14H')",14.105,0,729729.0
"('05H', '10S', '14S')",14.105,0,729729.0
"('05S', '10C', '14C')",14.105,0,729729.0
"('05S', '10C', '14D')",14.105,0,729729.0
"('05S', '10C', '14H')",14.105,0,729729.0
"('05S', '10C', '14S')",14.105,0,729729.0
"('05S', '10D', '14C')",14.105,0,729729.0
"('05S', '10D', '14D')",14.105,0,729729.0
"('05S', '10D', '14H')",14.105,0,729729.0
"('05S', '10D', '14S')",14.105,0,729729.0
"('05S', '10H', '14C')",14.105,0,729729.0
"('05S', '10H', '14D')",14.105,0,729729.0
"('05S', '10H', '14H')",14.105,0,729729.0
"('05S', '10H', '14S')",14.105,0,729729.0
"('05S', '10S', '14C')",14.105,0,729729.0
"('05S', '10S', '14D')",14.105,0,729729.0
"('05S', '10S', '14H')",14.105,0,729729.0
"('05S', '10S', '14S')",14.105,0,729729.0
"('04C', '10C', '14C')",14.104,0,726833.0
"('04C', '10C', '14D')",14.104,0,726833.0
"('04C', '10C', '14H')",14.104,0,726833.0
"('04C', '10C', '14S')",14.104,0,726833.0
"('04C', '10D', '14C')",14.104,0,726833.0
"('04C', '10D', '14D')",14.104,0,726833.0
"('04C', '10D', '14H')",14.104,0,726833.0
"('04C', '10D', '14S')",14.104,0,726833.0
"('04C', '10H', '14C')",14.104,0,726833.0
"('04C', '10H', '14D')",14.104,0,726833.0
"('04C', '10H', '14H')",14.104,0,726833.0
"('04C', '10H', '14S')",14.104,0,726833.0
"('04C', '10S', '14C')",14.104,0,726833.0
"('04C', '10S', '14D')",14.104,0,726833.0
"('04C', '10S', '14H')",14.104,0,726833.0
"('04C', '10S', '14S')",14.104,0,726833.0
"('04D', '10C', '14C')",14.104,0,726833.0
"('04D', '10C', '14D')",14.104,0,726833.0
"('04D', '10C', '14H')",14.104,0,726833.0
"('04D', '10C', '14S')",14.104,0,726833.0
"('04D', '10D', '14C')",14.104,0,726833.0
"('04D', '10D', '14D')",14.104,0,726833.0
"('04D', '10D', '14H')",14.104,0,726833.0
"('04D', '10D', '14S')",14.104,0,726833.0
"('04D', '10H', '14C')",14.104,0,726833.0
"('04D', '10H', '14D')",14.104,0,726833.0
"('04D', '10H', '14H')",14.104,0,726833.0
"('04D', '10H', '14S')",14.104,0,726833.0
"('04D', '10S', '14C')",14.104,0,726833.0
"('04D', '10S', '14D')",14.104,0,726833.0
"('04D', '10S', '14H')",14.104,0,726833.0
"('04D', '10S', '14S')",14.104,0,726833.0
"('04H', '10C', '14C')",14.104,0,726833.0
"('04H', '10C', '14D')",14.104,0,726833.0
"('04H', '10C', '14H')",14.104,0,726833.0
"('04H', '10C', '14S')",14.104,0,726833.0
"('04H', '10D', '14C')",14.104,0,726833.0
"('04H', '10D', '14D')",14.104,0,726833.0
"('04H', '10D', '14H')",14.104,0,726833.0
"('04H', '10D', '14S')",14.104,0,726833.0
"('04H', '10H', '14C')",14.104,0,726833.0
"('04H', '10H', '14D')",14.104,0,726833.0
"('04H', '10H', '14H')",14.104,0,726833.0
"('04H', '10H', '14S')",14.104,0,726833.0
"('04H', '10S', '14C')",14.104,0,726833.0
"('04H', '10S', '14D')",14.104,0,726833.0
"('04H', '10S', '14H')",14.104,0,726833.0
"('04H', '10S', '14S')",14.104,0,726833.0
"('04S', '10C', '14C')",14.104,0,726833.0
"('04S', '10C', '14D')",14.104,0,726833.0
"('04S', '10C', '14H')",14.104,0,726833.0
"('04S', '10C', '14S')",14.104,0,726833.0
"('04S', '10D', '14C')",14.104,0,726833.0
"('04S', '10D', '14D')",14.104,0,726833.0
"('04S', '10D', '14H')",14.104,0,726833.0
"('04S', '10D', '14S')",14.104,0,726833.0
"('04S', '10H', '14C')",14.104,0,726833.0
"('04S', '10H', '14D')",14.104,0,726833.0
"('04S', '10H', '14H')",14.104,0,726833.0
"('04S', '10H', '14S')",14.104,0,726833.0
"('04S', '10S', '14C')",14.104,0,726833.0
"('04S', '10S', '14D')",14.104,0,726833.0
"('04S', '10S', '14H')",14.104,0,726833.0
"('04S', '10S', '14S')",14.104,0,726833.0
"('03C', '10C', '14C')",14.103,0,723937.0
"('03C', '10C', '14D')",14.103,0,723937.0
"('03C', '10C', '14H')",14.103,0,723937.0
"('03C', '10C', '14S')",14.103,0,723937.0
"('03C', '10D', '14C')",14.103,0,723937.0
"('03C', '10D', '14D')",14.103,0,723937.0
"('03C', '10D', '14H')",14.103,0,723937.0
"('03C', '10D', '14S')",14.103,0,723937.0
"('03C', '10H', '14C')",14.103,0,723937.0
"('03C', '10H', '14D')",14.103,0,723937.0
"('03C', '10H', '14H')",14.103,0,723937.0
"('03C', '10H', '14S')",14.103,0,723937.0
"('03C', '10S', '14C')",14.103,0,723937.0
"('03C', '10S', '14D')",14.103,0,723937.0
"('03C', '10S', '14H')",14.103,0,723937.0
"('03C', '10S', '14S')",14.103,0,723937.0
"('03D', '10C', '14C')",14.103,0,723937.0
"('03D', '10C', '14D')",14.103,0,723937.0
"('03D', '10C', '14H')",14.103,0,723937.0
"('03D', '10C', '14S')",14.103,0,723937.0
"('03D', '10D', '14C')",14.103,0,723937.0
"('03D', '10D', '14D')",14.103,0,723937.0
"('03D', '10D', '14H')",14.103,0,723937.0
"('03D', '10D', '14S')",14.103,0,723937.0
"('03D', '10H', '14C')",14.103,0,723937.0
"('03D', '10H', '14D')",14.103,0,723937.0
"('03D', '10H', '14H')",14.103,0,723937.0
"('03D', '10H', '14S')",14.103,0,723937.0
"('03D', '10S', '14C')",14.103,0,723937.0
"('03D', '10S', '14D')",14.103,0,723937.0
"('03D', '10S', '14H')",14.103,0,723937.0
"('03D', '10S', '14S')",14.103,0,723937.0
"('03H', '10C', '14C')",14.103,0,723937.0
"('03H', '10C', '14D')",14.103,0,723937.0
"('03H', '10C', '14H')",14.103,0,723937.0
"('03H', '10C', '14S')",14.103,0,723937.0
"('03H', '10D', '14C')",14.103,0,723937.0
"('03H', '10D', '14D')",14.103,0,723937.0
"('03H', '10D', '14H')",14.103,0,723937.0
"('03H', '10D', '14S')",14.103,0,723937.0
"('03H', '10H', '14C')",14.103,0,723937.0
"('03H', '10H', '14D')",14.103,0,723937.0
"('03H', '10H', '14H')",14.103,0,723937.0
"('03H', '10H', '14S')",14.103,0,723937.0
"('03H', '10S', '14C')",14.103,0,723937.0
"('03H', '10S', '14D')",14.103,0,723937.0
"('03H', '10S', '14H')",14.103,0,723937.0
"('03H', '10S', '14S')",14.103,0,723937.0
"('03S', '10C', '14C')",14.103,0,723937.0
"('03S', '10C', '14D')",14.103,0,723937.0
"('03S', '10C', '14H')",14.103,0,723937.0
"('03S', '10C', '14S')",14.103,0,723937.0
"('03S', '10D', '14C')",14.103,0,723937.0
"('03S', '10D', '14D')",14.103,0,723937.0
"('03S', '10D', '14H')",14.103,0,723937.0
"('03S', '10D', '14S')",14.103,0,723937.0
"('03S', '10H', '14C')",14.103,0,723937.0
"('03S', '10H', '14D')",14.103,0,723937.0
"('03S', '10H', '14H')",14.103,0,723937.0
"('03S', '10H', '14S')",14.103,0,723937.0
"('03S', '10S', '14C')",14.103,0,723937.0
"('03S', '10S', '14D')",14.103,0,723937.0
"('03S', '10S', '14H')",14.103,0,723937.0
"('03S', '10S', '14S')",14.103,0,723937.0
"('02C', '10C', '14C')",14.102,0,721041.0
"('02C', '10C', '14D')",14.102,0,721041.0
"('02C', '10C', '14H')",14.102,0,721041.0
"('02C', '10C', '14S')",14.102,0,721041.0
"('02C', '10D', '14C')",14.102,0,721041.0
"('02C', '10D', '14D')",14.102,0,721041.0
"('02C', '10D', '14H')",14.102,0,721041.0
"('02C', '10D', '14S')",14.102,0,721041.0
"('02C', '10H', '14C')",14.102,0,721041.0
"('02C', '10H', '14D')",14.102,0,721041.0
"('02C', '10H', '14H')",14.102,0,721041.0
"('02C', '10H', '14S')",14.102,0,721041.0
"('02C', '10S', '14C')",14.102,0,721041.0
"('02C', '10S', '14D')",14.102,0,721041.0
"('02C', '10S', '14H')",14.102,0,721041.0
"('02C', '10S', '14S')",14.102,0,721041.0
"('02D', '10C', '14C')",14.102,0,721041.0
"('02D', '10C', '14D')",14.102,0,721041.0
"('02D', '10C', '14H')",14.102,0,721041.0
"('02D', '10C', '14S')",14.102,0,721041.0
"('02D', '10D', '14C')",14.102,0,721041.0
"('02D', '10D', '14D')",14.102,0,721041.0
"('02D', '10D', '14H')",14.102,0,721041.0
"('02D', '10D', '14S')",14.102,0,721041.0
"('02D', '10H', '14C')",14.102,0,721041.0
"('02D', '10H', '14D')",14.102,0,721041.0
"('02D', '10H', '14H')",14.102,0,721041.0
"('02D', '10H', '14S')",14.102,0,721041.0
"('02D', '10S', '14C')",14.102,0,721041.0
"('02D', '10S', '14D')",14.102,0,721041.0
"('02D', '10S', '14H')",14.102,0,721041.0
"('02D', '10S', '14S')",14.102,0,721041.0
"('02H', '10C', '14C')",14.102,0,721041.0
"('02H', '10C', '14D')",14.102,0,721041.0
"('02H', '10C', '14H')",14.102,0,721041.0
"('02H', '10C', '14S')",14.102,0,721041.0
"('02H', '10D', '14C')",14.102,0,721041.0
"('02H', '10D', '14D')",14.102,0,721041.0
"('02H', '10D', '14H')",14.102,0,721041.0
"('02H', '10D', '14S')",14.102,0,721041.0
"('02H', '10H', '14C')",14.102,0,721041.0
"('02H', '10H', '14D')",14.102,0,721041.0
"('02H', '10H', '14H')",14.102,0,721041.0
"('02H', '10H', '14S')",14.102,0,721041.0
"('02H', '10S', '14C')",14.102,0,721041.0
"('02H', '10S', '14D')",14.102,0,721041.0
"('02H', '10S', '14H')",14.102,0,721041.0
"('02H', '10S', '14S')",14.102,0,721041.0
"('02S', '10C', '14C')",14.102,0,721041.0
"('02S', '10C', '14D')",14.102,0,721041.0
"('02S', '10C', '14H')",14.102,0,721041.0
"('02S', '10C', '14S')",14.102,0,721041.0
"('02S', '10D', '14C')",14.102,0,721041.0
"('02S', '10D', '14D')",14.102,0,721041.0
"('02S', '10D', '14H')",14.102,0,721041.0
"('02S', '10D', '14S')",14.102,0,721041.0
"('02S', '10H', '14C')",14.102,0,721041.0
"('02S', '10H', '14D')",14.102,0,721041.0
"('02S', '10H', '14H')",14.102,0,721041.0
"('02S', '10H', '14S')",14.102,0,721041.0
"('02S', '10S', '14C')",14.102,0,721041.0
"('02S', '10S', '14D')",14.102,0,721041.0
"('02S', '10S', '14H')",14.102,0,721041.0
"('02S', '10S', '14S')",14.102,0,721041.0
"('08C', '09C', '14C')",14.097999999999999,0,718145.0
"('08C', '09C', '14D')",14.097999999999999,0,718145.0
"('08C', '09C', '14H')",14.097999999999999,0,718145.0
"('08C', '09C', '14S')",14.097999999999999,0,718145.0
"('08C', '09D', '14C')",14.097999999999999,0,718145.0
"('08C', '09D', '14D')",14.097999999999999,0,718145.0
"('08C', '09D', '14H')",14.097999999999999,0,718145.0
"('08C', '09D', '14S')",14.097999999999999,0,718145.0
"('08C', '09H', '14C')",14.097999999999999,0,718145.0
"('08C', '09H', '14D')",14.097999999999999,0,718145.0
"('08C', '09H', '14H')",14.097999999999999,0,718145.0
"('08C', '09H', '14S')",14.097999999999999,0,718145.0
"('08C', '09S', '14C')",14.097999999999999,0,718145.0
"('08C', '09S', '14D')",14.097999999999999,0,718145.0
"('08C', '09S', '14H')",14.097999999999999,0,718145.0
"('08C', '09S', '14S')",14.097999999999999,0,718145.0
"('08D', '09C', '14C')",14.097999999999999,0,718145.0
"('08D', '09C', '14D')",14.097999999999999,0,718145.0
"('08D', '09C', '14H')",14.097999999999999,0,718145.0
"('08D', '09C', '14S')",14.097999999999999,0,718145.0
"('08D', '09D', '14C')",14.097999999999999,0,718145.0
"('08D', '09D', '14D')",14.097999999999999,0,718145.0
"('08D', '09D', '14H')",14.097999999999999,0,718145.0
"('08D', '09D', '14S')",14.097999999999999,0,718145.0
"('08D', '09H', '14C')",14.097999999999999,0,718145.0
"('08D', '09H', '14D')",14.097999999999999,0,718145.0
"('08D', '09H', '14H')",14.097999999999999,0,718145.0
"('08D', '09H', '14S')",14.097999999999999,0,718145.0
"('08D', '09S', '14C')",14.097999999999999,0,718145.0
"('08D', '09S', '14D')",14.097999999999999,0,718145.0
"('08D', '09S', '14H')",14.097999999999999,0,718145.0
"('08D', '09S', '14S')",14.097999999999999,0,718145.0
"('08H', '09C', '14C')",14.097999999999999,0,718145.0
"('08H', '09C', '14D')",14.097999999999999,0,718145.0
"('08H', '09C', '14H')",14.097999999999999,0,718145.0
"('08H', '09C', '14S')",14.097999999999999,0,718145.0
"('08H', '09D', '14C')",14.097999999999999,0,718145.0
"('08H', '09D', '14D')",14.097999999999999,0,718145.0
"('08H', '09D', '14H')",14.097999999999999,0,718145.0
"('08H', '09D', '14S')",14.097999999999999,0,718145.0
"('08H', '09H', '14C')",14.097999999999999,0,718145.0
"('08H', '09H', '14D')",14.097999999999999,0,718145.0
"('08H', '09H', '14H')",14.097999999999999,0,718145.0
"('08H', '09H', '14S')",14.097999999999999,0,718145.0
"('08H', '09S', '14C')",14.097999999999999,0,718145.0
"('08H', '09S', '14D')",14.097999999999999,0,718145.0
"('08H', '09S', '14H')",14.097999999999999,0,718145.0
"('08H', '09S', '14S')",14.097999999999999,0,718145.0
"('08S', '09C', '14C')",14.097999999999999,0,718145.0
"('08S', '09C', '14D')",14.097999999999999,0,718145.0
"('08S', '09C', '14H')",14.097999999999999,0,718145.0
"('08S', '09C', '14S')",14.097999999999999,0,718145.0
"('08S', '09D', '14C')",14.097999999999999,0,718145.0
"('08S', '09D', '14D')",14.097999999999999,0,718145.0
"('08S', '09D', '14H')",14.097999999999999,0,718145.0
"('08S', '09D', '14S')",14.097999999999999,0,718145.0
"('08S', '09H', '14C')",14.097999999999999,0,718145.0
"('08S', '09H', '14D')",14.097999999999999,0,718145.0
"('08S', '09H', '14H')",14.097999999999999,0,718145.0
"('08S', '09H', '14S')",14.097999999999999,0,718145.0
"('08S', '09S', '14C')",14.097999999999999,0,718145.0
"('08S', '09S', '14D')",14.097999999999999,0,718145.0
"('08S', '09S', '14H')",14.097999999999999,0,718145.0
"('08S', '09S', '14S')",14.097999999999999,0,718145.0
"('07C', '09C', '14C')",14.097,0,715249.0
"('07C', '09C', '14D')",14.097,0,715249.0
"('07C', '09C', '14H')",14.097,0,715249.0
"('07C', '09C', '14S')",14.097,0,715249.0
"('07C', '09D', '14C')",14.097,0,715249.0
"('07C', '09D', '14D')",14.097,0,715249.0
"('07C', '09D', '14H')",14.097,0,715249.0
"('07C', '09D', '14S')",14.097,0,715249.0
"('07C', '09H', '14C')",14.097,0,715249.0
"('07C', '09H', '14D')",14.097,0,715249.0
"('07C', '09H', '14H')",14.097,0,715249.0
"('07C', '09H', '14S')",14.097,0,715249.0
"('07C', '09S', '14C')",14.097,0,715249.0
"('07C', '09S', '14D')",14.097,0,715249.0
"('07C', '09S', '14H')",14.097,0,715249.0
"('07C', '09S', '14S')",14.097,0,715249.0
"('07D', '09C', '14C')",14.097,0,715249.0
"('07D', '09C', '14D')",14.097,0,715249.0
"('07D', '09C', '14H')",14.097,0,715249.0
"('07D', '09C', '14S')",14.097,0,715249.0
"('07D', '09D', '14C')",14.097,0,715249.0
"('07D', '09D', '14D')",14.097,0,715249.0
"('07D', '09D', '14H')",14.097,0,715249.0
"('07D', '09D', '14S')",14.097,0,715249.0
"('07D', '09H', '14C')",14.097,0,715249.0
"('07D', '09H', '14D')",14.097,0,715249.0
"('07D', '09H', '14H')",14.097,0,715249.0
"('07D', '09H', '14S')",14.097,0,715249.0
"('07D', '09S', '14C')",14.097,0,715249.0
"('07D', '09S', '14D')",14.097,0,715249.0
"('07D', '09S', '14H')",14.097,0,715249.0
"('07D', '09S', '14S')",14.097,0,715249.0
"('07H', '09C', '14C')",14.097,0,715249.0
"('07H', '09C', '14D')",14.097,0,715249.0
"('07H', '09C', '14H')",14.097,0,715249.0
"('07H', '09C', '14S')",14.097,0,715249.0
"('07H', '09D', '14C')",14.097,0,715249.0
"('07H', '09D', '14D')",14.097,0,715249.0
"('07H', '09D', '14H')",14.097,0,715249.0
"('07H', '09D', '14S')",14.097,0,715249.0
"('07H', '09H', '14C')",14.097,0,715249.0
"('07H', '09H', '14D')",14.097,0,715249.0
"('07H', '09H', '14H')",14.097,0,715249.0
"('07H', '09H', '14S')",14.097,0,715249.0
"('07H', '09S', '14C')",14.097,0,715249.0
"('07H', '09S', '14D')",14.097,0,715249.0
"('07H', '09S', '14H')",14.097,0,715249.0
"('07H', '09S', '14S')",14.097,0,715249.0
"('07S', '09C', '14C')",14.097,0,715249.0
"('07S', '09C', '14D')",14.097,0,715249.0
"('07S', '09C', '14H')",14.097,0,715249.0
"('07S', '09C', '14S')",14.097,0,715249.0
"('07S', '09D', '14C')",14.097,0,715249.0
"('07S', '09D', '14D')",14.097,0,715249.0
"('07S', '09D', '14H')",14.097,0,715249.0
"('07S', '09D', '14S')",14.097,0,715249.0
"('07S', '09H', '14C')",14.097,0,715249.0
"('07S', '09H', '14D')",14.097,0,715249.0
"('07S', '09H', '14H')",14.097,0,715249.0
"('07S', '09H', '14S')",14.097,0,715249.0
"('07S', '09S', '14C')",14.097,0,715249.0
"('07S', '09S', '14D')",14.097,0,715249.0
"('07S', '09S', '14H')",14.097,0,715249.0
"('07S', '09S', '14S')",14.097,0,715249.0
"('06C', '09C', '14C')",14.096,0,712353.0
"('06C', '09C', '14D')",14.096,0,712353.0
"('06C', '09C', '14H')",14.096,0,712353.0
"('06C', '09C', '14S')",14.096,0,712353.0
"('06C', '09D', '14C')",14.096,0,712353.0
"('06C', '09D', '14D')",14.096,0,712353.0
"('06C', '09D', '14H')",14.096,0,712353.0
"('06C', '09D', '14S')",14.096,0,712353.0
"('06C', '09H', '14C')",14.096,0,712353.0
"('06C', '09H', '14D')",14.096,0,712353.0
"('06C', '09H', '14H')",14.096,0,712353.0
"('06C', '09H', '14S')",14.096,0,712353.0
"('06C', '09S', '14C')",14.096,0,712353.0
"('06C', '09S', '14D')",14.096,0,712353.0
"('06C', '09S', '14H')",14.096,0,712353.0
"('06C', '09S', '14S')",14.096,0,712353.0
"('06D', '09C', '14C')",14.096,0,712353.0
"('06D', '09C', '14D')",14.096,0,712353.0
"('06D', '09C', '14H')",14.096,0,712353.0
"('06D', '09C', '14S')",14.096,0,712353.0
"('06D', '09D', '14C')",14.096,0,712353.0
"('06D', '09D', '14D')",14.096,0,712353.0
"('06D', '09D', '14H')",14.096,0,712353.0
"('06D', '09D', '14S')",14.096,0,712353.0
"('06D', '09H', '14C')",14.096,0,712353.0
"('06D', '09H', '14D')",14.096,0,712353.0
"('06D', '09H', '14H')",14.096,0,712353.0
"('06D', '09H', '14S')",14.096,0,712353.0
"('06D', '09S', '14C')",14.096,0,712353.0
"('06D', '09S', '14D')",14.096,0,712353.0
"('06D', '09S', '14H')",14.096,0,712353.0
"('06D', '09S', '14S')",14.096,0,712353.0
"('06H', '09C', '14C')",14.096,0,712353.0
"('06H', '09C', '14D')",14.096,0,712353.0
"('06H', '09C', '14H')",14.096,0,712353.0
"('06H', '09C', '14S')",14.096,0,712353.0
"('06H', '09D', '14C')",14.096,0,712353.0
"('06H', '09D', '14D')",14.096,0,712353.0
"('06H', '09D', '14H')",14.096,0,712353.0
"('06H', '09D', '14S')",14.096,0,712353.0
"('06H', '09H', '14C')",14.096,0,712353.0
"('06H', '09H', '14D')",14.096,0,712353.0
"('06H', '09H', '14H')",14.096,0,712353.0
"('06H', '09H', '14S')",14.096,0,712353.0
"('06H', '09S', '14C')",14.096,0,712353.0
"('06H', '09S', '14D')",14.096,0,712353.0
"('06H', '09S', '14H')",14.096,0,712353.0
"('06H', '09S', '14S')",14.096,0,712353.0
"('06S', '09C', '14C')",14.096,0,712353.0
"('06S', '09C', '14D')",14.096,0,712353.0
"('06S', '09C', '14H')",14.096,0,712353.0
"('06S', '09C', '14S')",14.096,0,712353.0
"('06S', '09D', '14C')",14.096,0,712353.0
"('06S', '09D', '14D')",14.096,0,712353.0
"('06S', '09D', '14H')",14.096,0,712353.0
"('06S', '09D', '14S')",14.096,0,712353.0
"('06S', '09H', '14C')",14.096,0,712353.0
"('06S', '09H', '14D')",14.096,0,712353.0
"('06S', '09H', '14H')",14.096,0,712353.0
"('06S', '09H', '14S')",14.096,0,712353.0
"('06S', '09S', '14C')",14.096,0,712353.0
"('06S', '09S', '14D')",14.096,0,712353.0
"('06S', '09S', '14H')",14.096,0,712353.0
"('06S', '09S', '14S')",14.096,0,712353.0
"('05C', '09C', '14C')",14.095,0,709457.0
"('05C', '09C', '14D')",14.095,0,709457.0
"('05C', '09C', '14H')",14.095,0,709457.0
"('05C', '09C', '14S')",14.095,0,709457.0
"('05C', '09D', '14C')",14.095,0,709457.0
"('05C', '09D', '14D')",14.095,0,709457.0
"('05C', '09D', '14H')",14.095,0,709457.0
"('05C', '09D', '14S')",14.095,0,709457.0
"('05C', '09H', '14C')",14.095,0,709457.0
"('05C', '09H', '14D')",14.095,0,709457.0
"('05C', '09H', '14H')",14.095,0,709457.0
"('05C', '09H', '14S')",14.095,0,709457.0
"('05C', '09S', '14C')",14.095,0,709457.0
"('05C', '09S', '14D')",14.095,0,709457.0
"('05C', '09S', '14H')",14.095,0,709457.0
"('05C', '09S', '14S')",14.095,0,709457.0
"('05D', '09C', '14C')",14.095,0,709457.0
"('05D', '09C', '14D')",14.095,0,709457.0
"('05D', '09C', '14H')",14.095,0,709457.0
"('05D', '09C', '14S')",14.095,0,709457.0
"('05D', '09D', '14C')",14.095,0,709457.0
"('05D', '09D', '14D')",14.095,0,709457.0
"('05D', '09D', '14H')",14.095,0,709457.0
"('05D', '09D', '14S')",14.095,0,709457.0
"('05D', '09H', '14C')",14.095,0,709457.0
"('05D', '09H', '14D')",14.095,0,709457.0
"('05D', '09H', '14H')",14.095,0,709457.0
"('05D', '09H', '14S')",14.095,0,709457.0
"('05D', '09S', '14C')",14.095,0,709457.0
"('05D', '09S', '14D')",14.095,0,709457.0
"('05D', '09S', '14H')",14.095,0,709457.0
"('05D', '09S', '14S')",14.095,0,709457.0
"('05H', '09C', '14C')",14.095,0,709457.0
"('05H', '09C', '14D')",14.095,0,709457.0
"('05H', '09C', '14H')",14.095,0,709457.0
"('05H', '09C', '14S')",14.095,0,709457.0
"('05H', '09D', '14C')",14.095,0,709457.0
"('05H', '09D', '14D')",14.095,0,709457.0
"('05H', '09D', '14H')",14.095,0,709457.0
"('05H', '09D', '14S')",14.095,0,709457.0
"('05H', '09H', '14C')",14.095,0,709457.0
"('05H', '09H', '14D')",14.095,0,709457.0
"('05H', '09H', '14H')",14.095,0,709457.0
"('05H', '09H', '14S')",14.095,0,709457.0
"('05H', '09S', '14C')",14.095,0,709457.0
"('05H', '09S', '14D')",14.095,0,709457.0
"('05H', '09S', '14H')",14.095,0,709457.0
"('05H', '09S', '14S')",14.095,0,709457.0
"('05S', '09C', '14C')",14.095,0,709457.0
"('05S', '09C', '14D')",14.095,0,709457.0
"('05S', '09C', '14H')",14.095,0,709457.0
"('05S', '09C', '14S')",14.095,0,709457.0
"('05S', '09D', '14C')",14.095,0,709457.0
"('05S', '09D', '14D')",14.095,0,709457.0
"('05S', '09D', '14H')",14.095,0,709457.0
"('05S', '09D', '14S')",14.095,0,709457.0
"('05S', '09H', '14C')",14.095,0,709457.0
"('05S', '09H', '14D')",14.095,0,709457.0
"('05S', '09H', '14H')",14.095,0,709457.0
"('05S', '09H', '14S')",14.095,0,709457.0
"('05S', '09S', '14C')",14.095,0,709457.0
"('05S', '09S', '14D')",14.095,0,709457.0
"('05S', '09S', '14H')",14.095,0,709457.0
"('05S', '09S', '14S')",14.095,0,709457.0
"('04C', '09C', '14C')",14.094,0,706561.0
"('04C', '09C', '14D')",14.094,0,706561.0
"('04C', '09C', '14H')",14.094,0,706561.0
"('04C', '09C', '14S')",14.094,0,706561.0
"('04C', '09D', '14C')",14.094,0,706561.0
"('04C', '09D', '14D')",14.094,0,706561.0
"('04C', '09D', '14H')",14.094,0,706561.0
"('04C', '09D', '14S')",14.094,0,706561.0
"('04C', '09H', '14C')",14.094,0,706561.0
"('04C', '09H', '14D')",14.094,0,706561.0
"('04C', '09H', '14H')",14.094,0,706561.0
"('04C', '09H', '14S')",14.094,0,706561.0
"('04C', '09S', '14C')",14.094,0,706561.0
"('04C', '09S', '14D')",14.094,0,706561.0
"('04C', '09S', '14H')",14.094,0,706561.0
"('04C', '09S', '14S')",14.094,0,706561.0
"('04D', '09C', '14C')",14.094,0,706561.0
"('04D', '09C', '14D')",14.094,0,706561.0
"('04D', '09C', '14H')",14.094,0,706561.0
"('04D', '09C', '14S')",14.094,0,706561.0
"('04D', '09D', '14C')",14.094,0,706561.0
"('04D', '09D', '14D')",14.094,0,706561.0
"('04D', '09D', '14H')",14.094,0,706561.0
"('04D', '09D', '14S')",14.094,0,706561.0
"('04D', '09H', '14C')",14.094,0,706561.0
"('04D', '09H', '14D')",14.094,0,706561.0
"('04D', '09H', '14H')",14.094,0,706561.0
"('04D', '09H', '14S')",14.094,0,706561.0
"('04D', '09S', '14C')",14.094,0,706561.0
"('04D', '09S', '14D')",14.094,0,706561.0
"('04D', '09S', '14H')",14.094,0,706561.0
"('04D', '09S', '14S')",14.094,0,706561.0
"('04H', '09C', '14C')",14.094,0,706561.0
"('04H', '09C', '14D')",14.094,0,706561.0
"('04H', '09C', '14H')",14.094,0,706561.0
"('04H', '09C', '14S')",14.094,0,706561.0
"('04H', '09D', '14C')",14.094,0,706561.0
"('04H', '09D', '14D')",14.094,0,706561.0
"('04H', '09D', '14H')",14.094,0,706561.0
"('04H', '09D', '14S')",14.094,0,706561.0
"('04H', '09H', '14C')",14.094,0,706561.0
"('04H', '09H', '14D')",14.094,0,706561.0
"('04H', '09H', '14H')",14.094,0,706561.0
"('04H', '09H', '14S')",14.094,0,706561.0
"('04H', '09S', '14C')",14.094,0,706561.0
"('04H', '09S', '14D')",14.094,0,706561.0
"('04H', '09S', '14H')",14.094,0,706561.0
"('04H', '09S', '14S')",14.094,0,706561.0
"('04S', '09C', '14C')",14.094,0,706561.0
"('04S', '09C', '14D')",14.094,0,706561.0
"('04S', '09C', '14H')",14.094,0,706561.0
"('04S', '09C', '14S')",14.094,0,706561.0
"('04S', '09D', '14C')",14.094,0,706561.0
"('04S', '09D', '14D')",14.094,0,706561.0
"('04S', '09D', '14H')",14.094,0,706561.0
"('04S', '09D', '14S')",14.094,0,706561.0
"('04S', '09H', '14C')",14.094,0,706561.0
"('04S', '09H', '14D')",14.094,0,706561.0
"('04S', '09H', '14H')",14.094,0,706561.0
"('04S', '09H', '14S')",14.094,0,706561.0
"('04S', '09S', '14C')",14.094,0,706561.0
"('04S', '09S', '14D')",14.094,0,706561.0
"('04S', '09S', '14H')",14.094,0,706561.0
"('04S', '09S', '14S')",14.094,0,706561.0
"('03C', '09C', '14C')",14.093,0,703665.0
"('03C', '09C', '14D')",14.093,0,703665.0
"('03C', '09C', '14H')",14.093,0,703665.0
"('03C', '09C', '14S')",14.093,0,703665.0
"('03C', '09D', '14C')",14.093,0,703665.0
"('03C', '09D', '14D')",14.093,0,703665.0
"('03C', '09D', '14H')",14.093,0,703665.0
"('03C', '09D', '14S')",14.093,0,703665.0
"('03C', '09H', '14C')",14.093,0,703665.0
"('03C', '09H', '14D')",14.093,0,703665.0
"('03C', '09H', '14H')",14.093,0,703665.0
"('03C', '09H', '14S')",14.093,0,703665.0
"('03C', '09S', '14C')",14.093,0,703665.0
"('03C', '09S', '14D')",14.093,0,703665.0
"('03C', '09S', '14H')",14.093,0,703665.0
"('03C', '09S', '14S')",14.093,0,703665.0
"('03D', '09C', '14C')",14.093,0,703665.0
"('03D', '09C', '14D')",14.093,0,703665.0
"('03D', '09C', '14H')",14.093,0,703665.0
"('03D', '09C', '14S')",14.093,0,703665.0
"('03D', '09D', '14C')",14.093,0,703665.0
"('03D', '09D', '14D')",14.093,0,703665.0
"('03D', '09D', '14H')",14.093,0,703665.0
"('03D', '09D', '14S')",14.093,0,703665.0
"('03D', '09H', '14C')",14.093,0,703665.0
"('03D', '09H', '14D')",14.093,0,703665.0
"('03D', '09H', '14H')",14.093,0,703665.0
"('03D', '09H', '14S')",14.093,0,703665.0
"('03D', '09S', '14C')",14.093,0,703665.0
"('03D', '09S', '14D')",14.093,0,703665.0
"('03D', '09S', '14H')",14.093,0,703665.0
"('03D', '09S', '14S')",14.093,0,703665.0
"('03H', '09C', '14C')",14.093,0,703665.0
"('03H', '09C', '14D')",14.093,0,703665.0
"('03H', '09C', '14H')",14.093,0,703665.0
"('03H', '09C', '14S')",14.093,0,703665.0
"('03H', '09D', '14C')",14.093,0,703665.0
"('03H', '09D', '14D')",14.093,0,703665.0
"('03H', '09D', '14H')",14.093,0,703665.0
"('03H', '09D', '14S')",14.093,0,703665.0
"('03H', '09H', '14C')",14.093,0,703665.0
"('03H', '09H', '14D')",14.093,0,703665.0
"('03H', '09H', '14H')",14.093,0,703665.0
"('03H', '09H', '14S')",14.093,0,703665.0
"('03H', '09S', '14C')",14.093,0,703665.0
"('03H', '09S', '14D')",14.093,0,703665.0
"('03H', '09S', '14H')",14.093,0,703665.0
"('03H', '09S', '14S')",14.093,0,703665.0
"('03S', '09C', '14C')",14.093,0,703665.0
"('03S', '09C', '14D')",14.093,0,703665.0
"('03S', '09C', '14H')",14.093,0,703665.0
"('03S', '09C', '14S')",14.093,0,703665.0
"('03S', '09D', '14C')",14.093,0,703665.0
"('03S', '09D', '14D')",14.093,0,703665.0
"('03S', '09D', '14H')",14.093,0,703665.0
"('03S', '09D', '14S')",14.093,0,703665.0
"('03S', '09H', '14C')",14.093,0,703665.0
"('03S', '09H', '14D')",14.093,0,703665.0
"('03S', '09H', '14H')",14.093,0,703665.0
"('03S', '09H', '14S')",14.093,0,703665.0
"('03S', '09S', '14C')",14.093,0,703665.0
"('03S', '09S', '14D')",14.093,0,703665.0
"('03S', '09S', '14H')",14.093,0,703665.0
"('03S', '09S', '14S')",14.093,0,703665.0
"('02C', '09C', '14C')",14.092,0,700769.0
"('02C', '09C', '14D')",14.092,0,700769.0
"('02C', '09C', '14H')",14.092,0,700769.0
"('02C', '09C', '14S')",14.092,0,700769.0
"('02C', '09D', '14C')",14.092,0,700769.0
"('02C', '09D', '14D')",14.092,0,700769.0
"('02C', '09D', '14H')",14.092,0,700769.0
"('02C', '09D', '14S')",14.092,0,700769.0
"('02C', '09H', '14C')",14.092,0,700769.0
"('02C', '09H', '14D')",14.092,0,700769.0
"('02C', '09H', '14H')",14.092,0,700769.0
"('02C', '09H', '14S')",14.092,0,700769.0
"('02C', '09S', '14C')",14.092,0,700769.0
"('02C', '09S', '14D')",14.092,0,700769.0
"('02C', '09S', '14H')",14.092,0,700769.0
"('02C', '09S', '14S')",14.092,0,700769.0
"('02D', '09C', '14C')",14.092,0,700769.0
"('02D', '09C', '14D')",14.092,0,700769.0
"('02D', '09C', '14H')",14.092,0,700769.0
"('02D', '09C', '14S')",14.092,0,700769.0
"('02D', '09D', '14C')",14.092,0,700769.0
"('02D', '09D', '14D')",14.092,0,700769.0
"('02D', '09D', '14H')",14.092,0,700769.0
"('02D', '09D', '14S')",14.092,0,700769.0
"('02D', '09H', '14C')",14.092,0,700769.0
"('02D', '09H', '14D')",14.092,0,700769.0
"('02D', '09H', '14H')",14.092,0,700769.0
"('02D', '09H', '14S')",14.092,0,700769.0
"('02D', '09S', '14C')",14.092,0,700769.0
"('02D', '09S', '14D')",14.092,0,700769.0
"('02D', '09S', '14H')",14.092,0,700769.0
"('02D', '09S', '14S')",14.092,0,700769.0
"('02H', '09C', '14C')",14.092,0,700769.0
"('02H', '09C', '14D')",14.092,0,700769.0
"('02H', '09C', '14H')",14.092,0,700769.0
"('02H', '09C', '14S')",14.092,0,700769.0
"('02H', '09D', '14C')",14.092,0,700769.0
"('02H', '09D', '14D')",14.092,0,700769.0
"('02H', '09D', '14H')",14.092,0,700769.0
"('02H', '09D', '14S')",14.092,0,700769.0
"('02H', '09H', '14C')",14.092,0,700769.0
"('02H', '09H', '14D')",14.092,0,700769.0
"('02H', '09H', '14H')",14.092,0,700769.0
"('02H', '09H', '14S')",14.092,0,700769.0
"('02H', '09S', '14C')",14.092,0,700769.0
"('02H', '09S', '14D')",14.092,0,700769.0
"('02H', '09S', '14H')",14.092,0,700769.0
"('02H', '09S', '14S')",14.092,0,700769.0
"('02S', '09C', '14C')",14.092,0,700769.0
"('02S', '09C', '14D')",14.092,0,700769.0
"('02S', '09C', '14H')",14.092,0,700769.0
"('02S', '09C', '14S')",14.092,0,700769.0
"('02S', '09D', '14C')",14.092,0,700769.0
"('02S', '09D', '14D')",14.092,0,700769.0
"('02S', '09D', '14H')",14.092,0,700769.0
"('02S', '09D', '14S')",14.092,0,700769.0
"('02S', '09H', '14C')",14.092,0,700769.0
"('02S', '09H', '14D')",14.092,0,700769.0
"('02S', '09H', '14H')",14.092,0,700769.0
"('02S', '09H', '14S')",14.092,0,700769.0
"('02S', '09S', '14C')",14.092,0,700769.0
"('02S', '09S', '14D')",14.092,0,700769.0
"('02S', '09S', '14H')",14.092,0,700769.0
"('02S', '09S', '14S')",14.092,0,700769.0
"('07C', '08C', '14C')",14.087,0,697873.0
"('07C', '08C', '14D')",14.087,0,697873.0
"('07C', '08C', '14H')",14.087,0,697873.0
"('07C', '08C', '14S')",14.087,0,697873.0
"('07C', '08D', '14C')",14.087,0,697873.0
"('07C', '08D', '14D')",14.087,0,697873.0
"('07C', '08D', '14H')",14.087,0,697873.0
"('07C', '08D', '14S')",14.087,0,697873.0
"('07C', '08H', '14C')",14.087,0,697873.0
"('07C', '08H', '14D')",14.087,0,697873.0
"('07C', '08H', '14H')",14.087,0,697873.0
"('07C', '08H', '14S')",14.087,0,697873.0
"('07C', '08S', '14C')",14.087,0,697873.0
"('07C', '08S', '14D')",14.087,0,697873.0
"('07C', '08S', '14H')",14.087,0,697873.0
"('07C', '08S', '14S')",14.087,0,697873.0
"('07D', '08C', '14C')",14.087,0,697873.0
"('07D', '08C', '14D')",14.087,0,697873.0
"('07D', '08C', '14H')",14.087,0,697873.0
"('07D', '08C', '14S')",14.087,0,697873.0
"('07D', '08D', '14C')",14.087,0,697873.0
"('07D', '08D', '14D')",14.087,0,697873.0
"('07D', '08D', '14H')",14.087,0,697873.0
"('07D', '08D', '14S')",14.087,0,697873.0
"('07D', '08H', '14C')",14.087,0,697873.0
"('07D', '08H', '14D')",14.087,0,697873.0
"('07D', '08H', '14H')",14.087,0,697873.0
"('07D', '08H', '14S')",14.087,0,697873.0
"('07D', '08S', '14C')",14.087,0,697873.0
"('07D', '08S', '14D')",14.087,0,697873.0
"('07D', '08S', '14H')",14.087,0,697873.0
"('07D', '08S', '14S')",14.087,0,697873.0
"('07H', '08C', '14C')",14.087,0,697873.0
"('07H', '08C', '14D')",14.087,0,697873.0
"('07H', '08C', '14H')",14.087,0,697873.0
"('07H', '08C', '14S')",14.087,0,697873.0
"('07H', '08D', '14C')",14.087,0,697873.0
"('07H', '08D', '14D')",14.087,0,697873.0
"('07H', '08D', '14H')",14.087,0,697873.0
"('07H', '08D', '14S')",14.087,0,697873.0
"('07H', '08H', '14C')",14.087,0,697873.0
"('07H', '08H', '14D')",14.087,0,697873.0
"('07H', '08H', '14H')",14.087,0,697873.0
"('07H', '08H', '14S')",14.087,0,697873.0
"('07H', '08S', '14C')",14.087,0,697873.0
"('07H', '08S', '14D')",14.087,0,697873.0
"('07H', '08S', '14H')",14.087,0,697873.0
"('07H', '08S', '14S')",14.087,0,697873.0
"('07S', '08C', '14C')",14.087,0,697873.0
"('07S', '08C', '14D')",14.087,0,697873.0
"('07S', '08C', '14H')",14.087,0,697873.0
"('07S', '08C', '14S')",14.087,0,697873.0
"('07S', '08D', '14C')",14.087,0,697873.0
"('07S', '08D', '14D')",14.087,0,697873.0
"('07S', '08D', '14H')",14.087,0,697873.0
"('07S', '08D', '14S')",14.087,0,697873.0
"('07S', '08H', '14C')",14.087,0,697873.0
"('07S', '08H', '14D')",14.087,0,697873.0
"('07S', '08H', '14H')",14.087,0,697873.0
"('07S', '08H', '14S')",14.087,0,697873.0
"('07S', '08S', '14C')",14.087,0,697873.0
"('07S', '08S', '14D')",14.087,0,697873.0
"('07S', '08S', '14H')",14.087,0,697873.0
"('07S', '08S', '14S')",14.087,0,697873.0
"('06C', '08C', '14C')",14.086,0,694977.0
"('06C', '08C', '14D')",14.086,0,694977.0
"('06C', '08C', '14H')",14.086,0,694977.0
"('06C', '08C', '14S')",14.086,0,694977.0
"('06C', '08D', '14C')",14.086,0,694977.0
"('06C', '08D', '14D')",14.086,0,694977.0
"('06C', '08D', '14H')",14.086,0,694977.0
"('06C', '08D', '14S')",14.086,0,694977.0
"('06C', '08H', '14C')",14.086,0,694977.0
"('06C', '08H', '14D')",14.086,0,694977.0
"('06C', '08H', '14H')",14.086,0,694977.0
"('06C', '08H', '14S')",14.086,0,694977.0
"('06C', '08S', '14C')",14.086,0,694977.0
"('06C', '08S', '14D')",14.086,0,694977.0
"('06C', '08S', '14H')",14.086,0,694977.0
"('06C', '08S', '14S')",14.086,0,694977.0
"('06D', '08C', '14C')",14.086,0,694977.0
"('06D', '08C', '14D')",14.086,0,694977.0
"('06D', '08C', '14H')",14.086,0,694977.0
"('06D', '08C', '14S')",14.086,0,694977.0
"('06D', '08D', '14C')",14.086,0,694977.0
"('06D', '08D', '14D')",14.086,0,694977.0
"('06D', '08D', '14H')",14.086,0,694977.0
"('06D', '08D', '14S')",14.086,0,694977.0
"('06D', '08H', '14C')",14.086,0,694977.0
"('06D', '08H', '14D')",14.086,0,694977.0
"('06D', '08H', '14H')",14.086,0,694977.0
"('06D', '08H', '14S')",14.086,0,694977.0
"('06D', '08S', '14C')",14.086,0,694977.0
"('06D', '08S', '14D')",14.086,0,694977.0
"('06D', '08S', '14H')",14.086,0,694977.0
"('06D', '08S', '14S')",14.086,0,694977.0
"('06H', '08C', '14C')",14.086,0,694977.0
"('06H', '08C', '14D')",14.086,0,694977.0
"('06H', '08C', '14H')",14.086,0,694977.0
"('06H', '08C', '14S')",14.086,0,694977.0
"('06H', '08D', '14C')",14.086,0,694977.0
"('06H', '08D', '14D')",14.086,0,694977.0
"('06H', '08D', '14H')",14.086,0,694977.0
"('06H', '08D', '14S')",14.086,0,694977.0
"('06H', '08H', '14C')",14.086,0,694977.0
"('06H', '08H', '14D')",14.086,0,694977.0
"('06H', '08H', '14H')",14.086,0,694977.0
"('06H', '08H', '14S')",14.086,0,694977.0
"('06H', '08S', '14C')",14.086,0,694977.0
"('06H', '08S', '14D')",14.086,0,694977.0
"('06H', '08S', '14H')",14.086,0,694977.0
"('06H', '08S', '14S')",14.086,0,694977.0
"('06S', '08C', '14C')",14.086,0,694977.0
"('06S', '08C', '14D')",14.086,0,694977.0
"('06S', '08C', '14H')",14.086,0,694977.0
"('06S', '08C', '14S')",14.086,0,694977.0
"('06S', '08D', '14C')",14.086,0,694977.0
"('06S', '08D', '14D')",14.086,0,694977.0
"('06S', '08D', '14H')",14.086,0,694977.0
"('06S', '08D', '14S')",14.086,0,694977.0
"('06S', '08H', '14C')",14.086,0,694977.0
"('06S', '08H', '14D')",14.086,0,694977.0
"('06S', '08H', '14H')",14.086,0,694977.0
"('06S', '08H', '14S')",14.086,0,694977.0
"('06S', '08S', '14C')",14.086,0,694977.0
"('06S', '08S', '14D')",14.086,0,694977.0
"('06S', '08S', '14H')",14.086,0,694977.0
"('06S', '08S', '14S')",14.086,0,694977.0
"('05C', '08C', '14C')",14.085,0,692081.0
"('05C', '08C', '14D')",14.085,0,692081.0
"('05C', '08C', '14H')",14.085,0,692081.0
"('05C', '08C', '14S')",14.085,0,692081.0
"('05C', '08D', '14C')",14.085,0,692081.0
"('05C', '08D', '14D')",14.085,0,692081.0
"('05C', '08D', '14H')",14.085,0,692081.0
"('05C', '08D', '14S')",14.085,0,692081.0
"('05C', '08H', '14C')",14.085,0,692081.0
"('05C', '08H', '14D')",14.085,0,692081.0
"('05C', '08H', '14H')",14.085,0,692081.0
"('05C', '08H', '14S')",14.085,0,692081.0
"('05C', '08S', '14C')",14.085,0,692081.0
"('05C', '08S', '14D')",14.085,0,692081.0
"('05C', '08S', '14H')",14.085,0,692081.0
"('05C', '08S', '14S')",14.085,0,692081.0
"('05D', '08C', '14C')",14.085,0,692081.0
"('05D', '08C', '14D')",14.085,0,692081.0
"('05D', '08C', '14H')",14.085,0,692081.0
"('05D', '08C', '14S')",14.085,0,692081.0
"('05D', '08D', '14C')",14.085,0,692081.0
"('05D', '08D', '14D')",14.085,0,692081.0
"('05D', '08D', '14H')",14.085,0,692081.0
"('05D', '08D', '14S')",14.085,0,692081.0
"('05D', '08H', '14C')",14.085,0,692081.0
"('05D', '08H', '14D')",14.085,0,692081.0
"('05D', '08H', '14H')",14.085,0,692081.0
"('05D', '08H', '14S')",14.085,0,692081.0
"('05D', '08S', '14C')",14.085,0,692081.0
"('05D', '08S', '14D')",14.085,0,692081.0
"('05D', '08S', '14H')",14.085,0,692081.0
"('05D', '08S', '14S')",14.085,0,692081.0
"('05H', '08C', '14C')",14.085,0,692081.0
"('05H', '08C', '14D')",14.085,0,692081.0
"('05H', '08C', '14H')",14.085,0,692081.0
"('05H', '08C', '14S')",14.085,0,692081.0
"('05H', '08D', '14C')",14.085,0,692081.0
"('05H', '08D', '14D')",14.085,0,692081.0
"('05H', '08D', '14H')",14.085,0,692081.0
"('05H', '08D', '14S')",14.085,0,692081.0
"('05H', '08H', '14C')",14.085,0,692081.0
"('05H', '08H', '14D')",14.085,0,692081.0
"('05H', '08H', '14H')",14.085,0,692081.0
"('05H', '08H', '14S')",14.085,0,692081.0
"('05H', '08S', '14C')",14.085,0,692081.0
"('05H', '08S', '14D')",14.085,0,692081.0
"('05H', '08S', '14H')",14.085,0,692081.0
"('05H', '08S', '14S')",14.085,0,692081.0
"('05S', '08C', '14C')",14.085,0,692081.0
"('05S', '08C', '14D')",14.085,0,692081.0
"('05S', '08C', '14H')",14.085,0,692081.0
"('05S', '08C', '14S')",14.085,0,692081.0
"('05S', '08D', '14C')",14.085,0,692081.0
"('05S', '08D', '14D')",14.085,0,692081.0
"('05S', '08D', '14H')",14.085,0,692081.0
"('05S', '08D', '14S')",14.085,0,692081.0
"('05S', '08H', '14C')",14.085,0,692081.0
"('05S', '08H', '14D')",14.085,0,692081.0
"('05S', '08H', '14H')",14.085,0,692081.0
"('05S', '08H', '14S')",14.085,0,692081.0
"('05S', '08S', '14C')",14.085,0,692081.0
"('05S', '08S', '14D')",14.085,0,692081.0
"('05S', '08S', '14H')",14.085,0,692081.0
"('05S', '08S', '14S')",14.085,0,692081.0
"('04C', '08C', '14C')",14.084,0,689186.0
"('04C', '08C', '14D')",14.084,0,689186.0
"('04C', '08C', '14H')",14.084,0,689186.0
"('04C', '08C', '14S')",14.084,0,689186.0
"('04C', '08D', '14C')",14.084,0,689186.0
"('04C', '08D', '14D')",14.084,0,689186.0
"('04C', '08D', '14H')",14.084,0,689186.0
"('04C', '08D', '14S')",14.084,0,689186.0
"('04C', '08H', '14C')",14.084,0,689186.0
"('04C', '08H', '14D')",14.084,0,689186.0
"('04C', '08H', '14H')",14.084,0,689186.0
"('04C', '08H', '14S')",14.084,0,689186.0
"('04C', '08S', '14C')",14.084,0,689186.0
"('04C', '08S', '14D')",14.084,0,689186.0
"('04C', '08S', '14H')",14.084,0,689186.0
"('04C', '08S', '14S')",14.084,0,689186.0
"('04D', '08C', '14C')",14.084,0,689186.0
"('04D', '08C', '14D')",14.084,0,689186.0
"('04D', '08C', '14H')",14.084,0,689186.0
"('04D', '08C', '14S')",14.084,0,689186.0
"('04D', '08D', '14C')",14.084,0,689186.0
"('04D', '08D', '14D')",14.084,0,689186.0
"('04D', '08D', '14H')",14.084,0,689186.0
"('04D', '08D', '14S')",14.084,0,689186.0
"('04D', '08H', '14C')",14.084,0,689186.0
"('04D', '08H', '14D')",14.084,0,689186.0
"('04D', '08H', '14H')",14.084,0,689186.0
"('04D', '08H', '14S')",14.084,0,689186.0
"('04D', '08S', '14C')",14.084,0,689186.0
"('04D', '08S', '14D')",14.084,0,689186.0
"('04D', '08S', '14H')",14.084,0,689186.0
"('04D', '08S', '14S')",14.084,0,689186.0
"('04H', '08C', '14C')",14.084,0,689186.0
"('04H', '08C', '14D')",14.084,0,689186.0
"('04H', '08C', '14H')",14.084,0,689186.0
"('04H', '08C', '14S')",14.084,0,689186.0
"('04H', '08D', '14C')",14.084,0,689186.0
"('04H', '08D', '14D')",14.084,0,689186.0
"('04H', '08D', '14H')",14.084,0,689186.0
"('04H', '08D', '14S')",14.084,0,689186.0
"('04H', '08H', '14C')",14.084,0,689186.0
"('04H', '08H', '14D')",14.084,0,689186.0
"('04H', '08H', '14H')",14.084,0,689186.0
"('04H', '08H', '14S')",14.084,0,689186.0
"('04H', '08S', '14C')",14.084,0,689186.0
"('04H', '08S', '14D')",14.084,0,689186.0
"('04H', '08S', '14H')",14.084,0,689186.0
"('04H', '08S', '14S')",14.084,0,689186.0
"('04S', '08C', '14C')",14.084,0,689186.0
"('04S', '08C', '14D')",14.084,0,689186.0
"('04S', '08C', '14H')",14.084,0,689186.0
"('04S', '08C', '14S')",14.084,0,689186.0
"('04S', '08D', '14C')",14.084,0,689186.0
"('04S', '08D', '14D')",14.084,0,689186.0
"('04S', '08D', '14H')",14.084,0,689186.0
"('04S', '08D', '14S')",14.084,0,689186.0
"('04S', '08H', '14C')",14.084,0,689186.0
"('04S', '08H', '14D')",14.084,0,689186.0
"('04S', '08H', '14H')",14.084,0,689186.0
"('04S', '08H', '14S')",14.084,0,689186.0
"('04S', '08S', '14C')",14.084,0,689186.0
"('04S', '08S', '14D')",14.084,0,689186.0
"('04S', '08S', '14H')",14.084,0,689186.0
"('04S', '08S', '14S')",14.084,0,689186.0
"('03C', '08C', '14C')",14.083,0,686290.0
"('03C', '08C', '14D')",14.083,0,686290.0
"('03C', '08C', '14H')",14.083,0,686290.0
"('03C', '08C', '14S')",14.083,0,686290.0
"('03C', '08D', '14C')",14.083,0,686290.0
"('03C', '08D', '14D')",14.083,0,686290.0
"('03C', '08D', '14H')",14.083,0,686290.0
"('03C', '08D', '14S')",14.083,0,686290.0
"('03C', '08H', '14C')",14.083,0,686290.0
"('03C', '08H', '14D')",14.083,0,686290.0
"('03C', '08H', '14H')",14.083,0,686290.0
"('03C', '08H', '14S')",14.083,0,686290.0
"('03C', '08S', '14C')",14.083,0,686290.0
"('03C', '08S', '14D')",14.083,0,686290.0
"('03C', '08S', '14H')",14.083,0,686290.0
"('03C', '08S', '14S')",14.083,0,686290.0
"('03D', '08C', '14C')",14.083,0,686290.0
"('03D', '08C', '14D')",14.083,0,686290.0
"('03D', '08C', '14H')",14.083,0,686290.0
"('03D', '08C', '14S')",14.083,0,686290.0
"('03D', '08D', '14C')",14.083,0,686290.0
"('03D', '08D', '14D')",14.083,0,686290.0
"('03D', '08D', '14H')",14.083,0,686290.0
"('03D', '08D', '14S')",14.083,0,686290.0
"('03D', '08H', '14C')",14.083,0,686290.0
"('03D', '08H', '14D')",14.083,0,686290.0
"('03D', '08H', '14H')",14.083,0,686290.0
"('03D', '08H', '14S')",14.083,0,686290.0
"('03D', '08S', '14C')",14.083,0,686290.0
"('03D', '08S', '14D')",14.083,0,686290.0
"('03D', '08S', '14H')",14.083,0,686290.0
"('03D', '08S', '14S')",14.083,0,686290.0
"('03H', '08C', '14C')",14.083,0,686290.0
"('03H', '08C', '14D')",14.083,0,686290.0
"('03H', '08C', '14H')",14.083,0,686290.0
"('03H', '08C', '14S')",14.083,0,686290.0
"('03H', '08D', '14C')",14.083,0,686290.0
"('03H', '08D', '14D')",14.083,0,686290.0
"('03H', '08D', '14H')",14.083,0,686290.0
"('03H', '08D', '14S')",14.083,0,686290.0
"('03H', '08H', '14C')",14.083,0,686290.0
"('03H', '08H', '14D')",14.083,0,686290.0
"('03H', '08H', '14H')",14.083,0,686290.0
"('03H', '08H', '14S')",14.083,0,686290.0
"('03H', '08S', '14C')",14.083,0,686290.0
"('03H', '08S', '14D')",14.083,0,686290.0
"('03H', '08S', '14H')",14.083,0,686290.0
"('03H', '08S', '14S')",14.083,0,686290.0
"('03S', '08C', '14C')",14.083,0,686290.0
"('03S', '08C', '14D')",14.083,0,686290.0
"('03S', '08C', '14H')",14.083,0,686290.0
"('03S', '08C', '14S')",14.083,0,686290.0
"('03S', '08D', '14C')",14.083,0,686290.0
"('03S', '08D', '14D')",14.083,0,686290.0
"('03S', '08D', '14H')",14.083,0,686290.0
"('03S', '08D', '14S')",14.083,0,686290.0
"('03S', '08H', '14C')",14.083,0,686290.0
"('03S', '08H', '14D')",14.083,0,686290.0
"('03S', '08H', '14H')",14.083,0,686290.0
"('03S', '08H', '14S')",14.083,0,686290.0
"('03S', '08S', '14C')",14.083,0,686290.0
"('03S', '08S', '14D')",14.083,0,686290.0
"('03S', '08S', '14H')",14.083,0,686290.0
"('03S', '08S', '14S')",14.083,0,686290.0
"('02C', '08C', '14C')",14.082,0,683394.0
"('02C', '08C', '14D')",14.082,0,683394.0
"('02C', '08C', '14H')",14.082,0,683394.0
"('02C', '08C', '14S')",14.082,0,683394.0
"('02C', '08D', '14C')",14.082,0,683394.0
"('02C', '08D', '14D')",14.082,0,683394.0
"('02C', '08D', '14H')",14.082,0,683394.0
"('02C', '08D', '14S')",14.082,0,683394.0
"('02C', '08H', '14C')",14.082,0,683394.0
"('02C', '08H', '14D')",14.082,0,683394.0
"('02C', '08H', '14H')",14.082,0,683394.0
"('02C', '08H', '14S')",14.082,0,683394.0
"('02C', '08S', '14C')",14.082,0,683394.0
"('02C', '08S', '14D')",14.082,0,683394.0
"('02C', '08S', '14H')",14.082,0,683394.0
"('02C', '08S', '14S')",14.082,0,683394.0
"('02D', '08C', '14C')",14.082,0,683394.0
"('02D', '08C', '14D')",14.082,0,683394.0
"('02D', '08C', '14H')",14.082,0,683394.0
"('02D', '08C', '14S')",14.082,0,683394.0
"('02D', '08D', '14C')",14.082,0,683394.0
"('02D', '08D', '14D')",14.082,0,683394.0
"('02D', '08D', '14H')",14.082,0,683394.0
"('02D', '08D', '14S')",14.082,0,683394.0
"('02D', '08H', '14C')",14.082,0,683394.0
"('02D', '08H', '14D')",14.082,0,683394.0
"('02D', '08H', '14H')",14.082,0,683394.0
"('02D', '08H', '14S')",14.082,0,683394.0
"('02D', '08S', '14C')",14.082,0,683394.0
"('02D', '08S', '14D')",14.082,0,683394.0
"('02D', '08S', '14H')",14.082,0,683394.0
"('02D', '08S', '14S')",14.082,0,683394.0
"('02H', '08C', '14C')",14.082,0,683394.0
"('02H', '08C', '14D')",14.082,0,683394.0
"('02H', '08C', '14H')",14.082,0,683394.0
"('02H', '08C', '14S')",14.082,0,683394.0
"('02H', '08D', '14C')",14.082,0,683394.0
"('02H', '08D', '14D')",14.082,0,683394.0
"('02H', '08D', '14H')",14.082,0,683394.0
"('02H', '08D', '14S')",14.082,0,683394.0
"('02H', '08H', '14C')",14.082,0,683394.0
"('02H', '08H', '14D')",14.082,0,683394.0
"('02H', '08H', '14H')",14.082,0,683394.0
"('02H', '08H', '14S')",14.082,0,683394.0
"('02H', '08S', '14C')",14.082,0,683394.0
"('02H', '08S', '14D')",14.082,0,683394.0
"('02H', '08S', '14H')",14.082,0,683394.0
"('02H', '08S', '14S')",14.082,0,683394.0
"('02S', '08C', '14C')",14.082,0,683394.0
"('02S', '08C', '14D')",14.082,0,683394.0
"('02S', '08C', '14H')",14.082,0,683394.0
"('02S', '08C', '14S')",14.082,0,683394.0
"('02S', '08D', '14C')",14.082,0,683394.0
"('02S', '08D', '14D')",14.082,0,683394.0
"('02S', '08D', '14H')",14.082,0,683394.0
"('02S', '08D', '14S')",14.082,0,683394.0
"('02S', '08H', '14C')",14.082,0,683394.0
"('02S', '08H', '14D')",14.082,0,683394.0
"('02S', '08H', '14H')",14.082,0,683394.0
"('02S', '08H', '14S')",14.082,0,683394.0
"('02S', '08S', '14C')",14.082,0,683394.0
"('02S', '08S', '14D')",14.082,0,683394.0
"('02S', '08S', '14H')",14.082,0,683394.0
"('02S', '08S', '14S')",14.082,0,683394.0
"('06C', '07C', '14C')",14.076,0,680498.0
"('06C', '07C', '14D')",14.076,0,680498.0
"('06C', '07C', '14H')",14.076,0,680498.0
"('06C', '07C', '14S')",14.076,0,680498.0
"('06C', '07D', '14C')",14.076,0,680498.0
"('06C', '07D', '14D')",14.076,0,680498.0
"('06C', '07D', '14H')",14.076,0,680498.0
"('06C', '07D', '14S')",14.076,0,680498.0
"('06C', '07H', '14C')",14.076,0,680498.0
"('06C', '07H', '14D')",14.076,0,680498.0
"('06C', '07H', '14H')",14.076,0,680498.0
"('06C', '07H', '14S')",14.076,0,680498.0
"('06C', '07S', '14C')",14.076,0,680498.0
"('06C', '07S', '14D')",14.076,0,680498.0
"('06C', '07S', '14H')",14.076,0,680498.0
"('06C', '07S', '14S')",14.076,0,680498.0
"('06D', '07C', '14C')",14.076,0,680498.0
"('06D', '07C', '14D')",14.076,0,680498.0
"('06D', '07C', '14H')",14.076,0,680498.0
"('06D', '07C', '14S')",14.076,0,680498.0
"('06D', '07D', '14C')",14.076,0,680498.0
"('06D', '07D', '14D')",14.076,0,680498.0
"('06D', '07D', '14H')",14.076,0,680498.0
"('06D', '07D', '14S')",14.076,0,680498.0
"('06D', '07H', '14C')",14.076,0,680498.0
"('06D', '07H', '14D')",14.076,0,680498.0
"('06D', '07H', '14H')",14.076,0,680498.0
"('06D', '07H', '14S')",14.076,0,680498.0
"('06D', '07S', '14C')",14.076,0,680498.0
"('06D', '07S', '14D')",14.076,0,680498.0
"('06D', '07S', '14H')",14.076,0,680498.0
"('06D', '07S', '14S')",14.076,0,680498.0
"('06H', '07C', '14C')",14.076,0,680498.0
"('06H', '07C', '14D')",14.076,0,680498.0
"('06H', '07C', '14H')",14.076,0,680498.0
"('06H', '07C', '14S')",14.076,0,680498.0
"('06H', '07D', '14C')",14.076,0,680498.0
"('06H', '07D', '14D')",14.076,0,680498.0
"('06H', '07D', '14H')",14.076,0,680498.0
"('06H', '07D', '14S')",14.076,0,680498.0
"('06H', '07H', '14C')",14.076,0,680498.0
"('06H', '07H', '14D')",14.076,0,680498.0
"('06H', '07H', '14H')",14.076,0,680498.0
"('06H', '07H', '14S')",14.076,0,680498.0
"('06H', '07S', '14C')",14.076,0,680498.0
"('06H', '07S', '14D')",14.076,0,680498.0
"('06H', '07S', '14H')",14.076,0,680498.0
"('06H', '07S', '14S')",14.076,0,680498.0
"('06S', '07C', '14C')",14.076,0,680498.0
"('06S', '07C', '14D')",14.076,0,680498.0
"('06S', '07C', '14H')",14.076,0,680498.0
"('06S', '07C', '14S')",14.076,0,680498.0
"('06S', '07D', '14C')",14.076,0,680498.0
"('06S', '07D', '14D')",14.076,0,680498.0
"('06S', '07D', '14H')",14.076,0,680498.0
"('06S', '07D', '14S')",14.076,0,680498.0
"('06S', '07H', '14C')",14.076,0,680498.0
"('06S', '07H', '14D')",14.076,0,680498.0
"('06S', '07H', '14H')",14.076,0,680498.0
"('06S', '07H', '14S')",14.076,0,680498.0
"('06S', '07S', '14C')",14.076,0,680498.0
"('06S', '07S', '14D')",14.076,0,680498.0
"('06S', '07S', '14H')",14.076,0,680498.0
"('06S', '07S', '14S')",14.076,0,680498.0
"('05C', '07C', '14C')",14.075000000000001,0,677602.0
"('05C', '07C', '14D')",14.075000000000001,0,677602.0
"('05C', '07C', '14H')",14.075000000000001,0,677602.0
"('05C', '07C', '14S')",14.075000000000001,0,677602.0
"('05C', '07D', '14C')",14.075000000000001,0,677602.0
"('05C', '07D', '14D')",14.075000000000001,0,677602.0
"('05C', '07D', '14H')",14.075000000000001,0,677602.0
"('05C', '07D', '14S')",14.075000000000001,0,677602.0
"('05C', '07H', '14C')",14.075000000000001,0,677602.0
"('05C', '07H', '14D')",14.075000000000001,0,677602.0
"('05C', '07H', '14H')",14.075000000000001,0,677602.0
"('05C', '07H', '14S')",14.075000000000001,0,677602.0
"('05C', '07S', '14C')",14.075000000000001,0,677602.0
"('05C', '07S', '14D')",14.075000000000001,0,677602.0
"('05C', '07S', '14H')",14.075000000000001,0,677602.0
"('05C', '07S', '14S')",14.075000000000001,0,677602.0
"('05D', '07C', '14C')",14.075000000000001,0,677602.0
"('05D', '07C', '14D')",14.075000000000001,0,677602.0
"('05D', '07C', '14H')",14.075000000000001,0,677602.0
"('05D', '07C', '14S')",14.075000000000001,0,677602.0
"('05D', '07D', '14C')",14.075000000000001,0,677602.0
"('05D', '07D', '14D')",14.075000000000001,0,677602.0
"('05D', '07D', '14H')",14.075000000000001,0,677602.0
"('05D', '07D', '14S')",14.075000000000001,0,677602.0
"('05D', '07H', '14C')",14.075000000000001,0,677602.0
"('05D', '07H', '14D')",14.075000000000001,0,677602.0
"('05D', '07H', '14H')",14.075000000000001,0,677602.0
"('05D', '07H', '14S')",14.075000000000001,0,677602.0
"('05D', '07S', '14C')",14.075000000000001,0,677602.0
"('05D', '07S', '14D')",14.075000000000001,0,677602.0
"('05D', '07S', '14H')",14.075000000000001,0,677602.0
"('05D', '07S', '14S')",14.075000000000001,0,677602.0
"('05H', '07C', '14C')",14.075000000000001,0,677602.0
"('05H', '07C', '14D')",14.075000000000001,0,677602.0
"('05H', '07C', '14H')",14.075000000000001,0,677602.0
"('05H', '07C', '14S')",14.075000000000001,0,677602.0
"('05H', '07D', '14C')",14.075000000000001,0,677602.0
"('05H', '07D', '14D')",14.075000000000001,0,677602.0
"('05H', '07D', '14H')",14.075000000000001,0,677602.0
"('05H', '07D', '14S')",14.075000000000001,0,677602.0
"('05H', '07H', '14C')",14.075000000000001,0,677602.0
"('05H', '07H', '14D')",14.075000000000001,0,677602.0
"('05H', '07H', '14H')",14.075000000000001,0,677602.0
"('05H', '07H', '14S')",14.075000000000001,0,677602.0
"('05H', '07S', '14C')",14.075000000000001,0,677602.0
"('05H', '07S', '14D')",14.075000000000001,0,677602.0
"('05H', '07S', '14H')",14.075000000000001,0,677602.0
"('05H', '07S', '14S')",14.075000000000001,0,677602.0
"('05S', '07C', '14C')",14.075000000000001,0,677602.0
"('05S', '07C', '14D')",14.075000000000001,0,677602.0
"('05S', '07C', '14H')",14.075000000000001,0,677602.0
"('05S', '07C', '14S')",14.075000000000001,0,677602.0
"('05S', '07D', '14C')",14.075000000000001,0,677602.0
"('05S', '07D', '14D')",14.075000000000001,0,677602.0
"('05S', '07D', '14H')",14.075000000000001,0,677602.0
"('05S', '07D', '14S')",14.075000000000001,0,677602.0
"('05S', '07H', '14C')",14.075000000000001,0,677602.0
"('05S', '07H', '14D')",14.075000000000001,0,677602.0
"('05S', '07H', '14H')",14.075000000000001,0,677602.0
"('05S', '07H', '14S')",14.075000000000001,0,677602.0
"('05S', '07S', '14C')",14.075000000000001,0,677602.0
"('05S', '07S', '14D')",14.075000000000001,0,677602.0
"('05S', '07S', '14H')",14.075000000000001,0,677602.0
"('05S', '07S', '14S')",14.075000000000001,0,677602.0
"('04C', '07C', '14C')",14.074,0,674706.0
"('04C', '07C', '14D')",14.074,0,674706.0
"('04C', '07C', '14H')",14.074,0,674706.0
"('04C', '07C', '14S')",14.074,0,674706.0
"('04C', '07D', '14C')",14.074,0,674706.0
"('04C', '07D', '14D')",14.074,0,674706.0
"('04C', '07D', '14H')",14.074,0,674706.0
"('04C', '07D', '14S')",14.074,0,674706.0
"('04C', '07H', '14C')",14.074,0,674706.0
"('04C', '07H', '14D')",14.074,0,674706.0
"('04C', '07H', '14H')",14.074,0,674706.0
"('04C', '07H', '14S')",14.074,0,674706.0
"('04C', '07S', '14C')",14.074,0,674706.0
"('04C', '07S', '14D')",14.074,0,674706.0
"('04C', '07S', '14H')",14.074,0,674706.0
"('04C', '07S', '14S')",14.074,0,674706.0
"('04D', '07C', '14C')",14.074,0,674706.0
"('04D', '07C', '14D')",14.074,0,674706.0
"('04D', '07C', '14H')",14.074,0,674706.0
"('04D', '07C', '14S')",14.074,0,674706.0
"('04D', '07D', '14C')",14.074,0,674706.0
"('04D', '07D', '14D')",14.074,0,674706.0
"('04D', '07D', '14H')",14.074,0,674706.0
"('04D', '07D', '14S')",14.074,0,674706.0
"('04D', '07H', '14C')",14.074,0,674706.0
"('04D', '07H', '14D')",14.074,0,674706.0
"('04D', '07H', '14H')",14.074,0,674706.0
"('04D', '07H', '14S')",14.074,0,674706.0
"('04D', '07S', '14C')",14.074,0,674706.0
"('04D', '07S', '14D')",14.074,0,674706.0
"('04D', '07S', '14H')",14.074,0,674706.0
"('04D', '07S', '14S')",14.074,0,674706.0
"('04H', '07C', '14C')",14.074,0,674706.0
"('04H', '07C', '14D')",14.074,0,674706.0
"('04H', '07C', '14H')",14.074,0,674706.0
"('04H', '07C', '14S')",14.074,0,674706.0
"('04H', '07D', '14C')",14.074,0,674706.0
"('04H', '07D', '14D')",14.074,0,674706.0
"('04H', '07D', '14H')",14.074,0,674706.0
"('04H', '07D', '14S')",14.074,0,674706.0
"('04H', '07H', '14C')",14.074,0,674706.0
"('04H', '07H', '14D')",14.074,0,674706.0
"('04H', '07H', '14H')",14.074,0,674706.0
"('04H', '07H', '14S')",14.074,0,674706.0
"('04H', '07S', '14C')",14.074,0,674706.0
"('04H', '07S', '14D')",14.074,0,674706.0
"('04H', '07S', '14H')",14.074,0,674706.0
"('04H', '07S', '14S')",14.074,0,674706.0
"('04S', '07C', '14C')",14.074,0,674706.0
"('04S', '07C', '14D')",14.074,0,674706.0
"('04S', '07C', '14H')",14.074,0,674706.0
"('04S', '07C', '14S')",14.074,0,674706.0
"('04S', '07D', '14C')",14.074,0,674706.0
"('04S', '07D', '14D')",14.074,0,674706.0
"('04S', '07D', '14H')",14.074,0,674706.0
"('04S', '07D', '14S')",14.074,0,674706.0
"('04S', '07H', '14C')",14.074,0,674706.0
"('04S', '07H', '14D')",14.074,0,674706.0
"('04S', '07H', '14H')",14.074,0,674706.0
"('04S', '07H', '14S')",14.074,0,674706.0
"('04S', '07S', '14C')",14.074,0,674706.0
"('04S', '07S', '14D')",14.074,0,674706.0
"('04S', '07S', '14H')",14.074,0,674706.0
"('04S', '07S', '14S')",14.074,0,674706.0
"('03C', '07C', '14C')",14.073,0,671810.0
"('03C', '07C', '14D')",14.073,0,671810.0
"('03C', '07C', '14H')",14.073,0,671810.0
"('03C', '07C', '14S')",14.073,0,671810.0
"('03C', '07D', '14C')",14.073,0,671810.0
"('03C', '07D', '14D')",14.073,0,671810.0
"('03C', '07D', '14H')",14.073,0,671810.0
"('03C', '07D', '14S')",14.073,0,671810.0
"('03C', '07H', '14C')",14.073,0,671810.0
"('03C', '07H', '14D')",14.073,0,671810.0
"('03C', '07H', '14H')",14.073,0,671810.0
"('03C', '07H', '14S')",14.073,0,671810.0
"('03C', '07S', '14C')",14.073,0,671810.0
"('03C', '07S', '14D')",14.073,0,671810.0
"('03C', '07S', '14H')",14.073,0,671810.0
"('03C', '07S', '14S')",14.073,0,671810.0
"('03D', '07C', '14C')",14.073,0,671810.0
"('03D', '07C', '14D')",14.073,0,671810.0
"('03D', '07C', '14H')",14.073,0,671810.0
"('03D', '07C', '14S')",14.073,0,671810.0
"('03D', '07D', '14C')",14.073,0,671810.0
"('03D', '07D', '14D')",14.073,0,671810.0
"('03D', '07D', '14H')",14.073,0,671810.0
"('03D', '07D', '14S')",14.073,0,671810.0
"('03D', '07H', '14C')",14.073,0,671810.0
"('03D', '07H', '14D')",14.073,0,671810.0
"('03D', '07H', '14H')",14.073,0,671810.0
"('03D', '07H', '14S')",14.073,0,671810.0
"('03D', '07S', '14C')",14.073,0,671810.0
"('03D', '07S', '14D')",14.073,0,671810.0
"('03D', '07S', '14H')",14.073,0,671810.0
"('03D', '07S', '14S')",14.073,0,671810.0
"('03H', '07C', '14C')",14.073,0,671810.0
"('03H', '07C', '14D')",14.073,0,671810.0
"('03H', '07C', '14H')",14.073,0,671810.0
"('03H', '07C', '14S')",14.073,0,671810.0
"('03H', '07D', '14C')",14.073,0,671810.0
"('03H', '07D', '14D')",14.073,0,671810.0
"('03H', '07D', '14H')",14.073,0,671810.0
"('03H', '07D', '14S')",14.073,0,671810.0
"('03H', '07H', '14C')",14.073,0,671810.0
"('03H', '07H', '14D')",14.073,0,671810.0
"('03H', '07H', '14H')",14.073,0,671810.0
"('03H', '07H', '14S')",14.073,0,671810.0
"('03H', '07S', '14C')",14.073,0,671810.0
"('03H', '07S', '14D')",14.073,0,671810.0
"('03H', '07S', '14H')",14.073,0,671810.0
"('03H', '07S', '14S')",14.073,0,671810.0
"('03S', '07C', '14C')",14.073,0,671810.0
"('03S', '07C', '14D')",14.073,0,671810.0
"('03S', '07C', '14H')",14.073,0,671810.0
"('03S', '07C', '14S')",14.073,0,671810.0
"('03S', '07D', '14C')",14.073,0,671810.0
"('03S', '07D', '14D')",14.073,0,671810.0
"('03S', '07D', '14H')",14.073,0,671810.0
"('03S', '07D', '14S')",14.073,0,671810.0
"('03S', '07H', '14C')",14.073,0,671810.0
"('03S', '07H', '14D')",14.073,0,671810.0
"('03S', '07H', '14H')",14.073,0,671810.0
"('03S', '07H', '14S')",14.073,0,671810.0
"('03S', '07S', '14C')",14.073,0,671810.0
"('03S', '07S', '14D')",14.073,0,671810.0
"('03S', '07S', '14H')",14.073,0,671810.0
"('03S', '07S', '14S')",14.073,0,671810.0
"('02C', '07C', '14C')",14.072000000000001,0,668914.0
"('02C', '07C', '14D')",14.072000000000001,0,668914.0
"('02C', '07C', '14H')",14.072000000000001,0,668914.0
"('02C', '07C', '14S')",14.072000000000001,0,668914.0
"('02C', '07D', '14C')",14.072000000000001,0,668914.0
"('02C', '07D', '14D')",14.072000000000001,0,668914.0
"('02C', '07D', '14H')",14.072000000000001,0,668914.0
"('02C', '07D', '14S')",14.072000000000001,0,668914.0
"('02C', '07H', '14C')",14.072000000000001,0,668914.0
"('02C', '07H', '14D')",14.072000000000001,0,668914.0
"('02C', '07H', '14H')",14.072000000000001,0,668914.0
"('02C', '07H', '14S')",14.072000000000001,0,668914.0
"('02C', '07S', '14C')",14.072000000000001,0,668914.0
"('02C', '07S', '14D')",14.072000000000001,0,668914.0
"('02C', '07S', '14H')",14.072000000000001,0,668914.0
"('02C', '07S', '14S')",14.072000000000001,0,668914.0
"('02D', '07C', '14C')",14.072000000000001,0,668914.0
"('02D', '07C', '14D')",14.072000000000001,0,668914.0
"('02D', '07C', '14H')",14.072000000000001,0,668914.0
"('02D', '07C', '14S')",14.072000000000001,0,668914.0
"('02D', '07D', '14C')",14.072000000000001,0,668914.0
"('02D', '07D', '14D')",14.072000000000001,0,668914.0
"('02D', '07D', '14H')",14.072000000000001,0,668914.0
"('02D', '07D', '14S')",14.072000000000001,0,668914.0
"('02D', '07H', '14C')",14.072000000000001,0,668914.0
"('02D', '07H', '14D')",14.072000000000001,0,668914.0
"('02D', '07H', '14H')",14.072000000000001,0,668914.0
"('02D', '07H', '14S')",14.072000000000001,0,668914.0
"('02D', '07S', '14C')",14.072000000000001,0,668914.0
"('02D', '07S', '14D')",14.072000000000001,0,668914.0
"('02D', '07S', '14H')",14.072000000000001,0,668914.0
"('02D', '07S', '14S')",14.072000000000001,0,668914.0
"('02H', '07C', '14C')",14.072000000000001,0,668914.0
"('02H', '07C', '14D')",14.072000000000001,0,668914.0
"('02H', '07C', '14H')",14.072000000000001,0,668914.0
"('02H', '07C', '14S')",14.072000000000001,0,668914.0
"('02H', '07D', '14C')",14.072000000000001,0,668914.0
"('02H', '07D', '14D')",14.072000000000001,0,668914.0
"('02H', '07D', '14H')",14.072000000000001,0,668914.0
"('02H', '07D', '14S')",14.072000000000001,0,668914.0
"('02H', '07H', '14C')",14.072000000000001,0,668914.0
"('02H', '07H', '14D')",14.072000000000001,0,668914.0
"('02H', '07H', '14H')",14.072000000000001,0,668914.0
"('02H', '07H', '14S')",14.072000000000001,0,668914.0
"('02H', '07S', '14C')",14.072000000000001,0,668914.0
"('02H', '07S', '14D')",14.072000000000001,0,668914.0
"('02H', '07S', '14H')",14.072000000000001,0,668914.0
"('02H', '07S', '14S')",14.072000000000001,0,668914.0
"('02S', '07C', '14C')",14.072000000000001,0,668914.0
"('02S', '07C', '14D')",14.072000000000001,0,668914.0
"('02S', '07C', '14H')",14.072000000000001,0,668914.0
"('02S', '07C', '14S')",14.072000000000001,0,668914.0
"('02S', '07D', '14C')",14.072000000000001,0,668914.0
"('02S', '07D', '14D')",14.072000000000001,0,668914.0
"('02S', '07D', '14H')",14.072000000000001,0,668914.0
"('02S', '07D', '14S')",14.072000000000001,0,668914.0
"('02S', '07H', '14C')",14.072000000000001,0,668914.0
"('02S', '07H', '14D')",14.072000000000001,0,668914.0
"('02S', '07H', '14H')",14.072000000000001,0,668914.0
"('02S', '07H', '14S')",14.072000000000001,0,668914.0
"('02S', '07S', '14C')",14.072000000000001,0,668914.0
"('02S', '07S', '14D')",14.072000000000001,0,668914.0
"('02S', '07S', '14H')",14.072000000000001,0,668914.0
"('02S', '07S', '14S')",14.072000000000001,0,668914.0
"('05C', '06C', '14C')",14.065000000000001,0,666018.0
"('05C', '06C', '14D')",14.065000000000001,0,666018.0
"('05C', '06C', '14H')",14.065000000000001,0,666018.0
"('05C', '06C', '14S')",14.065000000000001,0,666018.0
"('05C', '06D', '14C')",14.065000000000001,0,666018.0
"('05C', '06D', '14D')",14.065000000000001,0,666018.0
"('05C', '06D', '14H')",14.065000000000001,0,666018.0
"('05C', '06D', '14S')",14.065000000000001,0,666018.0
"('05C', '06H', '14C')",14.065000000000001,0,666018.0
"('05C', '06H', '14D')",14.065000000000001,0,666018.0
"('05C', '06H', '14H')",14.065000000000001,0,666018.0
"('05C', '06H', '14S')",14.065000000000001,0,666018.0
"('05C', '06S', '14C')",14.065000000000001,0,666018.0
"('05C', '06S', '14D')",14.065000000000001,0,666018.0
"('05C', '06S', '14H')",14.065000000000001,0,666018.0
"('05C', '06S', '14S')",14.065000000000001,0,666018.0
"('05D', '06C', '14C')",14.065000000000001,0,666018.0
"('05D', '06C', '14D')",14.065000000000001,0,666018.0
"('05D', '06C', '14H')",14.065000000000001,0,666018.0
"('05D', '06C', '14S')",14.065000000000001,0,666018.0
"('05D', '06D', '14C')",14.065000000000001,0,666018.0
"('05D', '06D', '14D')",14.065000000000001,0,666018.0
"('05D', '06D', '14H')",14.065000000000001,0,666018.0
"('05D', '06D', '14S')",14.065000000000001,0,666018.0
"('05D', '06H', '14C')",14.065000000000001,0,666018.0
"('05D', '06H', '14D')",14.065000000000001,0,666018.0
"('05D', '06H', '14H')",14.065000000000001,0,666018.0
"('05D', '06H', '14S')",14.065000000000001,0,666018.0
"('05D', '06S', '14C')",14.065000000000001,0,666018.0
"('05D', '06S', '14D')",14.065000000000001,0,666018.0
"('05D', '06S', '14H')",14.065000000000001,0,666018.0
"('05D', '06S', '14S')",14.065000000000001,0,666018.0
"('05H', '06C', '14C')",14.065000000000001,0,666018.0
"('05H', '06C', '14D')",14.065000000000001,0,666018.0
"('05H', '06C', '14H')",14.065000000000001,0,666018.0
"('05H', '06C', '14S')",14.065000000000001,0,666018.0
"('05H', '06D', '14C')",14.065000000000001,0,666018.0
"('05H', '06D', '14D')",14.065000000000001,0,666018.0
"('05H', '06D', '14H')",14.065000000000001,0,666018.0
"('05H', '06D', '14S')",14.065000000000001,0,666018.0
"('05H', '06H', '14C')",14.065000000000001,0,666018.0
"('05H', '06H', '14D')",14.065000000000001,0,666018.0
"('05H', '06H', '14H')",14.065000000000001,0,666018.0
"('05H', '06H', '14S')",14.065000000000001,0,666018.0
"('05H', '06S', '14C')",14.065000000000001,0,666018.0
"('05H', '06S', '14D')",14.065000000000001,0,666018.0
"('05H', '06S', '14H')",14.065000000000001,0,666018.0
"('05H', '06S', '14S')",14.065000000000001,0,666018.0
"('05S', '06C', '14C')",14.065000000000001,0,666018.0
"('05S', '06C', '14D')",14.065000000000001,0,666018.0
"('05S', '06C', '14H')",14.065000000000001,0,666018.0
"('05S', '06C', '14S')",14.065000000000001,0,666018.0
"('05S', '06D', '14C')",14.065000000000001,0,666018.0
"('05S', '06D', '14D')",14.065000000000001,0,666018.0
"('05S', '06D', '14H')",14.065000000000001,0,666018.0
"('05S', '06D', '14S')",14.065000000000001,0,666018.0
"('05S', '06H', '14C')",14.065000000000001,0,666018.0
"('05S', '06H', '14D')",14.065000000000001,0,666018.0
"('05S', '06H', '14H')",14.065000000000001,0,666018.0
"('05S', '06H', '14S')",14.065000000000001,0,666018.0
"('05S', '06S', '14C')",14.065000000000001,0,666018.0
"('05S', '06S', '14D')",14.065000000000001,0,666018.0
"('05S', '06S', '14H')",14.065000000000001,0,666018.0
"('05S', '06S', '14S')",14.065000000000001,0,666018.0
"('04C', '06C', '14C')",14.064,0,663122.0
"('04C', '06C', '14D')",14.064,0,663122.0
"('04C', '06C', '14H')",14.064,0,663122.0
"('04C', '06C', '14S')",14.064,0,663122.0
"('04C', '06D', '14C')",14.064,0,663122.0
"('04C', '06D', '14D')",14.064,0,663122.0
"('04C', '06D', '14H')",14.064,0,663122.0
"('04C', '06D', '14S')",14.064,0,663122.0
"('04C', '06H', '14C')",14.064,0,663122.0
"('04C', '06H', '14D')",14.064,0,663122.0
"('04C', '06H', '14H')",14.064,0,663122.0
"('04C', '06H', '14S')",14.064,0,663122.0
"('04C', '06S', '14C')",14.064,0,663122.0
"('04C', '06S', '14D')",14.064,0,663122.0
"('04C', '06S', '14H')",14.064,0,663122.0
"('04C', '06S', '14S')",14.064,0,663122.0
"('04D', '06C', '14C')",14.064,0,663122.0
"('04D', '06C', '14D')",14.064,0,663122.0
"('04D', '06C', '14H')",14.064,0,663122.0
"('04D', '06C', '14S')",14.064,0,663122.0
"('04D', '06D', '14C')",14.064,0,663122.0
"('04D', '06D', '14D')",14.064,0,663122.0
"('04D', '06D', '14H')",14.064,0,663122.0
"('04D', '06D', '14S')",14.064,0,663122.0
"('04D', '06H', '14C')",14.064,0,663122.0
"('04D', '06H', '14D')",14.064,0,663122.0
"('04D', '06H', '14H')",14.064,0,663122.0
"('04D', '06H', '14S')",14.064,0,663122.0
"('04D', '06S', '14C')",14.064,0,663122.0
"('04D', '06S', '14D')",14.064,0,663122.0
"('04D', '06S', '14H')",14.064,0,663122.0
"('04D', '06S', '14S')",14.064,0,663122.0
"('04H', '06C', '14C')",14.064,0,663122.0
"('04H', '06C', '14D')",14.064,0,663122.0
"('04H', '06C', '14H')",14.064,0,663122.0
"('04H', '06C', '14S')",14.064,0,663122.0
"('04H', '06D', '14C')",14.064,0,663122.0
"('04H', '06D', '14D')",14.064,0,663122.0
"('04H', '06D', '14H')",14.064,0,663122.0
"('04H', '06D', '14S')",14.064,0,663122.0
"('04H', '06H', '14C')",14.064,0,663122.0
"('04H', '06H', '14D')",14.064,0,663122.0
"('04H', '06H', '14H')",14.064,0,663122.0
"('04H', '06H', '14S')",14.064,0,663122.0
"('04H', '06S', '14C')",14.064,0,663122.0
"('04H', '06S', '14D')",14.064,0,663122.0
"('04H', '06S', '14H')",14.064,0,663122.0
"('04H', '06S', '14S')",14.064,0,663122.0
"('04S', '06C', '14C')",14.064,0,663122.0
"('04S', '06C', '14D')",14.064,0,663122.0
"('04S', '06C', '14H')",14.064,0,663122.0
"('04S', '06C', '14S')",14.064,0,663122.0
"('04S', '06D', '14C')",14.064,0,663122.0
"('04S', '06D', '14D')",14.064,0,663122.0
"('04S', '06D', '14H')",14.064,0,663122.0
"('04S', '06D', '14S')",14.064,0,663122.0
"('04S', '06H', '14C')",14.064,0,663122.0
"('04S', '06H', '14D')",14.064,0,663122.0
"('04S', '06H', '14H')",14.064,0,663122.0
"('04S', '06H', '14S')",14.064,0,663122.0
"('04S', '06S', '14C')",14.064,0,663122.0
"('04S', '06S', '14D')",14.064,0,663122.0
"('04S', '06S', '14H')",14.064,0,663122.0
"('04S', '06S', '14S')",14.064,0,663122.0
"('03C', '06C', '14C')",14.063,0,660226.0
"('03C', '06C', '14D')",14.063,0,660226.0
"('03C', '06C', '14H')",14.063,0,660226.0
"('03C', '06C', '14S')",14.063,0,660226.0
"('03C', '06D', '14C')",14.063,0,660226.0
"('03C', '06D', '14D')",14.063,0,660226.0
"('03C', '06D', '14H')",14.063,0,660226.0
"('03C', '06D', '14S')",14.063,0,660226.0
"('03C', '06H', '14C')",14.063,0,660226.0
"('03C', '06H', '14D')",14.063,0,660226.0
"('03C', '06H', '14H')",14.063,0,660226.0
"('03C', '06H', '14S')",14.063,0,660226.0
"('03C', '06S', '14C')",14.063,0,660226.0
"('03C', '06S', '14D')",14.063,0,660226.0
"('03C', '06S', '14H')",14.063,0,660226.0
"('03C', '06S', '14S')",14.063,0,660226.0
"('03D', '06C', '14C')",14.063,0,660226.0
"('03D', '06C', '14D')",14.063,0,660226.0
"('03D', '06C', '14H')",14.063,0,660226.0
"('03D', '06C', '14S')",14.063,0,660226.0
"('03D', '06D', '14C')",14.063,0,660226.0
"('03D', '06D', '14D')",14.063,0,660226.0
"('03D', '06D', '14H')",14.063,0,660226.0
"('03D', '06D', '14S')",14.063,0,660226.0
"('03D', '06H', '14C')",14.063,0,660226.0
"('03D', '06H', '14D')",14.063,0,660226.0
"('03D', '06H', '14H')",14.063,0,660226.0
"('03D', '06H', '14S')",14.063,0,660226.0
"('03D', '06S', '14C')",14.063,0,660226.0
"('03D', '06S', '14D')",14.063,0,660226.0
"('03D', '06S', '14H')",14.063,0,660226.0
"('03D', '06S', '14S')",14.063,0,660226.0
"('03H', '06C', '14C')",14.063,0,660226.0
"('03H', '06C', '14D')",14.063,0,660226.0
"('03H', '06C', '14H')",14.063,0,660226.0
"('03H', '06C', '14S')",14.063,0,660226.0
"('03H', '06D', '14C')",14.063,0,660226.0
"('03H', '06D', '14D')",14.063,0,660226.0
"('03H', '06D', '14H')",14.063,0,660226.0
"('03H', '06D', '14S')",14.063,0,660226.0
"('03H', '06H', '14C')",14.063,0,660226.0
"('03H', '06H', '14D')",14.063,0,660226.0
"('03H', '06H', '14H')",14.063,0,660226.0
"('03H', '06H', '14S')",14.063,0,660226.0
"('03H', '06S', '14C')",14.063,0,660226.0
"('03H', '06S', '14D')",14.063,0,660226.0
"('03H', '06S', '14H')",14.063,0,660226.0
"('03H', '06S', '14S')",14.063,0,660226.0
"('03S', '06C', '14C')",14.063,0,660226.0
"('03S', '06C', '14D')",14.063,0,660226.0
"('03S', '06C', '14H')",14.063,0,660226.0
"('03S', '06C', '14S')",14.063,0,660226.0
"('03S', '06D', '14C')",14.063,0,660226.0
"('03S', '06D', '14D')",14.063,0,660226.0
"('03S', '06D', '14H')",14.063,0,660226.0
"('03S', '06D', '14S')",14.063,0,660226.0
"('03S', '06H', '14C')",14.063,0,660226.0
"('03S', '06H', '14D')",14.063,0,660226.0
"('03S', '06H', '14H')",14.063,0,660226.0
"('03S', '06H', '14S')",14.063,0,660226.0
"('03S', '06S', '14C')",14.063,0,660226.0
"('03S', '06S', '14D')",14.063,0,660226.0
"('03S', '06S', '14H')",14.063,0,660226.0
"('03S', '06S', '14S')",14.063,0,660226.0
"('02C', '06C', '14C')",14.062000000000001,0,657330.0
"('02C', '06C', '14D')",14.062000000000001,0,657330.0
"('02C', '06C', '14H')",14.062000000000001,0,657330.0
"('02C', '06C', '14S')",14.062000000000001,0,657330.0
"('02C', '06D', '14C')",14.062000000000001,0,657330.0
"('02C', '06D', '14D')",14.062000000000001,0,657330.0
"('02C', '06D', '14H')",14.062000000000001,0,657330.0
"('02C', '06D', '14S')",14.062000000000001,0,657330.0
"('02C', '06H', '14C')",14.062000000000001,0,657330.0
"('02C', '06H', '14D')",14.062000000000001,0,657330.0
"('02C', '06H', '14H')",14.062000000000001,0,657330.0
"('02C', '06H', '14S')",14.062000000000001,0,657330.0
"('02C', '06S', '14C')",14.062000000000001,0,657330.0
"('02C', '06S', '14D')",14.062000000000001,0,657330.0
"('02C', '06S', '14H')",14.062000000000001,0,657330.0
"('02C', '06S', '14S')",14.062000000000001,0,657330.0
"('02D', '06C', '14C')",14.062000000000001,0,657330.0
"('02D', '06C', '14D')",14.062000000000001,0,657330.0
"('02D', '06C', '14H')",14.062000000000001,0,657330.0
"('02D', '06C', '14S')",14.062000000000001,0,657330.0
"('02D', '06D', '14C')",14.062000000000001,0,657330.0
"('02D', '06D', '14D')",14.062000000000001,0,657330.0
"('02D', '06D', '14H')",14.062000000000001,0,657330.0
"('02D', '06D', '14S')",14.062000000000001,0,657330.0
"('02D', '06H', '14C')",14.062000000000001,0,657330.0
"('02D', '06H', '14D')",14.062000000000001,0,657330.0
"('02D', '06H', '14H')",14.062000000000001,0,657330.0
"('02D', '06H', '14S')",14.062000000000001,0,657330.0
"('02D', '06S', '14C')",14.062000000000001,0,657330.0
"('02D', '06S', '14D')",14.062000000000001,0,657330.0
"('02D', '06S', '14H')",14.062000000000001,0,657330.0
"('02D', '06S', '14S')",14.062000000000001,0,657330.0
"('02H', '06C', '14C')",14.062000000000001,0,657330.0
"('02H', '06C', '14D')",14.062000000000001,0,657330.0
"('02H', '06C', '14H')",14.062000000000001,0,657330.0
"('02H', '06C', '14S')",14.062000000000001,0,657330.0
"('02H', '06D', '14C')",14.062000000000001,0,657330.0
"('02H', '06D', '14D')",14.062000000000001,0,657330.0
"('02H', '06D', '14H')",14.062000000000001,0,657330.0
"('02H', '06D', '14S')",14.062000000000001,0,657330.0
"('02H', '06H', '14C')",14.062000000000001,0,657330.0
"('02H', '06H', '14D')",14.062000000000001,0,657330.0
"('02H', '06H', '14H')",14.062000000000001,0,657330.0
"('02H', '06H', '14S')",14.062000000000001,0,657330.0
"('02H', '06S', '14C')",14.062000000000001,0,657330.0
"('02H', '06S', '14D')",14.062000000000001,0,657330.0
"('02H', '06S', '14H')",14.062000000000001,0,657330.0
"('02H', '06S', '14S')",14.062000000000001,0,657330.0
"('02S', '06C', '14C')",14.062000000000001,0,657330.0
"('02S', '06C', '14D')",14.062000000000001,0,657330.0
"('02S', '06C', '14H')",14.062000000000001,0,657330.0
"('02S', '06C', '14S')",14.062000000000001,0,657330.0
"('02S', '06D', '14C')",14.062000000000001,0,657330.0
"('02S', '06D', '14D')",14.062000000000001,0,657330.0
"('02S', '06D', '14H')",14.062000000000001,0,657330.0
"('02S', '06D', '14S')",14.062000000000001,0,657330.0
"('02S', '06H', '14C')",14.062000000000001,0,657330.0
"('02S', '06H', '14D')",14.062000000000001,0,657330.0
"('02S', '06H', '14H')",14.062000000000001,0,657330.0
"('02S', '06H', '14S')",14.062000000000001,0,657330.0
"('02S', '06S', '14C')",14.062000000000001,0,657330.0
"('02S', '06S', '14D')",14.062000000000001,0,657330.0
"('02S', '06S', '14H')",14.062000000000001,0,657330.0
"('02S', '06S', '14S')",14.062000000000001,0,657330.0
"('04C', '05C', '14C')",14.054,0,654434.0
"('04C', '05C', '14D')",14.054,0,654434.0
"('04C', '05C', '14H')",14.054,0,654434.0
"('04C', '05C', '14S')",14.054,0,654434.0
"('04C', '05D', '14C')",14.054,0,654434.0
"('04C', '05D', '14D')",14.054,0,654434.0
"('04C', '05D', '14H')",14.054,0,654434.0
"('04C', '05D', '14S')",14.054,0,654434.0
"('04C', '05H', '14C')",14.054,0,654434.0
"('04C', '05H', '14D')",14.054,0,654434.0
"('04C', '05H', '14H')",14.054,0,654434.0
"('04C', '05H', '14S')",14.054,0,654434.0
"('04C', '05S', '14C')",14.054,0,654434.0
"('04C', '05S', '14D')",14.054,0,654434.0
"('04C', '05S', '14H')",14.054,0,654434.0
"('04C', '05S', '14S')",14.054,0,654434.0
"('04D', '05C', '14C')",14.054,0,654434.0
"('04D', '05C', '14D')",14.054,0,654434.0
"('04D', '05C', '14H')",14.054,0,654434.0
"('04D', '05C', '14S')",14.054,0,654434.0
"('04D', '05D', '14C')",14.054,0,654434.0
"('04D', '05D', '14D')",14.054,0,654434.0
"('04D', '05D', '14H')",14.054,0,654434.0
"('04D', '05D', '14S')",14.054,0,654434.0
"('04D', '05H', '14C')",14.054,0,654434.0
"('04D', '05H', '14D')",14.054,0,654434.0
"('04D', '05H', '14H')",14.054,0,654434.0
"('04D', '05H', '14S')",14.054,0,654434.0
"('04D', '05S', '14C')",14.054,0,654434.0
"('04D', '05S', '14D')",14.054,0,654434.0
"('04D', '05S', '14H')",14.054,0,654434.0
"('04D', '05S', '14S')",14.054,0,654434.0
"('04H', '05C', '14C')",14.054,0,654434.0
"('04H', '05C', '14D')",14.054,0,654434.0
"('04H', '05C', '14H')",14.054,0,654434.0
"('04H', '05C', '14S')",14.054,0,654434.0
"('04H', '05D', '14C')",14.054,0,654434.0
"('04H', '05D', '14D')",14.054,0,654434.0
"('04H', '05D', '14H')",14.054,0,654434.0
"('04H', '05D', '14S')",14.054,0,654434.0
"('04H', '05H', '14C')",14.054,0,654434.0
"('04H', '05H', '14D')",14.054,0,654434.0
"('04H', '05H', '14H')",14.054,0,654434.0
"('04H', '05H', '14S')",14.054,0,654434.0
"('04H', '05S', '14C')",14.054,0,654434.0
"('04H', '05S', '14D')",14.054,0,654434.0
"('04H', '05S', '14H')",14.054,0,654434.0
"('04H', '05S', '14S')",14.054,0,654434.0
"('04S', '05C', '14C')",14.054,0,654434.0
"('04S', '05C', '14D')",14.054,0,654434.0
"('04S', '05C', '14H')",14.054,0,654434.0
"('04S', '05C', '14S')",14.054,0,654434.0
"('04S', '05D', '14C')",14.054,0,654434.0
"('04S', '05D', '14D')",14.054,0,654434.0
"('04S', '05D', '14H')",14.054,0,654434.0
"('04S', '05D', '14S')",14.054,0,654434.0
"('04S', '05H', '14C')",14.054,0,654434.0
"('04S', '05H', '14D')",14.054,0,654434.0
"('04S', '05H', '14H')",14.054,0,654434.0
"('04S', '05H', '14S')",14.054,0,654434.0
"('04S', '05S', '14C')",14.054,0,654434.0
"('04S', '05S', '14D')",14.054,0,654434.0
"('04S', '05S', '14H')",14.054,0,654434.0
"('04S', '05S', '14S')",14.054,0,654434.0
"('03C', '05C', '14C')",14.053,0,651538.0
"('03C', '05C', '14D')",14.053,0,651538.0
"('03C', '05C', '14H')",14.053,0,651538.0
"('03C', '05C', '14S')",14.053,0,651538.0
"('03C', '05D', '14C')",14.053,0,651538.0
"('03C', '05D', '14D')",14.053,0,651538.0
"('03C', '05D', '14H')",14.053,0,651538.0
"('03C', '05D', '14S')",14.053,0,651538.0
"('03C', '05H', '14C')",14.053,0,651538.0
"('03C', '05H', '14D')",14.053,0,651538.0
"('03C', '05H', '14H')",14.053,0,651538.0
"('03C', '05H', '14S')",14.053,0,651538.0
"('03C', '05S', '14C')",14.053,0,651538.0
"('03C', '05S', '14D')",14.053,0,651538.0
"('03C', '05S', '14H')",14.053,0,651538.0
"('03C', '05S', '14S')",14.053,0,651538.0
"('03D', '05C', '14C')",14.053,0,651538.0
"('03D', '05C', '14D')",14.053,0,651538.0
"('03D', '05C', '14H')",14.053,0,651538.0
"('03D', '05C', '14S')",14.053,0,651538.0
"('03D', '05D', '14C')",14.053,0,651538.0
"('03D', '05D', '14D')",14.053,0,651538.0
"('03D', '05D', '14H')",14.053,0,651538.0
"('03D', '05D', '14S')",14.053,0,651538.0
"('03D', '05H', '14C')",14.053,0,651538.0
"('03D', '05H', '14D')",14.053,0,651538.0
"('03D', '05H', '14H')",14.053,0,651538.0
"('03D', '05H', '14S')",14.053,0,651538.0
"('03D', '05S', '14C')",14.053,0,651538.0
"('03D', '05S', '14D')",14.053,0,651538.0
"('03D', '05S', '14H')",14.053,0,651538.0
"('03D', '05S', '14S')",14.053,0,651538.0
"('03H', '05C', '14C')",14.053,0,651538.0
"('03H', '05C', '14D')",14.053,0,651538.0
"('03H', '05C', '14H')",14.053,0,651538.0
"('03H', '05C', '14S')",14.053,0,651538.0
"('03H', '05D', '14C')",14.053,0,651538.0
"('03H', '05D', '14D')",14.053,0,651538.0
"('03H', '05D', '14H')",14.053,0,651538.0
"('03H', '05D', '14S')",14.053,0,651538.0
"('03H', '05H', '14C')",14.053,0,651538.0
"('03H', '05H', '14D')",14.053,0,651538.0
"('03H', '05H', '14H')",14.053,0,651538.0
"('03H', '05H', '14S')",14.053,0,651538.0
"('03H', '05S', '14C')",14.053,0,651538.0
"('03H', '05S', '14D')",14.053,0,651538.0
"('03H', '05S', '14H')",14.053,0,651538.0
"('03H', '05S', '14S')",14.053,0,651538.0
"('03S', '05C', '14C')",14.053,0,651538.0
"('03S', '05C', '14D')",14.053,0,651538.0
"('03S', '05C', '14H')",14.053,0,651538.0
"('03S', '05C', '14S')",14.053,0,651538.0
"('03S', '05D', '14C')",14.053,0,651538.0
"('03S', '05D', '14D')",14.053,0,651538.0
"('03S', '05D', '14H')",14.053,0,651538.0
"('03S', '05D', '14S')",14.053,0,651538.0
"('03S', '05H', '14C')",14.053,0,651538.0
"('03S', '05H', '14D')",14.053,0,651538.0
"('03S', '05H', '14H')",14.053,0,651538.0
"('03S', '05H', '14S')",14.053,0,651538.0
"('03S', '05S', '14C')",14.053,0,651538.0
"('03S', '05S', '14D')",14.053,0,651538.0
"('03S', '05S', '14H')",14.053,0,651538.0
"('03S', '05S', '14S')",14.053,0,651538.0
"('02C', '05C', '14C')",14.052000000000001,0,648643.0
"('02C', '05C', '14D')",14.052000000000001,0,648643.0
"('02C', '05C', '14H')",14.052000000000001,0,648643.0
"('02C', '05C', '14S')",14.052000000000001,0,648643.0
"('02C', '05D', '14C')",14.052000000000001,0,648643.0
"('02C', '05D', '14D')",14.052000000000001,0,648643.0
"('02C', '05D', '14H')",14.052000000000001,0,648643.0
"('02C', '05D', '14S')",14.052000000000001,0,648643.0
"('02C', '05H', '14C')",14.052000000000001,0,648643.0
"('02C', '05H', '14D')",14.052000000000001,0,648643.0
"('02C', '05H', '14H')",14.052000000000001,0,648643.0
"('02C', '05H', '14S')",14.052000000000001,0,648643.0
"('02C', '05S', '14C')",14.052000000000001,0,648643.0
"('02C', '05S', '14D')",14.052000000000001,0,648643.0
"('02C', '05S', '14H')",14.052000000000001,0,648643.0
"('02C', '05S', '14S')",14.052000000000001,0,648643.0
"('02D', '05C', '14C')",14.052000000000001,0,648643.0
"('02D', '05C', '14D')",14.052000000000001,0,648643.0
"('02D', '05C', '14H')",14.052000000000001,0,648643.0
"('02D', '05C', '14S')",14.052000000000001,0,648643.0
"('02D', '05D', '14C')",14.052000000000001,0,648643.0
"('02D', '05D', '14D')",14.052000000000001,0,648643.0
"('02D', '05D', '14H')",14.052000000000001,0,648643.0
"('02D', '05D', '14S')",14.052000000000001,0,648643.0
"('02D', '05H', '14C')",14.052000000000001,0,648643.0
"('02D', '05H', '14D')",14.052000000000001,0,648643.0
"('02D', '05H', '14H')",14.052000000000001,0,648643.0
"('02D', '05H', '14S')",14.052000000000001,0,648643.0
"('02D', '05S', '14C')",14.052000000000001,0,648643.0
"('02D', '05S', '14D')",14.052000000000001,0,648643.0
"('02D', '05S', '14H')",14.052000000000001,0,648643.0
"('02D', '05S', '14S')",14.052000000000001,0,648643.0
"('02H', '05C', '14C')",14.052000000000001,0,648643.0
"('02H', '05C', '14D')",14.052000000000001,0,648643.0
"('02H', '05C', '14H')",14.052000000000001,0,648643.0
"('02H', '05C', '14S')",14.052000000000001,0,648643.0
"('02H', '05D', '14C')",14.052000000000001,0,648643.0
"('02H', '05D', '14D')",14.052000000000001,0,648643.0
"('02H', '05D', '14H')",14.052000000000001,0,648643.0
"('02H', '05D', '14S')",14.052000000000001,0,648643.0
"('02H', '05H', '14C')",14.052000000000001,0,648643.0
"('02H', '05H', '14D')",14.052000000000001,0,648643.0
"('02H', '05H', '14H')",14.052000000000001,0,648643.0
"('02H', '05H', '14S')",14.052000000000001,0,648643.0
"('02H', '05S', '14C')",14.052000000000001,0,648643.0
"('02H', '05S', '14D')",14.052000000000001,0,648643.0
"('02H', '05S', '14H')",14.052000000000001,0,648643.0
"('02H', '05S', '14S')",14.052000000000001,0,648643.0
"('02S', '05C', '14C')",14.052000000000001,0,648643.0
"('02S', '05C', '14D')",14.052000000000001,0,648643.0
"('02S', '05C', '14H')",14.052000000000001,0,648643.0
"('02S', '05C', '14S')",14.052000000000001,0,648643.0
"('02S', '05D', '14C')",14.052000000000001,0,648643.0
"('02S', '05D', '14D')",14.052000000000001,0,648643.0
"('02S', '05D', '14H')",14.052000000000001,0,648643.0
"('02S', '05D', '14S')",14.052000000000001,0,648643.0
"('02S', '05H', '14C')",14.052000000000001,0,648643.0
"('02S', '05H', '14D')",14.052000000000001,0,648643.0
"('02S', '05H', '14H')",14.052000000000001,0,648643.0
"('02S', '05H', '14S')",14.052000000000001,0,648643.0
"('02S', '05S', '14C')",14.052000000000001,0,648643.0
"('02S', '05S', '14D')",14.052000000000001,0,648643.0
"('02S', '05S', '14H')",14.052000000000001,0,648643.0
"('02S', '05S', '14S')",14.052000000000001,0,648643.0
"('03C', '04C', '14C')",14.043,0,645747.0
"('03C', '04C', '14D')",14.043,0,645747.0
"('03C', '04C', '14H')",14.043,0,645747.0
"('03C', '04C', '14S')",14.043,0,645747.0
"('03C', '04D', '14C')",14.043,0,645747.0
"('03C', '04D', '14D')",14.043,0,645747.0
"('03C', '04D', '14H')",14.043,0,645747.0
"('03C', '04D', '14S')",14.043,0,645747.0
"('03C', '04H', '14C')",14.043,0,645747.0
"('03C', '04H', '14D')",14.043,0,645747.0
"('03C', '04H', '14H')",14.043,0,645747.0
"('03C', '04H', '14S')",14.043,0,645747.0
"('03C', '04S', '14C')",14.043,0,645747.0
"('03C', '04S', '14D')",14.043,0,645747.0
"('03C', '04S', '14H')",14.043,0,645747.0
"('03C', '04S', '14S')",14.043,0,645747.0
"('03D', '04C', '14C')",14.043,0,645747.0
"('03D', '04C', '14D')",14.043,0,645747.0
"('03D', '04C', '14H')",14.043,0,645747.0
"('03D', '04C', '14S')",14.043,0,645747.0
"('03D', '04D', '14C')",14.043,0,645747.0
"('03D', '04D', '14D')",14.043,0,645747.0
"('03D', '04D', '14H')",14.043,0,645747.0
"('03D', '04D', '14S')",14.043,0,645747.0
"('03D', '04H', '14C')",14.043,0,645747.0
"('03D', '04H', '14D')",14.043,0,645747.0
"('03D', '04H', '14H')",14.043,0,645747.0
"('03D', '04H', '14S')",14.043,0,645747.0
"('03D', '04S', '14C')",14.043,0,645747.0
"('03D', '04S', '14D')",14.043,0,645747.0
"('03D', '04S', '14H')",14.043,0,645747.0
"('03D', '04S', '14S')",14.043,0,645747.0
"('03H', '04C', '14C')",14.043,0,645747.0
"('03H', '04C', '14D')",14.043,0,645747.0
"('03H', '04C', '14H')",14.043,0,645747.0
"('03H', '04C', '14S')",14.043,0,645747.0
"('03H', '04D', '14C')",14.043,0,645747.0
"('03H', '04D', '14D')",14.043,0,645747.0
"('03H', '04D', '14H')",14.043,0,645747.0
"('03H', '04D', '14S')",14.043,0,645747.0
"('03H', '04H', '14C')",14.043,0,645747.0
"('03H', '04H', '14D')",14.043,0,645747.0
"('03H', '04H', '14H')",14.043,0,645747.0
"('03H', '04H', '14S')",14.043,0,645747.0
"('03H', '04S', '14C')",14.043,0,645747.0
"('03H', '04S', '14D')",14.043,0,645747.0
"('03H', '04S', '14H')",14.043,0,645747.0
"('03H', '04S', '14S')",14.043,0,645747.0
"('03S', '04C', '14C')",14.043,0,645747.0
"('03S', '04C', '14D')",14.043,0,645747.0
"('03S', '04C', '14H')",14.043,0,645747.0
"('03S', '04C', '14S')",14.043,0,645747.0
"('03S', '04D', '14C')",14.043,0,645747.0
"('03S', '04D', '14D')",14.043,0,645747.0
"('03S', '04D', '14H')",14.043,0,645747.0
"('03S', '04D', '14S')",14.043,0,645747.0
"('03S', '04H', '14C')",14.043,0,645747.0
"('03S', '04H', '14D')",14.043,0,645747.0
"('03S', '04H', '14H')",14.043,0,645747.0
"('03S', '04H', '14S')",14.043,0,645747.0
"('03S', '04S', '14C')",14.043,0,645747.0
"('03S', '04S', '14D')",14.043,0,645747.0
"('03S', '04S', '14H')",14.043,0,645747.0
"('03S', '04S', '14S')",14.043,0,645747.0
"('02C', '04C', '14C')",14.042,0,642851.0
"('02C', '04C', '14D')",14.042,0,642851.0
"('02C', '04C', '14H')",14.042,0,642851.0
"('02C', '04C', '14S')",14.042,0,642851.0
"('02C', '04D', '14C')",14.042,0,642851.0
"('02C', '04D', '14D')",14.042,0,642851.0
"('02C', '04D', '14H')",14.042,0,642851.0
"('02C', '04D', '14S')",14.042,0,642851.0
"('02C', '04H', '14C')",14.042,0,642851.0
"('02C', '04H', '14D')",14.042,0,642851.0
"('02C', '04H', '14H')",14.042,0,642851.0
"('02C', '04H', '14S')",14.042,0,642851.0
"('02C', '04S', '14C')",14.042,0,642851.0
"('02C', '04S', '14D')",14.042,0,642851.0
"('02C', '04S', '14H')",14.042,0,642851.0
"('02C', '04S', '14S')",14.042,0,642851.0
"('02D', '04C', '14C')",14.042,0,642851.0
"('02D', '04C', '14D')",14.042,0,642851.0
"('02D', '04C', '14H')",14.042,0,642851.0
"('02D', '04C', '14S')",14.042,0,642851.0
"('02D', '04D', '14C')",14.042,0,642851.0
"('02D', '04D', '14D')",14.042,0,642851.0
"('02D', '04D', '14H')",14.042,0,642851.0
"('02D', '04D', '14S')",14.042,0,642851.0
"('02D', '04H', '14C')",14.042,0,642851.0
"('02D', '04H', '14D')",14.042,0,642851.0
"('02D', '04H', '14H')",14.042,0,642851.0
"('02D', '04H', '14S')",14.042,0,642851.0
"('02D', '04S', '14C')",14.042,0,642851.0
"('02D', '04S', '14D')",14.042,0,642851.0
"('02D', '04S', '14H')",14.042,0,642851.0
"('02D', '04S', '14S')",14.042,0,642851.0
"('02H', '04C', '14C')",14.042,0,642851.0
"('02H', '04C', '14D')",14.042,0,642851.0
"('02H', '04C', '14H')",14.042,0,642851.0
"('02H', '04C', '14S')",14.042,0,642851.0
"('02H', '04D', '14C')",14.042,0,642851.0
"('02H', '04D', '14D')",14.042,0,642851.0
"('02H', '04D', '14H')",14.042,0,642851.0
"('02H', '04D', '14S')",14.042,0,642851.0
"('02H', '04H', '14C')",14.042,0,642851.0
"('02H', '04H', '14D')",14.042,0,642851.0
"('02H', '04H', '14H')",14.042,0,642851.0
"('02H', '04H', '14S')",14.042,0,642851.0
"('02H', '04S', '14C')",14.042,0,642851.0
"('02H', '04S', '14D')",14.042,0,642851.0
"('02H', '04S', '14H')",14.042,0,642851.0
"('02H', '04S', '14S')",14.042,0,642851.0
"('02S', '04C', '14C')",14.042,0,642851.0
"('02S', '04C', '14D')",14.042,0,642851.0
"('02S', '04C', '14H')",14.042,0,642851.0
"('02S', '04C', '14S')",14.042,0,642851.0
"('02S', '04D', '14C')",14.042,0,642851.0
"('02S', '04D', '14D')",14.042,0,642851.0
"('02S', '04D', '14H')",14.042,0,642851.0
"('02S', '04D', '14S')",14.042,0,642851.0
"('02S', '04H', '14C')",14.042,0,642851.0
"('02S', '04H', '14D')",14.042,0,642851.0
"('02S', '04H', '14H')",14.042,0,642851.0
"('02S', '04H', '14S')",14.042,0,642851.0
"('02S', '04S', '14C')",14.042,0,642851.0
"('02S', '04S', '14D')",14.042,0,642851.0
"('02S', '04S', '14H')",14.042,0,642851.0
"('02S', '04S', '14S')",14.042,0,642851.0
"('02C', '03C', '14C')",14.032,0,639955.0
"('02C', '03C', '14D')",14.032,0,639955.0
"('02C', '03C', '14H')",14.032,0,639955.0
"('02C', '03C', '14S')",14.032,0,639955.0
"('02C', '03D', '14C')",14.032,0,639955.0
"('02C', '03D', '14D')",14.032,0,639955.0
"('02C', '03D', '14H')",14.032,0,639955.0
"('02C', '03D', '14S')",14.032,0,639955.0
"('02C', '03H', '14C')",14.032,0,639955.0
"('02C', '03H', '14D')",14.032,0,639955.0
"('02C', '03H', '14H')",14.032,0,639955.0
"('02C', '03H', '14S')",14.032,0,639955.0
"('02C', '03S', '14C')",14.032,0,639955.0
"('02C', '03S', '14D')",14.032,0,639955.0
"('02C', '03S', '14H')",14.032,0,639955.0
"('02C', '03S', '14S')",14.032,0,639955.0
"('02D', '03C', '14C')",14.032,0,639955.0
"('02D', '03C', '14D')",14.032,0,639955.0
"('02D', '03C', '14H')",14.032,0,639955.0
"('02D', '03C', '14S')",14.032,0,639955.0
"('02D', '03D', '14C')",14.032,0,639955.0
"('02D', '03D', '14D')",14.032,0,639955.0
"('02D', '03D', '14H')",14.032,0,639955.0
"('02D', '03D', '14S')",14.032,0,639955.0
"('02D', '03H', '14C')",14.032,0,639955.0
"('02D', '03H', '14D')",14.032,0,639955.0
"('02D', '03H', '14H')",14.032,0,639955.0
"('02D', '03H', '14S')",14.032,0,639955.0
"('02D', '03S', '14C')",14.032,0,639955.0
"('02D', '03S', '14D')",14.032,0,639955.0
"('02D', '03S', '14H')",14.032,0,639955.0
"('02D', '03S', '14S')",14.032,0,639955.0
"('02H', '03C', '14C')",14.032,0,639955.0
"('02H', '03C', '14D')",14.032,0,639955.0
"('02H', '03C', '14H')",14.032,0,639955.0
"('02H', '03C', '14S')",14.032,0,639955.0
"('02H', '03D', '14C')",14.032,0,639955.0
"('02H', '03D', '14D')",14.032,0,639955.0
"('02H', '03D', '14H')",14.032,0,639955.0
"('02H', '03D', '14S')",14.032,0,639955.0
"('02H', '03H', '14C')",14.032,0,639955.0
"('02H', '03H', '14D')",14.032,0,639955.0
"('02H', '03H', '14H')",14.032,0,639955.0
"('02H', '03H', '14S')",14.032,0,639955.0
"('02H', '03S', '14C')",14.032,0,639955.0
"('02H', '03S', '14D')",14.032,0,639955.0
"('02H', '03S', '14H')",14.032,0,639955.0
"('02H', '03S', '14S')",14.032,0,639955.0
"('02S', '03C', '14C')",14.032,0,639955.0
"('02S', '03C', '14D')",14.032,0,639955.0
"('02S', '03C', '14H')",14.032,0,639955.0
"('02S', '03C', '14S')",14.032,0,639955.0
"('02S', '03D', '14C')",14.032,0,639955.0
"('02S', '03D', '14D')",14.032,0,639955.0
"('02S', '03D', '14H')",14.032,0,639955.0
"('02S', '03D', '14S')",14.032,0,639955.0
"('02S', '03H', '14C')",14.032,0,639955.0
"('02S', '03H', '14D')",14.032,0,639955.0
"('02S', '03H', '14H')",14.032,0,639955.0
"('02S', '03H', '14S')",14.032,0,639955.0
"('02S', '03S', '14C')",14.032,0,639955.0
"('02S', '03S', '14D')",14.032,0,639955.0
"('02S', '03S', '14H')",14.032,0,639955.0
"('02S', '03S', '14S')",14.032,0,639955.0
"('11C', '12C', '13C')",13.130999999999998,4,637059.0
"('11C', '12C', '13D')",13.130999999999998,4,637059.0
"('11C', '12C', '13H')",13.130999999999998,4,637059.0
"('11C', '12C', '13S')",13.130999999999998,4,637059.0
"('11C', '12D', '13C')",13.130999999999998,4,637059.0
"('11C', '12D', '13D')",13.130999999999998,4,637059.0
"('11C', '12D', '13H')",13.130999999999998,4,637059.0
"('11C', '12D', '13S')",13.130999999999998,4,637059.0
"('11C', '12H', '13C')",13.130999999999998,4,637059.0
"('11C', '12H', '13D')",13.130999999999998,4,637059.0
"('11C', '12H', '13H')",13.130999999999998,4,637059.0
"('11C', '12H', '13S')",13.130999999999998,4,637059.0
"('11C', '12S', '13C')",13.130999999999998,4,637059.0
"('11C', '12S', '13D')",13.130999999999998,4,637059.0
"('11C', '12S', '13H')",13.130999999999998,4,637059.0
"('11C', '12S', '13S')",13.130999999999998,4,637059.0
"('11D', '12C', '13C')",13.130999999999998,4,637059.0
"('11D', '12C', '13D')",13.130999999999998,4,637059.0
"('11D', '12C', '13H')",13.130999999999998,4,637059.0
"('11D', '12C', '13S')",13.130999999999998,4,637059.0
"('11D', '12D', '13C')",13.130999999999998,4,637059.0
"('11D', '12D', '13D')",13.130999999999998,4,637059.0
"('11D', '12D', '13H')",13.130999999999998,4,637059.0
"('11D', '12D', '13S')",13.130999999999998,4,637059.0
"('11D', '12H', '13C')",13.130999999999998,4,637059.0
"('11D', '12H', '13D')",13.130999999999998,4,637059.0
"('11D', '12H', '13H')",13.130999999999998,4,637059.0
"('11D', '12H', '13S')",13.130999999999998,4,637059.0
"('11D', '12S', '13C')",13.130999999999998,4,637059.0
"('11D', '12S', '13D')",13.130999999999998,4,637059.0
"('11D', '12S', '13H')",13.130999999999998,4,637059.0
"('11D', '12S', '13S')",13.130999999999998,4,637059.0
"('11H', '12C', '13C')",13.130999999999998,4,637059.0
"('11H', '12C', '13D')",13.130999999999998,4,637059.0
"('11H', '12C', '13H')",13.130999999999998,4,637059.0
"('11H', '12C', '13S')",13.130999999999998,4,637059.0
"('11H', '12D', '13C')",13.130999999999998,4,637059.0
"('11H', '12D', '13D')",13.130999999999998,4,637059.0
"('11H', '12D', '13H')",13.130999999999998,4,637059.0
"('11H', '12D', '13S')",13.130999999999998,4,637059.0
"('11H', '12H', '13C')",13.130999999999998,4,637059.0
"('11H', '12H', '13D')",13.130999999999998,4,637059.0
"('11H', '12H', '13H')",13.130999999999998,4,637059.0
"('11H', '12H', '13S')",13.130999999999998,4,637059.0
"('11H', '12S', '13C')",13.130999999999998,4,637059.0
"('11H', '12S', '13D')",13.130999999999998,4,637059.0
"('11H', '12S', '13H')",13.130999999999998,4,637059.0
"('11H', '12S', '13S')",13.130999999999998,4,637059.0
"('11S', '12C', '13C')",13.130999999999998,4,637059.0
"('11S', '12C', '13D')",13.130999999999998,4,637059.0
"('11S', '12C', '13H')",13.130999999999998,4,637059.0
"('11S', '12C', '13S')",13.130999999999998,4,637059.0
"('11S', '12D', '13C')",13.130999999999998,4,637059.0
"('11S', '12D', '13D')",13.130999999999998,4,637059.0
"('11S', '12D', '13H')",13.130999999999998,4,637059.0
"('11S', '12D', '13S')",13.130999999999998,4,637059.0
"('11S', '12H', '13C')",13.130999999999998,4,637059.0
"('11S', '12H', '13D')",13.130999999999998,4,637059.0
"('11S', '12H', '13H')",13.130999999999998,4,637059.0
"('11S', '12H', '13S')",13.130999999999998,4,637059.0
"('11S', '12S', '13C')",13.130999999999998,4,637059.0
"('11S', '12S', '13D')",13.130999999999998,4,637059.0
"('11S', '12S', '13H')",13.130999999999998,4,637059.0
"('11S', '12S', '13S')",13.130999999999998,4,637059.0
"('10C', '12C', '13C')",13.129999999999999,0,634163.0
"('10C', '12C', '13D')",13.129999999999999,0,634163.0
"('10C', '12C', '13H')",13.129999999999999,0,634163.0
"('10C', '12C', '13S')",13.129999999999999,0,634163.0
"('10C', '12D', '13C')",13.129999999999999,0,634163.0
"('10C', '12D', '13D')",13.129999999999999,0,634163.0
"('10C', '12D', '13H')",13.129999999999999,0,634163.0
"('10C', '12D', '13S')",13.129999999999999,0,634163.0
"('10C', '12H', '13C')",13.129999999999999,0,634163.0
"('10C', '12H', '13D')",13.129999999999999,0,634163.0
"('10C', '12H', '13H')",13.129999999999999,0,634163.0
"('10C', '12H', '13S')",13.129999999999999,0,634163.0
"('10C', '12S', '13C')",13.129999999999999,0,634163.0
"('10C', '12S', '13D')",13.129999999999999,0,634163.0
"('10C', '12S', '13H')",13.129999999999999,0,634163.0
"('10C', '12S', '13S')",13.129999999999999,0,634163.0
"('10D', '12C', '13C')",13.129999999999999,0,634163.0
"('10D', '12C', '13D')",13.129999999999999,0,634163.0
"('10D', '12C', '13H')",13.129999999999999,0,634163.0
"('10D', '12C', '13S')",13.129999999999999,0,634163.0
"('10D', '12D', '13C')",13.129999999999999,0,634163.0
"('10D', '12D', '13D')",13.129999999999999,0,634163.0
"('10D', '12D', '13H')",13.129999999999999,0,634163.0
"('10D', '12D', '13S')",13.129999999999999,0,634163.0
"('10D', '12H', '13C')",13.129999999999999,0,634163.0
"('10D', '12H', '13D')",13.129999999999999,0,634163.0
"('10D', '12H', '13H')",13.129999999999999,0,634163.0
"('10D', '12H', '13S')",13.129999999999999,0,634163.0
"('10D', '12S', '13C')",13.129999999999999,0,634163.0
"('10D', '12S', '13D')",13.129999999999999,0,634163.0
"('10D', '12S', '13H')",13.129999999999999,0,634163.0
"('10D', '12S', '13S')",13.129999999999999,0,634163.0
"('10H', '12C', '13C')",13.129999999999999,0,634163.0
"('10H', '12C', '13D')",13.129999999999999,0,634163.0
"('10H', '12C', '13H')",13.129999999999999,0,634163.0
"('10H', '12C', '13S')",13.129999999999999,0,634163.0
"('10H', '12D', '13C')",13.129999999999999,0,634163.0
"('10H', '12D', '13D')",13.129999999999999,0,634163.0
"('10H', '12D', '13H')",13.129999999999999,0,634163.0
"('10H', '12D', '13S')",13.129999999999999,0,634163.0
"('10H', '12H', '13C')",13.129999999999999,0,634163.0
"('10H', '12H', '13D')",13.129999999999999,0,634163.0
"('10H', '12H', '13H')",13.129999999999999,0,634163.0
"('10H', '12H', '13S')",13.129999999999999,0,634163.0
"('10H', '12S', '13C')",13.129999999999999,0,634163.0
"('10H', '12S', '13D')",13.129999999999999,0,634163.0
"('10H', '12S', '13H')",13.129999999999999,0,634163.0
"('10H', '12S', '13S')",13.129999999999999,0,634163.0
"('10S', '12C', '13C')",13.129999999999999,0,634163.0
"('10S', '12C', '13D')",13.129999999999999,0,634163.0
"('10S', '12C', '13H')",13.129999999999999,0,634163.0
"('10S', '12C', '13S')",13.129999999999999,0,634163.0
"('10S', '12D', '13C')",13.129999999999999,0,634163.0
"('10S', '12D', '13D')",13.129999999999999,0,634163.0
"('10S', '12D', '13H')",13.129999999999999,0,634163.0
"('10S', '12D', '13S')",13.129999999999999,0,634163.0
"('10S', '12H', '13C')",13.129999999999999,0,634163.0
"('10S', '12H', '13D')",13.129999999999999,0,634163.0
"('10S', '12H', '13H')",13.129999999999999,0,634163.0
"('10S', '12H', '13S')",13.129999999999999,0,634163.0
"('10S', '12S', '13C')",13.129999999999999,0,634163.0
"('10S', '12S', '13D')",13.129999999999999,0,634163.0
"('10S', '12S', '13H')",13.129999999999999,0,634163.0
"('10S', '12S', '13S')",13.129999999999999,0,634163.0
"('09C', '12C', '13C')",13.129,0,631267.0
"('09C', '12C', '13D')",13.129,0,631267.0
"('09C', '12C', '13H')",13.129,0,631267.0
"('09C', '12C', '13S')",13.129,0,631267.0
"('09C', '12D', '13C')",13.129,0,631267.0
"('09C', '12D', '13D')",13.129,0,631267.0
"('09C', '12D', '13H')",13.129,0,631267.0
"('09C', '12D', '13S')",13.129,0,631267.0
"('09C', '12H', '13C')",13.129,0,631267.0
"('09C', '12H', '13D')",13.129,0,631267.0
"('09C', '12H', '13H')",13.129,0,631267.0
"('09C', '12H', '13S')",13.129,0,631267.0
"('09C', '12S', '13C')",13.129,0,631267.0
"('09C', '12S', '13D')",13.129,0,631267.0
"('09C', '12S', '13H')",13.129,0,631267.0
"('09C', '12S', '13S')",13.129,0,631267.0
"('09D', '12C', '13C')",13.129,0,631267.0
"('09D', '12C', '13D')",13.129,0,631267.0
"('09D', '12C', '13H')",13.129,0,631267.0
"('09D', '12C', '13S')",13.129,0,631267.0
"('09D', '12D', '13C')",13.129,0,631267.0
"('09D', '12D', '13D')",13.129,0,631267.0
"('09D', '12D', '13H')",13.129,0,631267.0
"('09D', '12D', '13S')",13.129,0,631267.0
"('09D', '12H', '13C')",13.129,0,631267.0
"('09D', '12H', '13D')",13.129,0,631267.0
"('09D', '12H', '13H')",13.129,0,631267.0
"('09D', '12H', '13S')",13.129,0,631267.0
"('09D', '12S', '13C')",13.129,0,631267.0
"('09D', '12S', '13D')",13.129,0,631267.0
"('09D', '12S', '13H')",13.129,0,631267.0
"('09D', '12S', '13S')",13.129,0,631267.0
"('09H', '12C', '13C')",13.129,0,631267.0
"('09H', '12C', '13D')",13.129,0,631267.0
"('09H', '12C', '13H')",13.129,0,631267.0
"('09H', '12C', '13S')",13.129,0,631267.0
"('09H', '12D', '13C')",13.129,0,631267.0
"('09H', '12D', '13D')",13.129,0,631267.0
"('09H', '12D', '13H')",13.129,0,631267.0
"('09H', '12D', '13S')",13.129,0,631267.0
"('09H', '12H', '13C')",13.129,0,631267.0
"('09H', '12H', '13D')",13.129,0,631267.0
"('09H', '12H', '13H')",13.129,0,631267.0
"('09H', '12H', '13S')",13.129,0,631267.0
"('09H', '12S', '13C')",13.129,0,631267.0
"('09H', '12S', '13D')",13.129,0,631267.0
"('09H', '12S', '13H')",13.129,0,631267.0
"('09H', '12S', '13S')",13.129,0,631267.0
"('09S', '12C', '13C')",13.129,0,631267.0
"('09S', '12C', '13D')",13.129,0,631267.0
"('09S', '12C', '13H')",13.129,0,631267.0
"('09S', '12C', '13S')",13.129,0,631267.0
"('09S', '12D', '13C')",13.129,0,631267.0
"('09S', '12D', '13D')",13.129,0,631267.0
"('09S', '12D', '13H')",13.129,0,631267.0
"('09S', '12D', '13S')",13.129,0,631267.0
"('09S', '12H', '13C')",13.129,0,631267.0
"('09S', '12H', '13D')",13.129,0,631267.0
"('09S', '12H', '13H')",13.129,0,631267.0
"('09S', '12H', '13S')",13.129,0,631267.0
"('09S', '12S', '13C')",13.129,0,631267.0
"('09S', '12S', '13D')",13.129,0,631267.0
"('09S', '12S', '13H')",13.129,0,631267.0
"('09S', '12S', '13S')",13.129,0,631267.0
"('08C', '12C', '13C')",13.127999999999998,0,628371.0
"('08C', '12C', '13D')",13.127999999999998,0,628371.0
"('08C', '12C', '13H')",13.127999999999998,0,628371.0
"('08C', '12C', '13S')",13.127999999999998,0,628371.0
"('08C', '12D', '13C')",13.127999999999998,0,628371.0
"('08C', '12D', '13D')",13.127999999999998,0,628371.0
"('08C', '12D', '13H')",13.127999999999998,0,628371.0
"('08C', '12D', '13S')",13.127999999999998,0,628371.0
"('08C', '12H', '13C')",13.127999999999998,0,628371.0
"('08C', '12H', '13D')",13.127999999999998,0,628371.0
"('08C', '12H', '13H')",13.127999999999998,0,628371.0
"('08C', '12H', '13S')",13.127999999999998,0,628371.0
"('08C', '12S', '13C')",13.127999999999998,0,628371.0
"('08C', '12S', '13D')",13.127999999999998,0,628371.0
"('08C', '12S', '13H')",13.127999999999998,0,628371.0
"('08C', '12S', '13S')",13.127999999999998,0,628371.0
"('08D', '12C', '13C')",13.127999999999998,0,628371.0
"('08D', '12C', '13D')",13.127999999999998,0,628371.0
"('08D', '12C', '13H')",13.127999999999998,0,628371.0
"('08D', '12C', '13S')",13.127999999999998,0,628371.0
"('08D', '12D', '13C')",13.127999999999998,0,628371.0
"('08D', '12D', '13D')",13.127999999999998,0,628371.0
"('08D', '12D', '13H')",13.127999999999998,0,628371.0
"('08D', '12D', '13S')",13.127999999999998,0,628371.0
"('08D', '12H', '13C')",13.127999999999998,0,628371.0
"('08D', '12H', '13D')",13.127999999999998,0,628371.0
"('08D', '12H', '13H')",13.127999999999998,0,628371.0
"('08D', '12H', '13S')",13.127999999999998,0,628371.0
"('08D', '12S', '13C')",13.127999999999998,0,628371.0
"('08D', '12S', '13D')",13.127999999999998,0,628371.0
"('08D', '12S', '13H')",13.127999999999998,0,628371.0
"('08D', '12S', '13S')",13.127999999999998,0,628371.0
"('08H', '12C', '13C')",13.127999999999998,0,628371.0
"('08H', '12C', '13D')",13.127999999999998,0,628371.0
"('08H', '12C', '13H')",13.127999999999998,0,628371.0
"('08H', '12C', '13S')",13.127999999999998,0,628371.0
"('08H', '12D', '13C')",13.127999999999998,0,628371.0
"('08H', '12D', '13D')",13.127999999999998,0,628371.0
"('08H', '12D', '13H')",13.127999999999998,0,628371.0
"('08H', '12D', '13S')",13.127999999999998,0,628371.0
"('08H', '12H', '13C')",13.127999999999998,0,628371.0
"('08H', '12H', '13D')",13.127999999999998,0,628371.0
"('08H', '12H', '13H')",13.127999999999998,0,628371.0
"('08H', '12H', '13S')",13.127999999999998,0,628371.0
"('08H', '12S', '13C')",13.127999999999998,0,628371.0
"('08H', '12S', '13D')",13.127999999999998,0,628371.0
"('08H', '12S', '13H')",13.127999999999998,0,628371.0
"('08H', '12S', '13S')",13.127999999999998,0,628371.0
"('08S', '12C', '13C')",13.127999999999998,0,628371.0
"('08S', '12C', '13D')",13.127999999999998,0,628371.0
"('08S', '12C', '13H')",13.127999999999998,0,628371.0
"('08S', '12C', '13S')",13.127999999999998,0,628371.0
"('08S', '12D', '13C')",13.127999999999998,0,628371.0
"('08S', '12D', '13D')",13.127999999999998,0,628371.0
"('08S', '12D', '13H')",13.127999999999998,0,628371.0
"('08S', '12D', '13S')",13.127999999999998,0,628371.0
"('08S', '12H', '13C')",13.127999999999998,0,628371.0
"('08S', '12H', '13D')",13.127999999999998,0,628371.0
"('08S', '12H', '13H')",13.127999999999998,0,628371.0
"('08S', '12H', '13S')",13.127999999999998,0,628371.0
"('08S', '12S', '13C')",13.127999999999998,0,628371.0
"('08S', '12S', '13D')",13.127999999999998,0,628371.0
"('08S', '12S', '13H')",13.127999999999998,0,628371.0
"('08S', '12S', '13S')",13.127999999999998,0,628371.0
"('07C', '12C', '13C')",13.126999999999999,0,625475.0
"('07C', '12C', '13D')",13.126999999999999,0,625475.0
"('07C', '12C', '13H')",13.126999999999999,0,625475.0
"('07C', '12C', '13S')",13.126999999999999,0,625475.0
"('07C', '12D', '13C')",13.126999999999999,0,625475.0
"('07C', '12D', '13D')",13.126999999999999,0,625475.0
"('07C', '12D', '13H')",13.126999999999999,0,625475.0
"('07C', '12D', '13S')",13.126999999999999,0,625475.0
"('07C', '12H', '13C')",13.126999999999999,0,625475.0
"('07C', '12H', '13D')",13.126999999999999,0,625475.0
"('07C', '12H', '13H')",13.126999999999999,0,625475.0
"('07C', '12H', '13S')",13.126999999999999,0,625475.0
"('07C', '12S', '13C')",13.126999999999999,0,625475.0
"('07C', '12S', '13D')",13.126999999999999,0,625475.0
"('07C', '12S', '13H')",13.126999999999999,0,625475.0
"('07C', '12S', '13S')",13.126999999999999,0,625475.0
"('07D', '12C', '13C')",13.126999999999999,0,625475.0
"('07D', '12C', '13D')",13.126999999999999,0,625475.0
"('07D', '12C', '13H')",13.126999999999999,0,625475.0
"('07D', '12C', '13S')",13.126999999999999,0,625475.0
"('07D', '12D', '13C')",13.126999999999999,0,625475.0
"('07D', '12D', '13D')",13.126999999999999,0,625475.0
"('07D', '12D', '13H')",13.126999999999999,0,625475.0
"('07D', '12D', '13S')",13.126999999999999,0,625475.0
"('07D', '12H', '13C')",13.126999999999999,0,625475.0
"('07D', '12H', '13D')",13.126999999999999,0,625475.0
"('07D', '12H', '13H')",13.126999999999999,0,625475.0
"('07D', '12H', '13S')",13.126999999999999,0,625475.0
"('07D', '12S', '13C')",13.126999999999999,0,625475.0
"('07D', '12S', '13D')",13.126999999999999,0,625475.0
"('07D', '12S', '13H')",13.126999999999999,0,625475.0
"('07D', '12S', '13S')",13.126999999999999,0,625475.0
"('07H', '12C', '13C')",13.126999999999999,0,625475.0
"('07H', '12C', '13D')",13.126999999999999,0,625475.0
"('07H', '12C', '13H')",13.126999999999999,0,625475.0
"('07H', '12C', '13S')",13.126999999999999,0,625475.0
"('07H', '12D', '13C')",13.126999999999999,0,625475.0
"('07H', '12D', '13D')",13.126999999999999,0,625475.0
"('07H', '12D', '13H')",13.126999999999999,0,625475.0
"('07H', '12D', '13S')",13.126999999999999,0,625475.0
"('07H', '12H', '13C')",13.126999999999999,0,625475.0
"('07H', '12H', '13D')",13.126999999999999,0,625475.0
"('07H', '12H', '13H')",13.126999999999999,0,625475.0
"('07H', '12H', '13S')",13.126999999999999,0,625475.0
"('07H', '12S', '13C')",13.126999999999999,0,625475.0
"('07H', '12S', '13D')",13.126999999999999,0,625475.0
"('07H', '12S', '13H')",13.126999999999999,0,625475.0
"('07H', '12S', '13S')",13.126999999999999,0,625475.0
"('07S', '12C', '13C')",13.126999999999999,0,625475.0
"('07S', '12C', '13D')",13.126999999999999,0,625475.0
"('07S', '12C', '13H')",13.126999999999999,0,625475.0
"('07S', '12C', '13S')",13.126999999999999,0,625475.0
"('07S', '12D', '13C')",13.126999999999999,0,625475.0
"('07S', '12D', '13D')",13.126999999999999,0,625475.0
"('07S', '12D', '13H')",13.126999999999999,0,625475.0
"('07S', '12D', '13S')",13.126999999999999,0,625475.0
"('07S', '12H', '13C')",13.126999999999999,0,625475.0
"('07S', '12H', '13D')",13.126999999999999,0,625475.0
"('07S', '12H', '13H')",13.126999999999999,0,625475.0
"('07S', '12H', '13S')",13.126999999999999,0,625475.0
"('07S', '12S', '13C')",13.126999999999999,0,625475.0
"('07S', '12S', '13D')",13.126999999999999,0,625475.0
"('07S', '12S', '13H')",13.126999999999999,0,625475.0
"('07S', '12S', '13S')",13.126999999999999,0,625475.0
"('06C', '12C', '13C')",13.126,0,622579.0
"('06C', '12C', '13D')",13.126,0,622579.0
"('06C', '12C', '13H')",13.126,0,622579.0
"('06C', '12C', '13S')",13.126,0,622579.0
"('06C', '12D', '13C')",13.126,0,622579.0
"('06C', '12D', '13D')",13.126,0,622579.0
"('06C', '12D', '13H')",13.126,0,622579.0
"('06C', '12D', '13S')",13.126,0,622579.0
"('06C', '12H', '13C')",13.126,0,622579.0
"('06C', '12H', '13D')",13.126,0,622579.0
"('06C', '12H', '13H')",13.126,0,622579.0
"('06C', '12H', '13S')",13.126,0,622579.0
"('06C', '12S', '13C')",13.126,0,622579.0
"('06C', '12S', '13D')",13.126,0,622579.0
"('06C', '12S', '13H')",13.126,0,622579.0
"('06C', '12S', '13S')",13.126,0,622579.0
"('06D', '12C', '13C')",13.126,0,622579.0
"('06D', '12C', '13D')",13.126,0,622579.0
"('06D', '12C', '13H')",13.126,0,622579.0
"('06D', '12C', '13S')",13.126,0,622579.0
"('06D', '12D', '13C')",13.126,0,622579.0
"('06D', '12D', '13D')",13.126,0,622579.0
"('06D', '12D', '13H')",13.126,0,622579.0
"('06D', '12D', '13S')",13.126,0,622579.0
"('06D', '12H', '13C')",13.126,0,622579.0
"('06D', '12H', '13D')",13.126,0,622579.0
"('06D', '12H', '13H')",13.126,0,622579.0
"('06D', '12H', '13S')",13.126,0,622579.0
"('06D', '12S', '13C')",13.126,0,622579.0
"('06D', '12S', '13D')",13.126,0,622579.0
"('06D', '12S', '13H')",13.126,0,622579.0
"('06D', '12S', '13S')",13.126,0,622579.0
"('06H', '12C', '13C')",13.126,0,622579.0
"('06H', '12C', '13D')",13.126,0,622579.0
"('06H', '12C', '13H')",13.126,0,622579.0
"('06H', '12C', '13S')",13.126,0,622579.0
"('06H', '12D', '13C')",13.126,0,622579.0
"('06H', '12D', '13D')",13.126,0,622579.0
"('06H', '12D', '13H')",13.126,0,622579.0
"('06H', '12D', '13S')",13.126,0,622579.0
"('06H', '12H', '13C')",13.126,0,622579.0
"('06H', '12H', '13D')",13.126,0,622579.0
"('06H', '12H', '13H')",13.126,0,622579.0
"('06H', '12H', '13S')",13.126,0,622579.0
"('06H', '12S', '13C')",13.126,0,622579.0
"('06H', '12S', '13D')",13.126,0,622579.0
"('06H', '12S', '13H')",13.126,0,622579.0
"('06H', '12S', '13S')",13.126,0,622579.0
"('06S', '12C', '13C')",13.126,0,622579.0
"('06S', '12C', '13D')",13.126,0,622579.0
"('06S', '12C', '13H')",13.126,0,622579.0
"('06S', '12C', '13S')",13.126,0,622579.0
"('06S', '12D', '13C')",13.126,0,622579.0
"('06S', '12D', '13D')",13.126,0,622579.0
"('06S', '12D', '13H')",13.126,0,622579.0
"('06S', '12D', '13S')",13.126,0,622579.0
"('06S', '12H', '13C')",13.126,0,622579.0
"('06S', '12H', '13D')",13.126,0,622579.0
"('06S', '12H', '13H')",13.126,0,622579.0
"('06S', '12H', '13S')",13.126,0,622579.0
"('06S', '12S', '13C')",13.126,0,622579.0
"('06S', '12S', '13D')",13.126,0,622579.0
"('06S', '12S', '13H')",13.126,0,622579.0
"('06S', '12S', '13S')",13.126,0,622579.0
"('05C', '12C', '13C')",13.125,0,619683.0
"('05C', '12C', '13D')",13.125,0,619683.0
"('05C', '12C', '13H')",13.125,0,619683.0
"('05C', '12C', '13S')",13.125,0,619683.0
"('05C', '12D', '13C')",13.125,0,619683.0
"('05C', '12D', '13D')",13.125,0,619683.0
"('05C', '12D', '13H')",13.125,0,619683.0
"('05C', '12D', '13S')",13.125,0,619683.0
"('05C', '12H', '13C')",13.125,0,619683.0
"('05C', '12H', '13D')",13.125,0,619683.0
"('05C', '12H', '13H')",13.125,0,619683.0
"('05C', '12H', '13S')",13.125,0,619683.0
"('05C', '12S', '13C')",13.125,0,619683.0
"('05C', '12S', '13D')",13.125,0,619683.0
"('05C', '12S', '13H')",13.125,0,619683.0
"('05C', '12S', '13S')",13.125,0,619683.0
"('05D', '12C', '13C')",13.125,0,619683.0
"('05D', '12C', '13D')",13.125,0,619683.0
"('05D', '12C', '13H')",13.125,0,619683.0
"('05D', '12C', '13S')",13.125,0,619683.0
"('05D', '12D', '13C')",13.125,0,619683.0
"('05D', '12D', '13D')",13.125,0,619683.0
"('05D', '12D', '13H')",13.125,0,619683.0
"('05D', '12D', '13S')",13.125,0,619683.0
"('05D', '12H', '13C')",13.125,0,619683.0
"('05D', '12H', '13D')",13.125,0,619683.0
"('05D', '12H', '13H')",13.125,0,619683.0
"('05D', '12H', '13S')",13.125,0,619683.0
"('05D', '12S', '13C')",13.125,0,619683.0
"('05D', '12S', '13D')",13.125,0,619683.0
"('05D', '12S', '13H')",13.125,0,619683.0
"('05D', '12S', '13S')",13.125,0,619683.0
"('05H', '12C', '13C')",13.125,0,619683.0
"('05H', '12C', '13D')",13.125,0,619683.0
"('05H', '12C', '13H')",13.125,0,619683.0
"('05H', '12C', '13S')",13.125,0,619683.0
"('05H', '12D', '13C')",13.125,0,619683.0
"('05H', '12D', '13D')",13.125,0,619683.0
"('05H', '12D', '13H')",13.125,0,619683.0
"('05H', '12D', '13S')",13.125,0,619683.0
"('05H', '12H', '13C')",13.125,0,619683.0
"('05H', '12H', '13D')",13.125,0,619683.0
"('05H', '12H', '13H')",13.125,0,619683.0
"('05H', '12H', '13S')",13.125,0,619683.0
"('05H', '12S', '13C')",13.125,0,619683.0
"('05H', '12S', '13D')",13.125,0,619683.0
"('05H', '12S', '13H')",13.125,0,619683.0
"('05H', '12S', '13S')",13.125,0,619683.0
"('05S', '12C', '13C')",13.125,0,619683.0
"('05S', '12C', '13D')",13.125,0,619683.0
"('05S', '12C', '13H')",13.125,0,619683.0
"('05S', '12C', '13S')",13.125,0,619683.0
"('05S', '12D', '13C')",13.125,0,619683.0
"('05S', '12D', '13D')",13.125,0,619683.0
"('05S', '12D', '13H')",13.125,0,619683.0
"('05S', '12D', '13S')",13.125,0,619683.0
"('05S', '12H', '13C')",13.125,0,619683.0
"('05S', '12H', '13D')",13.125,0,619683.0
"('05S', '12H', '13H')",13.125,0,619683.0
"('05S', '12H', '13S')",13.125,0,619683.0
"('05S', '12S', '13C')",13.125,0,619683.0
"('05S', '12S', '13D')",13.125,0,619683.0
"('05S', '12S', '13H')",13.125,0,619683.0
"('05S', '12S', '13S')",13.125,0,619683.0
"('04C', '12C', '13C')",13.123999999999999,0,616787.0
"('04C', '12C', '13D')",13.123999999999999,0,616787.0
"('04C', '12C', '13H')",13.123999999999999,0,616787.0
"('04C', '12C', '13S')",13.123999999999999,0,616787.0
"('04C', '12D', '13C')",13.123999999999999,0,616787.0
"('04C', '12D', '13D')",13.123999999999999,0,616787.0
"('04C', '12D', '13H')",13.123999999999999,0,616787.0
"('04C', '12D', '13S')",13.123999999999999,0,616787.0
"('04C', '12H', '13C')",13.123999999999999,0,616787.0
"('04C', '12H', '13D')",13.123999999999999,0,616787.0
"('04C', '12H', '13H')",13.123999999999999,0,616787.0
"('04C', '12H', '13S')",13.123999999999999,0,616787.0
"('04C', '12S', '13C')",13.123999999999999,0,616787.0
"('04C', '12S', '13D')",13.123999999999999,0,616787.0
"('04C', '12S', '13H')",13.123999999999999,0,616787.0
"('04C', '12S', '13S')",13.123999999999999,0,616787.0
"('04D', '12C', '13C')",13.123999999999999,0,616787.0
"('04D', '12C', '13D')",13.123999999999999,0,616787.0
"('04D', '12C', '13H')",13.123999999999999,0,616787.0
"('04D', '12C', '13S')",13.123999999999999,0,616787.0
"('04D', '12D', '13C')",13.123999999999999,0,616787.0
"('04D', '12D', '13D')",13.123999999999999,0,616787.0
"('04D', '12D', '13H')",13.123999999999999,0,616787.0
"('04D', '12D', '13S')",13.123999999999999,0,616787.0
"('04D', '12H', '13C')",13.123999999999999,0,616787.0
"('04D', '12H', '13D')",13.123999999999999,0,616787.0
"('04D', '12H', '13H')",13.123999999999999,0,616787.0
"('04D', '12H', '13S')",13.123999999999999,0,616787.0
"('04D', '12S', '13C')",13.123999999999999,0,616787.0
"('04D', '12S', '13D')",13.123999999999999,0,616787.0
"('04D', '12S', '13H')",13.123999999999999,0,616787.0
"('04D', '12S', '13S')",13.123999999999999,0,616787.0
"('04H', '12C', '13C')",13.123999999999999,0,616787.0
"('04H', '12C', '13D')",13.123999999999999,0,616787.0
"('04H', '12C', '13H')",13.123999999999999,0,616787.0
"('04H', '12C', '13S')",13.123999999999999,0,616787.0
"('04H', '12D', '13C')",13.123999999999999,0,616787.0
"('04H', '12D', '13D')",13.123999999999999,0,616787.0
"('04H', '12D', '13H')",13.123999999999999,0,616787.0
"('04H', '12D', '13S')",13.123999999999999,0,616787.0
"('04H', '12H', '13C')",13.123999999999999,0,616787.0
"('04H', '12H', '13D')",13.123999999999999,0,616787.0
"('04H', '12H', '13H')",13.123999999999999,0,616787.0
"('04H', '12H', '13S')",13.123999999999999,0,616787.0
"('04H', '12S', '13C')",13.123999999999999,0,616787.0
"('04H', '12S', '13D')",13.123999999999999,0,616787.0
"('04H', '12S', '13H')",13.123999999999999,0,616787.0
"('04H', '12S', '13S')",13.123999999999999,0,616787.0
"('04S', '12C', '13C')",13.123999999999999,0,616787.0
"('04S', '12C', '13D')",13.123999999999999,0,616787.0
"('04S', '12C', '13H')",13.123999999999999,0,616787.0
"('04S', '12C', '13S')",13.123999999999999,0,616787.0
"('04S', '12D', '13C')",13.123999999999999,0,616787.0
"('04S', '12D', '13D')",13.123999999999999,0,616787.0
"('04S', '12D', '13H')",13.123999999999999,0,616787.0
"('04S', '12D', '13S')",13.123999999999999,0,616787.0
"('04S', '12H', '13C')",13.123999999999999,0,616787.0
"('04S', '12H', '13D')",13.123999999999999,0,616787.0
"('04S', '12H', '13H')",13.123999999999999,0,616787.0
"('04S', '12H', '13S')",13.123999999999999,0,616787.0
"('04S', '12S', '13C')",13.123999999999999,0,616787.0
"('04S', '12S', '13D')",13.123999999999999,0,616787.0
"('04S', '12S', '13H')",13.123999999999999,0,616787.0
"('04S', '12S', '13S')",13.123999999999999,0,616787.0
"('03C', '12C', '13C')",13.123,0,613891.0
"('03C', '12C', '13D')",13.123,0,613891.0
"('03C', '12C', '13H')",13.123,0,613891.0
"('03C', '12C', '13S')",13.123,0,613891.0
"('03C', '12D', '13C')",13.123,0,613891.0
"('03C', '12D', '13D')",13.123,0,613891.0
"('03C', '12D', '13H')",13.123,0,613891.0
"('03C', '12D', '13S')",13.123,0,613891.0
"('03C', '12H', '13C')",13.123,0,613891.0
"('03C', '12H', '13D')",13.123,0,613891.0
"('03C', '12H', '13H')",13.123,0,613891.0
"('03C', '12H', '13S')",13.123,0,613891.0
"('03C', '12S', '13C')",13.123,0,613891.0
"('03C', '12S', '13D')",13.123,0,613891.0
"('03C', '12S', '13H')",13.123,0,613891.0
"('03C', '12S', '13S')",13.123,0,613891.0
"('03D', '12C', '13C')",13.123,0,613891.0
"('03D', '12C', '13D')",13.123,0,613891.0
"('03D', '12C', '13H')",13.123,0,613891.0
"('03D', '12C', '13S')",13.123,0,613891.0
"('03D', '12D', '13C')",13.123,0,613891.0
"('03D', '12D', '13D')",13.123,0,613891.0
"('03D', '12D', '13H')",13.123,0,613891.0
"('03D', '12D', '13S')",13.123,0,613891.0
"('03D', '12H', '13C')",13.123,0,613891.0
"('03D', '12H', '13D')",13.123,0,613891.0
"('03D', '12H', '13H')",13.123,0,613891.0
"('03D', '12H', '13S')",13.123,0,613891.0
"('03D', '12S', '13C')",13.123,0,613891.0
"('03D', '12S', '13D')",13.123,0,613891.0
"('03D', '12S', '13H')",13.123,0,613891.0
"('03D', '12S', '13S')",13.123,0,613891.0
"('03H', '12C', '13C')",13.123,0,613891.0
"('03H', '12C', '13D')",13.123,0,613891.0
"('03H', '12C', '13H')",13.123,0,613891.0
"('03H', '12C', '13S')",13.123,0,613891.0
"('03H', '12D', '13C')",13.123,0,613891.0
"('03H', '12D', '13D')",13.123,0,613891.0
"('03H', '12D', '13H')",13.123,0,613891.0
"('03H', '12D', '13S')",13.123,0,613891.0
"('03H', '12H', '13C')",13.123,0,613891.0
"('03H', '12H', '13D')",13.123,0,613891.0
"('03H', '12H', '13H')",13.123,0,613891.0
"('03H', '12H', '13S')",13.123,0,613891.0
"('03H', '12S', '13C')",13.123,0,613891.0
"('03H', '12S', '13D')",13.123,0,613891.0
"('03H', '12S', '13H')",13.123,0,613891.0
"('03H', '12S', '13S')",13.123,0,613891.0
"('03S', '12C', '13C')",13.123,0,613891.0
"('03S', '12C', '13D')",13.123,0,613891.0
"('03S', '12C', '13H')",13.123,0,613891.0
"('03S', '12C', '13S')",13.123,0,613891.0
"('03S', '12D', '13C')",13.123,0,613891.0
"('03S', '12D', '13D')",13.123,0,613891.0
"('03S', '12D', '13H')",13.123,0,613891.0
"('03S', '12D', '13S')",13.123,0,613891.0
"('03S', '12H', '13C')",13.123,0,613891.0
"('03S', '12H', '13D')",13.123,0,613891.0
"('03S', '12H', '13H')",13.123,0,613891.0
"('03S', '12H', '13S')",13.123,0,613891.0
"('03S', '12S', '13C')",13.123,0,613891.0
"('03S', '12S', '13D')",13.123,0,613891.0
"('03S', '12S', '13H')",13.123,0,613891.0
"('03S', '12S', '13S')",13.123,0,613891.0
"('02C', '12C', '13C')",13.122,0,610995.0
"('02C', '12C', '13D')",13.122,0,610995.0
"('02C', '12C', '13H')",13.122,0,610995.0
"('02C', '12C', '13S')",13.122,0,610995.0
"('02C', '12D', '13C')",13.122,0,610995.0
"('02C', '12D', '13D')",13.122,0,610995.0
"('02C', '12D', '13H')",13.122,0,610995.0
"('02C', '12D', '13S')",13.122,0,610995.0
"('02C', '12H', '13C')",13.122,0,610995.0
"('02C', '12H', '13D')",13.122,0,610995.0
"('02C', '12H', '13H')",13.122,0,610995.0
"('02C', '12H', '13S')",13.122,0,610995.0
"('02C', '12S', '13C')",13.122,0,610995.0
"('02C', '12S', '13D')",13.122,0,610995.0
"('02C', '12S', '13H')",13.122,0,610995.0
"('02C', '12S', '13S')",13.122,0,610995.0
"('02D', '12C', '13C')",13.122,0,610995.0
"('02D', '12C', '13D')",13.122,0,610995.0
"('02D', '12C', '13H')",13.122,0,610995.0
"('02D', '12C', '13S')",13.122,0,610995.0
"('02D', '12D', '13C')",13.122,0,610995.0
"('02D', '12D', '13D')",13.122,0,610995.0
"('02D', '12D', '13H')",13.122,0,610995.0
"('02D', '12D', '13S')",13.122,0,610995.0
"('02D', '12H', '13C')",13.122,0,610995.0
"('02D', '12H', '13D')",13.122,0,610995.0
"('02D', '12H', '13H')",13.122,0,610995.0
"('02D', '12H', '13S')",13.122,0,610995.0
"('02D', '12S', '13C')",13.122,0,610995.0
"('02D', '12S', '13D')",13.122,0,610995.0
"('02D', '12S', '13H')",13.122,0,610995.0
"('02D', '12S', '13S')",13.122,0,610995.0
"('02H', '12C', '13C')",13.122,0,610995.0
"('02H', '12C', '13D')",13.122,0,610995.0
"('02H', '12C', '13H')",13.122,0,610995.0
"('02H', '12C', '13S')",13.122,0,610995.0
"('02H', '12D', '13C')",13.122,0,610995.0
"('02H', '12D', '13D')",13.122,0,610995.0
"('02H', '12D', '13H')",13.122,0,610995.0
"('02H', '12D', '13S')",13.122,0,610995.0
"('02H', '12H', '13C')",13.122,0,610995.0
"('02H', '12H', '13D')",13.122,0,610995.0
"('02H', '12H', '13H')",13.122,0,610995.0
"('02H', '12H', '13S')",13.122,0,610995.0
"('02H', '12S', '13C')",13.122,0,610995.0
"('02H', '12S', '13D')",13.122,0,610995.0
"('02H', '12S', '13H')",13.122,0,610995.0
"('02H', '12S', '13S')",13.122,0,610995.0
"('02S', '12C', '13C')",13.122,0,610995.0
"('02S', '12C', '13D')",13.122,0,610995.0
"('02S', '12C', '13H')",13.122,0,610995.0
"('02S', '12C', '13S')",13.122,0,610995.0
"('02S', '12D', '13C')",13.122,0,610995.0
"('02S', '12D', '13D')",13.122,0,610995.0
"('02S', '12D', '13H')",13.122,0,610995.0
"('02S', '12D', '13S')",13.122,0,610995.0
"('02S', '12H', '13C')",13.122,0,610995.0
"('02S', '12H', '13D')",13.122,0,610995.0
"('02S', '12H', '13H')",13.122,0,610995.0
"('02S', '12H', '13S')",13.122,0,610995.0
"('02S', '12S', '13C')",13.122,0,610995.0
"('02S', '12S', '13D')",13.122,0,610995.0
"('02S', '12S', '13H')",13.122,0,610995.0
"('02S', '12S', '13S')",13.122,0,610995.0
"('10C', '11C', '13C')",13.12,0,608100.0
"('10C', '11C', '13D')",13.12,0,608100.0
"('10C', '11C', '13H')",13.12,0,608100.0
"('10C', '11C', '13S')",13.12,0,608100.0
"('10C', '11D', '13C')",13.12,0,608100.0
"('10C', '11D', '13D')",13.12,0,608100.0
"('10C', '11D', '13H')",13.12,0,608100.0
"('10C', '11D', '13S')",13.12,0,608100.0
"('10C', '11H', '13C')",13.12,0,608100.0
"('10C', '11H', '13D')",13.12,0,608100.0
"('10C', '11H', '13H')",13.12,0,608100.0
"('10C', '11H', '13S')",13.12,0,608100.0
"('10C', '11S', '13C')",13.12,0,608100.0
"('10C', '11S', '13D')",13.12,0,608100.0
"('10C', '11S', '13H')",13.12,0,608100.0
"('10C', '11S', '13S')",13.12,0,608100.0
"('10D', '11C', '13C')",13.12,0,608100.0
"('10D', '11C', '13D')",13.12,0,608100.0
"('10D', '11C', '13H')",13.12,0,608100.0
"('10D', '11C', '13S')",13.12,0,608100.0
"('10D', '11D', '13C')",13.12,0,608100.0
"('10D', '11D', '13D')",13.12,0,608100.0
"('10D', '11D', '13H')",13.12,0,608100.0
"('10D', '11D', '13S')",13.12,0,608100.0
"('10D', '11H', '13C')",13.12,0,608100.0
"('10D', '11H', '13D')",13.12,0,608100.0
"('10D', '11H', '13H')",13.12,0,608100.0
"('10D', '11H', '13S')",13.12,0,608100.0
"('10D', '11S', '13C')",13.12,0,608100.0
"('10D', '11S', '13D')",13.12,0,608100.0
"('10D', '11S', '13H')",13.12,0,608100.0
"('10D', '11S', '13S')",13.12,0,608100.0
"('10H', '11C', '13C')",13.12,0,608100.0
"('10H', '11C', '13D')",13.12,0,608100.0
"('10H', '11C', '13H')",13.12,0,608100.0
"('10H', '11C', '13S')",13.12,0,608100.0
"('10H', '11D', '13C')",13.12,0,608100.0
"('10H', '11D', '13D')",13.12,0,608100.0
"('10H', '11D', '13H')",13.12,0,608100.0
"('10H', '11D', '13S')",13.12,0,608100.0
"('10H', '11H', '13C')",13.12,0,608100.0
"('10H', '11H', '13D')",13.12,0,608100.0
"('10H', '11H', '13H')",13.12,0,608100.0
"('10H', '11H', '13S')",13.12,0,608100.0
"('10H', '11S', '13C')",13.12,0,608100.0
"('10H', '11S', '13D')",13.12,0,608100.0
"('10H', '11S', '13H')",13.12,0,608100.0
"('10H', '11S', '13S')",13.12,0,608100.0
"('10S', '11C', '13C')",13.12,0,608100.0
"('10S', '11C', '13D')",13.12,0,608100.0
"('10S', '11C', '13H')",13.12,0,608100.0
"('10S', '11C', '13S')",13.12,0,608100.0
"('10S', '11D', '13C')",13.12,0,608100.0
"('10S', '11D', '13D')",13.12,0,608100.0
"('10S', '11D', '13H')",13.12,0,608100.0
"('10S', '11D', '13S')",13.12,0,608100.0
"('10S', '11H', '13C')",13.12,0,608100.0
"('10S', '11H', '13D')",13.12,0,608100.0
"('10S', '11H', '13H')",13.12,0,608100.0
"('10S', '11H', '13S')",13.12,0,608100.0
"('10S', '11S', '13C')",13.12,0,608100.0
"('10S', '11S', '13D')",13.12,0,608100.0
"('10S', '11S', '13H')",13.12,0,608100.0
"('10S', '11S', '13S')",13.12,0,608100.0
"('09C', '11C', '13C')",13.119,0,605204.0
"('09C', '11C', '13D')",13.119,0,605204.0
"('09C', '11C', '13H')",13.119,0,605204.0
"('09C', '11C', '13S')",13.119,0,605204.0
"('09C', '11D', '13C')",13.119,0,605204.0
"('09C', '11D', '13D')",13.119,0,605204.0
"('09C', '11D', '13H')",13.119,0,605204.0
"('09C', '11D', '13S')",13.119,0,605204.0
"('09C', '11H', '13C')",13.119,0,605204.0
"('09C', '11H', '13D')",13.119,0,605204.0
"('09C', '11H', '13H')",13.119,0,605204.0
"('09C', '11H', '13S')",13.119,0,605204.0
"('09C', '11S', '13C')",13.119,0,605204.0
"('09C', '11S', '13D')",13.119,0,605204.0
"('09C', '11S', '13H')",13.119,0,605204.0
"('09C', '11S', '13S')",13.119,0,605204.0
"('09D', '11C', '13C')",13.119,0,605204.0
"('09D', '11C', '13D')",13.119,0,605204.0
"('09D', '11C', '13H')",13.119,0,605204.0
"('09D', '11C', '13S')",13.119,0,605204.0
"('09D', '11D', '13C')",13.119,0,605204.0
"('09D', '11D', '13D')",13.119,0,605204.0
"('09D', '11D', '13H')",13.119,0,605204.0
"('09D', '11D', '13S')",13.119,0,605204.0
"('09D', '11H', '13C')",13.119,0,605204.0
"('09D', '11H', '13D')",13.119,0,605204.0
"('09D', '11H', '13H')",13.119,0,605204.0
"('09D', '11H', '13S')",13.119,0,605204.0
"('09D', '11S', '13C')",13.119,0,605204.0
"('09D', '11S', '13D')",13.119,0,605204.0
"('09D', '11S', '13H')",13.119,0,605204.0
"('09D', '11S', '13S')",13.119,0,605204.0
"('09H', '11C', '13C')",13.119,0,605204.0
"('09H', '11C', '13D')",13.119,0,605204.0
"('09H', '11C', '13H')",13.119,0,605204.0
"('09H', '11C', '13S')",13.119,0,605204.0
"('09H', '11D', '13C')",13.119,0,605204.0
"('09H', '11D', '13D')",13.119,0,605204.0
"('09H', '11D', '13H')",13.119,0,605204.0
"('09H', '11D', '13S')",13.119,0,605204.0
"('09H', '11H', '13C')",13.119,0,605204.0
"('09H', '11H', '13D')",13.119,0,605204.0
"('09H', '11H', '13H')",13.119,0,605204.0
"('09H', '11H', '13S')",13.119,0,605204.0
"('09H', '11S', '13C')",13.119,0,605204.0
"('09H', '11S', '13D')",13.119,0,605204.0
"('09H', '11S', '13H')",13.119,0,605204.0
"('09H', '11S', '13S')",13.119,0,605204.0
"('09S', '11C', '13C')",13.119,0,605204.0
"('09S', '11C', '13D')",13.119,0,605204.0
"('09S', '11C', '13H')",13.119,0,605204.0
"('09S', '11C', '13S')",13.119,0,605204.0
"('09S', '11D', '13C')",13.119,0,605204.0
"('09S', '11D', '13D')",13.119,0,605204.0
"('09S', '11D', '13H')",13.119,0,605204.0
"('09S', '11D', '13S')",13.119,0,605204.0
"('09S', '11H', '13C')",13.119,0,605204.0
"('09S', '11H', '13D')",13.119,0,605204.0
"('09S', '11H', '13H')",13.119,0,605204.0
"('09S', '11H', '13S')",13.119,0,605204.0
"('09S', '11S', '13C')",13.119,0,605204.0
"('09S', '11S', '13D')",13.119,0,605204.0
"('09S', '11S', '13H')",13.119,0,605204.0
"('09S', '11S', '13S')",13.119,0,605204.0
"('08C', '11C', '13C')",13.117999999999999,0,602308.0
"('08C', '11C', '13D')",13.117999999999999,0,602308.0
"('08C', '11C', '13H')",13.117999999999999,0,602308.0
"('08C', '11C', '13S')",13.117999999999999,0,602308.0
"('08C', '11D', '13C')",13.117999999999999,0,602308.0
"('08C', '11D', '13D')",13.117999999999999,0,602308.0
"('08C', '11D', '13H')",13.117999999999999,0,602308.0
"('08C', '11D', '13S')",13.117999999999999,0,602308.0
"('08C', '11H', '13C')",13.117999999999999,0,602308.0
"('08C', '11H', '13D')",13.117999999999999,0,602308.0
"('08C', '11H', '13H')",13.117999999999999,0,602308.0
"('08C', '11H', '13S')",13.117999999999999,0,602308.0
"('08C', '11S', '13C')",13.117999999999999,0,602308.0
"('08C', '11S', '13D')",13.117999999999999,0,602308.0
"('08C', '11S', '13H')",13.117999999999999,0,602308.0
"('08C', '11S', '13S')",13.117999999999999,0,602308.0
"('08D', '11C', '13C')",13.117999999999999,0,602308.0
"('08D', '11C', '13D')",13.117999999999999,0,602308.0
"('08D', '11C', '13H')",13.117999999999999,0,602308.0
"('08D', '11C', '13S')",13.117999999999999,0,602308.0
"('08D', '11D', '13C')",13.117999999999999,0,602308.0
"('08D', '11D', '13D')",13.117999999999999,0,602308.0
"('08D', '11D', '13H')",13.117999999999999,0,602308.0
"('08D', '11D', '13S')",13.117999999999999,0,602308.0
"('08D', '11H', '13C')",13.117999999999999,0,602308.0
"('08D', '11H', '13D')",13.117999999999999,0,602308.0
"('08D', '11H', '13H')",13.117999999999999,0,602308.0
"('08D', '11H', '13S')",13.117999999999999,0,602308.0
"('08D', '11S', '13C')",13.117999999999999,0,602308.0
"('08D', '11S', '13D')",13.117999999999999,0,602308.0
"('08D', '11S', '13H')",13.117999999999999,0,602308.0
"('08D', '11S', '13S')",13.117999999999999,0,602308.0
"('08H', '11C', '13C')",13.117999999999999,0,602308.0
"('08H', '11C', '13D')",13.117999999999999,0,602308.0
"('08H', '11C', '13H')",13.117999999999999,0,602308.0
"('08H', '11C', '13S')",13.117999999999999,0,602308.0
"('08H', '11D', '13C')",13.117999999999999,0,602308.0
"('08H', '11D', '13D')",13.117999999999999,0,602308.0
"('08H', '11D', '13H')",13.117999999999999,0,602308.0
"('08H', '11D', '13S')",13.117999999999999,0,602308.0
"('08H', '11H', '13C')",13.117999999999999,0,602308.0
"('08H', '11H', '13D')",13.117999999999999,0,602308.0
"('08H', '11H', '13H')",13.117999999999999,0,602308.0
"('08H', '11H', '13S')",13.117999999999999,0,602308.0
"('08H', '11S', '13C')",13.117999999999999,0,602308.0
"('08H', '11S', '13D')",13.117999999999999,0,602308.0
"('08H', '11S', '13H')",13.117999999999999,0,602308.0
"('08H', '11S', '13S')",13.117999999999999,0,602308.0
"('08S', '11C', '13C')",13.117999999999999,0,602308.0
"('08S', '11C', '13D')",13.117999999999999,0,602308.0
"('08S', '11C', '13H')",13.117999999999999,0,602308.0
"('08S', '11C', '13S')",13.117999999999999,0,602308.0
"('08S', '11D', '13C')",13.117999999999999,0,602308.0
"('08S', '11D', '13D')",13.117999999999999,0,602308.0
"('08S', '11D', '13H')",13.117999999999999,0,602308.0
"('08S', '11D', '13S')",13.117999999999999,0,602308.0
"('08S', '11H', '13C')",13.117999999999999,0,602308.0
"('08S', '11H', '13D')",13.117999999999999,0,602308.0
"('08S', '11H', '13H')",13.117999999999999,0,602308.0
"('08S', '11H', '13S')",13.117999999999999,0,602308.0
"('08S', '11S', '13C')",13.117999999999999,0,602308.0
"('08S', '11S', '13D')",13.117999999999999,0,602308.0
"('08S', '11S', '13H')",13.117999999999999,0,602308.0
"('08S', '11S', '13S')",13.117999999999999,0,602308.0
"('07C', '11C', '13C')",13.116999999999999,0,599412.0
"('07C', '11C', '13D')",13.116999999999999,0,599412.0
"('07C', '11C', '13H')",13.116999999999999,0,599412.0
"('07C', '11C', '13S')",13.116999999999999,0,599412.0
"('07C', '11D', '13C')",13.116999999999999,0,599412.0
"('07C', '11D', '13D')",13.116999999999999,0,599412.0
"('07C', '11D', '13H')",13.116999999999999,0,599412.0
"('07C', '11D', '13S')",13.116999999999999,0,599412.0
"('07C', '11H', '13C')",13.116999999999999,0,599412.0
"('07C', '11H', '13D')",13.116999999999999,0,599412.0
"('07C', '11H', '13H')",13.116999999999999,0,599412.0
"('07C', '11H', '13S')",13.116999999999999,0,599412.0
"('07C', '11S', '13C')",13.116999999999999,0,599412.0
"('07C', '11S', '13D')",13.116999999999999,0,599412.0
"('07C', '11S', '13H')",13.116999999999999,0,599412.0
"('07C', '11S', '13S')",13.116999999999999,0,599412.0
"('07D', '11C', '13C')",13.116999999999999,0,599412.0
"('07D', '11C', '13D')",13.116999999999999,0,599412.0
"('07D', '11C', '13H')",13.116999999999999,0,599412.0
"('07D', '11C', '13S')",13.116999999999999,0,599412.0
"('07D', '11D', '13C')",13.116999999999999,0,599412.0
"('07D', '11D', '13D')",13.116999999999999,0,599412.0
"('07D', '11D', '13H')",13.116999999999999,0,599412.0
"('07D', '11D', '13S')",13.116999999999999,0,599412.0
"('07D', '11H', '13C')",13.116999999999999,0,599412.0
"('07D', '11H', '13D')",13.116999999999999,0,599412.0
"('07D', '11H', '13H')",13.116999999999999,0,599412.0
"('07D', '11H', '13S')",13.116999999999999,0,599412.0
"('07D', '11S', '13C')",13.116999999999999,0,599412.0
"('07D', '11S', '13D')",13.116999999999999,0,599412.0
"('07D', '11S', '13H')",13.116999999999999,0,599412.0
"('07D', '11S', '13S')",13.116999999999999,0,599412.0
"('07H', '11C', '13C')",13.116999999999999,0,599412.0
"('07H', '11C', '13D')",13.116999999999999,0,599412.0
"('07H', '11C', '13H')",13.116999999999999,0,599412.0
"('07H', '11C', '13S')",13.116999999999999,0,599412.0
"('07H', '11D', '13C')",13.116999999999999,0,599412.0
"('07H', '11D', '13D')",13.116999999999999,0,599412.0
"('07H', '11D', '13H')",13.116999999999999,0,599412.0
"('07H', '11D', '13S')",13.116999999999999,0,599412.0
"('07H', '11H', '13C')",13.116999999999999,0,599412.0
"('07H', '11H', '13D')",13.116999999999999,0,599412.0
"('07H', '11H', '13H')",13.116999999999999,0,599412.0
"('07H', '11H', '13S')",13.116999999999999,0,599412.0
"('07H', '11S', '13C')",13.116999999999999,0,599412.0
"('07H', '11S', '13D')",13.116999999999999,0,599412.0
"('07H', '11S', '13H')",13.116999999999999,0,599412.0
"('07H', '11S', '13S')",13.116999999999999,0,599412.0
"('07S', '11C', '13C')",13.116999999999999,0,599412.0
"('07S', '11C', '13D')",13.116999999999999,0,599412.0
"('07S', '11C', '13H')",13.116999999999999,0,599412.0
"('07S', '11C', '13S')",13.116999999999999,0,599412.0
"('07S', '11D', '13C')",13.116999999999999,0,599412.0
"('07S', '11D', '13D')",13.116999999999999,0,599412.0
"('07S', '11D', '13H')",13.116999999999999,0,599412.0
"('07S', '11D', '13S')",13.116999999999999,0,599412.0
"('07S', '11H', '13C')",13.116999999999999,0,599412.0
"('07S', '11H', '13D')",13.116999999999999,0,599412.0
"('07S', '11H', '13H')",13.116999999999999,0,599412.0
"('07S', '11H', '13S')",13.116999999999999,0,599412.0
"('07S', '11S', '13C')",13.116999999999999,0,599412.0
"('07S', '11S', '13D')",13.116999999999999,0,599412.0
"('07S', '11S', '13H')",13.116999999999999,0,599412.0
"('07S', '11S', '13S')",13.116999999999999,0,599412.0
"('06C', '11C', '13C')",13.116,0,596516.0
"('06C', '11C', '13D')",13.116,0,596516.0
"('06C', '11C', '13H')",13.116,0,596516.0
"('06C', '11C', '13S')",13.116,0,596516.0
"('06C', '11D', '13C')",13.116,0,596516.0
"('06C', '11D', '13D')",13.116,0,596516.0
"('06C', '11D', '13H')",13.116,0,596516.0
"('06C', '11D', '13S')",13.116,0,596516.0
"('06C', '11H', '13C')",13.116,0,596516.0
"('06C', '11H', '13D')",13.116,0,596516.0
"('06C', '11H', '13H')",13.116,0,596516.0
"('06C', '11H', '13S')",13.116,0,596516.0
"('06C', '11S', '13C')",13.116,0,596516.0
"('06C', '11S', '13D')",13.116,0,596516.0
"('06C', '11S', '13H')",13.116,0,596516.0
"('06C', '11S', '13S')",13.116,0,596516.0
"('06D', '11C', '13C')",13.116,0,596516.0
"('06D', '11C', '13D')",13.116,0,596516.0
"('06D', '11C', '13H')",13.116,0,596516.0
"('06D', '11C', '13S')",13.116,0,596516.0
"('06D', '11D', '13C')",13.116,0,596516.0
"('06D', '11D', '13D')",13.116,0,596516.0
"('06D', '11D', '13H')",13.116,0,596516.0
"('06D', '11D', '13S')",13.116,0,596516.0
"('06D', '11H', '13C')",13.116,0,596516.0
"('06D', '11H', '13D')",13.116,0,596516.0
"('06D', '11H', '13H')",13.116,0,596516.0
"('06D', '11H', '13S')",13.116,0,596516.0
"('06D', '11S', '13C')",13.116,0,596516.0
"('06D', '11S', '13D')",13.116,0,596516.0
"('06D', '11S', '13H')",13.116,0,596516.0
"('06D', '11S', '13S')",13.116,0,596516.0
"('06H', '11C', '13C')",13.116,0,596516.0
"('06H', '11C', '13D')",13.116,0,596516.0
"('06H', '11C', '13H')",13.116,0,596516.0
"('06H', '11C', '13S')",13.116,0,596516.0
"('06H', '11D', '13C')",13.116,0,596516.0
"('06H', '11D', '13D')",13.116,0,596516.0
"('06H', '11D', '13H')",13.116,0,596516.0
"('06H', '11D', '13S')",13.116,0,596516.0
"('06H', '11H', '13C')",13.116,0,596516.0
"('06H', '11H', '13D')",13.116,0,596516.0
"('06H', '11H', '13H')",13.116,0,596516.0
"('06H', '11H', '13S')",13.116,0,596516.0
"('06H', '11S', '13C')",13.116,0,596516.0
"('06H', '11S', '13D')",13.116,0,596516.0
"('06H', '11S', '13H')",13.116,0,596516.0
"('06H', '11S', '13S')",13.116,0,596516.0
"('06S', '11C', '13C')",13.116,0,596516.0
"('06S', '11C', '13D')",13.116,0,596516.0
"('06S', '11C', '13H')",13.116,0,596516.0
"('06S', '11C', '13S')",13.116,0,596516.0
"('06S', '11D', '13C')",13.116,0,596516.0
"('06S', '11D', '13D')",13.116,0,596516.0
"('06S', '11D', '13H')",13.116,0,596516.0
"('06S', '11D', '13S')",13.116,0,596516.0
"('06S', '11H', '13C')",13.116,0,596516.0
"('06S', '11H', '13D')",13.116,0,596516.0
"('06S', '11H', '13H')",13.116,0,596516.0
"('06S', '11H', '13S')",13.116,0,596516.0
"('06S', '11S', '13C')",13.116,0,596516.0
"('06S', '11S', '13D')",13.116,0,596516.0
"('06S', '11S', '13H')",13.116,0,596516.0
"('06S', '11S', '13S')",13.116,0,596516.0
"('05C', '11C', '13C')",13.115,0,593620.0
"('05C', '11C', '13D')",13.115,0,593620.0
"('05C', '11C', '13H')",13.115,0,593620.0
"('05C', '11C', '13S')",13.115,0,593620.0
"('05C', '11D', '13C')",13.115,0,593620.0
"('05C', '11D', '13D')",13.115,0,593620.0
"('05C', '11D', '13H')",13.115,0,593620.0
"('05C', '11D', '13S')",13.115,0,593620.0
"('05C', '11H', '13C')",13.115,0,593620.0
"('05C', '11H', '13D')",13.115,0,593620.0
"('05C', '11H', '13H')",13.115,0,593620.0
"('05C', '11H', '13S')",13.115,0,593620.0
"('05C', '11S', '13C')",13.115,0,593620.0
"('05C', '11S', '13D')",13.115,0,593620.0
"('05C', '11S', '13H')",13.115,0,593620.0
"('05C', '11S', '13S')",13.115,0,593620.0
"('05D', '11C', '13C')",13.115,0,593620.0
"('05D', '11C', '13D')",13.115,0,593620.0
"('05D', '11C', '13H')",13.115,0,593620.0
"('05D', '11C', '13S')",13.115,0,593620.0
"('05D', '11D', '13C')",13.115,0,593620.0
"('05D', '11D', '13D')",13.115,0,593620.0
"('05D', '11D', '13H')",13.115,0,593620.0
"('05D', '11D', '13S')",13.115,0,593620.0
"('05D', '11H', '13C')",13.115,0,593620.0
"('05D', '11H', '13D')",13.115,0,593620.0
"('05D', '11H', '13H')",13.115,0,593620.0
"('05D', '11H', '13S')",13.115,0,593620.0
"('05D', '11S', '13C')",13.115,0,593620.0
"('05D', '11S', '13D')",13.115,0,593620.0
"('05D', '11S', '13H')",13.115,0,593620.0
"('05D', '11S', '13S')",13.115,0,593620.0
"('05H', '11C', '13C')",13.115,0,593620.0
"('05H', '11C', '13D')",13.115,0,593620.0
"('05H', '11C', '13H')",13.115,0,593620.0
"('05H', '11C', '13S')",13.115,0,593620.0
"('05H', '11D', '13C')",13.115,0,593620.0
"('05H', '11D', '13D')",13.115,0,593620.0
"('05H', '11D', '13H')",13.115,0,593620.0
"('05H', '11D', '13S')",13.115,0,593620.0
"('05H', '11H', '13C')",13.115,0,593620.0
"('05H', '11H', '13D')",13.115,0,593620.0
"('05H', '11H', '13H')",13.115,0,593620.0
"('05H', '11H', '13S')",13.115,0,593620.0
"('05H', '11S', '13C')",13.115,0,593620.0
"('05H', '11S', '13D')",13.115,0,593620.0
"('05H', '11S', '13H')",13.115,0,593620.0
"('05H', '11S', '13S')",13.115,0,593620.0
"('05S', '11C', '13C')",13.115,0,593620.0
"('05S', '11C', '13D')",13.115,0,593620.0
"('05S', '11C', '13H')",13.115,0,593620.0
"('05S', '11C', '13S')",13.115,0,593620.0
"('05S', '11D', '13C')",13.115,0,593620.0
"('05S', '11D', '13D')",13.115,0,593620.0
"('05S', '11D', '13H')",13.115,0,593620.0
"('05S', '11D', '13S')",13.115,0,593620.0
"('05S', '11H', '13C')",13.115,0,593620.0
"('05S', '11H', '13D')",13.115,0,593620.0
"('05S', '11H', '13H')",13.115,0,593620.0
"('05S', '11H', '13S')",13.115,0,593620.0
"('05S', '11S', '13C')",13.115,0,593620.0
"('05S', '11S', '13D')",13.115,0,593620.0
"('05S', '11S', '13H')",13.115,0,593620.0
"('05S', '11S', '13S')",13.115,0,593620.0
"('04C', '11C', '13C')",13.113999999999999,0,590724.0
"('04C', '11C', '13D')",13.113999999999999,0,590724.0
"('04C', '11C', '13H')",13.113999999999999,0,590724.0
"('04C', '11C', '13S')",13.113999999999999,0,590724.0
"('04C', '11D', '13C')",13.113999999999999,0,590724.0
"('04C', '11D', '13D')",13.113999999999999,0,590724.0
"('04C', '11D', '13H')",13.113999999999999,0,590724.0
"('04C', '11D', '13S')",13.113999999999999,0,590724.0
"('04C', '11H', '13C')",13.113999999999999,0,590724.0
"('04C', '11H', '13D')",13.113999999999999,0,590724.0
"('04C', '11H', '13H')",13.113999999999999,0,590724.0
"('04C', '11H', '13S')",13.113999999999999,0,590724.0
"('04C', '11S', '13C')",13.113999999999999,0,590724.0
"('04C', '11S', '13D')",13.113999999999999,0,590724.0
"('04C', '11S', '13H')",13.113999999999999,0,590724.0
"('04C', '11S', '13S')",13.113999999999999,0,590724.0
"('04D', '11C', '13C')",13.113999999999999,0,590724.0
"('04D', '11C', '13D')",13.113999999999999,0,590724.0
"('04D', '11C', '13H')",13.113999999999999,0,590724.0
"('04D', '11C', '13S')",13.113999999999999,0,590724.0
"('04D', '11D', '13C')",13.113999999999999,0,590724.0
"('04D', '11D', '13D')",13.113999999999999,0,590724.0
"('04D', '11D', '13H')",13.113999999999999,0,590724.0
"('04D', '11D', '13S')",13.113999999999999,0,590724.0
"('04D', '11H', '13C')",13.113999999999999,0,590724.0
"('04D', '11H', '13D')",13.113999999999999,0,590724.0
"('04D', '11H', '13H')",13.113999999999999,0,590724.0
"('04D', '11H', '13S')",13.113999999999999,0,590724.0
"('04D', '11S', '13C')",13.113999999999999,0,590724.0
"('04D', '11S', '13D')",13.113999999999999,0,590724.0
"('04D', '11S', '13H')",13.113999999999999,0,590724.0
"('04D', '11S', '13S')",13.113999999999999,0,590724.0
"('04H', '11C', '13C')",13.113999999999999,0,590724.0
"('04H', '11C', '13D')",13.113999999999999,0,590724.0
"('04H', '11C', '13H')",13.113999999999999,0,590724.0
"('04H', '11C', '13S')",13.113999999999999,0,590724.0
"('04H', '11D', '13C')",13.113999999999999,0,590724.0
"('04H', '11D', '13D')",13.113999999999999,0,590724.0
"('04H', '11D', '13H')",13.113999999999999,0,590724.0
"('04H', '11D', '13S')",13.113999999999999,0,590724.0
"('04H', '11H', '13C')",13.113999999999999,0,590724.0
"('04H', '11H', '13D')",13.113999999999999,0,590724.0
"('04H', '11H', '13H')",13.113999999999999,0,590724.0
"('04H', '11H', '13S')",13.113999999999999,0,590724.0
"('04H', '11S', '13C')",13.113999999999999,0,590724.0
"('04H', '11S', '13D')",13.113999999999999,0,590724.0
"('04H', '11S', '13H')",13.113999999999999,0,590724.0
"('04H', '11S', '13S')",13.113999999999999,0,590724.0
"('04S', '11C', '13C')",13.113999999999999,0,590724.0
"('04S', '11C', '13D')",13.113999999999999,0,590724.0
"('04S', '11C', '13H')",13.113999999999999,0,590724.0
"('04S', '11C', '13S')",13.113999999999999,0,590724.0
"('04S', '11D', '13C')",13.113999999999999,0,590724.0
"('04S', '11D', '13D')",13.113999999999999,0,590724.0
"('04S', '11D', '13H')",13.113999999999999,0,590724.0
"('04S', '11D', '13S')",13.113999999999999,0,590724.0
"('04S', '11H', '13C')",13.113999999999999,0,590724.0
"('04S', '11H', '13D')",13.113999999999999,0,590724.0
"('04S', '11H', '13H')",13.113999999999999,0,590724.0
"('04S', '11H', '13S')",13.113999999999999,0,590724.0
"('04S', '11S', '13C')",13.113999999999999,0,590724.0
"('04S', '11S', '13D')",13.113999999999999,0,590724.0
"('04S', '11S', '13H')",13.113999999999999,0,590724.0
"('04S', '11S', '13S')",13.113999999999999,0,590724.0
"('03C', '11C', '13C')",13.113,0,587828.0
"('03C', '11C', '13D')",13.113,0,587828.0
"('03C', '11C', '13H')",13.113,0,587828.0
"('03C', '11C', '13S')",13.113,0,587828.0
"('03C', '11D', '13C')",13.113,0,587828.0
"('03C', '11D', '13D')",13.113,0,587828.0
"('03C', '11D', '13H')",13.113,0,587828.0
"('03C', '11D', '13S')",13.113,0,587828.0
"('03C', '11H', '13C')",13.113,0,587828.0
"('03C', '11H', '13D')",13.113,0,587828.0
"('03C', '11H', '13H')",13.113,0,587828.0
"('03C', '11H', '13S')",13.113,0,587828.0
"('03C', '11S', '13C')",13.113,0,587828.0
"('03C', '11S', '13D')",13.113,0,587828.0
"('03C', '11S', '13H')",13.113,0,587828.0
"('03C', '11S', '13S')",13.113,0,587828.0
"('03D', '11C', '13C')",13.113,0,587828.0
"('03D', '11C', '13D')",13.113,0,587828.0
"('03D', '11C', '13H')",13.113,0,587828.0
"('03D', '11C', '13S')",13.113,0,587828.0
"('03D', '11D', '13C')",13.113,0,587828.0
"('03D', '11D', '13D')",13.113,0,587828.0
"('03D', '11D', '13H')",13.113,0,587828.0
"('03D', '11D', '13S')",13.113,0,587828.0
"('03D', '11H', '13C')",13.113,0,587828.0
"('03D', '11H', '13D')",13.113,0,587828.0
"('03D', '11H', '13H')",13.113,0,587828.0
"('03D', '11H', '13S')",13.113,0,587828.0
"('03D', '11S', '13C')",13.113,0,587828.0
"('03D', '11S', '13D')",13.113,0,587828.0
"('03D', '11S', '13H')",13.113,0,587828.0
"('03D', '11S', '13S')",13.113,0,587828.0
"('03H', '11C', '13C')",13.113,0,587828.0
"('03H', '11C', '13D')",13.113,0,587828.0
"('03H', '11C', '13H')",13.113,0,587828.0
"('03H', '11C', '13S')",13.113,0,587828.0
"('03H', '11D', '13C')",13.113,0,587828.0
"('03H', '11D', '13D')",13.113,0,587828.0
"('03H', '11D', '13H')",13.113,0,587828.0
"('03H', '11D', '13S')",13.113,0,587828.0
"('03H', '11H', '13C')",13.113,0,587828.0
"('03H', '11H', '13D')",13.113,0,587828.0
"('03H', '11H', '13H')",13.113,0,587828.0
"('03H', '11H', '13S')",13.113,0,587828.0
"('03H', '11S', '13C')",13.113,0,587828.0
"('03H', '11S', '13D')",13.113,0,587828.0
"('03H', '11S', '13H')",13.113,0,587828.0
"('03H', '11S', '13S')",13.113,0,587828.0
"('03S', '11C', '13C')",13.113,0,587828.0
"('03S', '11C', '13D')",13.113,0,587828.0
"('03S', '11C', '13H')",13.113,0,587828.0
"('03S', '11C', '13S')",13.113,0,587828.0
"('03S', '11D', '13C')",13.113,0,587828.0
"('03S', '11D', '13D')",13.113,0,587828.0
"('03S', '11D', '13H')",13.113,0,587828.0
"('03S', '11D', '13S')",13.113,0,587828.0
"('03S', '11H', '13C')",13.113,0,587828.0
"('03S', '11H', '13D')",13.113,0,587828.0
"('03S', '11H', '13H')",13.113,0,587828.0
"('03S', '11H', '13S')",13.113,0,587828.0
"('03S', '11S', '13C')",13.113,0,587828.0
"('03S', '11S', '13D')",13.113,0,587828.0
"('03S', '11S', '13H')",13.113,0,587828.0
"('03S', '11S', '13S')",13.113,0,587828.0
"('02C', '11C', '13C')",13.112,0,584932.0
"('02C', '11C', '13D')",13.112,0,584932.0
"('02C', '11C', '13H')",13.112,0,584932.0
"('02C', '11C', '13S')",13.112,0,584932.0
"('02C', '11D', '13C')",13.112,0,584932.0
"('02C', '11D', '13D')",13.112,0,584932.0
"('02C', '11D', '13H')",13.112,0,584932.0
"('02C', '11D', '13S')",13.112,0,584932.0
"('02C', '11H', '13C')",13.112,0,584932.0
"('02C', '11H', '13D')",13.112,0,584932.0
"('02C', '11H', '13H')",13.112,0,584932.0
"('02C', '11H', '13S')",13.112,0,584932.0
"('02C', '11S', '13C')",13.112,0,584932.0
"('02C', '11S', '13D')",13.112,0,584932.0
"('02C', '11S', '13H')",13.112,0,584932.0
"('02C', '11S', '13S')",13.112,0,584932.0
"('02D', '11C', '13C')",13.112,0,584932.0
"('02D', '11C', '13D')",13.112,0,584932.0
"('02D', '11C', '13H')",13.112,0,584932.0
"('02D', '11C', '13S')",13.112,0,584932.0
"('02D', '11D', '13C')",13.112,0,584932.0
"('02D', '11D', '13D')",13.112,0,584932.0
"('02D', '11D', '13H')",13.112,0,584932.0
"('02D', '11D', '13S')",13.112,0,584932.0
"('02D', '11H', '13C')",13.112,0,584932.0
"('02D', '11H', '13D')",13.112,0,584932.0
"('02D', '11H', '13H')",13.112,0,584932.0
"('02D', '11H', '13S')",13.112,0,584932.0
"('02D', '11S', '13C')",13.112,0,584932.0
"('02D', '11S', '13D')",13.112,0,584932.0
"('02D', '11S', '13H')",13.112,0,584932.0
"('02D', '11S', '13S')",13.112,0,584932.0
"('02H', '11C', '13C')",13.112,0,584932.0
"('02H', '11C', '13D')",13.112,0,584932.0
"('02H', '11C', '13H')",13.112,0,584932.0
"('02H', '11C', '13S')",13.112,0,584932.0
"('02H', '11D', '13C')",13.112,0,584932.0
"('02H', '11D', '13D')",13.112,0,584932.0
"('02H', '11D', '13H')",13.112,0,584932.0
"('02H', '11D', '13S')",13.112,0,584932.0
"('02H', '11H', '13C')",13.112,0,584932.0
"('02H', '11H', '13D')",13.112,0,584932.0
"('02H', '11H', '13H')",13.112,0,584932.0
"('02H', '11H', '13S')",13.112,0,584932.0
"('02H', '11S', '13C')",13.112,0,584932.0
"('02H', '11S', '13D')",13.112,0,584932.0
"('02H', '11S', '13H')",13.112,0,584932.0
"('02H', '11S', '13S')",13.112,0,584932.0
"('02S', '11C', '13C')",13.112,0,584932.0
"('02S', '11C', '13D')",13.112,0,584932.0
"('02S', '11C', '13H')",13.112,0,584932.0
"('02S', '11C', '13S')",13.112,0,584932.0
"('02S', '11D', '13C')",13.112,0,584932.0
"('02S', '11D', '13D')",13.112,0,584932.0
"('02S', '11D', '13H')",13.112,0,584932.0
"('02S', '11D', '13S')",13.112,0,584932.0
"('02S', '11H', '13C')",13.112,0,584932.0
"('02S', '11H', '13D')",13.112,0,584932.0
"('02S', '11H', '13H')",13.112,0,584932.0
"('02S', '11H', '13S')",13.112,0,584932.0
"('02S', '11S', '13C')",13.112,0,584932.0
"('02S', '11S', '13D')",13.112,0,584932.0
"('02S', '11S', '13H')",13.112,0,584932.0
"('02S', '11S', '13S')",13.112,0,584932.0
"('09C', '10C', '13C')",13.109,0,582036.0
"('09C', '10C', '13D')",13.109,0,582036.0
"('09C', '10C', '13H')",13.109,0,582036.0
"('09C', '10C', '13S')",13.109,0,582036.0
"('09C', '10D', '13C')",13.109,0,582036.0
"('09C', '10D', '13D')",13.109,0,582036.0
"('09C', '10D', '13H')",13.109,0,582036.0
"('09C', '10D', '13S')",13.109,0,582036.0
"('09C', '10H', '13C')",13.109,0,582036.0
"('09C', '10H', '13D')",13.109,0,582036.0
"('09C', '10H', '13H')",13.109,0,582036.0
"('09C', '10H', '13S')",13.109,0,582036.0
"('09C', '10S', '13C')",13.109,0,582036.0
"('09C', '10S', '13D')",13.109,0,582036.0
"('09C', '10S', '13H')",13.109,0,582036.0
"('09C', '10S', '13S')",13.109,0,582036.0
"('09D', '10C', '13C')",13.109,0,582036.0
"('09D', '10C', '13D')",13.109,0,582036.0
"('09D', '10C', '13H')",13.109,0,582036.0
"('09D', '10C', '13S')",13.109,0,582036.0
"('09D', '10D', '13C')",13.109,0,582036.0
"('09D', '10D', '13D')",13.109,0,582036.0
"('09D', '10D', '13H')",13.109,0,582036.0
"('09D', '10D', '13S')",13.109,0,582036.0
"('09D', '10H', '13C')",13.109,0,582036.0
"('09D', '10H', '13D')",13.109,0,582036.0
"('09D', '10H', '13H')",13.109,0,582036.0
"('09D', '10H', '13S')",13.109,0,582036.0
"('09D', '10S', '13C')",13.109,0,582036.0
"('09D', '10S', '13D')",13.109,0,582036.0
"('09D', '10S', '13H')",13.109,0,582036.0
"('09D', '10S', '13S')",13.109,0,582036.0
"('09H', '10C', '13C')",13.109,0,582036.0
"('09H', '10C', '13D')",13.109,0,582036.0
"('09H', '10C', '13H')",13.109,0,582036.0
"('09H', '10C', '13S')",13.109,0,582036.0
"('09H', '10D', '13C')",13.109,0,582036.0
"('09H', '10D', '13D')",13.109,0,582036.0
"('09H', '10D', '13H')",13.109,0,582036.0
"('09H', '10D', '13S')",13.109,0,582036.0
"('09H', '10H', '13C')",13.109,0,582036.0
"('09H', '10H', '13D')",13.109,0,582036.0
"('09H', '10H', '13H')",13.109,0,582036.0
"('09H', '10H', '13S')",13.109,0,582036.0
"('09H', '10S', '13C')",13.109,0,582036.0
"('09H', '10S', '13D')",13.109,0,582036.0
"('09H', '10S', '13H')",13.109,0,582036.0
"('09H', '10S', '13S')",13.109,0,582036.0
"('09S', '10C', '13C')",13.109,0,582036.0
"('09S', '10C', '13D')",13.109,0,582036.0
"('09S', '10C', '13H')",13.109,0,582036.0
"('09S', '10C', '13S')",13.109,0,582036.0
"('09S', '10D', '13C')",13.109,0,582036.0
"('09S', '10D', '13D')",13.109,0,582036.0
"('09S', '10D', '13H')",13.109,0,582036.0
"('09S', '10D', '13S')",13.109,0,582036.0
"('09S', '10H', '13C')",13.109,0,582036.0
"('09S', '10H', '13D')",13.109,0,582036.0
"('09S', '10H', '13H')",13.109,0,582036.0
"('09S', '10H', '13S')",13.109,0,582036.0
"('09S', '10S', '13C')",13.109,0,582036.0
"('09S', '10S', '13D')",13.109,0,582036.0
"('09S', '10S', '13H')",13.109,0,582036.0
"('09S', '10S', '13S')",13.109,0,582036.0
"('08C', '10C', '13C')",13.107999999999999,0,579140.0
"('08C', '10C', '13D')",13.107999999999999,0,579140.0
"('08C', '10C', '13H')",13.107999999999999,0,579140.0
"('08C', '10C', '13S')",13.107999999999999,0,579140.0
"('08C', '10D', '13C')",13.107999999999999,0,579140.0
"('08C', '10D', '13D')",13.107999999999999,0,579140.0
"('08C', '10D', '13H')",13.107999999999999,0,579140.0
"('08C', '10D', '13S')",13.107999999999999,0,579140.0
"('08C', '10H', '13C')",13.107999999999999,0,579140.0
"('08C', '10H', '13D')",13.107999999999999,0,579140.0
"('08C', '10H', '13H')",13.107999999999999,0,579140.0
"('08C', '10H', '13S')",13.107999999999999,0,579140.0
"('08C', '10S', '13C')",13.107999999999999,0,579140.0
"('08C', '10S', '13D')",13.107999999999999,0,579140.0
"('08C', '10S', '13H')",13.107999999999999,0,579140.0
"('08C', '10S', '13S')",13.107999999999999,0,579140.0
"('08D', '10C', '13C')",13.107999999999999,0,579140.0
"('08D', '10C', '13D')",13.107999999999999,0,579140.0
"('08D', '10C', '13H')",13.107999999999999,0,579140.0
"('08D', '10C', '13S')",13.107999999999999,0,579140.0
"('08D', '10D', '13C')",13.107999999999999,0,579140.0
"('08D', '10D', '13D')",13.107999999999999,0,579140.0
"('08D', '10D', '13H')",13.107999999999999,0,579140.0
"('08D', '10D', '13S')",13.107999999999999,0,579140.0
"('08D', '10H', '13C')",13.107999999999999,0,579140.0
"('08D', '10H', '13D')",13.107999999999999,0,579140.0
"('08D', '10H', '13H')",13.107999999999999,0,579140.0
"('08D', '10H', '13S')",13.107999999999999,0,579140.0
"('08D', '10S', '13C')",13.107999999999999,0,579140.0
"('08D', '10S', '13D')",13.107999999999999,0,579140.0
"('08D', '10S', '13H')",13.107999999999999,0,579140.0
"('08D', '10S', '13S')",13.107999999999999,0,579140.0
"('08H', '10C', '13C')",13.107999999999999,0,579140.0
"('08H', '10C', '13D')",13.107999999999999,0,579140.0
"('08H', '10C', '13H')",13.107999999999999,0,579140.0
"('08H', '10C', '13S')",13.107999999999999,0,579140.0
"('08H', '10D', '13C')",13.107999999999999,0,579140.0
"('08H', '10D', '13D')",13.107999999999999,0,579140.0
"('08H', '10D', '13H')",13.107999999999999,0,579140.0
"('08H', '10D', '13S')",13.107999999999999,0,579140.0
"('08H', '10H', '13C')",13.107999999999999,0,579140.0
"('08H', '10H', '13D')",13.107999999999999,0,579140.0
"('08H', '10H', '13H')",13.107999999999999,0,579140.0
"('08H', '10H', '13S')",13.107999999999999,0,579140.0
"('08H', '10S', '13C')",13.107999999999999,0,579140.0
"('08H', '10S', '13D')",13.107999999999999,0,579140.0
"('08H', '10S', '13H')",13.107999999999999,0,579140.0
"('08H', '10S', '13S')",13.107999999999999,0,579140.0
"('08S', '10C', '13C')",13.107999999999999,0,579140.0
"('08S', '10C', '13D')",13.107999999999999,0,579140.0
"('08S', '10C', '13H')",13.107999999999999,0,579140.0
"('08S', '10C', '13S')",13.107999999999999,0,579140.0
"('08S', '10D', '13C')",13.107999999999999,0,579140.0
"('08S', '10D', '13D')",13.107999999999999,0,579140.0
"('08S', '10D', '13H')",13.107999999999999,0,579140.0
"('08S', '10D', '13S')",13.107999999999999,0,579140.0
"('08S', '10H', '13C')",13.107999999999999,0,579140.0
"('08S', '10H', '13D')",13.107999999999999,0,579140.0
"('08S', '10H', '13H')",13.107999999999999,0,579140.0
"('08S', '10H', '13S')",13.107999999999999,0,579140.0
"('08S', '10S', '13C')",13.107999999999999,0,579140.0
"('08S', '10S', '13D')",13.107999999999999,0,579140.0
"('08S', '10S', '13H')",13.107999999999999,0,579140.0
"('08S', '10S', '13S')",13.107999999999999,0,579140.0
"('07C', '10C', '13C')",13.107,0,576244.0
"('07C', '10C', '13D')",13.107,0,576244.0
"('07C', '10C', '13H')",13.107,0,576244.0
"('07C', '10C', '13S')",13.107,0,576244.0
"('07C', '10D', '13C')",13.107,0,576244.0
"('07C', '10D', '13D')",13.107,0,576244.0
"('07C', '10D', '13H')",13.107,0,576244.0
"('07C', '10D', '13S')",13.107,0,576244.0
"('07C', '10H', '13C')",13.107,0,576244.0
"('07C', '10H', '13D')",13.107,0,576244.0
"('07C', '10H', '13H')",13.107,0,576244.0
"('07C', '10H', '13S')",13.107,0,576244.0
"('07C', '10S', '13C')",13.107,0,576244.0
"('07C', '10S', '13D')",13.107,0,576244.0
"('07C', '10S', '13H')",13.107,0,576244.0
"('07C', '10S', '13S')",13.107,0,576244.0
"('07D', '10C', '13C')",13.107,0,576244.0
"('07D', '10C', '13D')",13.107,0,576244.0
"('07D', '10C', '13H')",13.107,0,576244.0
"('07D', '10C', '13S')",13.107,0,576244.0
"('07D', '10D', '13C')",13.107,0,576244.0
"('07D', '10D', '13D')",13.107,0,576244.0
"('07D', '10D', '13H')",13.107,0,576244.0
"('07D', '10D', '13S')",13.107,0,576244.0
"('07D', '10H', '13C')",13.107,0,576244.0
"('07D', '10H', '13D')",13.107,0,576244.0
"('07D', '10H', '13H')",13.107,0,576244.0
"('07D', '10H', '13S')",13.107,0,576244.0
"('07D', '10S', '13C')",13.107,0,576244.0
"('07D', '10S', '13D')",13.107,0,576244.0
"('07D', '10S', '13H')",13.107,0,576244.0
"('07D', '10S', '13S')",13.107,0,576244.0
"('07H', '10C', '13C')",13.107,0,576244.0
"('07H', '10C', '13D')",13.107,0,576244.0
"('07H', '10C', '13H')",13.107,0,576244.0
"('07H', '10C', '13S')",13.107,0,576244.0
"('07H', '10D', '13C')",13.107,0,576244.0
"('07H', '10D', '13D')",13.107,0,576244.0
"('07H', '10D', '13H')",13.107,0,576244.0
"('07H', '10D', '13S')",13.107,0,576244.0
"('07H', '10H', '13C')",13.107,0,576244.0
"('07H', '10H', '13D')",13.107,0,576244.0
"('07H', '10H', '13H')",13.107,0,576244.0
"('07H', '10H', '13S')",13.107,0,576244.0
"('07H', '10S', '13C')",13.107,0,576244.0
"('07H', '10S', '13D')",13.107,0,576244.0
"('07H', '10S', '13H')",13.107,0,576244.0
"('07H', '10S', '13S')",13.107,0,576244.0
"('07S', '10C', '13C')",13.107,0,576244.0
"('07S', '10C', '13D')",13.107,0,576244.0
"('07S', '10C', '13H')",13.107,0,576244.0
"('07S', '10C', '13S')",13.107,0,576244.0
"('07S', '10D', '13C')",13.107,0,576244.0
"('07S', '10D', '13D')",13.107,0,576244.0
"('07S', '10D', '13H')",13.107,0,576244.0
"('07S', '10D', '13S')",13.107,0,576244.0
"('07S', '10H', '13C')",13.107,0,576244.0
"('07S', '10H', '13D')",13.107,0,576244.0
"('07S', '10H', '13H')",13.107,0,576244.0
"('07S', '10H', '13S')",13.107,0,576244.0
"('07S', '10S', '13C')",13.107,0,576244.0
"('07S', '10S', '13D')",13.107,0,576244.0
"('07S', '10S', '13H')",13.107,0,576244.0
"('07S', '10S', '13S')",13.107,0,576244.0
"('06C', '10C', '13C')",13.106,0,573348.0
"('06C', '10C', '13D')",13.106,0,573348.0
"('06C', '10C', '13H')",13.106,0,573348.0
"('06C', '10C', '13S')",13.106,0,573348.0
"('06C', '10D', '13C')",13.106,0,573348.0
"('06C', '10D', '13D')",13.106,0,573348.0
"('06C', '10D', '13H')",13.106,0,573348.0
"('06C', '10D', '13S')",13.106,0,573348.0
"('06C', '10H', '13C')",13.106,0,573348.0
"('06C', '10H', '13D')",13.106,0,573348.0
"('06C', '10H', '13H')",13.106,0,573348.0
"('06C', '10H', '13S')",13.106,0,573348.0
"('06C', '10S', '13C')",13.106,0,573348.0
"('06C', '10S', '13D')",13.106,0,573348.0
"('06C', '10S', '13H')",13.106,0,573348.0
"('06C', '10S', '13S')",13.106,0,573348.0
"('06D', '10C', '13C')",13.106,0,573348.0
"('06D', '10C', '13D')",13.106,0,573348.0
"('06D', '10C', '13H')",13.106,0,573348.0
"('06D', '10C', '13S')",13.106,0,573348.0
"('06D', '10D', '13C')",13.106,0,573348.0
"('06D', '10D', '13D')",13.106,0,573348.0
"('06D', '10D', '13H')",13.106,0,573348.0
"('06D', '10D', '13S')",13.106,0,573348.0
"('06D', '10H', '13C')",13.106,0,573348.0
"('06D', '10H', '13D')",13.106,0,573348.0
"('06D', '10H', '13H')",13.106,0,573348.0
"('06D', '10H', '13S')",13.106,0,573348.0
"('06D', '10S', '13C')",13.106,0,573348.0
"('06D', '10S', '13D')",13.106,0,573348.0
"('06D', '10S', '13H')",13.106,0,573348.0
"('06D', '10S', '13S')",13.106,0,573348.0
"('06H', '10C', '13C')",13.106,0,573348.0
"('06H', '10C', '13D')",13.106,0,573348.0
"('06H', '10C', '13H')",13.106,0,573348.0
"('06H', '10C', '13S')",13.106,0,573348.0
"('06H', '10D', '13C')",13.106,0,573348.0
"('06H', '10D', '13D')",13.106,0,573348.0
"('06H', '10D', '13H')",13.106,0,573348.0
"('06H', '10D', '13S')",13.106,0,573348.0
"('06H', '10H', '13C')",13.106,0,573348.0
"('06H', '10H', '13D')",13.106,0,573348.0
"('06H', '10H', '13H')",13.106,0,573348.0
"('06H', '10H', '13S')",13.106,0,573348.0
"('06H', '10S', '13C')",13.106,0,573348.0
"('06H', '10S', '13D')",13.106,0,573348.0
"('06H', '10S', '13H')",13.106,0,573348.0
"('06H', '10S', '13S')",13.106,0,573348.0
"('06S', '10C', '13C')",13.106,0,573348.0
"('06S', '10C', '13D')",13.106,0,573348.0
"('06S', '10C', '13H')",13.106,0,573348.0
"('06S', '10C', '13S')",13.106,0,573348.0
"('06S', '10D', '13C')",13.106,0,573348.0
"('06S', '10D', '13D')",13.106,0,573348.0
"('06S', '10D', '13H')",13.106,0,573348.0
"('06S', '10D', '13S')",13.106,0,573348.0
"('06S', '10H', '13C')",13.106,0,573348.0
"('06S', '10H', '13D')",13.106,0,573348.0
"('06S', '10H', '13H')",13.106,0,573348.0
"('06S', '10H', '13S')",13.106,0,573348.0
"('06S', '10S', '13C')",13.106,0,573348.0
"('06S', '10S', '13D')",13.106,0,573348.0
"('06S', '10S', '13H')",13.106,0,573348.0
"('06S', '10S', '13S')",13.106,0,573348.0
"('05C', '10C', '13C')",13.105,0,570452.0
"('05C', '10C', '13D')",13.105,0,570452.0
"('05C', '10C', '13H')",13.105,0,570452.0
"('05C', '10C', '13S')",13.105,0,570452.0
"('05C', '10D', '13C')",13.105,0,570452.0
"('05C', '10D', '13D')",13.105,0,570452.0
"('05C', '10D', '13H')",13.105,0,570452.0
"('05C', '10D', '13S')",13.105,0,570452.0
"('05C', '10H', '13C')",13.105,0,570452.0
"('05C', '10H', '13D')",13.105,0,570452.0
"('05C', '10H', '13H')",13.105,0,570452.0
"('05C', '10H', '13S')",13.105,0,570452.0
"('05C', '10S', '13C')",13.105,0,570452.0
"('05C', '10S', '13D')",13.105,0,570452.0
"('05C', '10S', '13H')",13.105,0,570452.0
"('05C', '10S', '13S')",13.105,0,570452.0
"('05D', '10C', '13C')",13.105,0,570452.0
"('05D', '10C', '13D')",13.105,0,570452.0
"('05D', '10C', '13H')",13.105,0,570452.0
"('05D', '10C', '13S')",13.105,0,570452.0
"('05D', '10D', '13C')",13.105,0,570452.0
"('05D', '10D', '13D')",13.105,0,570452.0
"('05D', '10D', '13H')",13.105,0,570452.0
"('05D', '10D', '13S')",13.105,0,570452.0
"('05D', '10H', '13C')",13.105,0,570452.0
"('05D', '10H', '13D')",13.105,0,570452.0
"('05D', '10H', '13H')",13.105,0,570452.0
"('05D', '10H', '13S')",13.105,0,570452.0
"('05D', '10S', '13C')",13.105,0,570452.0
"('05D', '10S', '13D')",13.105,0,570452.0
"('05D', '10S', '13H')",13.105,0,570452.0
"('05D', '10S', '13S')",13.105,0,570452.0
"('05H', '10C', '13C')",13.105,0,570452.0
"('05H', '10C', '13D')",13.105,0,570452.0
"('05H', '10C', '13H')",13.105,0,570452.0
"('05H', '10C', '13S')",13.105,0,570452.0
"('05H', '10D', '13C')",13.105,0,570452.0
"('05H', '10D', '13D')",13.105,0,570452.0
"('05H', '10D', '13H')",13.105,0,570452.0
"('05H', '10D', '13S')",13.105,0,570452.0
"('05H', '10H', '13C')",13.105,0,570452.0
"('05H', '10H', '13D')",13.105,0,570452.0
"('05H', '10H', '13H')",13.105,0,570452.0
"('05H', '10H', '13S')",13.105,0,570452.0
"('05H', '10S', '13C')",13.105,0,570452.0
"('05H', '10S', '13D')",13.105,0,570452.0
"('05H', '10S', '13H')",13.105,0,570452.0
"('05H', '10S', '13S')",13.105,0,570452.0
"('05S', '10C', '13C')",13.105,0,570452.0
"('05S', '10C', '13D')",13.105,0,570452.0
"('05S', '10C', '13H')",13.105,0,570452.0
"('05S', '10C', '13S')",13.105,0,570452.0
"('05S', '10D', '13C')",13.105,0,570452.0
"('05S', '10D', '13D')",13.105,0,570452.0
"('05S', '10D', '13H')",13.105,0,570452.0
"('05S', '10D', '13S')",13.105,0,570452.0
"('05S', '10H', '13C')",13.105,0,570452.0
"('05S', '10H', '13D')",13.105,0,570452.0
"('05S', '10H', '13H')",13.105,0,570452.0
"('05S', '10H', '13S')",13.105,0,570452.0
"('05S', '10S', '13C')",13.105,0,570452.0
"('05S', '10S', '13D')",13.105,0,570452.0
"('05S', '10S', '13H')",13.105,0,570452.0
"('05S', '10S', '13S')",13.105,0,570452.0
"('04C', '10C', '13C')",13.104,0,567557.0
"('04C', '10C', '13D')",13.104,0,567557.0
"('04C', '10C', '13H')",13.104,0,567557.0
"('04C', '10C', '13S')",13.104,0,567557.0
"('04C', '10D', '13C')",13.104,0,567557.0
"('04C', '10D', '13D')",13.104,0,567557.0
"('04C', '10D', '13H')",13.104,0,567557.0
"('04C', '10D', '13S')",13.104,0,567557.0
"('04C', '10H', '13C')",13.104,0,567557.0
"('04C', '10H', '13D')",13.104,0,567557.0
"('04C', '10H', '13H')",13.104,0,567557.0
"('04C', '10H', '13S')",13.104,0,567557.0
"('04C', '10S', '13C')",13.104,0,567557.0
"('04C', '10S', '13D')",13.104,0,567557.0
"('04C', '10S', '13H')",13.104,0,567557.0
"('04C', '10S', '13S')",13.104,0,567557.0
"('04D', '10C', '13C')",13.104,0,567557.0
"('04D', '10C', '13D')",13.104,0,567557.0
"('04D', '10C', '13H')",13.104,0,567557.0
"('04D', '10C', '13S')",13.104,0,567557.0
"('04D', '10D', '13C')",13.104,0,567557.0
"('04D', '10D', '13D')",13.104,0,567557.0
"('04D', '10D', '13H')",13.104,0,567557.0
"('04D', '10D', '13S')",13.104,0,567557.0
"('04D', '10H', '13C')",13.104,0,567557.0
"('04D', '10H', '13D')",13.104,0,567557.0
"('04D', '10H', '13H')",13.104,0,567557.0
"('04D', '10H', '13S')",13.104,0,567557.0
"('04D', '10S', '13C')",13.104,0,567557.0
"('04D', '10S', '13D')",13.104,0,567557.0
"('04D', '10S', '13H')",13.104,0,567557.0
"('04D', '10S', '13S')",13.104,0,567557.0
"('04H', '10C', '13C')",13.104,0,567557.0
"('04H', '10C', '13D')",13.104,0,567557.0
"('04H', '10C', '13H')",13.104,0,567557.0
"('04H', '10C', '13S')",13.104,0,567557.0
"('04H', '10D', '13C')",13.104,0,567557.0
"('04H', '10D', '13D')",13.104,0,567557.0
"('04H', '10D', '13H')",13.104,0,567557.0
"('04H', '10D', '13S')",13.104,0,567557.0
"('04H', '10H', '13C')",13.104,0,567557.0
"('04H', '10H', '13D')",13.104,0,567557.0
"('04H', '10H', '13H')",13.104,0,567557.0
"('04H', '10H', '13S')",13.104,0,567557.0
"('04H', '10S', '13C')",13.104,0,567557.0
"('04H', '10S', '13D')",13.104,0,567557.0
"('04H', '10S', '13H')",13.104,0,567557.0
"('04H', '10S', '13S')",13.104,0,567557.0
"('04S', '10C', '13C')",13.104,0,567557.0
"('04S', '10C', '13D')",13.104,0,567557.0
"('04S', '10C', '13H')",13.104,0,567557.0
"('04S', '10C', '13S')",13.104,0,567557.0
"('04S', '10D', '13C')",13.104,0,567557.0
"('04S', '10D', '13D')",13.104,0,567557.0
"('04S', '10D', '13H')",13.104,0,567557.0
"('04S', '10D', '13S')",13.104,0,567557.0
"('04S', '10H', '13C')",13.104,0,567557.0
"('04S', '10H', '13D')",13.104,0,567557.0
"('04S', '10H', '13H')",13.104,0,567557.0
"('04S', '10H', '13S')",13.104,0,567557.0
"('04S', '10S', '13C')",13.104,0,567557.0
"('04S', '10S', '13D')",13.104,0,567557.0
"('04S', '10S', '13H')",13.104,0,567557.0
"('04S', '10S', '13S')",13.104,0,567557.0
"('03C', '10C', '13C')",13.103,0,564661.0
"('03C', '10C', '13D')",13.103,0,564661.0
"('03C', '10C', '13H')",13.103,0,564661.0
"('03C', '10C', '13S')",13.103,0,564661.0
"('03C', '10D', '13C')",13.103,0,564661.0
"('03C', '10D', '13D')",13.103,0,564661.0
"('03C', '10D', '13H')",13.103,0,564661.0
"('03C', '10D', '13S')",13.103,0,564661.0
"('03C', '10H', '13C')",13.103,0,564661.0
"('03C', '10H', '13D')",13.103,0,564661.0
"('03C', '10H', '13H')",13.103,0,564661.0
"('03C', '10H', '13S')",13.103,0,564661.0
"('03C', '10S', '13C')",13.103,0,564661.0
"('03C', '10S', '13D')",13.103,0,564661.0
"('03C', '10S', '13H')",13.103,0,564661.0
"('03C', '10S', '13S')",13.103,0,564661.0
"('03D', '10C', '13C')",13.103,0,564661.0
"('03D', '10C', '13D')",13.103,0,564661.0
"('03D', '10C', '13H')",13.103,0,564661.0
"('03D', '10C', '13S')",13.103,0,564661.0
"('03D', '10D', '13C')",13.103,0,564661.0
"('03D', '10D', '13D')",13.103,0,564661.0
"('03D', '10D', '13H')",13.103,0,564661.0
"('03D', '10D', '13S')",13.103,0,564661.0
"('03D', '10H', '13C')",13.103,0,564661.0
"('03D', '10H', '13D')",13.103,0,564661.0
"('03D', '10H', '13H')",13.103,0,564661.0
"('03D', '10H', '13S')",13.103,0,564661.0
"('03D', '10S', '13C')",13.103,0,564661.0
"('03D', '10S', '13D')",13.103,0,564661.0
"('03D', '10S', '13H')",13.103,0,564661.0
"('03D', '10S', '13S')",13.103,0,564661.0
"('03H', '10C', '13C')",13.103,0,564661.0
"('03H', '10C', '13D')",13.103,0,564661.0
"('03H', '10C', '13H')",13.103,0,564661.0
"('03H', '10C', '13S')",13.103,0,564661.0
"('03H', '10D', '13C')",13.103,0,564661.0
"('03H', '10D', '13D')",13.103,0,564661.0
"('03H', '10D', '13H')",13.103,0,564661.0
"('03H', '10D', '13S')",13.103,0,564661.0
"('03H', '10H', '13C')",13.103,0,564661.0
"('03H', '10H', '13D')",13.103,0,564661.0
"('03H', '10H', '13H')",13.103,0,564661.0
"('03H', '10H', '13S')",13.103,0,564661.0
"('03H', '10S', '13C')",13.103,0,564661.0
"('03H', '10S', '13D')",13.103,0,564661.0
"('03H', '10S', '13H')",13.103,0,564661.0
"('03H', '10S', '13S')",13.103,0,564661.0
"('03S', '10C', '13C')",13.103,0,564661.0
"('03S', '10C', '13D')",13.103,0,564661.0
"('03S', '10C', '13H')",13.103,0,564661.0
"('03S', '10C', '13S')",13.103,0,564661.0
"('03S', '10D', '13C')",13.103,0,564661.0
"('03S', '10D', '13D')",13.103,0,564661.0
"('03S', '10D', '13H')",13.103,0,564661.0
"('03S', '10D', '13S')",13.103,0,564661.0
"('03S', '10H', '13C')",13.103,0,564661.0
"('03S', '10H', '13D')",13.103,0,564661.0
"('03S', '10H', '13H')",13.103,0,564661.0
"('03S', '10H', '13S')",13.103,0,564661.0
"('03S', '10S', '13C')",13.103,0,564661.0
"('03S', '10S', '13D')",13.103,0,564661.0
"('03S', '10S', '13H')",13.103,0,564661.0
"('03S', '10S', '13S')",13.103,0,564661.0
"('02C', '10C', '13C')",13.102,0,561765.0
"('02C', '10C', '13D')",13.102,0,561765.0
"('02C', '10C', '13H')",13.102,0,561765.0
"('02C', '10C', '13S')",13.102,0,561765.0
"('02C', '10D', '13C')",13.102,0,561765.0
"('02C', '10D', '13D')",13.102,0,561765.0
"('02C', '10D', '13H')",13.102,0,561765.0
"('02C', '10D', '13S')",13.102,0,561765.0
"('02C', '10H', '13C')",13.102,0,561765.0
"('02C', '10H', '13D')",13.102,0,561765.0
"('02C', '10H', '13H')",13.102,0,561765.0
"('02C', '10H', '13S')",13.102,0,561765.0
"('02C', '10S', '13C')",13.102,0,561765.0
"('02C', '10S', '13D')",13.102,0,561765.0
"('02C', '10S', '13H')",13.102,0,561765.0
"('02C', '10S', '13S')",13.102,0,561765.0
"('02D', '10C', '13C')",13.102,0,561765.0
"('02D', '10C', '13D')",13.102,0,561765.0
"('02D', '10C', '13H')",13.102,0,561765.0
"('02D', '10C', '13S')",13.102,0,561765.0
"('02D', '10D', '13C')",13.102,0,561765.0
"('02D', '10D', '13D')",13.102,0,561765.0
"('02D', '10D', '13H')",13.102,0,561765.0
"('02D', '10D', '13S')",13.102,0,561765.0
"('02D', '10H', '13C')",13.102,0,561765.0
"('02D', '10H', '13D')",13.102,0,561765.0
"('02D', '10H', '13H')",13.102,0,561765.0
"('02D', '10H', '13S')",13.102,0,561765.0
"('02D', '10S', '13C')",13.102,0,561765.0
"('02D', '10S', '13D')",13.102,0,561765.0
"('02D', '10S', '13H')",13.102,0,561765.0
"('02D', '10S', '13S')",13.102,0,561765.0
"('02H', '10C', '13C')",13.102,0,561765.0
"('02H', '10C', '13D')",13.102,0,561765.0
"('02H', '10C', '13H')",13.102,0,561765.0
"('02H', '10C', '13S')",13.102,0,561765.0
"('02H', '10D', '13C')",13.102,0,561765.0
"('02H', '10D', '13D')",13.102,0,561765.0
"('02H', '10D', '13H')",13.102,0,561765.0
"('02H', '10D', '13S')",13.102,0,561765.0
"('02H', '10H', '13C')",13.102,0,561765.0
"('02H', '10H', '13D')",13.102,0,561765.0
"('02H', '10H', '13H')",13.102,0,561765.0
"('02H', '10H', '13S')",13.102,0,561765.0
"('02H', '10S', '13C')",13.102,0,561765.0
"('02H', '10S', '13D')",13.102,0,561765.0
"('02H', '10S', '13H')",13.102,0,561765.0
"('02H', '10S', '13S')",13.102,0,561765.0
"('02S', '10C', '13C')",13.102,0,561765.0
"('02S', '10C', '13D')",13.102,0,561765.0
"('02S', '10C', '13H')",13.102,0,561765.0
"('02S', '10C', '13S')",13.102,0,561765.0
"('02S', '10D', '13C')",13.102,0,561765.0
"('02S', '10D', '13D')",13.102,0,561765.0
"('02S', '10D', '13H')",13.102,0,561765.0
"('02S', '10D', '13S')",13.102,0,561765.0
"('02S', '10H', '13C')",13.102,0,561765.0
"('02S', '10H', '13D')",13.102,0,561765.0
"('02S', '10H', '13H')",13.102,0,561765.0
"('02S', '10H', '13S')",13.102,0,561765.0
"('02S', '10S', '13C')",13.102,0,561765.0
"('02S', '10S', '13D')",13.102,0,561765.0
"('02S', '10S', '13H')",13.102,0,561765.0
"('02S', '10S', '13S')",13.102,0,561765.0
"('08C', '09C', '13C')",13.097999999999999,0,558869.0
"('08C', '09C', '13D')",13.097999999999999,0,558869.0
"('08C', '09C', '13H')",13.097999999999999,0,558869.0
"('08C', '09C', '13S')",13.097999999999999,0,558869.0
"('08C', '09D', '13C')",13.097999999999999,0,558869.0
"('08C', '09D', '13D')",13.097999999999999,0,558869.0
"('08C', '09D', '13H')",13.097999999999999,0,558869.0
"('08C', '09D', '13S')",13.097999999999999,0,558869.0
"('08C', '09H', '13C')",13.097999999999999,0,558869.0
"('08C', '09H', '13D')",13.097999999999999,0,558869.0
"('08C', '09H', '13H')",13.097999999999999,0,558869.0
"('08C', '09H', '13S')",13.097999999999999,0,558869.0
"('08C', '09S', '13C')",13.097999999999999,0,558869.0
"('08C', '09S', '13D')",13.097999999999999,0,558869.0
"('08C', '09S', '13H')",13.097999999999999,0,558869.0
"('08C', '09S', '13S')",13.097999999999999,0,558869.0
"('08D', '09C', '13C')",13.097999999999999,0,558869.0
"('08D', '09C', '13D')",13.097999999999999,0,558869.0
"('08D', '09C', '13H')",13.097999999999999,0,558869.0
"('08D', '09C', '13S')",13.097999999999999,0,558869.0
"('08D', '09D', '13C')",13.097999999999999,0,558869.0
"('08D', '09D', '13D')",13.097999999999999,0,558869.0
"('08D', '09D', '13H')",13.097999999999999,0,558869.0
"('08D', '09D', '13S')",13.097999999999999,0,558869.0
"('08D', '09H', '13C')",13.097999999999999,0,558869.0
"('08D', '09H', '13D')",13.097999999999999,0,558869.0
"('08D', '09H', '13H')",13.097999999999999,0,558869.0
"('08D', '09H', '13S')",13.097999999999999,0,558869.0
"('08D', '09S', '13C')",13.097999999999999,0,558869.0
"('08D', '09S', '13D')",13.097999999999999,0,558869.0
"('08D', '09S', '13H')",13.097999999999999,0,558869.0
"('08D', '09S', '13S')",13.097999999999999,0,558869.0
"('08H', '09C', '13C')",13.097999999999999,0,558869.0
"('08H', '09C', '13D')",13.097999999999999,0,558869.0
"('08H', '09C', '13H')",13.097999999999999,0,558869.0
"('08H', '09C', '13S')",13.097999999999999,0,558869.0
"('08H', '09D', '13C')",13.097999999999999,0,558869.0
"('08H', '09D', '13D')",13.097999999999999,0,558869.0
"('08H', '09D', '13H')",13.097999999999999,0,558869.0
"('08H', '09D', '13S')",13.097999999999999,0,558869.0
"('08H', '09H', '13C')",13.097999999999999,0,558869.0
"('08H', '09H', '13D')",13.097999999999999,0,558869.0
"('08H', '09H', '13H')",13.097999999999999,0,558869.0
"('08H', '09H', '13S')",13.097999999999999,0,558869.0
"('08H', '09S', '13C')",13.097999999999999,0,558869.0
"('08H', '09S', '13D')",13.097999999999999,0,558869.0
"('08H', '09S', '13H')",13.097999999999999,0,558869.0
"('08H', '09S', '13S')",13.097999999999999,0,558869.0
"('08S', '09C', '13C')",13.097999999999999,0,558869.0
"('08S', '09C', '13D')",13.097999999999999,0,558869.0
"('08S', '09C', '13H')",13.097999999999999,0,558869.0
"('08S', '09C', '13S')",13.097999999999999,0,558869.0
"('08S', '09D', '13C')",13.097999999999999,0,558869.0
"('08S', '09D', '13D')",13.097999999999999,0,558869.0
"('08S', '09D', '13H')",13.097999999999999,0,558869.0
"('08S', '09D', '13S')",13.097999999999999,0,558869.0
"('08S', '09H', '13C')",13.097999999999999,0,558869.0
"('08S', '09H', '13D')",13.097999999999999,0,558869.0
"('08S', '09H', '13H')",13.097999999999999,0,558869.0
"('08S', '09H', '13S')",13.097999999999999,0,558869.0
"('08S', '09S', '13C')",13.097999999999999,0,558869.0
"('08S', '09S', '13D')",13.097999999999999,0,558869.0
"('08S', '09S', '13H')",13.097999999999999,0,558869.0
"('08S', '09S', '13S')",13.097999999999999,0,558869.0
"('07C', '09C', '13C')",13.097,0,555973.0
"('07C', '09C', '13D')",13.097,0,555973.0
"('07C', '09C', '13H')",13.097,0,555973.0
"('07C', '09C', '13S')",13.097,0,555973.0
"('07C', '09D', '13C')",13.097,0,555973.0
"('07C', '09D', '13D')",13.097,0,555973.0
"('07C', '09D', '13H')",13.097,0,555973.0
"('07C', '09D', '13S')",13.097,0,555973.0
"('07C', '09H', '13C')",13.097,0,555973.0
"('07C', '09H', '13D')",13.097,0,555973.0
"('07C', '09H', '13H')",13.097,0,555973.0
"('07C', '09H', '13S')",13.097,0,555973.0
"('07C', '09S', '13C')",13.097,0,555973.0
"('07C', '09S', '13D')",13.097,0,555973.0
"('07C', '09S', '13H')",13.097,0,555973.0
"('07C', '09S', '13S')",13.097,0,555973.0
"('07D', '09C', '13C')",13.097,0,555973.0
"('07D', '09C', '13D')",13.097,0,555973.0
"('07D', '09C', '13H')",13.097,0,555973.0
"('07D', '09C', '13S')",13.097,0,555973.0
"('07D', '09D', '13C')",13.097,0,555973.0
"('07D', '09D', '13D')",13.097,0,555973.0
"('07D', '09D', '13H')",13.097,0,555973.0
"('07D', '09D', '13S')",13.097,0,555973.0
"('07D', '09H', '13C')",13.097,0,555973.0
"('07D', '09H', '13D')",13.097,0,555973.0
"('07D', '09H', '13H')",13.097,0,555973.0
"('07D', '09H', '13S')",13.097,0,555973.0
"('07D', '09S', '13C')",13.097,0,555973.0
"('07D', '09S', '13D')",13.097,0,555973.0
"('07D', '09S', '13H')",13.097,0,555973.0
"('07D', '09S', '13S')",13.097,0,555973.0
"('07H', '09C', '13C')",13.097,0,555973.0
"('07H', '09C', '13D')",13.097,0,555973.0
"('07H', '09C', '13H')",13.097,0,555973.0
"('07H', '09C', '13S')",13.097,0,555973.0
"('07H', '09D', '13C')",13.097,0,555973.0
"('07H', '09D', '13D')",13.097,0,555973.0
"('07H', '09D', '13H')",13.097,0,555973.0
"('07H', '09D', '13S')",13.097,0,555973.0
"('07H', '09H', '13C')",13.097,0,555973.0
"('07H', '09H', '13D')",13.097,0,555973.0
"('07H', '09H', '13H')",13.097,0,555973.0
"('07H', '09H', '13S')",13.097,0,555973.0
"('07H', '09S', '13C')",13.097,0,555973.0
"('07H', '09S', '13D')",13.097,0,555973.0
"('07H', '09S', '13H')",13.097,0,555973.0
"('07H', '09S', '13S')",13.097,0,555973.0
"('07S', '09C', '13C')",13.097,0,555973.0
"('07S', '09C', '13D')",13.097,0,555973.0
"('07S', '09C', '13H')",13.097,0,555973.0
"('07S', '09C', '13S')",13.097,0,555973.0
"('07S', '09D', '13C')",13.097,0,555973.0
"('07S', '09D', '13D')",13.097,0,555973.0
"('07S', '09D', '13H')",13.097,0,555973.0
"('07S', '09D', '13S')",13.097,0,555973.0
"('07S', '09H', '13C')",13.097,0,555973.0
"('07S', '09H', '13D')",13.097,0,555973.0
"('07S', '09H', '13H')",13.097,0,555973.0
"('07S', '09H', '13S')",13.097,0,555973.0
"('07S', '09S', '13C')",13.097,0,555973.0
"('07S', '09S', '13D')",13.097,0,555973.0
"('07S', '09S', '13H')",13.097,0,555973.0
"('07S', '09S', '13S')",13.097,0,555973.0
"('06C', '09C', '13C')",13.096,0,553077.0
"('06C', '09C', '13D')",13.096,0,553077.0
"('06C', '09C', '13H')",13.096,0,553077.0
"('06C', '09C', '13S')",13.096,0,553077.0
"('06C', '09D', '13C')",13.096,0,553077.0
"('06C', '09D', '13D')",13.096,0,553077.0
"('06C', '09D', '13H')",13.096,0,553077.0
"('06C', '09D', '13S')",13.096,0,553077.0
"('06C', '09H', '13C')",13.096,0,553077.0
"('06C', '09H', '13D')",13.096,0,553077.0
"('06C', '09H', '13H')",13.096,0,553077.0
"('06C', '09H', '13S')",13.096,0,553077.0
"('06C', '09S', '13C')",13.096,0,553077.0
"('06C', '09S', '13D')",13.096,0,553077.0
"('06C', '09S', '13H')",13.096,0,553077.0
"('06C', '09S', '13S')",13.096,0,553077.0
"('06D', '09C', '13C')",13.096,0,553077.0
"('06D', '09C', '13D')",13.096,0,553077.0
"('06D', '09C', '13H')",13.096,0,553077.0
"('06D', '09C', '13S')",13.096,0,553077.0
"('06D', '09D', '13C')",13.096,0,553077.0
"('06D', '09D', '13D')",13.096,0,553077.0
"('06D', '09D', '13H')",13.096,0,553077.0
"('06D', '09D', '13S')",13.096,0,553077.0
"('06D', '09H', '13C')",13.096,0,553077.0
"('06D', '09H', '13D')",13.096,0,553077.0
"('06D', '09H', '13H')",13.096,0,553077.0
"('06D', '09H', '13S')",13.096,0,553077.0
"('06D', '09S', '13C')",13.096,0,553077.0
"('06D', '09S', '13D')",13.096,0,553077.0
"('06D', '09S', '13H')",13.096,0,553077.0
"('06D', '09S', '13S')",13.096,0,553077.0
"('06H', '09C', '13C')",13.096,0,553077.0
"('06H', '09C', '13D')",13.096,0,553077.0
"('06H', '09C', '13H')",13.096,0,553077.0
"('06H', '09C', '13S')",13.096,0,553077.0
"('06H', '09D', '13C')",13.096,0,553077.0
"('06H', '09D', '13D')",13.096,0,553077.0
"('06H', '09D', '13H')",13.096,0,553077.0
"('06H', '09D', '13S')",13.096,0,553077.0
"('06H', '09H', '13C')",13.096,0,553077.0
"('06H', '09H', '13D')",13.096,0,553077.0
"('06H', '09H', '13H')",13.096,0,553077.0
"('06H', '09H', '13S')",13.096,0,553077.0
"('06H', '09S', '13C')",13.096,0,553077.0
"('06H', '09S', '13D')",13.096,0,553077.0
"('06H', '09S', '13H')",13.096,0,553077.0
"('06H', '09S', '13S')",13.096,0,553077.0
"('06S', '09C', '13C')",13.096,0,553077.0
"('06S', '09C', '13D')",13.096,0,553077.0
"('06S', '09C', '13H')",13.096,0,553077.0
"('06S', '09C', '13S')",13.096,0,553077.0
"('06S', '09D', '13C')",13.096,0,553077.0
"('06S', '09D', '13D')",13.096,0,553077.0
"('06S', '09D', '13H')",13.096,0,553077.0
"('06S', '09D', '13S')",13.096,0,553077.0
"('06S', '09H', '13C')",13.096,0,553077.0
"('06S', '09H', '13D')",13.096,0,553077.0
"('06S', '09H', '13H')",13.096,0,553077.0
"('06S', '09H', '13S')",13.096,0,553077.0
"('06S', '09S', '13C')",13.096,0,553077.0
"('06S', '09S', '13D')",13.096,0,553077.0
"('06S', '09S', '13H')",13.096,0,553077.0
"('06S', '09S', '13S')",13.096,0,553077.0
"('05C', '09C', '13C')",13.095,0,550181.0
"('05C', '09C', '13D')",13.095,0,550181.0
"('05C', '09C', '13H')",13.095,0,550181.0
"('05C', '09C', '13S')",13.095,0,550181.0
"('05C', '09D', '13C')",13.095,0,550181.0
"('05C', '09D', '13D')",13.095,0,550181.0
"('05C', '09D', '13H')",13.095,0,550181.0
"('05C', '09D', '13S')",13.095,0,550181.0
"('05C', '09H', '13C')",13.095,0,550181.0
"('05C', '09H', '13D')",13.095,0,550181.0
"('05C', '09H', '13H')",13.095,0,550181.0
"('05C', '09H', '13S')",13.095,0,550181.0
"('05C', '09S', '13C')",13.095,0,550181.0
"('05C', '09S', '13D')",13.095,0,550181.0
"('05C', '09S', '13H')",13.095,0,550181.0
"('05C', '09S', '13S')",13.095,0,550181.0
"('05D', '09C', '13C')",13.095,0,550181.0
"('05D', '09C', '13D')",13.095,0,550181.0
"('05D', '09C', '13H')",13.095,0,550181.0
"('05D', '09C', '13S')",13.095,0,550181.0
"('05D', '09D', '13C')",13.095,0,550181.0
"('05D', '09D', '13D')",13.095,0,550181.0
"('05D', '09D', '13H')",13.095,0,550181.0
"('05D', '09D', '13S')",13.095,0,550181.0
"('05D', '09H', '13C')",13.095,0,550181.0
"('05D', '09H', '13D')",13.095,0,550181.0
"('05D', '09H', '13H')",13.095,0,550181.0
"('05D', '09H', '13S')",13.095,0,550181.0
"('05D', '09S', '13C')",13.095,0,550181.0
"('05D', '09S', '13D')",13.095,0,550181.0
"('05D', '09S', '13H')",13.095,0,550181.0
"('05D', '09S', '13S')",13.095,0,550181.0
"('05H', '09C', '13C')",13.095,0,550181.0
"('05H', '09C', '13D')",13.095,0,550181.0
"('05H', '09C', '13H')",13.095,0,550181.0
"('05H', '09C', '13S')",13.095,0,550181.0
"('05H', '09D', '13C')",13.095,0,550181.0
"('05H', '09D', '13D')",13.095,0,550181.0
"('05H', '09D', '13H')",13.095,0,550181.0
"('05H', '09D', '13S')",13.095,0,550181.0
"('05H', '09H', '13C')",13.095,0,550181.0
"('05H', '09H', '13D')",13.095,0,550181.0
"('05H', '09H', '13H')",13.095,0,550181.0
"('05H', '09H', '13S')",13.095,0,550181.0
"('05H', '09S', '13C')",13.095,0,550181.0
"('05H', '09S', '13D')",13.095,0,550181.0
"('05H', '09S', '13H')",13.095,0,550181.0
"('05H', '09S', '13S')",13.095,0,550181.0
"('05S', '09C', '13C')",13.095,0,550181.0
"('05S', '09C', '13D')",13.095,0,550181.0
"('05S', '09C', '13H')",13.095,0,550181.0
"('05S', '09C', '13S')",13.095,0,550181.0
"('05S', '09D', '13C')",13.095,0,550181.0
"('05S', '09D', '13D')",13.095,0,550181.0
"('05S', '09D', '13H')",13.095,0,550181.0
"('05S', '09D', '13S')",13.095,0,550181.0
"('05S', '09H', '13C')",13.095,0,550181.0
"('05S', '09H', '13D')",13.095,0,550181.0
"('05S', '09H', '13H')",13.095,0,550181.0
"('05S', '09H', '13S')",13.095,0,550181.0
"('05S', '09S', '13C')",13.095,0,550181.0
"('05S', '09S', '13D')",13.095,0,550181.0
"('05S', '09S', '13H')",13.095,0,550181.0
"('05S', '09S', '13S')",13.095,0,550181.0
"('04C', '09C', '13C')",13.094,0,547285.0
"('04C', '09C', '13D')",13.094,0,547285.0
"('04C', '09C', '13H')",13.094,0,547285.0
"('04C', '09C', '13S')",13.094,0,547285.0
"('04C', '09D', '13C')",13.094,0,547285.0
"('04C', '09D', '13D')",13.094,0,547285.0
"('04C', '09D', '13H')",13.094,0,547285.0
"('04C', '09D', '13S')",13.094,0,547285.0
"('04C', '09H', '13C')",13.094,0,547285.0
"('04C', '09H', '13D')",13.094,0,547285.0
"('04C', '09H', '13H')",13.094,0,547285.0
"('04C', '09H', '13S')",13.094,0,547285.0
"('04C', '09S', '13C')",13.094,0,547285.0
"('04C', '09S', '13D')",13.094,0,547285.0
"('04C', '09S', '13H')",13.094,0,547285.0
"('04C', '09S', '13S')",13.094,0,547285.0
"('04D', '09C', '13C')",13.094,0,547285.0
"('04D', '09C', '13D')",13.094,0,547285.0
"('04D', '09C', '13H')",13.094,0,547285.0
"('04D', '09C', '13S')",13.094,0,547285.0
"('04D', '09D', '13C')",13.094,0,547285.0
"('04D', '09D', '13D')",13.094,0,547285.0
"('04D', '09D', '13H')",13.094,0,547285.0
"('04D', '09D', '13S')",13.094,0,547285.0
"('04D', '09H', '13C')",13.094,0,547285.0
"('04D', '09H', '13D')",13.094,0,547285.0
"('04D', '09H', '13H')",13.094,0,547285.0
"('04D', '09H', '13S')",13.094,0,547285.0
"('04D', '09S', '13C')",13.094,0,547285.0
"('04D', '09S', '13D')",13.094,0,547285.0
"('04D', '09S', '13H')",13.094,0,547285.0
"('04D', '09S', '13S')",13.094,0,547285.0
"('04H', '09C', '13C')",13.094,0,547285.0
"('04H', '09C', '13D')",13.094,0,547285.0
"('04H', '09C', '13H')",13.094,0,547285.0
"('04H', '09C', '13S')",13.094,0,547285.0
"('04H', '09D', '13C')",13.094,0,547285.0
"('04H', '09D', '13D')",13.094,0,547285.0
"('04H', '09D', '13H')",13.094,0,547285.0
"('04H', '09D', '13S')",13.094,0,547285.0
"('04H', '09H', '13C')",13.094,0,547285.0
"('04H', '09H', '13D')",13.094,0,547285.0
"('04H', '09H', '13H')",13.094,0,547285.0
"('04H', '09H', '13S')",13.094,0,547285.0
"('04H', '09S', '13C')",13.094,0,547285.0
"('04H', '09S', '13D')",13.094,0,547285.0
"('04H', '09S', '13H')",13.094,0,547285.0
"('04H', '09S', '13S')",13.094,0,547285.0
"('04S', '09C', '13C')",13.094,0,547285.0
"('04S', '09C', '13D')",13.094,0,547285.0
"('04S', '09C', '13H')",13.094,0,547285.0
"('04S', '09C', '13S')",13.094,0,547285.0
"('04S', '09D', '13C')",13.094,0,547285.0
"('04S', '09D', '13D')",13.094,0,547285.0
"('04S', '09D', '13H')",13.094,0,547285.0
"('04S', '09D', '13S')",13.094,0,547285.0
"('04S', '09H', '13C')",13.094,0,547285.0
"('04S', '09H', '13D')",13.094,0,547285.0
"('04S', '09H', '13H')",13.094,0,547285.0
"('04S', '09H', '13S')",13.094,0,547285.0
"('04S', '09S', '13C')",13.094,0,547285.0
"('04S', '09S', '13D')",13.094,0,547285.0
"('04S', '09S', '13H')",13.094,0,547285.0
"('04S', '09S', '13S')",13.094,0,547285.0
"('03C', '09C', '13C')",13.093,0,544389.0
"('03C', '09C', '13D')",13.093,0,544389.0
"('03C', '09C', '13H')",13.093,0,544389.0
"('03C', '09C', '13S')",13.093,0,544389.0
"('03C', '09D', '13C')",13.093,0,544389.0
"('03C', '09D', '13D')",13.093,0,544389.0
"('03C', '09D', '13H')",13.093,0,544389.0
"('03C', '09D', '13S')",13.093,0,544389.0
"('03C', '09H', '13C')",13.093,0,544389.0
"('03C', '09H', '13D')",13.093,0,544389.0
"('03C', '09H', '13H')",13.093,0,544389.0
"('03C', '09H', '13S')",13.093,0,544389.0
"('03C', '09S', '13C')",13.093,0,544389.0
"('03C', '09S', '13D')",13.093,0,544389.0
"('03C', '09S', '13H')",13.093,0,544389.0
"('03C', '09S', '13S')",13.093,0,544389.0
"('03D', '09C', '13C')",13.093,0,544389.0
"('03D', '09C', '13D')",13.093,0,544389.0
"('03D', '09C', '13H')",13.093,0,544389.0
"('03D', '09C', '13S')",13.093,0,544389.0
"('03D', '09D', '13C')",13.093,0,544389.0
"('03D', '09D', '13D')",13.093,0,544389.0
"('03D', '09D', '13H')",13.093,0,544389.0
"('03D', '09D', '13S')",13.093,0,544389.0
"('03D', '09H', '13C')",13.093,0,544389.0
"('03D', '09H', '13D')",13.093,0,544389.0
"('03D', '09H', '13H')",13.093,0,544389.0
"('03D', '09H', '13S')",13.093,0,544389.0
"('03D', '09S', '13C')",13.093,0,544389.0
"('03D', '09S', '13D')",13.093,0,544389.0
"('03D', '09S', '13H')",13.093,0,544389.0
"('03D', '09S', '13S')",13.093,0,544389.0
"('03H', '09C', '13C')",13.093,0,544389.0
"('03H', '09C', '13D')",13.093,0,544389.0
"('03H', '09C', '13H')",13.093,0,544389.0
"('03H', '09C', '13S')",13.093,0,544389.0
"('03H', '09D', '13C')",13.093,0,544389.0
"('03H', '09D', '13D')",13.093,0,544389.0
"('03H', '09D', '13H')",13.093,0,544389.0
"('03H', '09D', '13S')",13.093,0,544389.0
"('03H', '09H', '13C')",13.093,0,544389.0
"('03H', '09H', '13D')",13.093,0,544389.0
"('03H', '09H', '13H')",13.093,0,544389.0
"('03H', '09H', '13S')",13.093,0,544389.0
"('03H', '09S', '13C')",13.093,0,544389.0
"('03H', '09S', '13D')",13.093,0,544389.0
"('03H', '09S', '13H')",13.093,0,544389.0
"('03H', '09S', '13S')",13.093,0,544389.0
"('03S', '09C', '13C')",13.093,0,544389.0
"('03S', '09C', '13D')",13.093,0,544389.0
"('03S', '09C', '13H')",13.093,0,544389.0
"('03S', '09C', '13S')",13.093,0,544389.0
"('03S', '09D', '13C')",13.093,0,544389.0
"('03S', '09D', '13D')",13.093,0,544389.0
"('03S', '09D', '13H')",13.093,0,544389.0
"('03S', '09D', '13S')",13.093,0,544389.0
"('03S', '09H', '13C')",13.093,0,544389.0
"('03S', '09H', '13D')",13.093,0,544389.0
"('03S', '09H', '13H')",13.093,0,544389.0
"('03S', '09H', '13S')",13.093,0,544389.0
"('03S', '09S', '13C')",13.093,0,544389.0
"('03S', '09S', '13D')",13.093,0,544389.0
"('03S', '09S', '13H')",13.093,0,544389.0
"('03S', '09S', '13S')",13.093,0,544389.0
"('02C', '09C', '13C')",13.092,0,541493.0
"('02C', '09C', '13D')",13.092,0,541493.0
"('02C', '09C', '13H')",13.092,0,541493.0
"('02C', '09C', '13S')",13.092,0,541493.0
"('02C', '09D', '13C')",13.092,0,541493.0
"('02C', '09D', '13D')",13.092,0,541493.0
"('02C', '09D', '13H')",13.092,0,541493.0
"('02C', '09D', '13S')",13.092,0,541493.0
"('02C', '09H', '13C')",13.092,0,541493.0
"('02C', '09H', '13D')",13.092,0,541493.0
"('02C', '09H', '13H')",13.092,0,541493.0
"('02C', '09H', '13S')",13.092,0,541493.0
"('02C', '09S', '13C')",13.092,0,541493.0
"('02C', '09S', '13D')",13.092,0,541493.0
"('02C', '09S', '13H')",13.092,0,541493.0
"('02C', '09S', '13S')",13.092,0,541493.0
"('02D', '09C', '13C')",13.092,0,541493.0
"('02D', '09C', '13D')",13.092,0,541493.0
"('02D', '09C', '13H')",13.092,0,541493.0
"('02D', '09C', '13S')",13.092,0,541493.0
"('02D', '09D', '13C')",13.092,0,541493.0
"('02D', '09D', '13D')",13.092,0,541493.0
"('02D', '09D', '13H')",13.092,0,541493.0
"('02D', '09D', '13S')",13.092,0,541493.0
"('02D', '09H', '13C')",13.092,0,541493.0
"('02D', '09H', '13D')",13.092,0,541493.0
"('02D', '09H', '13H')",13.092,0,541493.0
"('02D', '09H', '13S')",13.092,0,541493.0
"('02D', '09S', '13C')",13.092,0,541493.0
"('02D', '09S', '13D')",13.092,0,541493.0
"('02D', '09S', '13H')",13.092,0,541493.0
"('02D', '09S', '13S')",13.092,0,541493.0
"('02H', '09C', '13C')",13.092,0,541493.0
"('02H', '09C', '13D')",13.092,0,541493.0
"('02H', '09C', '13H')",13.092,0,541493.0
"('02H', '09C', '13S')",13.092,0,541493.0
"('02H', '09D', '13C')",13.092,0,541493.0
"('02H', '09D', '13D')",13.092,0,541493.0
"('02H', '09D', '13H')",13.092,0,541493.0
"('02H', '09D', '13S')",13.092,0,541493.0
"('02H', '09H', '13C')",13.092,0,541493.0
"('02H', '09H', '13D')",13.092,0,541493.0
"('02H', '09H', '13H')",13.092,0,541493.0
"('02H', '09H', '13S')",13.092,0,541493.0
"('02H', '09S', '13C')",13.092,0,541493.0
"('02H', '09S', '13D')",13.092,0,541493.0
"('02H', '09S', '13H')",13.092,0,541493.0
"('02H', '09S', '13S')",13.092,0,541493.0
"('02S', '09C', '13C')",13.092,0,541493.0
"('02S', '09C', '13D')",13.092,0,541493.0
"('02S', '09C', '13H')",13.092,0,541493.0
"('02S', '09C', '13S')",13.092,0,541493.0
"('02S', '09D', '13C')",13.092,0,541493.0
"('02S', '09D', '13D')",13.092,0,541493.0
"('02S', '09D', '13H')",13.092,0,541493.0
"('02S', '09D', '13S')",13.092,0,541493.0
"('02S', '09H', '13C')",13.092,0,541493.0
"('02S', '09H', '13D')",13.092,0,541493.0
"('02S', '09H', '13H')",13.092,0,541493.0
"('02S', '09H', '13S')",13.092,0,541493.0
"('02S', '09S', '13C')",13.092,0,541493.0
"('02S', '09S', '13D')",13.092,0,541493.0
"('02S', '09S', '13H')",13.092,0,541493.0
"('02S', '09S', '13S')",13.092,0,541493.0
"('07C', '08C', '13C')",13.087,0,538597.0
"('07C', '08C', '13D')",13.087,0,538597.0
"('07C', '08C', '13H')",13.087,0,538597.0
"('07C', '08C', '13S')",13.087,0,538597.0
"('07C', '08D', '13C')",13.087,0,538597.0
"('07C', '08D', '13D')",13.087,0,538597.0
"('07C', '08D', '13H')",13.087,0,538597.0
"('07C', '08D', '13S')",13.087,0,538597.0
"('07C', '08H', '13C')",13.087,0,538597.0
"('07C', '08H', '13D')",13.087,0,538597.0
"('07C', '08H', '13H')",13.087,0,538597.0
"('07C', '08H', '13S')",13.087,0,538597.0
"('07C', '08S', '13C')",13.087,0,538597.0
"('07C', '08S', '13D')",13.087,0,538597.0
"('07C', '08S', '13H')",13.087,0,538597.0
"('07C', '08S', '13S')",13.087,0,538597.0
"('07D', '08C', '13C')",13.087,0,538597.0
"('07D', '08C', '13D')",13.087,0,538597.0
"('07D', '08C', '13H')",13.087,0,538597.0
"('07D', '08C', '13S')",13.087,0,538597.0
"('07D', '08D', '13C')",13.087,0,538597.0
"('07D', '08D', '13D')",13.087,0,538597.0
"('07D', '08D', '13H')",13.087,0,538597.0
"('07D', '08D', '13S')",13.087,0,538597.0
"('07D', '08H', '13C')",13.087,0,538597.0
"('07D', '08H', '13D')",13.087,0,538597.0
"('07D', '08H', '13H')",13.087,0,538597.0
"('07D', '08H', '13S')",13.087,0,538597.0
"('07D', '08S', '13C')",13.087,0,538597.0
"('07D', '08S', '13D')",13.087,0,538597.0
"('07D', '08S', '13H')",13.087,0,538597.0
"('07D', '08S', '13S')",13.087,0,538597.0
"('07H', '08C', '13C')",13.087,0,538597.0
"('07H', '08C', '13D')",13.087,0,538597.0
"('07H', '08C', '13H')",13.087,0,538597.0
"('07H', '08C', '13S')",13.087,0,538597.0
"('07H', '08D', '13C')",13.087,0,538597.0
"('07H', '08D', '13D')",13.087,0,538597.0
"('07H', '08D', '13H')",13.087,0,538597.0
"('07H', '08D', '13S')",13.087,0,538597.0
"('07H', '08H', '13C')",13.087,0,538597.0
"('07H', '08H', '13D')",13.087,0,538597.0
"('07H', '08H', '13H')",13.087,0,538597.0
"('07H', '08H', '13S')",13.087,0,538597.0
"('07H', '08S', '13C')",13.087,0,538597.0
"('07H', '08S', '13D')",13.087,0,538597.0
"('07H', '08S', '13H')",13.087,0,538597.0
"('07H', '08S', '13S')",13.087,0,538597.0
"('07S', '08C', '13C')",13.087,0,538597.0
"('07S', '08C', '13D')",13.087,0,538597.0
"('07S', '08C', '13H')",13.087,0,538597.0
"('07S', '08C', '13S')",13.087,0,538597.0
"('07S', '08D', '13C')",13.087,0,538597.0
"('07S', '08D', '13D')",13.087,0,538597.0
"('07S', '08D', '13H')",13.087,0,538597.0
"('07S', '08D', '13S')",13.087,0,538597.0
"('07S', '08H', '13C')",13.087,0,538597.0
"('07S', '08H', '13D')",13.087,0,538597.0
"('07S', '08H', '13H')",13.087,0,538597.0
"('07S', '08H', '13S')",13.087,0,538597.0
"('07S', '08S', '13C')",13.087,0,538597.0
"('07S', '08S', '13D')",13.087,0,538597.0
"('07S', '08S', '13H')",13.087,0,538597.0
"('07S', '08S', '13S')",13.087,0,538597.0
"('06C', '08C', '13C')",13.086,0,535701.0
"('06C', '08C', '13D')",13.086,0,535701.0
"('06C', '08C', '13H')",13.086,0,535701.0
"('06C', '08C', '13S')",13.086,0,535701.0
"('06C', '08D', '13C')",13.086,0,535701.0
"('06C', '08D', '13D')",13.086,0,535701.0
"('06C', '08D', '13H')",13.086,0,535701.0
"('06C', '08D', '13S')",13.086,0,535701.0
"('06C', '08H', '13C')",13.086,0,535701.0
"('06C', '08H', '13D')",13.086,0,535701.0
"('06C', '08H', '13H')",13.086,0,535701.0
"('06C', '08H', '13S')",13.086,0,535701.0
"('06C', '08S', '13C')",13.086,0,535701.0
"('06C', '08S', '13D')",13.086,0,535701.0
"('06C', '08S', '13H')",13.086,0,535701.0
"('06C', '08S', '13S')",13.086,0,535701.0
"('06D', '08C', '13C')",13.086,0,535701.0
"('06D', '08C', '13D')",13.086,0,535701.0
"('06D', '08C', '13H')",13.086,0,535701.0
"('06D', '08C', '13S')",13.086,0,535701.0
"('06D', '08D', '13C')",13.086,0,535701.0
"('06D', '08D', '13D')",13.086,0,535701.0
"('06D', '08D', '13H')",13.086,0,535701.0
"('06D', '08D', '13S')",13.086,0,535701.0
"('06D', '08H', '13C')",13.086,0,535701.0
"('06D', '08H', '13D')",13.086,0,535701.0
"('06D', '08H', '13H')",13.086,0,535701.0
"('06D', '08H', '13S')",13.086,0,535701.0
"('06D', '08S', '13C')",13.086,0,535701.0
"('06D', '08S', '13D')",13.086,0,535701.0
"('06D', '08S', '13H')",13.086,0,535701.0
"('06D', '08S', '13S')",13.086,0,535701.0
"('06H', '08C', '13C')",13.086,0,535701.0
"('06H', '08C', '13D')",13.086,0,535701.0
"('06H', '08C', '13H')",13.086,0,535701.0
"('06H', '08C', '13S')",13.086,0,535701.0
"('06H', '08D', '13C')",13.086,0,535701.0
"('06H', '08D', '13D')",13.086,0,535701.0
"('06H', '08D', '13H')",13.086,0,535701.0
"('06H', '08D', '13S')",13.086,0,535701.0
"('06H', '08H', '13C')",13.086,0,535701.0
"('06H', '08H', '13D')",13.086,0,535701.0
"('06H', '08H', '13H')",13.086,0,535701.0
"('06H', '08H', '13S')",13.086,0,535701.0
"('06H', '08S', '13C')",13.086,0,535701.0
"('06H', '08S', '13D')",13.086,0,535701.0
"('06H', '08S', '13H')",13.086,0,535701.0
"('06H', '08S', '13S')",13.086,0,535701.0
"('06S', '08C', '13C')",13.086,0,535701.0
"('06S', '08C', '13D')",13.086,0,535701.0
"('06S', '08C', '13H')",13.086,0,535701.0
"('06S', '08C', '13S')",13.086,0,535701.0
"('06S', '08D', '13C')",13.086,0,535701.0
"('06S', '08D', '13D')",13.086,0,535701.0
"('06S', '08D', '13H')",13.086,0,535701.0
"('06S', '08D', '13S')",13.086,0,535701.0
"('06S', '08H', '13C')",13.086,0,535701.0
"('06S', '08H', '13D')",13.086,0,535701.0
"('06S', '08H', '13H')",13.086,0,535701.0
"('06S', '08H', '13S')",13.086,0,535701.0
"('06S', '08S', '13C')",13.086,0,535701.0
"('06S', '08S', '13D')",13.086,0,535701.0
"('06S', '08S', '13H')",13.086,0,535701.0
"('06S', '08S', '13S')",13.086,0,535701.0
"('05C', '08C', '13C')",13.085,0,532805.0
"('05C', '08C', '13D')",13.085,0,532805.0
"('05C', '08C', '13H')",13.085,0,532805.0
"('05C', '08C', '13S')",13.085,0,532805.0
"('05C', '08D', '13C')",13.085,0,532805.0
"('05C', '08D', '13D')",13.085,0,532805.0
"('05C', '08D', '13H')",13.085,0,532805.0
"('05C', '08D', '13S')",13.085,0,532805.0
"('05C', '08H', '13C')",13.085,0,532805.0
"('05C', '08H', '13D')",13.085,0,532805.0
"('05C', '08H', '13H')",13.085,0,532805.0
"('05C', '08H', '13S')",13.085,0,532805.0
"('05C', '08S', '13C')",13.085,0,532805.0
"('05C', '08S', '13D')",13.085,0,532805.0
"('05C', '08S', '13H')",13.085,0,532805.0
"('05C', '08S', '13S')",13.085,0,532805.0
"('05D', '08C', '13C')",13.085,0,532805.0
"('05D', '08C', '13D')",13.085,0,532805.0
"('05D', '08C', '13H')",13.085,0,532805.0
"('05D', '08C', '13S')",13.085,0,532805.0
"('05D', '08D', '13C')",13.085,0,532805.0
"('05D', '08D', '13D')",13.085,0,532805.0
"('05D', '08D', '13H')",13.085,0,532805.0
"('05D', '08D', '13S')",13.085,0,532805.0
"('05D', '08H', '13C')",13.085,0,532805.0
"('05D', '08H', '13D')",13.085,0,532805.0
"('05D', '08H', '13H')",13.085,0,532805.0
"('05D', '08H', '13S')",13.085,0,532805.0
"('05D', '08S', '13C')",13.085,0,532805.0
"('05D', '08S', '13D')",13.085,0,532805.0
"('05D', '08S', '13H')",13.085,0,532805.0
"('05D', '08S', '13S')",13.085,0,532805.0
"('05H', '08C', '13C')",13.085,0,532805.0
"('05H', '08C', '13D')",13.085,0,532805.0
"('05H', '08C', '13H')",13.085,0,532805.0
"('05H', '08C', '13S')",13.085,0,532805.0
"('05H', '08D', '13C')",13.085,0,532805.0
"('05H', '08D', '13D')",13.085,0,532805.0
"('05H', '08D', '13H')",13.085,0,532805.0
"('05H', '08D', '13S')",13.085,0,532805.0
"('05H', '08H', '13C')",13.085,0,532805.0
"('05H', '08H', '13D')",13.085,0,532805.0
"('05H', '08H', '13H')",13.085,0,532805.0
"('05H', '08H', '13S')",13.085,0,532805.0
"('05H', '08S', '13C')",13.085,0,532805.0
"('05H', '08S', '13D')",13.085,0,532805.0
"('05H', '08S', '13H')",13.085,0,532805.0
"('05H', '08S', '13S')",13.085,0,532805.0
"('05S', '08C', '13C')",13.085,0,532805.0
"('05S', '08C', '13D')",13.085,0,532805.0
"('05S', '08C', '13H')",13.085,0,532805.0
"('05S', '08C', '13S')",13.085,0,532805.0
"('05S', '08D', '13C')",13.085,0,532805.0
"('05S', '08D', '13D')",13.085,0,532805.0
"('05S', '08D', '13H')",13.085,0,532805.0
"('05S', '08D', '13S')",13.085,0,532805.0
"('05S', '08H', '13C')",13.085,0,532805.0
"('05S', '08H', '13D')",13.085,0,532805.0
"('05S', '08H', '13H')",13.085,0,532805.0
"('05S', '08H', '13S')",13.085,0,532805.0
"('05S', '08S', '13C')",13.085,0,532805.0
"('05S', '08S', '13D')",13.085,0,532805.0
"('05S', '08S', '13H')",13.085,0,532805.0
"('05S', '08S', '13S')",13.085,0,532805.0
"('04C', '08C', '13C')",13.084,0,529910.0
"('04C', '08C', '13D')",13.084,0,529910.0
"('04C', '08C', '13H')",13.084,0,529910.0
"('04C', '08C', '13S')",13.084,0,529910.0
"('04C', '08D', '13C')",13.084,0,529910.0
"('04C', '08D', '13D')",13.084,0,529910.0
"('04C', '08D', '13H')",13.084,0,529910.0
"('04C', '08D', '13S')",13.084,0,529910.0
"('04C', '08H', '13C')",13.084,0,529910.0
"('04C', '08H', '13D')",13.084,0,529910.0
"('04C', '08H', '13H')",13.084,0,529910.0
"('04C', '08H', '13S')",13.084,0,529910.0
"('04C', '08S', '13C')",13.084,0,529910.0
"('04C', '08S', '13D')",13.084,0,529910.0
"('04C', '08S', '13H')",13.084,0,529910.0
"('04C', '08S', '13S')",13.084,0,529910.0
"('04D', '08C', '13C')",13.084,0,529910.0
"('04D', '08C', '13D')",13.084,0,529910.0
"('04D', '08C', '13H')",13.084,0,529910.0
"('04D', '08C', '13S')",13.084,0,529910.0
"('04D', '08D', '13C')",13.084,0,529910.0
"('04D', '08D', '13D')",13.084,0,529910.0
"('04D', '08D', '13H')",13.084,0,529910.0
"('04D', '08D', '13S')",13.084,0,529910.0
"('04D', '08H', '13C')",13.084,0,529910.0
"('04D', '08H', '13D')",13.084,0,529910.0
"('04D', '08H', '13H')",13.084,0,529910.0
"('04D', '08H', '13S')",13.084,0,529910.0
"('04D', '08S', '13C')",13.084,0,529910.0
"('04D', '08S', '13D')",13.084,0,529910.0
"('04D', '08S', '13H')",13.084,0,529910.0
"('04D', '08S', '13S')",13.084,0,529910.0
"('04H', '08C', '13C')",13.084,0,529910.0
"('04H', '08C', '13D')",13.084,0,529910.0
"('04H', '08C', '13H')",13.084,0,529910.0
"('04H', '08C', '13S')",13.084,0,529910.0
"('04H', '08D', '13C')",13.084,0,529910.0
"('04H', '08D', '13D')",13.084,0,529910.0
"('04H', '08D', '13H')",13.084,0,529910.0
"('04H', '08D', '13S')",13.084,0,529910.0
"('04H', '08H', '13C')",13.084,0,529910.0
"('04H', '08H', '13D')",13.084,0,529910.0
"('04H', '08H', '13H')",13.084,0,529910.0
"('04H', '08H', '13S')",13.084,0,529910.0
"('04H', '08S', '13C')",13.084,0,529910.0
"('04H', '08S', '13D')",13.084,0,529910.0
"('04H', '08S', '13H')",13.084,0,529910.0
"('04H', '08S', '13S')",13.084,0,529910.0
"('04S', '08C', '13C')",13.084,0,529910.0
"('04S', '08C', '13D')",13.084,0,529910.0
"('04S', '08C', '13H')",13.084,0,529910.0
"('04S', '08C', '13S')",13.084,0,529910.0
"('04S', '08D', '13C')",13.084,0,529910.0
"('04S', '08D', '13D')",13.084,0,529910.0
"('04S', '08D', '13H')",13.084,0,529910.0
"('04S', '08D', '13S')",13.084,0,529910.0
"('04S', '08H', '13C')",13.084,0,529910.0
"('04S', '08H', '13D')",13.084,0,529910.0
"('04S', '08H', '13H')",13.084,0,529910.0
"('04S', '08H', '13S')",13.084,0,529910.0
"('04S', '08S', '13C')",13.084,0,529910.0
"('04S', '08S', '13D')",13.084,0,529910.0
"('04S', '08S', '13H')",13.084,0,529910.0
"('04S', '08S', '13S')",13.084,0,529910.0
"('03C', '08C', '13C')",13.083,0,527014.0
"('03C', '08C', '13D')",13.083,0,527014.0
"('03C', '08C', '13H')",13.083,0,527014.0
"('03C', '08C', '13S')",13.083,0,527014.0
"('03C', '08D', '13C')",13.083,0,527014.0
"('03C', '08D', '13D')",13.083,0,527014.0
"('03C', '08D', '13H')",13.083,0,527014.0
"('03C', '08D', '13S')",13.083,0,527014.0
"('03C', '08H', '13C')",13.083,0,527014.0
"('03C', '08H', '13D')",13.083,0,527014.0
"('03C', '08H', '13H')",13.083,0,527014.0
"('03C', '08H', '13S')",13.083,0,527014.0
"('03C', '08S', '13C')",13.083,0,527014.0
"('03C', '08S', '13D')",13.083,0,527014.0
"('03C', '08S', '13H')",13.083,0,527014.0
"('03C', '08S', '13S')",13.083,0,527014.0
"('03D', '08C', '13C')",13.083,0,527014.0
"('03D', '08C', '13D')",13.083,0,527014.0
"('03D', '08C', '13H')",13.083,0,527014.0
"('03D', '08C', '13S')",13.083,0,527014.0
"('03D', '08D', '13C')",13.083,0,527014.0
"('03D', '08D', '13D')",13.083,0,527014.0
"('03D', '08D', '13H')",13.083,0,527014.0
"('03D', '08D', '13S')",13.083,0,527014.0
"('03D', '08H', '13C')",13.083,0,527014.0
"('03D', '08H', '13D')",13.083,0,527014.0
"('03D', '08H', '13H')",13.083,0,527014.0
"('03D', '08H', '13S')",13.083,0,527014.0
"('03D', '08S', '13C')",13.083,0,527014.0
"('03D', '08S', '13D')",13.083,0,527014.0
"('03D', '08S', '13H')",13.083,0,527014.0
"('03D', '08S', '13S')",13.083,0,527014.0
"('03H', '08C', '13C')",13.083,0,527014.0
"('03H', '08C', '13D')",13.083,0,527014.0
"('03H', '08C', '13H')",13.083,0,527014.0
"('03H', '08C', '13S')",13.083,0,527014.0
"('03H', '08D', '13C')",13.083,0,527014.0
"('03H', '08D', '13D')",13.083,0,527014.0
"('03H', '08D', '13H')",13.083,0,527014.0
"('03H', '08D', '13S')",13.083,0,527014.0
"('03H', '08H', '13C')",13.083,0,527014.0
"('03H', '08H', '13D')",13.083,0,527014.0
"('03H', '08H', '13H')",13.083,0,527014.0
"('03H', '08H', '13S')",13.083,0,527014.0
"('03H', '08S', '13C')",13.083,0,527014.0
"('03H', '08S', '13D')",13.083,0,527014.0
"('03H', '08S', '13H')",13.083,0,527014.0
"('03H', '08S', '13S')",13.083,0,527014.0
"('03S', '08C', '13C')",13.083,0,527014.0
"('03S', '08C', '13D')",13.083,0,527014.0
"('03S', '08C', '13H')",13.083,0,527014.0
"('03S', '08C', '13S')",13.083,0,527014.0
"('03S', '08D', '13C')",13.083,0,527014.0
"('03S', '08D', '13D')",13.083,0,527014.0
"('03S', '08D', '13H')",13.083,0,527014.0
"('03S', '08D', '13S')",13.083,0,527014.0
"('03S', '08H', '13C')",13.083,0,527014.0
"('03S', '08H', '13D')",13.083,0,527014.0
"('03S', '08H', '13H')",13.083,0,527014.0
"('03S', '08H', '13S')",13.083,0,527014.0
"('03S', '08S', '13C')",13.083,0,527014.0
"('03S', '08S', '13D')",13.083,0,527014.0
"('03S', '08S', '13H')",13.083,0,527014.0
"('03S', '08S', '13S')",13.083,0,527014.0
"('02C', '08C', '13C')",13.082,0,524118.0
"('02C', '08C', '13D')",13.082,0,524118.0
"('02C', '08C', '13H')",13.082,0,524118.0
"('02C', '08C', '13S')",13.082,0,524118.0
"('02C', '08D', '13C')",13.082,0,524118.0
"('02C', '08D', '13D')",13.082,0,524118.0
"('02C', '08D', '13H')",13.082,0,524118.0
"('02C', '08D', '13S')",13.082,0,524118.0
"('02C', '08H', '13C')",13.082,0,524118.0
"('02C', '08H', '13D')",13.082,0,524118.0
"('02C', '08H', '13H')",13.082,0,524118.0
"('02C', '08H', '13S')",13.082,0,524118.0
"('02C', '08S', '13C')",13.082,0,524118.0
"('02C', '08S', '13D')",13.082,0,524118.0
"('02C', '08S', '13H')",13.082,0,524118.0
"('02C', '08S', '13S')",13.082,0,524118.0
"('02D', '08C', '13C')",13.082,0,524118.0
"('02D', '08C', '13D')",13.082,0,524118.0
"('02D', '08C', '13H')",13.082,0,524118.0
"('02D', '08C', '13S')",13.082,0,524118.0
"('02D', '08D', '13C')",13.082,0,524118.0
"('02D', '08D', '13D')",13.082,0,524118.0
"('02D', '08D', '13H')",13.082,0,524118.0
"('02D', '08D', '13S')",13.082,0,524118.0
"('02D', '08H', '13C')",13.082,0,524118.0
"('02D', '08H', '13D')",13.082,0,524118.0
"('02D', '08H', '13H')",13.082,0,524118.0
"('02D', '08H', '13S')",13.082,0,524118.0
"('02D', '08S', '13C')",13.082,0,524118.0
"('02D', '08S', '13D')",13.082,0,524118.0
"('02D', '08S', '13H')",13.082,0,524118.0
"('02D', '08S', '13S')",13.082,0,524118.0
"('02H', '08C', '13C')",13.082,0,524118.0
"('02H', '08C', '13D')",13.082,0,524118.0
"('02H', '08C', '13H')",13.082,0,524118.0
"('02H', '08C', '13S')",13.082,0,524118.0
"('02H', '08D', '13C')",13.082,0,524118.0
"('02H', '08D', '13D')",13.082,0,524118.0
"('02H', '08D', '13H')",13.082,0,524118.0
"('02H', '08D', '13S')",13.082,0,524118.0
"('02H', '08H', '13C')",13.082,0,524118.0
"('02H', '08H', '13D')",13.082,0,524118.0
"('02H', '08H', '13H')",13.082,0,524118.0
"('02H', '08H', '13S')",13.082,0,524118.0
"('02H', '08S', '13C')",13.082,0,524118.0
"('02H', '08S', '13D')",13.082,0,524118.0
"('02H', '08S', '13H')",13.082,0,524118.0
"('02H', '08S', '13S')",13.082,0,524118.0
"('02S', '08C', '13C')",13.082,0,524118.0
"('02S', '08C', '13D')",13.082,0,524118.0
"('02S', '08C', '13H')",13.082,0,524118.0
"('02S', '08C', '13S')",13.082,0,524118.0
"('02S', '08D', '13C')",13.082,0,524118.0
"('02S', '08D', '13D')",13.082,0,524118.0
"('02S', '08D', '13H')",13.082,0,524118.0
"('02S', '08D', '13S')",13.082,0,524118.0
"('02S', '08H', '13C')",13.082,0,524118.0
"('02S', '08H', '13D')",13.082,0,524118.0
"('02S', '08H', '13H')",13.082,0,524118.0
"('02S', '08H', '13S')",13.082,0,524118.0
"('02S', '08S', '13C')",13.082,0,524118.0
"('02S', '08S', '13D')",13.082,0,524118.0
"('02S', '08S', '13H')",13.082,0,524118.0
"('02S', '08S', '13S')",13.082,0,524118.0
"('06C', '07C', '13C')",13.076,0,521222.0
"('06C', '07C', '13D')",13.076,0,521222.0
"('06C', '07C', '13H')",13.076,0,521222.0
"('06C', '07C', '13S')",13.076,0,521222.0
"('06C', '07D', '13C')",13.076,0,521222.0
"('06C', '07D', '13D')",13.076,0,521222.0
"('06C', '07D', '13H')",13.076,0,521222.0
"('06C', '07D', '13S')",13.076,0,521222.0
"('06C', '07H', '13C')",13.076,0,521222.0
"('06C', '07H', '13D')",13.076,0,521222.0
"('06C', '07H', '13H')",13.076,0,521222.0
"('06C', '07H', '13S')",13.076,0,521222.0
"('06C', '07S', '13C')",13.076,0,521222.0
"('06C', '07S', '13D')",13.076,0,521222.0
"('06C', '07S', '13H')",13.076,0,521222.0
"('06C', '07S', '13S')",13.076,0,521222.0
"('06D', '07C', '13C')",13.076,0,521222.0
"('06D', '07C', '13D')",13.076,0,521222.0
"('06D', '07C', '13H')",13.076,0,521222.0
"('06D', '07C', '13S')",13.076,0,521222.0
"('06D', '07D', '13C')",13.076,0,521222.0
"('06D', '07D', '13D')",13.076,0,521222.0
"('06D', '07D', '13H')",13.076,0,521222.0
"('06D', '07D', '13S')",13.076,0,521222.0
"('06D', '07H', '13C')",13.076,0,521222.0
"('06D', '07H', '13D')",13.076,0,521222.0
"('06D', '07H', '13H')",13.076,0,521222.0
"('06D', '07H', '13S')",13.076,0,521222.0
"('06D', '07S', '13C')",13.076,0,521222.0
"('06D', '07S', '13D')",13.076,0,521222.0
"('06D', '07S', '13H')",13.076,0,521222.0
"('06D', '07S', '13S')",13.076,0,521222.0
"('06H', '07C', '13C')",13.076,0,521222.0
"('06H', '07C', '13D')",13.076,0,521222.0
"('06H', '07C', '13H')",13.076,0,521222.0
"('06H', '07C', '13S')",13.076,0,521222.0
"('06H', '07D', '13C')",13.076,0,521222.0
"('06H', '07D', '13D')",13.076,0,521222.0
"('06H', '07D', '13H')",13.076,0,521222.0
"('06H', '07D', '13S')",13.076,0,521222.0
"('06H', '07H', '13C')",13.076,0,521222.0
"('06H', '07H', '13D')",13.076,0,521222.0
"('06H', '07H', '13H')",13.076,0,521222.0
"('06H', '07H', '13S')",13.076,0,521222.0
"('06H', '07S', '13C')",13.076,0,521222.0
"('06H', '07S', '13D')",13.076,0,521222.0
"('06H', '07S', '13H')",13.076,0,521222.0
"('06H', '07S', '13S')",13.076,0,521222.0
"('06S', '07C', '13C')",13.076,0,521222.0
"('06S', '07C', '13D')",13.076,0,521222.0
"('06S', '07C', '13H')",13.076,0,521222.0
"('06S', '07C', '13S')",13.076,0,521222.0
"('06S', '07D', '13C')",13.076,0,521222.0
"('06S', '07D', '13D')",13.076,0,521222.0
"('06S', '07D', '13H')",13.076,0,521222.0
"('06S', '07D', '13S')",13.076,0,521222.0
"('06S', '07H', '13C')",13.076,0,521222.0
"('06S', '07H', '13D')",13.076,0,521222.0
"('06S', '07H', '13H')",13.076,0,521222.0
"('06S', '07H', '13S')",13.076,0,521222.0
"('06S', '07S', '13C')",13.076,0,521222.0
"('06S', '07S', '13D')",13.076,0,521222.0
"('06S', '07S', '13H')",13.076,0,521222.0
"('06S', '07S', '13S')",13.076,0,521222.0
"('05C', '07C', '13C')",13.075000000000001,0,518326.0
"('05C', '07C', '13D')",13.075000000000001,0,518326.0
"('05C', '07C', '13H')",13.075000000000001,0,518326.0
"('05C', '07C', '13S')",13.075000000000001,0,518326.0
"('05C', '07D', '13C')",13.075000000000001,0,518326.0
"('05C', '07D', '13D')",13.075000000000001,0,518326.0
"('05C', '07D', '13H')",13.075000000000001,0,518326.0
"('05C', '07D', '13S')",13.075000000000001,0,518326.0
"('05C', '07H', '13C')",13.075000000000001,0,518326.0
"('05C', '07H', '13D')",13.075000000000001,0,518326.0
"('05C', '07H', '13H')",13.075000000000001,0,518326.0
"('05C', '07H', '13S')",13.075000000000001,0,518326.0
"('05C', '07S', '13C')",13.075000000000001,0,518326.0
"('05C', '07S', '13D')",13.075000000000001,0,518326.0
"('05C', '07S', '13H')",13.075000000000001,0,518326.0
"('05C', '07S', '13S')",13.075000000000001,0,518326.0
"('05D', '07C', '13C')",13.075000000000001,0,518326.0
"('05D', '07C', '13D')",13.075000000000001,0,518326.0
"('05D', '07C', '13H')",13.075000000000001,0,518326.0
"('05D', '07C', '13S')",13.075000000000001,0,518326.0
"('05D', '07D', '13C')",13.075000000000001,0,518326.0
"('05D', '07D', '13D')",13.075000000000001,0,518326.0
"('05D', '07D', '13H')",13.075000000000001,0,518326.0
"('05D', '07D', '13S')",13.075000000000001,0,518326.0
"('05D', '07H', '13C')",13.075000000000001,0,518326.0
"('05D', '07H', '13D')",13.075000000000001,0,518326.0
"('05D', '07H', '13H')",13.075000000000001,0,518326.0
"('05D', '07H', '13S')",13.075000000000001,0,518326.0
"('05D', '07S', '13C')",13.075000000000001,0,518326.0
"('05D', '07S', '13D')",13.075000000000001,0,518326.0
"('05D', '07S', '13H')",13.075000000000001,0,518326.0
"('05D', '07S', '13S')",13.075000000000001,0,518326.0
"('05H', '07C', '13C')",13.075000000000001,0,518326.0
"('05H', '07C', '13D')",13.075000000000001,0,518326.0
"('05H', '07C', '13H')",13.075000000000001,0,518326.0
"('05H', '07C', '13S')",13.075000000000001,0,518326.0
"('05H', '07D', '13C')",13.075000000000001,0,518326.0
"('05H', '07D', '13D')",13.075000000000001,0,518326.0
"('05H', '07D', '13H')",13.075000000000001,0,518326.0
"('05H', '07D', '13S')",13.075000000000001,0,518326.0
"('05H', '07H', '13C')",13.075000000000001,0,518326.0
"('05H', '07H', '13D')",13.075000000000001,0,518326.0
"('05H', '07H', '13H')",13.075000000000001,0,518326.0
"('05H', '07H', '13S')",13.075000000000001,0,518326.0
"('05H', '07S', '13C')",13.075000000000001,0,518326.0
"('05H', '07S', '13D')",13.075000000000001,0,518326.0
"('05H', '07S', '13H')",13.075000000000001,0,518326.0
"('05H', '07S', '13S')",13.075000000000001,0,518326.0
"('05S', '07C', '13C')",13.075000000000001,0,518326.0
"('05S', '07C', '13D')",13.075000000000001,0,518326.0
"('05S', '07C', '13H')",13.075000000000001,0,518326.0
"('05S', '07C', '13S')",13.075000000000001,0,518326.0
"('05S', '07D', '13C')",13.075000000000001,0,518326.0
"('05S', '07D', '13D')",13.075000000000001,0,518326.0
"('05S', '07D', '13H')",13.075000000000001,0,518326.0
"('05S', '07D', '13S')",13.075000000000001,0,518326.0
"('05S', '07H', '13C')",13.075000000000001,0,518326.0
"('05S', '07H', '13D')",13.075000000000001,0,518326.0
"('05S', '07H', '13H')",13.075000000000001,0,518326.0
"('05S', '07H', '13S')",13.075000000000001,0,518326.0
"('05S', '07S', '13C')",13.075000000000001,0,518326.0
"('05S', '07S', '13D')",13.075000000000001,0,518326.0
"('05S', '07S', '13H')",13.075000000000001,0,518326.0
"('05S', '07S', '13S')",13.075000000000001,0,518326.0
"('04C', '07C', '13C')",13.074,0,515430.0
"('04C', '07C', '13D')",13.074,0,515430.0
"('04C', '07C', '13H')",13.074,0,515430.0
"('04C', '07C', '13S')",13.074,0,515430.0
"('04C', '07D', '13C')",13.074,0,515430.0
"('04C', '07D', '13D')",13.074,0,515430.0
"('04C', '07D', '13H')",13.074,0,515430.0
"('04C', '07D', '13S')",13.074,0,515430.0
"('04C', '07H', '13C')",13.074,0,515430.0
"('04C', '07H', '13D')",13.074,0,515430.0
"('04C', '07H', '13H')",13.074,0,515430.0
"('04C', '07H', '13S')",13.074,0,515430.0
"('04C', '07S', '13C')",13.074,0,515430.0
"('04C', '07S', '13D')",13.074,0,515430.0
"('04C', '07S', '13H')",13.074,0,515430.0
"('04C', '07S', '13S')",13.074,0,515430.0
"('04D', '07C', '13C')",13.074,0,515430.0
"('04D', '07C', '13D')",13.074,0,515430.0
"('04D', '07C', '13H')",13.074,0,515430.0
"('04D', '07C', '13S')",13.074,0,515430.0
"('04D', '07D', '13C')",13.074,0,515430.0
"('04D', '07D', '13D')",13.074,0,515430.0
"('04D', '07D', '13H')",13.074,0,515430.0
"('04D', '07D', '13S')",13.074,0,515430.0
"('04D', '07H', '13C')",13.074,0,515430.0
"('04D', '07H', '13D')",13.074,0,515430.0
"('04D', '07H', '13H')",13.074,0,515430.0
"('04D', '07H', '13S')",13.074,0,515430.0
"('04D', '07S', '13C')",13.074,0,515430.0
"('04D', '07S', '13D')",13.074,0,515430.0
"('04D', '07S', '13H')",13.074,0,515430.0
"('04D', '07S', '13S')",13.074,0,515430.0
"('04H', '07C', '13C')",13.074,0,515430.0
"('04H', '07C', '13D')",13.074,0,515430.0
"('04H', '07C', '13H')",13.074,0,515430.0
"('04H', '07C', '13S')",13.074,0,515430.0
"('04H', '07D', '13C')",13.074,0,515430.0
"('04H', '07D', '13D')",13.074,0,515430.0
"('04H', '07D', '13H')",13.074,0,515430.0
"('04H', '07D', '13S')",13.074,0,515430.0
"('04H', '07H', '13C')",13.074,0,515430.0
"('04H', '07H', '13D')",13.074,0,515430.0
"('04H', '07H', '13H')",13.074,0,515430.0
"('04H', '07H', '13S')",13.074,0,515430.0
"('04H', '07S', '13C')",13.074,0,515430.0
"('04H', '07S', '13D')",13.074,0,515430.0
"('04H', '07S', '13H')",13.074,0,515430.0
"('04H', '07S', '13S')",13.074,0,515430.0
"('04S', '07C', '13C')",13.074,0,515430.0
"('04S', '07C', '13D')",13.074,0,515430.0
"('04S', '07C', '13H')",13.074,0,515430.0
"('04S', '07C', '13S')",13.074,0,515430.0
"('04S', '07D', '13C')",13.074,0,515430.0
"('04S', '07D', '13D')",13.074,0,515430.0
"('04S', '07D', '13H')",13.074,0,515430.0
"('04S', '07D', '13S')",13.074,0,515430.0
"('04S', '07H', '13C')",13.074,0,515430.0
"('04S', '07H', '13D')",13.074,0,515430.0
"('04S', '07H', '13H')",13.074,0,515430.0
"('04S', '07H', '13S')",13.074,0,515430.0
"('04S', '07S', '13C')",13.074,0,515430.0
"('04S', '07S', '13D')",13.074,0,515430.0
"('04S', '07S', '13H')",13.074,0,515430.0
"('04S', '07S', '13S')",13.074,0,515430.0
"('03C', '07C', '13C')",13.073,0,512534.0
"('03C', '07C', '13D')",13.073,0,512534.0
"('03C', '07C', '13H')",13.073,0,512534.0
"('03C', '07C', '13S')",13.073,0,512534.0
"('03C', '07D', '13C')",13.073,0,512534.0
"('03C', '07D', '13D')",13.073,0,512534.0
"('03C', '07D', '13H')",13.073,0,512534.0
"('03C', '07D', '13S')",13.073,0,512534.0
"('03C', '07H', '13C')",13.073,0,512534.0
"('03C', '07H', '13D')",13.073,0,512534.0
"('03C', '07H', '13H')",13.073,0,512534.0
"('03C', '07H', '13S')",13.073,0,512534.0
"('03C', '07S', '13C')",13.073,0,512534.0
"('03C', '07S', '13D')",13.073,0,512534.0
"('03C', '07S', '13H')",13.073,0,512534.0
"('03C', '07S', '13S')",13.073,0,512534.0
"('03D', '07C', '13C')",13.073,0,512534.0
"('03D', '07C', '13D')",13.073,0,512534.0
"('03D', '07C', '13H')",13.073,0,512534.0
"('03D', '07C', '13S')",13.073,0,512534.0
"('03D', '07D', '13C')",13.073,0,512534.0
"('03D', '07D', '13D')",13.073,0,512534.0
"('03D', '07D', '13H')",13.073,0,512534.0
"('03D', '07D', '13S')",13.073,0,512534.0
"('03D', '07H', '13C')",13.073,0,512534.0
"('03D', '07H', '13D')",13.073,0,512534.0
"('03D', '07H', '13H')",13.073,0,512534.0
"('03D', '07H', '13S')",13.073,0,512534.0
"('03D', '07S', '13C')",13.073,0,512534.0
"('03D', '07S', '13D')",13.073,0,512534.0
"('03D', '07S', '13H')",13.073,0,512534.0
"('03D', '07S', '13S')",13.073,0,512534.0
"('03H', '07C', '13C')",13.073,0,512534.0
"('03H', '07C', '13D')",13.073,0,512534.0
"('03H', '07C', '13H')",13.073,0,512534.0
"('03H', '07C', '13S')",13.073,0,512534.0
"('03H', '07D', '13C')",13.073,0,512534.0
"('03H', '07D', '13D')",13.073,0,512534.0
"('03H', '07D', '13H')",13.073,0,512534.0
"('03H', '07D', '13S')",13.073,0,512534.0
"('03H', '07H', '13C')",13.073,0,512534.0
"('03H', '07H', '13D')",13.073,0,512534.0
"('03H', '07H', '13H')",13.073,0,512534.0
"('03H', '07H', '13S')",13.073,0,512534.0
"('03H', '07S', '13C')",13.073,0,512534.0
"('03H', '07S', '13D')",13.073,0,512534.0
"('03H', '07S', '13H')",13.073,0,512534.0
"('03H', '07S', '13S')",13.073,0,512534.0
"('03S', '07C', '13C')",13.073,0,512534.0
"('03S', '07C', '13D')",13.073,0,512534.0
"('03S', '07C', '13H')",13.073,0,512534.0
"('03S', '07C', '13S')",13.073,0,512534.0
"('03S', '07D', '13C')",13.073,0,512534.0
"('03S', '07D', '13D')",13.073,0,512534.0
"('03S', '07D', '13H')",13.073,0,512534.0
"('03S', '07D', '13S')",13.073,0,512534.0
"('03S', '07H', '13C')",13.073,0,512534.0
"('03S', '07H', '13D')",13.073,0,512534.0
"('03S', '07H', '13H')",13.073,0,512534.0
"('03S', '07H', '13S')",13.073,0,512534.0
"('03S', '07S', '13C')",13.073,0,512534.0
"('03S', '07S', '13D')",13.073,0,512534.0
"('03S', '07S', '13H')",13.073,0,512534.0
"('03S', '07S', '13S')",13.073,0,512534.0
"('02C', '07C', '13C')",13.072000000000001,0,509638.0
"('02C', '07C', '13D')",13.072000000000001,0,509638.0
"('02C', '07C', '13H')",13.072000000000001,0,509638.0
"('02C', '07C', '13S')",13.072000000000001,0,509638.0
"('02C', '07D', '13C')",13.072000000000001,0,509638.0
"('02C', '07D', '13D')",13.072000000000001,0,509638.0
"('02C', '07D', '13H')",13.072000000000001,0,509638.0
"('02C', '07D', '13S')",13.072000000000001,0,509638.0
"('02C', '07H', '13C')",13.072000000000001,0,509638.0
"('02C', '07H', '13D')",13.072000000000001,0,509638.0
"('02C', '07H', '13H')",13.072000000000001,0,509638.0
"('02C', '07H', '13S')",13.072000000000001,0,509638.0
"('02C', '07S', '13C')",13.072000000000001,0,509638.0
"('02C', '07S', '13D')",13.072000000000001,0,509638.0
"('02C', '07S', '13H')",13.072000000000001,0,509638.0
"('02C', '07S', '13S')",13.072000000000001,0,509638.0
"('02D', '07C', '13C')",13.072000000000001,0,509638.0
"('02D', '07C', '13D')",13.072000000000001,0,509638.0
"('02D', '07C', '13H')",13.072000000000001,0,509638.0
"('02D', '07C', '13S')",13.072000000000001,0,509638.0
"('02D', '07D', '13C')",13.072000000000001,0,509638.0
"('02D', '07D', '13D')",13.072000000000001,0,509638.0
"('02D', '07D', '13H')",13.072000000000001,0,509638.0
"('02D', '07D', '13S')",13.072000000000001,0,509638.0
"('02D', '07H', '13C')",13.072000000000001,0,509638.0
"('02D', '07H', '13D')",13.072000000000001,0,509638.0
"('02D', '07H', '13H')",13.072000000000001,0,509638.0
"('02D', '07H', '13S')",13.072000000000001,0,509638.0
"('02D', '07S', '13C')",13.072000000000001,0,509638.0
"('02D', '07S', '13D')",13.072000000000001,0,509638.0
"('02D', '07S', '13H')",13.072000000000001,0,509638.0
"('02D', '07S', '13S')",13.072000000000001,0,509638.0
"('02H', '07C', '13C')",13.072000000000001,0,509638.0
"('02H', '07C', '13D')",13.072000000000001,0,509638.0
"('02H', '07C', '13H')",13.072000000000001,0,509638.0
"('02H', '07C', '13S')",13.072000000000001,0,509638.0
"('02H', '07D', '13C')",13.072000000000001,0,509638.0
"('02H', '07D', '13D')",13.072000000000001,0,509638.0
"('02H', '07D', '13H')",13.072000000000001,0,509638.0
"('02H', '07D', '13S')",13.072000000000001,0,509638.0
"('02H', '07H', '13C')",13.072000000000001,0,509638.0
"('02H', '07H', '13D')",13.072000000000001,0,509638.0
"('02H', '07H', '13H')",13.072000000000001,0,509638.0
"('02H', '07H', '13S')",13.072000000000001,0,509638.0
"('02H', '07S', '13C')",13.072000000000001,0,509638.0
"('02H', '07S', '13D')",13.072000000000001,0,509638.0
"('02H', '07S', '13H')",13.072000000000001,0,509638.0
"('02H', '07S', '13S')",13.072000000000001,0,509638.0
"('02S', '07C', '13C')",13.072000000000001,0,509638.0
"('02S', '07C', '13D')",13.072000000000001,0,509638.0
"('02S', '07C', '13H')",13.072000000000001,0,509638.0
"('02S', '07C', '13S')",13.072000000000001,0,509638.0
"('02S', '07D', '13C')",13.072000000000001,0,509638.0
"('02S', '07D', '13D')",13.072000000000001,0,509638.0
"('02S', '07D', '13H')",13.072000000000001,0,509638.0
"('02S', '07D', '13S')",13.072000000000001,0,509638.0
"('02S', '07H', '13C')",13.072000000000001,0,509638.0
"('02S', '07H', '13D')",13.072000000000001,0,509638.0
"('02S', '07H', '13H')",13.072000000000001,0,509638.0
"('02S', '07H', '13S')",13.072000000000001,0,509638.0
"('02S', '07S', '13C')",13.072000000000001,0,509638.0
"('02S', '07S', '13D')",13.072000000000001,0,509638.0
"('02S', '07S', '13H')",13.072000000000001,0,509638.0
"('02S', '07S', '13S')",13.072000000000001,0,509638.0
"('05C', '06C', '13C')",13.065000000000001,0,506742.0
"('05C', '06C', '13D')",13.065000000000001,0,506742.0
"('05C', '06C', '13H')",13.065000000000001,0,506742.0
"('05C', '06C', '13S')",13.065000000000001,0,506742.0
"('05C', '06D', '13C')",13.065000000000001,0,506742.0
"('05C', '06D', '13D')",13.065000000000001,0,506742.0
"('05C', '06D', '13H')",13.065000000000001,0,506742.0
"('05C', '06D', '13S')",13.065000000000001,0,506742.0
"('05C', '06H', '13C')",13.065000000000001,0,506742.0
"('05C', '06H', '13D')",13.065000000000001,0,506742.0
"('05C', '06H', '13H')",13.065000000000001,0,506742.0
"('05C', '06H', '13S')",13.065000000000001,0,506742.0
"('05C', '06S', '13C')",13.065000000000001,0,506742.0
"('05C', '06S', '13D')",13.065000000000001,0,506742.0
"('05C', '06S', '13H')",13.065000000000001,0,506742.0
"('05C', '06S', '13S')",13.065000000000001,0,506742.0
"('05D', '06C', '13C')",13.065000000000001,0,506742.0
"('05D', '06C', '13D')",13.065000000000001,0,506742.0
"('05D', '06C', '13H')",13.065000000000001,0,506742.0
"('05D', '06C', '13S')",13.065000000000001,0,506742.0
"('05D', '06D', '13C')",13.065000000000001,0,506742.0
"('05D', '06D', '13D')",13.065000000000001,0,506742.0
"('05D', '06D', '13H')",13.065000000000001,0,506742.0
"('05D', '06D', '13S')",13.065000000000001,0,506742.0
"('05D', '06H', '13C')",13.065000000000001,0,506742.0
"('05D', '06H', '13D')",13.065000000000001,0,506742.0
"('05D', '06H', '13H')",13.065000000000001,0,506742.0
"('05D', '06H', '13S')",13.065000000000001,0,506742.0
"('05D', '06S', '13C')",13.065000000000001,0,506742.0
"('05D', '06S', '13D')",13.065000000000001,0,506742.0
"('05D', '06S', '13H')",13.065000000000001,0,506742.0
"('05D', '06S', '13S')",13.065000000000001,0,506742.0
"('05H', '06C', '13C')",13.065000000000001,0,506742.0
"('05H', '06C', '13D')",13.065000000000001,0,506742.0
"('05H', '06C', '13H')",13.065000000000001,0,506742.0
"('05H', '06C', '13S')",13.065000000000001,0,506742.0
"('05H', '06D', '13C')",13.065000000000001,0,506742.0
"('05H', '06D', '13D')",13.065000000000001,0,506742.0
"('05H', '06D', '13H')",13.065000000000001,0,506742.0
"('05H', '06D', '13S')",13.065000000000001,0,506742.0
"('05H', '06H', '13C')",13.065000000000001,0,506742.0
"('05H', '06H', '13D')",13.065000000000001,0,506742.0
"('05H', '06H', '13H')",13.065000000000001,0,506742.0
"('05H', '06H', '13S')",13.065000000000001,0,506742.0
"('05H', '06S', '13C')",13.065000000000001,0,506742.0
"('05H', '06S', '13D')",13.065000000000001,0,506742.0
"('05H', '06S', '13H')",13.065000000000001,0,506742.0
"('05H', '06S', '13S')",13.065000000000001,0,506742.0
"('05S', '06C', '13C')",13.065000000000001,0,506742.0
"('05S', '06C', '13D')",13.065000000000001,0,506742.0
"('05S', '06C', '13H')",13.065000000000001,0,506742.0
"('05S', '06C', '13S')",13.065000000000001,0,506742.0
"('05S', '06D', '13C')",13.065000000000001,0,506742.0
"('05S', '06D', '13D')",13.065000000000001,0,506742.0
"('05S', '06D', '13H')",13.065000000000001,0,506742.0
"('05S', '06D', '13S')",13.065000000000001,0,506742.0
"('05S', '06H', '13C')",13.065000000000001,0,506742.0
"('05S', '06H', '13D')",13.065000000000001,0,506742.0
"('05S', '06H', '13H')",13.065000000000001,0,506742.0
"('05S', '06H', '13S')",13.065000000000001,0,506742.0
"('05S', '06S', '13C')",13.065000000000001,0,506742.0
"('05S', '06S', '13D')",13.065000000000001,0,506742.0
"('05S', '06S', '13H')",13.065000000000001,0,506742.0
"('05S', '06S', '13S')",13.065000000000001,0,506742.0
"('04C', '06C', '13C')",13.064,0,503846.0
"('04C', '06C', '13D')",13.064,0,503846.0
"('04C', '06C', '13H')",13.064,0,503846.0
"('04C', '06C', '13S')",13.064,0,503846.0
"('04C', '06D', '13C')",13.064,0,503846.0
"('04C', '06D', '13D')",13.064,0,503846.0
"('04C', '06D', '13H')",13.064,0,503846.0
"('04C', '06D', '13S')",13.064,0,503846.0
"('04C', '06H', '13C')",13.064,0,503846.0
"('04C', '06H', '13D')",13.064,0,503846.0
"('04C', '06H', '13H')",13.064,0,503846.0
"('04C', '06H', '13S')",13.064,0,503846.0
"('04C', '06S', '13C')",13.064,0,503846.0
"('04C', '06S', '13D')",13.064,0,503846.0
"('04C', '06S', '13H')",13.064,0,503846.0
"('04C', '06S', '13S')",13.064,0,503846.0
"('04D', '06C', '13C')",13.064,0,503846.0
"('04D', '06C', '13D')",13.064,0,503846.0
"('04D', '06C', '13H')",13.064,0,503846.0
"('04D', '06C', '13S')",13.064,0,503846.0
"('04D', '06D', '13C')",13.064,0,503846.0
"('04D', '06D', '13D')",13.064,0,503846.0
"('04D', '06D', '13H')",13.064,0,503846.0
"('04D', '06D', '13S')",13.064,0,503846.0
"('04D', '06H', '13C')",13.064,0,503846.0
"('04D', '06H', '13D')",13.064,0,503846.0
"('04D', '06H', '13H')",13.064,0,503846.0
"('04D', '06H', '13S')",13.064,0,503846.0
"('04D', '06S', '13C')",13.064,0,503846.0
"('04D', '06S', '13D')",13.064,0,503846.0
"('04D', '06S', '13H')",13.064,0,503846.0
"('04D', '06S', '13S')",13.064,0,503846.0
"('04H', '06C', '13C')",13.064,0,503846.0
"('04H', '06C', '13D')",13.064,0,503846.0
"('04H', '06C', '13H')",13.064,0,503846.0
"('04H', '06C', '13S')",13.064,0,503846.0
"('04H', '06D', '13C')",13.064,0,503846.0
"('04H', '06D', '13D')",13.064,0,503846.0
"('04H', '06D', '13H')",13.064,0,503846.0
"('04H', '06D', '13S')",13.064,0,503846.0
"('04H', '06H', '13C')",13.064,0,503846.0
"('04H', '06H', '13D')",13.064,0,503846.0
"('04H', '06H', '13H')",13.064,0,503846.0
"('04H', '06H', '13S')",13.064,0,503846.0
"('04H', '06S', '13C')",13.064,0,503846.0
"('04H', '06S', '13D')",13.064,0,503846.0
"('04H', '06S', '13H')",13.064,0,503846.0
"('04H', '06S', '13S')",13.064,0,503846.0
"('04S', '06C', '13C')",13.064,0,503846.0
"('04S', '06C', '13D')",13.064,0,503846.0
"('04S', '06C', '13H')",13.064,0,503846.0
"('04S', '06C', '13S')",13.064,0,503846.0
"('04S', '06D', '13C')",13.064,0,503846.0
"('04S', '06D', '13D')",13.064,0,503846.0
"('04S', '06D', '13H')",13.064,0,503846.0
"('04S', '06D', '13S')",13.064,0,503846.0
"('04S', '06H', '13C')",13.064,0,503846.0
"('04S', '06H', '13D')",13.064,0,503846.0
"('04S', '06H', '13H')",13.064,0,503846.0
"('04S', '06H', '13S')",13.064,0,503846.0
"('04S', '06S', '13C')",13.064,0,503846.0
"('04S', '06S', '13D')",13.064,0,503846.0
"('04S', '06S', '13H')",13.064,0,503846.0
"('04S', '06S', '13S')",13.064,0,503846.0
"('03C', '06C', '13C')",13.063,0,500950.0
"('03C', '06C', '13D')",13.063,0,500950.0
"('03C', '06C', '13H')",13.063,0,500950.0
"('03C', '06C', '13S')",13.063,0,500950.0
"('03C', '06D', '13C')",13.063,0,500950.0
"('03C', '06D', '13D')",13.063,0,500950.0
"('03C', '06D', '13H')",13.063,0,500950.0
"('03C', '06D', '13S')",13.063,0,500950.0
"('03C', '06H', '13C')",13.063,0,500950.0
"('03C', '06H', '13D')",13.063,0,500950.0
"('03C', '06H', '13H')",13.063,0,500950.0
"('03C', '06H', '13S')",13.063,0,500950.0
"('03C', '06S', '13C')",13.063,0,500950.0
"('03C', '06S', '13D')",13.063,0,500950.0
"('03C', '06S', '13H')",13.063,0,500950.0
"('03C', '06S', '13S')",13.063,0,500950.0
"('03D', '06C', '13C')",13.063,0,500950.0
"('03D', '06C', '13D')",13.063,0,500950.0
"('03D', '06C', '13H')",13.063,0,500950.0
"('03D', '06C', '13S')",13.063,0,500950.0
"('03D', '06D', '13C')",13.063,0,500950.0
"('03D', '06D', '13D')",13.063,0,500950.0
"('03D', '06D', '13H')",13.063,0,500950.0
"('03D', '06D', '13S')",13.063,0,500950.0
"('03D', '06H', '13C')",13.063,0,500950.0
"('03D', '06H', '13D')",13.063,0,500950.0
"('03D', '06H', '13H')",13.063,0,500950.0
"('03D', '06H', '13S')",13.063,0,500950.0
"('03D', '06S', '13C')",13.063,0,500950.0
"('03D', '06S', '13D')",13.063,0,500950.0
"('03D', '06S', '13H')",13.063,0,500950.0
"('03D', '06S', '13S')",13.063,0,500950.0
"('03H', '06C', '13C')",13.063,0,500950.0
"('03H', '06C', '13D')",13.063,0,500950.0
"('03H', '06C', '13H')",13.063,0,500950.0
"('03H', '06C', '13S')",13.063,0,500950.0
"('03H', '06D', '13C')",13.063,0,500950.0
"('03H', '06D', '13D')",13.063,0,500950.0
"('03H', '06D', '13H')",13.063,0,500950.0
"('03H', '06D', '13S')",13.063,0,500950.0
"('03H', '06H', '13C')",13.063,0,500950.0
"('03H', '06H', '13D')",13.063,0,500950.0
"('03H', '06H', '13H')",13.063,0,500950.0
"('03H', '06H', '13S')",13.063,0,500950.0
"('03H', '06S', '13C')",13.063,0,500950.0
"('03H', '06S', '13D')",13.063,0,500950.0
"('03H', '06S', '13H')",13.063,0,500950.0
"('03H', '06S', '13S')",13.063,0,500950.0
"('03S', '06C', '13C')",13.063,0,500950.0
"('03S', '06C', '13D')",13.063,0,500950.0
"('03S', '06C', '13H')",13.063,0,500950.0
"('03S', '06C', '13S')",13.063,0,500950.0
"('03S', '06D', '13C')",13.063,0,500950.0
"('03S', '06D', '13D')",13.063,0,500950.0
"('03S', '06D', '13H')",13.063,0,500950.0
"('03S', '06D', '13S')",13.063,0,500950.0
"('03S', '06H', '13C')",13.063,0,500950.0
"('03S', '06H', '13D')",13.063,0,500950.0
"('03S', '06H', '13H')",13.063,0,500950.0
"('03S', '06H', '13S')",13.063,0,500950.0
"('03S', '06S', '13C')",13.063,0,500950.0
"('03S', '06S', '13D')",13.063,0,500950.0
"('03S', '06S', '13H')",13.063,0,500950.0
"('03S', '06S', '13S')",13.063,0,500950.0
"('02C', '06C', '13C')",13.062000000000001,0,498054.0
"('02C', '06C', '13D')",13.062000000000001,0,498054.0
"('02C', '06C', '13H')",13.062000000000001,0,498054.0
"('02C', '06C', '13S')",13.062000000000001,0,498054.0
"('02C', '06D', '13C')",13.062000000000001,0,498054.0
"('02C', '06D', '13D')",13.062000000000001,0,498054.0
"('02C', '06D', '13H')",13.062000000000001,0,498054.0
"('02C', '06D', '13S')",13.062000000000001,0,498054.0
"('02C', '06H', '13C')",13.062000000000001,0,498054.0
"('02C', '06H', '13D')",13.062000000000001,0,498054.0
"('02C', '06H', '13H')",13.062000000000001,0,498054.0
"('02C', '06H', '13S')",13.062000000000001,0,498054.0
"('02C', '06S', '13C')",13.062000000000001,0,498054.0
"('02C', '06S', '13D')",13.062000000000001,0,498054.0
"('02C', '06S', '13H')",13.062000000000001,0,498054.0
"('02C', '06S', '13S')",13.062000000000001,0,498054.0
"('02D', '06C', '13C')",13.062000000000001,0,498054.0
"('02D', '06C', '13D')",13.062000000000001,0,498054.0
"('02D', '06C', '13H')",13.062000000000001,0,498054.0
"('02D', '06C', '13S')",13.062000000000001,0,498054.0
"('02D', '06D', '13C')",13.062000000000001,0,498054.0
"('02D', '06D', '13D')",13.062000000000001,0,498054.0
"('02D', '06D', '13H')",13.062000000000001,0,498054.0
"('02D', '06D', '13S')",13.062000000000001,0,498054.0
"('02D', '06H', '13C')",13.062000000000001,0,498054.0
"('02D', '06H', '13D')",13.062000000000001,0,498054.0
"('02D', '06H', '13H')",13.062000000000001,0,498054.0
"('02D', '06H', '13S')",13.062000000000001,0,498054.0
"('02D', '06S', '13C')",13.062000000000001,0,498054.0
"('02D', '06S', '13D')",13.062000000000001,0,498054.0
"('02D', '06S', '13H')",13.062000000000001,0,498054.0
"('02D', '06S', '13S')",13.062000000000001,0,498054.0
"('02H', '06C', '13C')",13.062000000000001,0,498054.0
"('02H', '06C', '13D')",13.062000000000001,0,498054.0
"('02H', '06C', '13H')",13.062000000000001,0,498054.0
"('02H', '06C', '13S')",13.062000000000001,0,498054.0
"('02H', '06D', '13C')",13.062000000000001,0,498054.0
"('02H', '06D', '13D')",13.062000000000001,0,498054.0
"('02H', '06D', '13H')",13.062000000000001,0,498054.0
"('02H', '06D', '13S')",13.062000000000001,0,498054.0
"('02H', '06H', '13C')",13.062000000000001,0,498054.0
"('02H', '06H', '13D')",13.062000000000001,0,498054.0
"('02H', '06H', '13H')",13.062000000000001,0,498054.0
"('02H', '06H', '13S')",13.062000000000001,0,498054.0
"('02H', '06S', '13C')",13.062000000000001,0,498054.0
"('02H', '06S', '13D')",13.062000000000001,0,498054.0
"('02H', '06S', '13H')",13.062000000000001,0,498054.0
"('02H', '06S', '13S')",13.062000000000001,0,498054.0
"('02S', '06C', '13C')",13.062000000000001,0,498054.0
"('02S', '06C', '13D')",13.062000000000001,0,498054.0
"('02S', '06C', '13H')",13.062000000000001,0,498054.0
"('02S', '06C', '13S')",13.062000000000001,0,498054.0
"('02S', '06D', '13C')",13.062000000000001,0,498054.0
"('02S', '06D', '13D')",13.062000000000001,0,498054.0
"('02S', '06D', '13H')",13.062000000000001,0,498054.0
"('02S', '06D', '13S')",13.062000000000001,0,498054.0
"('02S', '06H', '13C')",13.062000000000001,0,498054.0
"('02S', '06H', '13D')",13.062000000000001,0,498054.0
"('02S', '06H', '13H')",13.062000000000001,0,498054.0
"('02S', '06H', '13S')",13.062000000000001,0,498054.0
"('02S', '06S', '13C')",13.062000000000001,0,498054.0
"('02S', '06S', '13D')",13.062000000000001,0,498054.0
"('02S', '06S', '13H')",13.062000000000001,0,498054.0
"('02S', '06S', '13S')",13.062000000000001,0,498054.0
"('04C', '05C', '13C')",13.054,0,495158.0
"('04C', '05C', '13D')",13.054,0,495158.0
"('04C', '05C', '13H')",13.054,0,495158.0
"('04C', '05C', '13S')",13.054,0,495158.0
"('04C', '05D', '13C')",13.054,0,495158.0
"('04C', '05D', '13D')",13.054,0,495158.0
"('04C', '05D', '13H')",13.054,0,495158.0
"('04C', '05D', '13S')",13.054,0,495158.0
"('04C', '05H', '13C')",13.054,0,495158.0
"('04C', '05H', '13D')",13.054,0,495158.0
"('04C', '05H', '13H')",13.054,0,495158.0
"('04C', '05H', '13S')",13.054,0,495158.0
"('04C', '05S', '13C')",13.054,0,495158.0
"('04C', '05S', '13D')",13.054,0,495158.0
"('04C', '05S', '13H')",13.054,0,495158.0
"('04C', '05S', '13S')",13.054,0,495158.0
"('04D', '05C', '13C')",13.054,0,495158.0
"('04D', '05C', '13D')",13.054,0,495158.0
"('04D', '05C', '13H')",13.054,0,495158.0
"('04D', '05C', '13S')",13.054,0,495158.0
"('04D', '05D', '13C')",13.054,0,495158.0
"('04D', '05D', '13D')",13.054,0,495158.0
"('04D', '05D', '13H')",13.054,0,495158.0
"('04D', '05D', '13S')",13.054,0,495158.0
"('04D', '05H', '13C')",13.054,0,495158.0
"('04D', '05H', '13D')",13.054,0,495158.0
"('04D', '05H', '13H')",13.054,0,495158.0
"('04D', '05H', '13S')",13.054,0,495158.0
"('04D', '05S', '13C')",13.054,0,495158.0
"('04D', '05S', '13D')",13.054,0,495158.0
"('04D', '05S', '13H')",13.054,0,495158.0
"('04D', '05S', '13S')",13.054,0,495158.0
"('04H', '05C', '13C')",13.054,0,495158.0
"('04H', '05C', '13D')",13.054,0,495158.0
"('04H', '05C', '13H')",13.054,0,495158.0
"('04H', '05C', '13S')",13.054,0,495158.0
"('04H', '05D', '13C')",13.054,0,495158.0
"('04H', '05D', '13D')",13.054,0,495158.0
"('04H', '05D', '13H')",13.054,0,495158.0
"('04H', '05D', '13S')",13.054,0,495158.0
"('04H', '05H', '13C')",13.054,0,495158.0
"('04H', '05H', '13D')",13.054,0,495158.0
"('04H', '05H', '13H')",13.054,0,495158.0
"('04H', '05H', '13S')",13.054,0,495158.0
"('04H', '05S', '13C')",13.054,0,495158.0
"('04H', '05S', '13D')",13.054,0,495158.0
"('04H', '05S', '13H')",13.054,0,495158.0
"('04H', '05S', '13S')",13.054,0,495158.0
"('04S', '05C', '13C')",13.054,0,495158.0
"('04S', '05C', '13D')",13.054,0,495158.0
"('04S', '05C', '13H')",13.054,0,495158.0
"('04S', '05C', '13S')",13.054,0,495158.0
"('04S', '05D', '13C')",13.054,0,495158.0
"('04S', '05D', '13D')",13.054,0,495158.0
"('04S', '05D', '13H')",13.054,0,495158.0
"('04S', '05D', '13S')",13.054,0,495158.0
"('04S', '05H', '13C')",13.054,0,495158.0
"('04S', '05H', '13D')",13.054,0,495158.0
"('04S', '05H', '13H')",13.054,0,495158.0
"('04S', '05H', '13S')",13.054,0,495158.0
"('04S', '05S', '13C')",13.054,0,495158.0
"('04S', '05S', '13D')",13.054,0,495158.0
"('04S', '05S', '13H')",13.054,0,495158.0
"('04S', '05S', '13S')",13.054,0,495158.0
"('03C', '05C', '13C')",13.053,0,492262.0
"('03C', '05C', '13D')",13.053,0,492262.0
"('03C', '05C', '13H')",13.053,0,492262.0
"('03C', '05C', '13S')",13.053,0,492262.0
"('03C', '05D', '13C')",13.053,0,492262.0
"('03C', '05D', '13D')",13.053,0,492262.0
"('03C', '05D', '13H')",13.053,0,492262.0
"('03C', '05D', '13S')",13.053,0,492262.0
"('03C', '05H', '13C')",13.053,0,492262.0
"('03C', '05H', '13D')",13.053,0,492262.0
"('03C', '05H', '13H')",13.053,0,492262.0
"('03C', '05H', '13S')",13.053,0,492262.0
"('03C', '05S', '13C')",13.053,0,492262.0
"('03C', '05S', '13D')",13.053,0,492262.0
"('03C', '05S', '13H')",13.053,0,492262.0
"('03C', '05S', '13S')",13.053,0,492262.0
"('03D', '05C', '13C')",13.053,0,492262.0
"('03D', '05C', '13D')",13.053,0,492262.0
"('03D', '05C', '13H')",13.053,0,492262.0
"('03D', '05C', '13S')",13.053,0,492262.0
"('03D', '05D', '13C')",13.053,0,492262.0
"('03D', '05D', '13D')",13.053,0,492262.0
"('03D', '05D', '13H')",13.053,0,492262.0
"('03D', '05D', '13S')",13.053,0,492262.0
"('03D', '05H', '13C')",13.053,0,492262.0
"('03D', '05H', '13D')",13.053,0,492262.0
"('03D', '05H', '13H')",13.053,0,492262.0
"('03D', '05H', '13S')",13.053,0,492262.0
"('03D', '05S', '13C')",13.053,0,492262.0
"('03D', '05S', '13D')",13.053,0,492262.0
"('03D', '05S', '13H')",13.053,0,492262.0
"('03D', '05S', '13S')",13.053,0,492262.0
"('03H', '05C', '13C')",13.053,0,492262.0
"('03H', '05C', '13D')",13.053,0,492262.0
"('03H', '05C', '13H')",13.053,0,492262.0
"('03H', '05C', '13S')",13.053,0,492262.0
"('03H', '05D', '13C')",13.053,0,492262.0
"('03H', '05D', '13D')",13.053,0,492262.0
"('03H', '05D', '13H')",13.053,0,492262.0
"('03H', '05D', '13S')",13.053,0,492262.0
"('03H', '05H', '13C')",13.053,0,492262.0
"('03H', '05H', '13D')",13.053,0,492262.0
"('03H', '05H', '13H')",13.053,0,492262.0
"('03H', '05H', '13S')",13.053,0,492262.0
"('03H', '05S', '13C')",13.053,0,492262.0
"('03H', '05S', '13D')",13.053,0,492262.0
"('03H', '05S', '13H')",13.053,0,492262.0
"('03H', '05S', '13S')",13.053,0,492262.0
"('03S', '05C', '13C')",13.053,0,492262.0
"('03S', '05C', '13D')",13.053,0,492262.0
"('03S', '05C', '13H')",13.053,0,492262.0
"('03S', '05C', '13S')",13.053,0,492262.0
"('03S', '05D', '13C')",13.053,0,492262.0
"('03S', '05D', '13D')",13.053,0,492262.0
"('03S', '05D', '13H')",13.053,0,492262.0
"('03S', '05D', '13S')",13.053,0,492262.0
"('03S', '05H', '13C')",13.053,0,492262.0
"('03S', '05H', '13D')",13.053,0,492262.0
"('03S', '05H', '13H')",13.053,0,492262.0
"('03S', '05H', '13S')",13.053,0,492262.0
"('03S', '05S', '13C')",13.053,0,492262.0
"('03S', '05S', '13D')",13.053,0,492262.0
"('03S', '05S', '13H')",13.053,0,492262.0
"('03S', '05S', '13S')",13.053,0,492262.0
"('02C', '05C', '13C')",13.052000000000001,0,489367.0
"('02C', '05C', '13D')",13.052000000000001,0,489367.0
"('02C', '05C', '13H')",13.052000000000001,0,489367.0
"('02C', '05C', '13S')",13.052000000000001,0,489367.0
"('02C', '05D', '13C')",13.052000000000001,0,489367.0
"('02C', '05D', '13D')",13.052000000000001,0,489367.0
"('02C', '05D', '13H')",13.052000000000001,0,489367.0
"('02C', '05D', '13S')",13.052000000000001,0,489367.0
"('02C', '05H', '13C')",13.052000000000001,0,489367.0
"('02C', '05H', '13D')",13.052000000000001,0,489367.0
"('02C', '05H', '13H')",13.052000000000001,0,489367.0
"('02C', '05H', '13S')",13.052000000000001,0,489367.0
"('02C', '05S', '13C')",13.052000000000001,0,489367.0
"('02C', '05S', '13D')",13.052000000000001,0,489367.0
"('02C', '05S', '13H')",13.052000000000001,0,489367.0
"('02C', '05S', '13S')",13.052000000000001,0,489367.0
"('02D', '05C', '13C')",13.052000000000001,0,489367.0
"('02D', '05C', '13D')",13.052000000000001,0,489367.0
"('02D', '05C', '13H')",13.052000000000001,0,489367.0
"('02D', '05C', '13S')",13.052000000000001,0,489367.0
"('02D', '05D', '13C')",13.052000000000001,0,489367.0
"('02D', '05D', '13D')",13.052000000000001,0,489367.0
"('02D', '05D', '13H')",13.052000000000001,0,489367.0
"('02D', '05D', '13S')",13.052000000000001,0,489367.0
"('02D', '05H', '13C')",13.052000000000001,0,489367.0
"('02D', '05H', '13D')",13.052000000000001,0,489367.0
"('02D', '05H', '13H')",13.052000000000001,0,489367.0
"('02D', '05H', '13S')",13.052000000000001,0,489367.0
"('02D', '05S', '13C')",13.052000000000001,0,489367.0
"('02D', '05S', '13D')",13.052000000000001,0,489367.0
"('02D', '05S', '13H')",13.052000000000001,0,489367.0
"('02D', '05S', '13S')",13.052000000000001,0,489367.0
"('02H', '05C', '13C')",13.052000000000001,0,489367.0
"('02H', '05C', '13D')",13.052000000000001,0,489367.0
"('02H', '05C', '13H')",13.052000000000001,0,489367.0
"('02H', '05C', '13S')",13.052000000000001,0,489367.0
"('02H', '05D', '13C')",13.052000000000001,0,489367.0
"('02H', '05D', '13D')",13.052000000000001,0,489367.0
"('02H', '05D', '13H')",13.052000000000001,0,489367.0
"('02H', '05D', '13S')",13.052000000000001,0,489367.0
"('02H', '05H', '13C')",13.052000000000001,0,489367.0
"('02H', '05H', '13D')",13.052000000000001,0,489367.0
"('02H', '05H', '13H')",13.052000000000001,0,489367.0
"('02H', '05H', '13S')",13.052000000000001,0,489367.0
"('02H', '05S', '13C')",13.052000000000001,0,489367.0
"('02H', '05S', '13D')",13.052000000000001,0,489367.0
"('02H', '05S', '13H')",13.052000000000001,0,489367.0
"('02H', '05S', '13S')",13.052000000000001,0,489367.0
"('02S', '05C', '13C')",13.052000000000001,0,489367.0
"('02S', '05C', '13D')",13.052000000000001,0,489367.0
"('02S', '05C', '13H')",13.052000000000001,0,489367.0
"('02S', '05C', '13S')",13.052000000000001,0,489367.0
"('02S', '05D', '13C')",13.052000000000001,0,489367.0
"('02S', '05D', '13D')",13.052000000000001,0,489367.0
"('02S', '05D', '13H')",13.052000000000001,0,489367.0
"('02S', '05D', '13S')",13.052000000000001,0,489367.0
"('02S', '05H', '13C')",13.052000000000001,0,489367.0
"('02S', '05H', '13D')",13.052000000000001,0,489367.0
"('02S', '05H', '13H')",13.052000000000001,0,489367.0
"('02S', '05H', '13S')",13.052000000000001,0,489367.0
"('02S', '05S', '13C')",13.052000000000001,0,489367.0
"('02S', '05S', '13D')",13.052000000000001,0,489367.0
"('02S', '05S', '13H')",13.052000000000001,0,489367.0
"('02S', '05S', '13S')",13.052000000000001,0,489367.0
"('03C', '04C', '13C')",13.043,0,486471.0
"('03C', '04C', '13D')",13.043,0,486471.0
"('03C', '04C', '13H')",13.043,0,486471.0
"('03C', '04C', '13S')",13.043,0,486471.0
"('03C', '04D', '13C')",13.043,0,486471.0
"('03C', '04D', '13D')",13.043,0,486471.0
"('03C', '04D', '13H')",13.043,0,486471.0
"('03C', '04D', '13S')",13.043,0,486471.0
"('03C', '04H', '13C')",13.043,0,486471.0
"('03C', '04H', '13D')",13.043,0,486471.0
"('03C', '04H', '13H')",13.043,0,486471.0
"('03C', '04H', '13S')",13.043,0,486471.0
"('03C', '04S', '13C')",13.043,0,486471.0
"('03C', '04S', '13D')",13.043,0,486471.0
"('03C', '04S', '13H')",13.043,0,486471.0
"('03C', '04S', '13S')",13.043,0,486471.0
"('03D', '04C', '13C')",13.043,0,486471.0
"('03D', '04C', '13D')",13.043,0,486471.0
"('03D', '04C', '13H')",13.043,0,486471.0
"('03D', '04C', '13S')",13.043,0,486471.0
"('03D', '04D', '13C')",13.043,0,486471.0
"('03D', '04D', '13D')",13.043,0,486471.0
"('03D', '04D', '13H')",13.043,0,486471.0
"('03D', '04D', '13S')",13.043,0,486471.0
"('03D', '04H', '13C')",13.043,0,486471.0
"('03D', '04H', '13D')",13.043,0,486471.0
"('03D', '04H', '13H')",13.043,0,486471.0
"('03D', '04H', '13S')",13.043,0,486471.0
"('03D', '04S', '13C')",13.043,0,486471.0
"('03D', '04S', '13D')",13.043,0,486471.0
"('03D', '04S', '13H')",13.043,0,486471.0
"('03D', '04S', '13S')",13.043,0,486471.0
"('03H', '04C', '13C')",13.043,0,486471.0
"('03H', '04C', '13D')",13.043,0,486471.0
"('03H', '04C', '13H')",13.043,0,486471.0
"('03H', '04C', '13S')",13.043,0,486471.0
"('03H', '04D', '13C')",13.043,0,486471.0
"('03H', '04D', '13D')",13.043,0,486471.0
"('03H', '04D', '13H')",13.043,0,486471.0
"('03H', '04D', '13S')",13.043,0,486471.0
"('03H', '04H', '13C')",13.043,0,486471.0
"('03H', '04H', '13D')",13.043,0,486471.0
"('03H', '04H', '13H')",13.043,0,486471.0
"('03H', '04H', '13S')",13.043,0,486471.0
"('03H', '04S', '13C')",13.043,0,486471.0
"('03H', '04S', '13D')",13.043,0,486471.0
"('03H', '04S', '13H')",13.043,0,486471.0
"('03H', '04S', '13S')",13.043,0,486471.0
"('03S', '04C', '13C')",13.043,0,486471.0
"('03S', '04C', '13D')",13.043,0,486471.0
"('03S', '04C', '13H')",13.043,0,486471.0
"('03S', '04C', '13S')",13.043,0,486471.0
"('03S', '04D', '13C')",13.043,0,486471.0
"('03S', '04D', '13D')",13.043,0,486471.0
"('03S', '04D', '13H')",13.043,0,486471.0
"('03S', '04D', '13S')",13.043,0,486471.0
"('03S', '04H', '13C')",13.043,0,486471.0
"('03S', '04H', '13D')",13.043,0,486471.0
"('03S', '04H', '13H')",13.043,0,486471.0
"('03S', '04H', '13S')",13.043,0,486471.0
"('03S', '04S', '13C')",13.043,0,486471.0
"('03S', '04S', '13D')",13.043,0,486471.0
"('03S', '04S', '13H')",13.043,0,486471.0
"('03S', '04S', '13S')",13.043,0,486471.0
"('02C', '04C', '13C')",13.042,0,483575.0
"('02C', '04C', '13D')",13.042,0,483575.0
"('02C', '04C', '13H')",13.042,0,483575.0
"('02C', '04C', '13S')",13.042,0,483575.0
"('02C', '04D', '13C')",13.042,0,483575.0
"('02C', '04D', '13D')",13.042,0,483575.0
"('02C', '04D', '13H')",13.042,0,483575.0
"('02C', '04D', '13S')",13.042,0,483575.0
"('02C', '04H', '13C')",13.042,0,483575.0
"('02C', '04H', '13D')",13.042,0,483575.0
"('02C', '04H', '13H')",13.042,0,483575.0
"('02C', '04H', '13S')",13.042,0,483575.0
"('02C', '04S', '13C')",13.042,0,483575.0
"('02C', '04S', '13D')",13.042,0,483575.0
"('02C', '04S', '13H')",13.042,0,483575.0
"('02C', '04S', '13S')",13.042,0,483575.0
"('02D', '04C', '13C')",13.042,0,483575.0
"('02D', '04C', '13D')",13.042,0,483575.0
"('02D', '04C', '13H')",13.042,0,483575.0
"('02D', '04C', '13S')",13.042,0,483575.0
"('02D', '04D', '13C')",13.042,0,483575.0
"('02D', '04D', '13D')",13.042,0,483575.0
"('02D', '04D', '13H')",13.042,0,483575.0
"('02D', '04D', '13S')",13.042,0,483575.0
"('02D', '04H', '13C')",13.042,0,483575.0
"('02D', '04H', '13D')",13.042,0,483575.0
"('02D', '04H', '13H')",13.042,0,483575.0
"('02D', '04H', '13S')",13.042,0,483575.0
"('02D', '04S', '13C')",13.042,0,483575.0
"('02D', '04S', '13D')",13.042,0,483575.0
"('02D', '04S', '13H')",13.042,0,483575.0
"('02D', '04S', '13S')",13.042,0,483575.0
"('02H', '04C', '13C')",13.042,0,483575.0
"('02H', '04C', '13D')",13.042,0,483575.0
"('02H', '04C', '13H')",13.042,0,483575.0
"('02H', '04C', '13S')",13.042,0,483575.0
"('02H', '04D', '13C')",13.042,0,483575.0
"('02H', '04D', '13D')",13.042,0,483575.0
"('02H', '04D', '13H')",13.042,0,483575.0
"('02H', '04D', '13S')",13.042,0,483575.0
"('02H', '04H', '13C')",13.042,0,483575.0
"('02H', '04H', '13D')",13.042,0,483575.0
"('02H', '04H', '13H')",13.042,0,483575.0
"('02H', '04H', '13S')",13.042,0,483575.0
"('02H', '04S', '13C')",13.042,0,483575.0
"('02H', '04S', '13D')",13.042,0,483575.0
"('02H', '04S', '13H')",13.042,0,483575.0
"('02H', '04S', '13S')",13.042,0,483575.0
"('02S', '04C', '13C')",13.042,0,483575.0
"('02S', '04C', '13D')",13.042,0,483575.0
"('02S', '04C', '13H')",13.042,0,483575.0
"('02S', '04C', '13S')",13.042,0,483575.0
"('02S', '04D', '13C')",13.042,0,483575.0
"('02S', '04D', '13D')",13.042,0,483575.0
"('02S', '04D', '13H')",13.042,0,483575.0
"('02S', '04D', '13S')",13.042,0,483575.0
"('02S', '04H', '13C')",13.042,0,483575.0
"('02S', '04H', '13D')",13.042,0,483575.0
"('02S', '04H', '13H')",13.042,0,483575.0
"('02S', '04H', '13S')",13.042,0,483575.0
"('02S', '04S', '13C')",13.042,0,483575.0
"('02S', '04S', '13D')",13.042,0,483575.0
"('02S', '04S', '13H')",13.042,0,483575.0
"('02S', '04S', '13S')",13.042,0,483575.0
"('02C', '03C', '13C')",13.032,0,480679.0
"('02C', '03C', '13D')",13.032,0,480679.0
"('02C', '03C', '13H')",13.032,0,480679.0
"('02C', '03C', '13S')",13.032,0,480679.0
"('02C', '03D', '13C')",13.032,0,480679.0
"('02C', '03D', '13D')",13.032,0,480679.0
"('02C', '03D', '13H')",13.032,0,480679.0
"('02C', '03D', '13S')",13.032,0,480679.0
"('02C', '03H', '13C')",13.032,0,480679.0
"('02C', '03H', '13D')",13.032,0,480679.0
"('02C', '03H', '13H')",13.032,0,480679.0
"('02C', '03H', '13S')",13.032,0,480679.0
"('02C', '03S', '13C')",13.032,0,480679.0
"('02C', '03S', '13D')",13.032,0,480679.0
"('02C', '03S', '13H')",13.032,0,480679.0
"('02C', '03S', '13S')",13.032,0,480679.0
"('02D', '03C', '13C')",13.032,0,480679.0
"('02D', '03C', '13D')",13.032,0,480679.0
"('02D', '03C', '13H')",13.032,0,480679.0
"('02D', '03C', '13S')",13.032,0,480679.0
"('02D', '03D', '13C')",13.032,0,480679.0
"('02D', '03D', '13D')",13.032,0,480679.0
"('02D', '03D', '13H')",13.032,0,480679.0
"('02D', '03D', '13S')",13.032,0,480679.0
"('02D', '03H', '13C')",13.032,0,480679.0
"('02D', '03H', '13D')",13.032,0,480679.0
"('02D', '03H', '13H')",13.032,0,480679.0
"('02D', '03H', '13S')",13.032,0,480679.0
"('02D', '03S', '13C')",13.032,0,480679.0
"('02D', '03S', '13D')",13.032,0,480679.0
"('02D', '03S', '13H')",13.032,0,480679.0
"('02D', '03S', '13S')",13.032,0,480679.0
"('02H', '03C', '13C')",13.032,0,480679.0
"('02H', '03C', '13D')",13.032,0,480679.0
"('02H', '03C', '13H')",13.032,0,480679.0
"('02H', '03C', '13S')",13.032,0,480679.0
"('02H', '03D', '13C')",13.032,0,480679.0
"('02H', '03D', '13D')",13.032,0,480679.0
"('02H', '03D', '13H')",13.032,0,480679.0
"('02H', '03D', '13S')",13.032,0,480679.0
"('02H', '03H', '13C')",13.032,0,480679.0
"('02H', '03H', '13D')",13.032,0,480679.0
"('02H', '03H', '13H')",13.032,0,480679.0
"('02H', '03H', '13S')",13.032,0,480679.0
"('02H', '03S', '13C')",13.032,0,480679.0
"('02H', '03S', '13D')",13.032,0,480679.0
"('02H', '03S', '13H')",13.032,0,480679.0
"('02H', '03S', '13S')",13.032,0,480679.0
"('02S', '03C', '13C')",13.032,0,480679.0
"('02S', '03C', '13D')",13.032,0,480679.0
"('02S', '03C', '13H')",13.032,0,480679.0
"('02S', '03C', '13S')",13.032,0,480679.0
"('02S', '03D', '13C')",13.032,0,480679.0
"('02S', '03D', '13D')",13.032,0,480679.0
"('02S', '03D', '13H')",13.032,0,480679.0
"('02S', '03D', '13S')",13.032,0,480679.0
"('02S', '03H', '13C')",13.032,0,480679.0
"('02S', '03H', '13D')",13.032,0,480679.0
"('02S', '03H', '13H')",13.032,0,480679.0
"('02S', '03H', '13S')",13.032,0,480679.0
"('02S', '03S', '13C')",13.032,0,480679.0
"('02S', '03S', '13D')",13.032,0,480679.0
"('02S', '03S', '13H')",13.032,0,480679.0
"('02S', '03S', '13S')",13.032,0,480679.0
"('10C', '11C', '12C')",12.12,4,477783.0
"('10C', '11C', '12D')",12.12,4,477783.0
"('10C', '11C', '12H')",12.12,4,477783.0
"('10C', '11C', '12S')",12.12,4,477783.0
"('10C', '11D', '12C')",12.12,4,477783.0
"('10C', '11D', '12D')",12.12,4,477783.0
"('10C', '11D', '12H')",12.12,4,477783.0
"('10C', '11D', '12S')",12.12,4,477783.0
"('10C', '11H', '12C')",12.12,4,477783.0
"('10C', '11H', '12D')",12.12,4,477783.0
"('10C', '11H', '12H')",12.12,4,477783.0
"('10C', '11H', '12S')",12.12,4,477783.0
"('10C', '11S', '12C')",12.12,4,477783.0
"('10C', '11S', '12D')",12.12,4,477783.0
"('10C', '11S', '12H')",12.12,4,477783.0
"('10C', '11S', '12S')",12.12,4,477783.0
"('10D', '11C', '12C')",12.12,4,477783.0
"('10D', '11C', '12D')",12.12,4,477783.0
"('10D', '11C', '12H')",12.12,4,477783.0
"('10D', '11C', '12S')",12.12,4,477783.0
"('10D', '11D', '12C')",12.12,4,477783.0
"('10D', '11D', '12D')",12.12,4,477783.0
"('10D', '11D', '12H')",12.12,4,477783.0
"('10D', '11D', '12S')",12.12,4,477783.0
"('10D', '11H', '12C')",12.12,4,477783.0
"('10D', '11H', '12D')",12.12,4,477783.0
"('10D', '11H', '12H')",12.12,4,477783.0
"('10D', '11H', '12S')",12.12,4,477783.0
"('10D', '11S', '12C')",12.12,4,477783.0
"('10D', '11S', '12D')",12.12,4,477783.0
"('10D', '11S', '12H')",12.12,4,477783.0
"('10D', '11S', '12S')",12.12,4,477783.0
"('10H', '11C', '12C')",12.12,4,477783.0
"('10H', '11C', '12D')",12.12,4,477783.0
"('10H', '11C', '12H')",12.12,4,477783.0
"('10H', '11C', '12S')",12.12,4,477783.0
"('10H', '11D', '12C')",12.12,4,477783.0
"('10H', '11D', '12D')",12.12,4,477783.0
"('10H', '11D', '12H')",12.12,4,477783.0
"('10H', '11D', '12S')",12.12,4,477783.0
"('10H', '11H', '12C')",12.12,4,477783.0
"('10H', '11H', '12D')",12.12,4,477783.0
"('10H', '11H', '12H')",12.12,4,477783.0
"('10H', '11H', '12S')",12.12,4,477783.0
"('10H', '11S', '12C')",12.12,4,477783.0
"('10H', '11S', '12D')",12.12,4,477783.0
"('10H', '11S', '12H')",12.12,4,477783.0
"('10H', '11S', '12S')",12.12,4,477783.0
"('10S', '11C', '12C')",12.12,4,477783.0
"('10S', '11C', '12D')",12.12,4,477783.0
"('10S', '11C', '12H')",12.12,4,477783.0
"('10S', '11C', '12S')",12.12,4,477783.0
"('10S', '11D', '12C')",12.12,4,477783.0
"('10S', '11D', '12D')",12.12,4,477783.0
"('10S', '11D', '12H')",12.12,4,477783.0
"('10S', '11D', '12S')",12.12,4,477783.0
"('10S', '11H', '12C')",12.12,4,477783.0
"('10S', '11H', '12D')",12.12,4,477783.0
"('10S', '11H', '12H')",12.12,4,477783.0
"('10S', '11H', '12S')",12.12,4,477783.0
"('10S', '11S', '12C')",12.12,4,477783.0
"('10S', '11S', '12D')",12.12,4,477783.0
"('10S', '11S', '12H')",12.12,4,477783.0
"('10S', '11S', '12S')",12.12,4,477783.0
"('09C', '11C', '12C')",12.119,0,474887.0
"('09C', '11C', '12D')",12.119,0,474887.0
"('09C', '11C', '12H')",12.119,0,474887.0
"('09C', '11C', '12S')",12.119,0,474887.0
"('09C', '11D', '12C')",12.119,0,474887.0
"('09C', '11D', '12D')",12.119,0,474887.0
"('09C', '11D', '12H')",12.119,0,474887.0
"('09C', '11D', '12S')",12.119,0,474887.0
"('09C', '11H', '12C')",12.119,0,474887.0
"('09C', '11H', '12D')",12.119,0,474887.0
"('09C', '11H', '12H')",12.119,0,474887.0
"('09C', '11H', '12S')",12.119,0,474887.0
"('09C', '11S', '12C')",12.119,0,474887.0
"('09C', '11S', '12D')",12.119,0,474887.0
"('09C', '11S', '12H')",12.119,0,474887.0
"('09C', '11S', '12S')",12.119,0,474887.0
"('09D', '11C', '12C')",12.119,0,474887.0
"('09D', '11C', '12D')",12.119,0,474887.0
"('09D', '11C', '12H')",12.119,0,474887.0
"('09D', '11C', '12S')",12.119,0,474887.0
"('09D', '11D', '12C')",12.119,0,474887.0
"('09D', '11D', '12D')",12.119,0,474887.0
"('09D', '11D', '12H')",12.119,0,474887.0
"('09D', '11D', '12S')",12.119,0,474887.0
"('09D', '11H', '12C')",12.119,0,474887.0
"('09D', '11H', '12D')",12.119,0,474887.0
"('09D', '11H', '12H')",12.119,0,474887.0
"('09D', '11H', '12S')",12.119,0,474887.0
"('09D', '11S', '12C')",12.119,0,474887.0
"('09D', '11S', '12D')",12.119,0,474887.0
"('09D', '11S', '12H')",12.119,0,474887.0
"('09D', '11S', '12S')",12.119,0,474887.0
"('09H', '11C', '12C')",12.119,0,474887.0
"('09H', '11C', '12D')",12.119,0,474887.0
"('09H', '11C', '12H')",12.119,0,474887.0
"('09H', '11C', '12S')",12.119,0,474887.0
"('09H', '11D', '12C')",12.119,0,474887.0
"('09H', '11D', '12D')",12.119,0,474887.0
"('09H', '11D', '12H')",12.119,0,474887.0
"('09H', '11D', '12S')",12.119,0,474887.0
"('09H', '11H', '12C')",12.119,0,474887.0
"('09H', '11H', '12D')",12.119,0,474887.0
"('09H', '11H', '12H')",12.119,0,474887.0
"('09H', '11H', '12S')",12.119,0,474887.0
"('09H', '11S', '12C')",12.119,0,474887.0
"('09H', '11S', '12D')",12.119,0,474887.0
"('09H', '11S', '12H')",12.119,0,474887.0
"('09H', '11S', '12S')",12.119,0,474887.0
"('09S', '11C', '12C')",12.119,0,474887.0
"('09S', '11C', '12D')",12.119,0,474887.0
"('09S', '11C', '12H')",12.119,0,474887.0
"('09S', '11C', '12S')",12.119,0,474887.0
"('09S', '11D', '12C')",12.119,0,474887.0
"('09S', '11D', '12D')",12.119,0,474887.0
"('09S', '11D', '12H')",12.119,0,474887.0
"('09S', '11D', '12S')",12.119,0,474887.0
"('09S', '11H', '12C')",12.119,0,474887.0
"('09S', '11H', '12D')",12.119,0,474887.0
"('09S', '11H', '12H')",12.119,0,474887.0
"('09S', '11H', '12S')",12.119,0,474887.0
"('09S', '11S', '12C')",12.119,0,474887.0
"('09S', '11S', '12D')",12.119,0,474887.0
"('09S', '11S', '12H')",12.119,0,474887.0
"('09S', '11S', '12S')",12.119,0,474887.0
"('08C', '11C', '12C')",12.117999999999999,0,471991.0
"('08C', '11C', '12D')",12.117999999999999,0,471991.0
"('08C', '11C', '12H')",12.117999999999999,0,471991.0
"('08C', '11C', '12S')",12.117999999999999,0,471991.0
"('08C', '11D', '12C')",12.117999999999999,0,471991.0
"('08C', '11D', '12D')",12.117999999999999,0,471991.0
"('08C', '11D', '12H')",12.117999999999999,0,471991.0
"('08C', '11D', '12S')",12.117999999999999,0,471991.0
"('08C', '11H', '12C')",12.117999999999999,0,471991.0
"('08C', '11H', '12D')",12.117999999999999,0,471991.0
"('08C', '11H', '12H')",12.117999999999999,0,471991.0
"('08C', '11H', '12S')",12.117999999999999,0,471991.0
"('08C', '11S', '12C')",12.117999999999999,0,471991.0
"('08C', '11S', '12D')",12.117999999999999,0,471991.0
"('08C', '11S', '12H')",12.117999999999999,0,471991.0
"('08C', '11S', '12S')",12.117999999999999,0,471991.0
"('08D', '11C', '12C')",12.117999999999999,0,471991.0
"('08D', '11C', '12D')",12.117999999999999,0,471991.0
"('08D', '11C', '12H')",12.117999999999999,0,471991.0
"('08D', '11C', '12S')",12.117999999999999,0,471991.0
"('08D', '11D', '12C')",12.117999999999999,0,471991.0
"('08D', '11D', '12D')",12.117999999999999,0,471991.0
"('08D', '11D', '12H')",12.117999999999999,0,471991.0
"('08D', '11D', '12S')",12.117999999999999,0,471991.0
"('08D', '11H', '12C')",12.117999999999999,0,471991.0
"('08D', '11H', '12D')",12.117999999999999,0,471991.0
"('08D', '11H', '12H')",12.117999999999999,0,471991.0
"('08D', '11H', '12S')",12.117999999999999,0,471991.0
"('08D', '11S', '12C')",12.117999999999999,0,471991.0
"('08D', '11S', '12D')",12.117999999999999,0,471991.0
"('08D', '11S', '12H')",12.117999999999999,0,471991.0
"('08D', '11S', '12S')",12.117999999999999,0,471991.0
"('08H', '11C', '12C')",12.117999999999999,0,471991.0
"('08H', '11C', '12D')",12.117999999999999,0,471991.0
"('08H', '11C', '12H')",12.117999999999999,0,471991.0
"('08H', '11C', '12S')",12.117999999999999,0,471991.0
"('08H', '11D', '12C')",12.117999999999999,0,471991.0
"('08H', '11D', '12D')",12.117999999999999,0,471991.0
"('08H', '11D', '12H')",12.117999999999999,0,471991.0
"('08H', '11D', '12S')",12.117999999999999,0,471991.0
"('08H', '11H', '12C')",12.117999999999999,0,471991.0
"('08H', '11H', '12D')",12.117999999999999,0,471991.0
"('08H', '11H', '12H')",12.117999999999999,0,471991.0
"('08H', '11H', '12S')",12.117999999999999,0,471991.0
"('08H', '11S', '12C')",12.117999999999999,0,471991.0
"('08H', '11S', '12D')",12.117999999999999,0,471991.0
"('08H', '11S', '12H')",12.117999999999999,0,471991.0
"('08H', '11S', '12S')",12.117999999999999,0,471991.0
"('08S', '11C', '12C')",12.117999999999999,0,471991.0
"('08S', '11C', '12D')",12.117999999999999,0,471991.0
"('08S', '11C', '12H')",12.117999999999999,0,471991.0
"('08S', '11C', '12S')",12.117999999999999,0,471991.0
"('08S', '11D', '12C')",12.117999999999999,0,471991.0
"('08S', '11D', '12D')",12.117999999999999,0,471991.0
"('08S', '11D', '12H')",12.117999999999999,0,471991.0
"('08S', '11D', '12S')",12.117999999999999,0,471991.0
"('08S', '11H', '12C')",12.117999999999999,0,471991.0
"('08S', '11H', '12D')",12.117999999999999,0,471991.0
"('08S', '11H', '12H')",12.117999999999999,0,471991.0
"('08S', '11H', '12S')",12.117999999999999,0,471991.0
"('08S', '11S', '12C')",12.117999999999999,0,471991.0
"('08S', '11S', '12D')",12.117999999999999,0,471991.0
"('08S', '11S', '12H')",12.117999999999999,0,471991.0
"('08S', '11S', '12S')",12.117999999999999,0,471991.0
"('07C', '11C', '12C')",12.116999999999999,0,469095.0
"('07C', '11C', '12D')",12.116999999999999,0,469095.0
"('07C', '11C', '12H')",12.116999999999999,0,469095.0
"('07C', '11C', '12S')",12.116999999999999,0,469095.0
"('07C', '11D', '12C')",12.116999999999999,0,469095.0
"('07C', '11D', '12D')",12.116999999999999,0,469095.0
"('07C', '11D', '12H')",12.116999999999999,0,469095.0
"('07C', '11D', '12S')",12.116999999999999,0,469095.0
"('07C', '11H', '12C')",12.116999999999999,0,469095.0
"('07C', '11H', '12D')",12.116999999999999,0,469095.0
"('07C', '11H', '12H')",12.116999999999999,0,469095.0
"('07C', '11H', '12S')",12.116999999999999,0,469095.0
"('07C', '11S', '12C')",12.116999999999999,0,469095.0
"('07C', '11S', '12D')",12.116999999999999,0,469095.0
"('07C', '11S', '12H')",12.116999999999999,0,469095.0
"('07C', '11S', '12S')",12.116999999999999,0,469095.0
"('07D', '11C', '12C')",12.116999999999999,0,469095.0
"('07D', '11C', '12D')",12.116999999999999,0,469095.0
"('07D', '11C', '12H')",12.116999999999999,0,469095.0
"('07D', '11C', '12S')",12.116999999999999,0,469095.0
"('07D', '11D', '12C')",12.116999999999999,0,469095.0
"('07D', '11D', '12D')",12.116999999999999,0,469095.0
"('07D', '11D', '12H')",12.116999999999999,0,469095.0
"('07D', '11D', '12S')",12.116999999999999,0,469095.0
"('07D', '11H', '12C')",12.116999999999999,0,469095.0
"('07D', '11H', '12D')",12.116999999999999,0,469095.0
"('07D', '11H', '12H')",12.116999999999999,0,469095.0
"('07D', '11H', '12S')",12.116999999999999,0,469095.0
"('07D', '11S', '12C')",12.116999999999999,0,469095.0
"('07D', '11S', '12D')",12.116999999999999,0,469095.0
"('07D', '11S', '12H')",12.116999999999999,0,469095.0
"('07D', '11S', '12S')",12.116999999999999,0,469095.0
"('07H', '11C', '12C')",12.116999999999999,0,469095.0
"('07H', '11C', '12D')",12.116999999999999,0,469095.0
"('07H', '11C', '12H')",12.116999999999999,0,469095.0
"('07H', '11C', '12S')",12.116999999999999,0,469095.0
"('07H', '11D', '12C')",12.116999999999999,0,469095.0
"('07H', '11D', '12D')",12.116999999999999,0,469095.0
"('07H', '11D', '12H')",12.116999999999999,0,469095.0
"('07H', '11D', '12S')",12.116999999999999,0,469095.0
"('07H', '11H', '12C')",12.116999999999999,0,469095.0
"('07H', '11H', '12D')",12.116999999999999,0,469095.0
"('07H', '11H', '12H')",12.116999999999999,0,469095.0
"('07H', '11H', '12S')",12.116999999999999,0,469095.0
"('07H', '11S', '12C')",12.116999999999999,0,469095.0
"('07H', '11S', '12D')",12.116999999999999,0,469095.0
"('07H', '11S', '12H')",12.116999999999999,0,469095.0
"('07H', '11S', '12S')",12.116999999999999,0,469095.0
"('07S', '11C', '12C')",12.116999999999999,0,469095.0
"('07S', '11C', '12D')",12.116999999999999,0,469095.0
"('07S', '11C', '12H')",12.116999999999999,0,469095.0
"('07S', '11C', '12S')",12.116999999999999,0,469095.0
"('07S', '11D', '12C')",12.116999999999999,0,469095.0
"('07S', '11D', '12D')",12.116999999999999,0,469095.0
"('07S', '11D', '12H')",12.116999999999999,0,469095.0
"('07S', '11D', '12S')",12.116999999999999,0,469095.0
"('07S', '11H', '12C')",12.116999999999999,0,469095.0
"('07S', '11H', '12D')",12.116999999999999,0,469095.0
"('07S', '11H', '12H')",12.116999999999999,0,469095.0
"('07S', '11H', '12S')",12.116999999999999,0,469095.0
"('07S', '11S', '12C')",12.116999999999999,0,469095.0
"('07S', '11S', '12D')",12.116999999999999,0,469095.0
"('07S', '11S', '12H')",12.116999999999999,0,469095.0
"('07S', '11S', '12S')",12.116999999999999,0,469095.0
"('06C', '11C', '12C')",12.116,0,466199.0
"('06C', '11C', '12D')",12.116,0,466199.0
"('06C', '11C', '12H')",12.116,0,466199.0
"('06C', '11C', '12S')",12.116,0,466199.0
"('06C', '11D', '12C')",12.116,0,466199.0
"('06C', '11D', '12D')",12.116,0,466199.0
"('06C', '11D', '12H')",12.116,0,466199.0
"('06C', '11D', '12S')",12.116,0,466199.0
"('06C', '11H', '12C')",12.116,0,466199.0
"('06C', '11H', '12D')",12.116,0,466199.0
"('06C', '11H', '12H')",12.116,0,466199.0
"('06C', '11H', '12S')",12.116,0,466199.0
"('06C', '11S', '12C')",12.116,0,466199.0
"('06C', '11S', '12D')",12.116,0,466199.0
"('06C', '11S', '12H')",12.116,0,466199.0
"('06C', '11S', '12S')",12.116,0,466199.0
"('06D', '11C', '12C')",12.116,0,466199.0
"('06D', '11C', '12D')",12.116,0,466199.0
"('06D', '11C', '12H')",12.116,0,466199.0
"('06D', '11C', '12S')",12.116,0,466199.0
"('06D', '11D', '12C')",12.116,0,466199.0
"('06D', '11D', '12D')",12.116,0,466199.0
"('06D', '11D', '12H')",12.116,0,466199.0
"('06D', '11D', '12S')",12.116,0,466199.0
"('06D', '11H', '12C')",12.116,0,466199.0
"('06D', '11H', '12D')",12.116,0,466199.0
"('06D', '11H', '12H')",12.116,0,466199.0
"('06D', '11H', '12S')",12.116,0,466199.0
"('06D', '11S', '12C')",12.116,0,466199.0
"('06D', '11S', '12D')",12.116,0,466199.0
"('06D', '11S', '12H')",12.116,0,466199.0
"('06D', '11S', '12S')",12.116,0,466199.0
"('06H', '11C', '12C')",12.116,0,466199.0
"('06H', '11C', '12D')",12.116,0,466199.0
"('06H', '11C', '12H')",12.116,0,466199.0
"('06H', '11C', '12S')",12.116,0,466199.0
"('06H', '11D', '12C')",12.116,0,466199.0
"('06H', '11D', '12D')",12.116,0,466199.0
"('06H', '11D', '12H')",12.116,0,466199.0
"('06H', '11D', '12S')",12.116,0,466199.0
"('06H', '11H', '12C')",12.116,0,466199.0
"('06H', '11H', '12D')",12.116,0,466199.0
"('06H', '11H', '12H')",12.116,0,466199.0
"('06H', '11H', '12S')",12.116,0,466199.0
"('06H', '11S', '12C')",12.116,0,466199.0
"('06H', '11S', '12D')",12.116,0,466199.0
"('06H', '11S', '12H')",12.116,0,466199.0
"('06H', '11S', '12S')",12.116,0,466199.0
"('06S', '11C', '12C')",12.116,0,466199.0
"('06S', '11C', '12D')",12.116,0,466199.0
"('06S', '11C', '12H')",12.116,0,466199.0
"('06S', '11C', '12S')",12.116,0,466199.0
"('06S', '11D', '12C')",12.116,0,466199.0
"('06S', '11D', '12D')",12.116,0,466199.0
"('06S', '11D', '12H')",12.116,0,466199.0
"('06S', '11D', '12S')",12.116,0,466199.0
"('06S', '11H', '12C')",12.116,0,466199.0
"('06S', '11H', '12D')",12.116,0,466199.0
"('06S', '11H', '12H')",12.116,0,466199.0
"('06S', '11H', '12S')",12.116,0,466199.0
"('06S', '11S', '12C')",12.116,0,466199.0
"('06S', '11S', '12D')",12.116,0,466199.0
"('06S', '11S', '12H')",12.116,0,466199.0
"('06S', '11S', '12S')",12.116,0,466199.0
"('05C', '11C', '12C')",12.115,0,463303.0
"('05C', '11C', '12D')",12.115,0,463303.0
"('05C', '11C', '12H')",12.115,0,463303.0
"('05C', '11C', '12S')",12.115,0,463303.0
"('05C', '11D', '12C')",12.115,0,463303.0
"('05C', '11D', '12D')",12.115,0,463303.0
"('05C', '11D', '12H')",12.115,0,463303.0
"('05C', '11D', '12S')",12.115,0,463303.0
"('05C', '11H', '12C')",12.115,0,463303.0
"('05C', '11H', '12D')",12.115,0,463303.0
"('05C', '11H', '12H')",12.115,0,463303.0
"('05C', '11H', '12S')",12.115,0,463303.0
"('05C', '11S', '12C')",12.115,0,463303.0
"('05C', '11S', '12D')",12.115,0,463303.0
"('05C', '11S', '12H')",12.115,0,463303.0
"('05C', '11S', '12S')",12.115,0,463303.0
"('05D', '11C', '12C')",12.115,0,463303.0
"('05D', '11C', '12D')",12.115,0,463303.0
"('05D', '11C', '12H')",12.115,0,463303.0
"('05D', '11C', '12S')",12.115,0,463303.0
"('05D', '11D', '12C')",12.115,0,463303.0
"('05D', '11D', '12D')",12.115,0,463303.0
"('05D', '11D', '12H')",12.115,0,463303.0
"('05D', '11D', '12S')",12.115,0,463303.0
"('05D', '11H', '12C')",12.115,0,463303.0
"('05D', '11H', '12D')",12.115,0,463303.0
"('05D', '11H', '12H')",12.115,0,463303.0
"('05D', '11H', '12S')",12.115,0,463303.0
"('05D', '11S', '12C')",12.115,0,463303.0
"('05D', '11S', '12D')",12.115,0,463303.0
"('05D', '11S', '12H')",12.115,0,463303.0
"('05D', '11S', '12S')",12.115,0,463303.0
"('05H', '11C', '12C')",12.115,0,463303.0
"('05H', '11C', '12D')",12.115,0,463303.0
"('05H', '11C', '12H')",12.115,0,463303.0
"('05H', '11C', '12S')",12.115,0,463303.0
"('05H', '11D', '12C')",12.115,0,463303.0
"('05H', '11D', '12D')",12.115,0,463303.0
"('05H', '11D', '12H')",12.115,0,463303.0
"('05H', '11D', '12S')",12.115,0,463303.0
"('05H', '11H', '12C')",12.115,0,463303.0
"('05H', '11H', '12D')",12.115,0,463303.0
"('05H', '11H', '12H')",12.115,0,463303.0
"('05H', '11H', '12S')",12.115,0,463303.0
"('05H', '11S', '12C')",12.115,0,463303.0
"('05H', '11S', '12D')",12.115,0,463303.0
"('05H', '11S', '12H')",12.115,0,463303.0
"('05H', '11S', '12S')",12.115,0,463303.0
"('05S', '11C', '12C')",12.115,0,463303.0
"('05S', '11C', '12D')",12.115,0,463303.0
"('05S', '11C', '12H')",12.115,0,463303.0
"('05S', '11C', '12S')",12.115,0,463303.0
"('05S', '11D', '12C')",12.115,0,463303.0
"('05S', '11D', '12D')",12.115,0,463303.0
"('05S', '11D', '12H')",12.115,0,463303.0
"('05S', '11D', '12S')",12.115,0,463303.0
"('05S', '11H', '12C')",12.115,0,463303.0
"('05S', '11H', '12D')",12.115,0,463303.0
"('05S', '11H', '12H')",12.115,0,463303.0
"('05S', '11H', '12S')",12.115,0,463303.0
"('05S', '11S', '12C')",12.115,0,463303.0
"('05S', '11S', '12D')",12.115,0,463303.0
"('05S', '11S', '12H')",12.115,0,463303.0
"('05S', '11S', '12S')",12.115,0,463303.0
"('04C', '11C', '12C')",12.113999999999999,0,460407.0
"('04C', '11C', '12D')",12.113999999999999,0,460407.0
"('04C', '11C', '12H')",12.113999999999999,0,460407.0
"('04C', '11C', '12S')",12.113999999999999,0,460407.0
"('04C', '11D', '12C')",12.113999999999999,0,460407.0
"('04C', '11D', '12D')",12.113999999999999,0,460407.0
"('04C', '11D', '12H')",12.113999999999999,0,460407.0
"('04C', '11D', '12S')",12.113999999999999,0,460407.0
"('04C', '11H', '12C')",12.113999999999999,0,460407.0
"('04C', '11H', '12D')",12.113999999999999,0,460407.0
"('04C', '11H', '12H')",12.113999999999999,0,460407.0
"('04C', '11H', '12S')",12.113999999999999,0,460407.0
"('04C', '11S', '12C')",12.113999999999999,0,460407.0
"('04C', '11S', '12D')",12.113999999999999,0,460407.0
"('04C', '11S', '12H')",12.113999999999999,0,460407.0
"('04C', '11S', '12S')",12.113999999999999,0,460407.0
"('04D', '11C', '12C')",12.113999999999999,0,460407.0
"('04D', '11C', '12D')",12.113999999999999,0,460407.0
"('04D', '11C', '12H')",12.113999999999999,0,460407.0
"('04D', '11C', '12S')",12.113999999999999,0,460407.0
"('04D', '11D', '12C')",12.113999999999999,0,460407.0
"('04D', '11D', '12D')",12.113999999999999,0,460407.0
"('04D', '11D', '12H')",12.113999999999999,0,460407.0
"('04D', '11D', '12S')",12.113999999999999,0,460407.0
"('04D', '11H', '12C')",12.113999999999999,0,460407.0
"('04D', '11H', '12D')",12.113999999999999,0,460407.0
"('04D', '11H', '12H')",12.113999999999999,0,460407.0
"('04D', '11H', '12S')",12.113999999999999,0,460407.0
"('04D', '11S', '12C')",12.113999999999999,0,460407.0
"('04D', '11S', '12D')",12.113999999999999,0,460407.0
"('04D', '11S', '12H')",12.113999999999999,0,460407.0
"('04D', '11S', '12S')",12.113999999999999,0,460407.0
"('04H', '11C', '12C')",12.113999999999999,0,460407.0
"('04H', '11C', '12D')",12.113999999999999,0,460407.0
"('04H', '11C', '12H')",12.113999999999999,0,460407.0
"('04H', '11C', '12S')",12.113999999999999,0,460407.0
"('04H', '11D', '12C')",12.113999999999999,0,460407.0
"('04H', '11D', '12D')",12.113999999999999,0,460407.0
"('04H', '11D', '12H')",12.113999999999999,0,460407.0
"('04H', '11D', '12S')",12.113999999999999,0,460407.0
"('04H', '11H', '12C')",12.113999999999999,0,460407.0
"('04H', '11H', '12D')",12.113999999999999,0,460407.0
"('04H', '11H', '12H')",12.113999999999999,0,460407.0
"('04H', '11H', '12S')",12.113999999999999,0,460407.0
"('04H', '11S', '12C')",12.113999999999999,0,460407.0
"('04H', '11S', '12D')",12.113999999999999,0,460407.0
"('04H', '11S', '12H')",12.113999999999999,0,460407.0
"('04H', '11S', '12S')",12.113999999999999,0,460407.0
"('04S', '11C', '12C')",12.113999999999999,0,460407.0
"('04S', '11C', '12D')",12.113999999999999,0,460407.0
"('04S', '11C', '12H')",12.113999999999999,0,460407.0
"('04S', '11C', '12S')",12.113999999999999,0,460407.0
"('04S', '11D', '12C')",12.113999999999999,0,460407.0
"('04S', '11D', '12D')",12.113999999999999,0,460407.0
"('04S', '11D', '12H')",12.113999999999999,0,460407.0
"('04S', '11D', '12S')",12.113999999999999,0,460407.0
"('04S', '11H', '12C')",12.113999999999999,0,460407.0
"('04S', '11H', '12D')",12.113999999999999,0,460407.0
"('04S', '11H', '12H')",12.113999999999999,0,460407.0
"('04S', '11H', '12S')",12.113999999999999,0,460407.0
"('04S', '11S', '12C')",12.113999999999999,0,460407.0
"('04S', '11S', '12D')",12.113999999999999,0,460407.0
"('04S', '11S', '12H')",12.113999999999999,0,460407.0
"('04S', '11S', '12S')",12.113999999999999,0,460407.0
"('03C', '11C', '12C')",12.113,0,457511.0
"('03C', '11C', '12D')",12.113,0,457511.0
"('03C', '11C', '12H')",12.113,0,457511.0
"('03C', '11C', '12S')",12.113,0,457511.0
"('03C', '11D', '12C')",12.113,0,457511.0
"('03C', '11D', '12D')",12.113,0,457511.0
"('03C', '11D', '12H')",12.113,0,457511.0
"('03C', '11D', '12S')",12.113,0,457511.0
"('03C', '11H', '12C')",12.113,0,457511.0
"('03C', '11H', '12D')",12.113,0,457511.0
"('03C', '11H', '12H')",12.113,0,457511.0
"('03C', '11H', '12S')",12.113,0,457511.0
"('03C', '11S', '12C')",12.113,0,457511.0
"('03C', '11S', '12D')",12.113,0,457511.0
"('03C', '11S', '12H')",12.113,0,457511.0
"('03C', '11S', '12S')",12.113,0,457511.0
"('03D', '11C', '12C')",12.113,0,457511.0
"('03D', '11C', '12D')",12.113,0,457511.0
"('03D', '11C', '12H')",12.113,0,457511.0
"('03D', '11C', '12S')",12.113,0,457511.0
"('03D', '11D', '12C')",12.113,0,457511.0
"('03D', '11D', '12D')",12.113,0,457511.0
"('03D', '11D', '12H')",12.113,0,457511.0
"('03D', '11D', '12S')",12.113,0,457511.0
"('03D', '11H', '12C')",12.113,0,457511.0
"('03D', '11H', '12D')",12.113,0,457511.0
"('03D', '11H', '12H')",12.113,0,457511.0
"('03D', '11H', '12S')",12.113,0,457511.0
"('03D', '11S', '12C')",12.113,0,457511.0
"('03D', '11S', '12D')",12.113,0,457511.0
"('03D', '11S', '12H')",12.113,0,457511.0
"('03D', '11S', '12S')",12.113,0,457511.0
"('03H', '11C', '12C')",12.113,0,457511.0
"('03H', '11C', '12D')",12.113,0,457511.0
"('03H', '11C', '12H')",12.113,0,457511.0
"('03H', '11C', '12S')",12.113,0,457511.0
"('03H', '11D', '12C')",12.113,0,457511.0
"('03H', '11D', '12D')",12.113,0,457511.0
"('03H', '11D', '12H')",12.113,0,457511.0
"('03H', '11D', '12S')",12.113,0,457511.0
"('03H', '11H', '12C')",12.113,0,457511.0
"('03H', '11H', '12D')",12.113,0,457511.0
"('03H', '11H', '12H')",12.113,0,457511.0
"('03H', '11H', '12S')",12.113,0,457511.0
"('03H', '11S', '12C')",12.113,0,457511.0
"('03H', '11S', '12D')",12.113,0,457511.0
"('03H', '11S', '12H')",12.113,0,457511.0
"('03H', '11S', '12S')",12.113,0,457511.0
"('03S', '11C', '12C')",12.113,0,457511.0
"('03S', '11C', '12D')",12.113,0,457511.0
"('03S', '11C', '12H')",12.113,0,457511.0
"('03S', '11C', '12S')",12.113,0,457511.0
"('03S', '11D', '12C')",12.113,0,457511.0
"('03S', '11D', '12D')",12.113,0,457511.0
"('03S', '11D', '12H')",12.113,0,457511.0
"('03S', '11D', '12S')",12.113,0,457511.0
"('03S', '11H', '12C')",12.113,0,457511.0
"('03S', '11H', '12D')",12.113,0,457511.0
"('03S', '11H', '12H')",12.113,0,457511.0
"('03S', '11H', '12S')",12.113,0,457511.0
"('03S', '11S', '12C')",12.113,0,457511.0
"('03S', '11S', '12D')",12.113,0,457511.0
"('03S', '11S', '12H')",12.113,0,457511.0
"('03S', '11S', '12S')",12.113,0,457511.0
"('02C', '11C', '12C')",12.112,0,454615.0
"('02C', '11C', '12D')",12.112,0,454615.0
"('02C', '11C', '12H')",12.112,0,454615.0
"('02C', '11C', '12S')",12.112,0,454615.0
"('02C', '11D', '12C')",12.112,0,454615.0
"('02C', '11D', '12D')",12.112,0,454615.0
"('02C', '11D', '12H')",12.112,0,454615.0
"('02C', '11D', '12S')",12.112,0,454615.0
"('02C', '11H', '12C')",12.112,0,454615.0
"('02C', '11H', '12D')",12.112,0,454615.0
"('02C', '11H', '12H')",12.112,0,454615.0
"('02C', '11H', '12S')",12.112,0,454615.0
"('02C', '11S', '12C')",12.112,0,454615.0
"('02C', '11S', '12D')",12.112,0,454615.0
"('02C', '11S', '12H')",12.112,0,454615.0
"('02C', '11S', '12S')",12.112,0,454615.0
"('02D', '11C', '12C')",12.112,0,454615.0
"('02D', '11C', '12D')",12.112,0,454615.0
"('02D', '11C', '12H')",12.112,0,454615.0
"('02D', '11C', '12S')",12.112,0,454615.0
"('02D', '11D', '12C')",12.112,0,454615.0
"('02D', '11D', '12D')",12.112,0,454615.0
"('02D', '11D', '12H')",12.112,0,454615.0
"('02D', '11D', '12S')",12.112,0,454615.0
"('02D', '11H', '12C')",12.112,0,454615.0
"('02D', '11H', '12D')",12.112,0,454615.0
"('02D', '11H', '12H')",12.112,0,454615.0
"('02D', '11H', '12S')",12.112,0,454615.0
"('02D', '11S', '12C')",12.112,0,454615.0
"('02D', '11S', '12D')",12.112,0,454615.0
"('02D', '11S', '12H')",12.112,0,454615.0
"('02D', '11S', '12S')",12.112,0,454615.0
"('02H', '11C', '12C')",12.112,0,454615.0
"('02H', '11C', '12D')",12.112,0,454615.0
"('02H', '11C', '12H')",12.112,0,454615.0
"('02H', '11C', '12S')",12.112,0,454615.0
"('02H', '11D', '12C')",12.112,0,454615.0
"('02H', '11D', '12D')",12.112,0,454615.0
"('02H', '11D', '12H')",12.112,0,454615.0
"('02H', '11D', '12S')",12.112,0,454615.0
"('02H', '11H', '12C')",12.112,0,454615.0
"('02H', '11H', '12D')",12.112,0,454615.0
"('02H', '11H', '12H')",12.112,0,454615.0
"('02H', '11H', '12S')",12.112,0,454615.0
"('02H', '11S', '12C')",12.112,0,454615.0
"('02H', '11S', '12D')",12.112,0,454615.0
"('02H', '11S', '12H')",12.112,0,454615.0
"('02H', '11S', '12S')",12.112,0,454615.0
"('02S', '11C', '12C')",12.112,0,454615.0
"('02S', '11C', '12D')",12.112,0,454615.0
"('02S', '11C', '12H')",12.112,0,454615.0
"('02S', '11C', '12S')",12.112,0,454615.0
"('02S', '11D', '12C')",12.112,0,454615.0
"('02S', '11D', '12D')",12.112,0,454615.0
"('02S', '11D', '12H')",12.112,0,454615.0
"('02S', '11D', '12S')",12.112,0,454615.0
"('02S', '11H', '12C')",12.112,0,454615.0
"('02S', '11H', '12D')",12.112,0,454615.0
"('02S', '11H', '12H')",12.112,0,454615.0
"('02S', '11H', '12S')",12.112,0,454615.0
"('02S', '11S', '12C')",12.112,0,454615.0
"('02S', '11S', '12D')",12.112,0,454615.0
"('02S', '11S', '12H')",12.112,0,454615.0
"('02S', '11S', '12S')",12.112,0,454615.0
"('09C', '10C', '12C')",12.109,0,451719.0
"('09C', '10C', '12D')",12.109,0,451719.0
"('09C', '10C', '12H')",12.109,0,451719.0
"('09C', '10C', '12S')",12.109,0,451719.0
"('09C', '10D', '12C')",12.109,0,451719.0
"('09C', '10D', '12D')",12.109,0,451719.0
"('09C', '10D', '12H')",12.109,0,451719.0
"('09C', '10D', '12S')",12.109,0,451719.0
"('09C', '10H', '12C')",12.109,0,451719.0
"('09C', '10H', '12D')",12.109,0,451719.0
"('09C', '10H', '12H')",12.109,0,451719.0
"('09C', '10H', '12S')",12.109,0,451719.0
"('09C', '10S', '12C')",12.109,0,451719.0
"('09C', '10S', '12D')",12.109,0,451719.0
"('09C', '10S', '12H')",12.109,0,451719.0
"('09C', '10S', '12S')",12.109,0,451719.0
"('09D', '10C', '12C')",12.109,0,451719.0
"('09D', '10C', '12D')",12.109,0,451719.0
"('09D', '10C', '12H')",12.109,0,451719.0
"('09D', '10C', '12S')",12.109,0,451719.0
"('09D', '10D', '12C')",12.109,0,451719.0
"('09D', '10D', '12D')",12.109,0,451719.0
"('09D', '10D', '12H')",12.109,0,451719.0
"('09D', '10D', '12S')",12.109,0,451719.0
"('09D', '10H', '12C')",12.109,0,451719.0
"('09D', '10H', '12D')",12.109,0,451719.0
"('09D', '10H', '12H')",12.109,0,451719.0
"('09D', '10H', '12S')",12.109,0,451719.0
"('09D', '10S', '12C')",12.109,0,451719.0
"('09D', '10S', '12D')",12.109,0,451719.0
"('09D', '10S', '12H')",12.109,0,451719.0
"('09D', '10S', '12S')",12.109,0,451719.0
"('09H', '10C', '12C')",12.109,0,451719.0
"('09H', '10C', '12D')",12.109,0,451719.0
"('09H', '10C', '12H')",12.109,0,451719.0
"('09H', '10C', '12S')",12.109,0,451719.0
"('09H', '10D', '12C')",12.109,0,451719.0
"('09H', '10D', '12D')",12.109,0,451719.0
"('09H', '10D', '12H')",12.109,0,451719.0
"('09H', '10D', '12S')",12.109,0,451719.0
"('09H', '10H', '12C')",12.109,0,451719.0
"('09H', '10H', '12D')",12.109,0,451719.0
"('09H', '10H', '12H')",12.109,0,451719.0
"('09H', '10H', '12S')",12.109,0,451719.0
"('09H', '10S', '12C')",12.109,0,451719.0
"('09H', '10S', '12D')",12.109,0,451719.0
"('09H', '10S', '12H')",12.109,0,451719.0
"('09H', '10S', '12S')",12.109,0,451719.0
"('09S', '10C', '12C')",12.109,0,451719.0
"('09S', '10C', '12D')",12.109,0,451719.0
"('09S', '10C', '12H')",12.109,0,451719.0
"('09S', '10C', '12S')",12.109,0,451719.0
"('09S', '10D', '12C')",12.109,0,451719.0
"('09S', '10D', '12D')",12.109,0,451719.0
"('09S', '10D', '12H')",12.109,0,451719.0
"('09S', '10D', '12S')",12.109,0,451719.0
"('09S', '10H', '12C')",12.109,0,451719.0
"('09S', '10H', '12D')",12.109,0,451719.0
"('09S', '10H', '12H')",12.109,0,451719.0
"('09S', '10H', '12S')",12.109,0,451719.0
"('09S', '10S', '12C')",12.109,0,451719.0
"('09S', '10S', '12D')",12.109,0,451719.0
"('09S', '10S', '12H')",12.109,0,451719.0
"('09S', '10S', '12S')",12.109,0,451719.0
"('08C', '10C', '12C')",12.107999999999999,0,448824.0
"('08C', '10C', '12D')",12.107999999999999,0,448824.0
"('08C', '10C', '12H')",12.107999999999999,0,448824.0
"('08C', '10C', '12S')",12.107999999999999,0,448824.0
"('08C', '10D', '12C')",12.107999999999999,0,448824.0
"('08C', '10D', '12D')",12.107999999999999,0,448824.0
"('08C', '10D', '12H')",12.107999999999999,0,448824.0
"('08C', '10D', '12S')",12.107999999999999,0,448824.0
"('08C', '10H', '12C')",12.107999999999999,0,448824.0
"('08C', '10H', '12D')",12.107999999999999,0,448824.0
"('08C', '10H', '12H')",12.107999999999999,0,448824.0
"('08C', '10H', '12S')",12.107999999999999,0,448824.0
"('08C', '10S', '12C')",12.107999999999999,0,448824.0
"('08C', '10S', '12D')",12.107999999999999,0,448824.0
"('08C', '10S', '12H')",12.107999999999999,0,448824.0
"('08C', '10S', '12S')",12.107999999999999,0,448824.0
"('08D', '10C', '12C')",12.107999999999999,0,448824.0
"('08D', '10C', '12D')",12.107999999999999,0,448824.0
"('08D', '10C', '12H')",12.107999999999999,0,448824.0
"('08D', '10C', '12S')",12.107999999999999,0,448824.0
"('08D', '10D', '12C')",12.107999999999999,0,448824.0
"('08D', '10D', '12D')",12.107999999999999,0,448824.0
"('08D', '10D', '12H')",12.107999999999999,0,448824.0
"('08D', '10D', '12S')",12.107999999999999,0,448824.0
"('08D', '10H', '12C')",12.107999999999999,0,448824.0
"('08D', '10H', '12D')",12.107999999999999,0,448824.0
"('08D', '10H', '12H')",12.107999999999999,0,448824.0
"('08D', '10H', '12S')",12.107999999999999,0,448824.0
"('08D', '10S', '12C')",12.107999999999999,0,448824.0
"('08D', '10S', '12D')",12.107999999999999,0,448824.0
"('08D', '10S', '12H')",12.107999999999999,0,448824.0
"('08D', '10S', '12S')",12.107999999999999,0,448824.0
"('08H', '10C', '12C')",12.107999999999999,0,448824.0
"('08H', '10C', '12D')",12.107999999999999,0,448824.0
"('08H', '10C', '12H')",12.107999999999999,0,448824.0
"('08H', '10C', '12S')",12.107999999999999,0,448824.0
"('08H', '10D', '12C')",12.107999999999999,0,448824.0
"('08H', '10D', '12D')",12.107999999999999,0,448824.0
"('08H', '10D', '12H')",12.107999999999999,0,448824.0
"('08H', '10D', '12S')",12.107999999999999,0,448824.0
"('08H', '10H', '12C')",12.107999999999999,0,448824.0
"('08H', '10H', '12D')",12.107999999999999,0,448824.0
"('08H', '10H', '12H')",12.107999999999999,0,448824.0
"('08H', '10H', '12S')",12.107999999999999,0,448824.0
"('08H', '10S', '12C')",12.107999999999999,0,448824.0
"('08H', '10S', '12D')",12.107999999999999,0,448824.0
"('08H', '10S', '12H')",12.107999999999999,0,448824.0
"('08H', '10S', '12S')",12.107999999999999,0,448824.0
"('08S', '10C', '12C')",12.107999999999999,0,448824.0
"('08S', '10C', '12D')",12.107999999999999,0,448824.0
"('08S', '10C', '12H')",12.107999999999999,0,448824.0
"('08S', '10C', '12S')",12.107999999999999,0,448824.0
"('08S', '10D', '12C')",12.107999999999999,0,448824.0
"('08S', '10D', '12D')",12.107999999999999,0,448824.0
"('08S', '10D', '12H')",12.107999999999999,0,448824.0
"('08S', '10D', '12S')",12.107999999999999,0,448824.0
"('08S', '10H', '12C')",12.107999999999999,0,448824.0
"('08S', '10H', '12D')",12.107999999999999,0,448824.0
"('08S', '10H', '12H')",12.107999999999999,0,448824.0
"('08S', '10H', '12S')",12.107999999999999,0,448824.0
"('08S', '10S', '12C')",12.107999999999999,0,448824.0
"('08S', '10S', '12D')",12.107999999999999,0,448824.0
"('08S', '10S', '12H')",12.107999999999999,0,448824.0
"('08S', '10S', '12S')",12.107999999999999,0,448824.0
"('07C', '10C', '12C')",12.107,0,445928.0
"('07C', '10C', '12D')",12.107,0,445928.0
"('07C', '10C', '12H')",12.107,0,445928.0
"('07C', '10C', '12S')",12.107,0,445928.0
"('07C', '10D', '12C')",12.107,0,445928.0
"('07C', '10D', '12D')",12.107,0,445928.0
"('07C', '10D', '12H')",12.107,0,445928.0
"('07C', '10D', '12S')",12.107,0,445928.0
"('07C', '10H', '12C')",12.107,0,445928.0
"('07C', '10H', '12D')",12.107,0,445928.0
"('07C', '10H', '12H')",12.107,0,445928.0
"('07C', '10H', '12S')",12.107,0,445928.0
"('07C', '10S', '12C')",12.107,0,445928.0
"('07C', '10S', '12D')",12.107,0,445928.0
"('07C', '10S', '12H')",12.107,0,445928.0
"('07C', '10S', '12S')",12.107,0,445928.0
"('07D', '10C', '12C')",12.107,0,445928.0
"('07D', '10C', '12D')",12.107,0,445928.0
"('07D', '10C', '12H')",12.107,0,445928.0
"('07D', '10C', '12S')",12.107,0,445928.0
"('07D', '10D', '12C')",12.107,0,445928.0
"('07D', '10D', '12D')",12.107,0,445928.0
"('07D', '10D', '12H')",12.107,0,445928.0
"('07D', '10D', '12S')",12.107,0,445928.0
"('07D', '10H', '12C')",12.107,0,445928.0
"('07D', '10H', '12D')",12.107,0,445928.0
"('07D', '10H', '12H')",12.107,0,445928.0
"('07D', '10H', '12S')",12.107,0,445928.0
"('07D', '10S', '12C')",12.107,0,445928.0
"('07D', '10S', '12D')",12.107,0,445928.0
"('07D', '10S', '12H')",12.107,0,445928.0
"('07D', '10S', '12S')",12.107,0,445928.0
"('07H', '10C', '12C')",12.107,0,445928.0
"('07H', '10C', '12D')",12.107,0,445928.0
"('07H', '10C', '12H')",12.107,0,445928.0
"('07H', '10C', '12S')",12.107,0,445928.0
"('07H', '10D', '12C')",12.107,0,445928.0
"('07H', '10D', '12D')",12.107,0,445928.0
"('07H', '10D', '12H')",12.107,0,445928.0
"('07H', '10D', '12S')",12.107,0,445928.0
"('07H', '10H', '12C')",12.107,0,445928.0
"('07H', '10H', '12D')",12.107,0,445928.0
"('07H', '10H', '12H')",12.107,0,445928.0
"('07H', '10H', '12S')",12.107,0,445928.0
"('07H', '10S', '12C')",12.107,0,445928.0
"('07H', '10S', '12D')",12.107,0,445928.0
"('07H', '10S', '12H')",12.107,0,445928.0
"('07H', '10S', '12S')",12.107,0,445928.0
"('07S', '10C', '12C')",12.107,0,445928.0
"('07S', '10C', '12D')",12.107,0,445928.0
"('07S', '10C', '12H')",12.107,0,445928.0
"('07S', '10C', '12S')",12.107,0,445928.0
"('07S', '10D', '12C')",12.107,0,445928.0
"('07S', '10D', '12D')",12.107,0,445928.0
"('07S', '10D', '12H')",12.107,0,445928.0
"('07S', '10D', '12S')",12.107,0,445928.0
"('07S', '10H', '12C')",12.107,0,445928.0
"('07S', '10H', '12D')",12.107,0,445928.0
"('07S', '10H', '12H')",12.107,0,445928.0
"('07S', '10H', '12S')",12.107,0,445928.0
"('07S', '10S', '12C')",12.107,0,445928.0
"('07S', '10S', '12D')",12.107,0,445928.0
"('07S', '10S', '12H')",12.107,0,445928.0
"('07S', '10S', '12S')",12.107,0,445928.0
"('06C', '10C', '12C')",12.106,0,443032.0
"('06C', '10C', '12D')",12.106,0,443032.0
"('06C', '10C', '12H')",12.106,0,443032.0
"('06C', '10C', '12S')",12.106,0,443032.0
"('06C', '10D', '12C')",12.106,0,443032.0
"('06C', '10D', '12D')",12.106,0,443032.0
"('06C', '10D', '12H')",12.106,0,443032.0
"('06C', '10D', '12S')",12.106,0,443032.0
"('06C', '10H', '12C')",12.106,0,443032.0
"('06C', '10H', '12D')",12.106,0,443032.0
"('06C', '10H', '12H')",12.106,0,443032.0
"('06C', '10H', '12S')",12.106,0,443032.0
"('06C', '10S', '12C')",12.106,0,443032.0
"('06C', '10S', '12D')",12.106,0,443032.0
"('06C', '10S', '12H')",12.106,0,443032.0
"('06C', '10S', '12S')",12.106,0,443032.0
"('06D', '10C', '12C')",12.106,0,443032.0
"('06D', '10C', '12D')",12.106,0,443032.0
"('06D', '10C', '12H')",12.106,0,443032.0
"('06D', '10C', '12S')",12.106,0,443032.0
"('06D', '10D', '12C')",12.106,0,443032.0
"('06D', '10D', '12D')",12.106,0,443032.0
"('06D', '10D', '12H')",12.106,0,443032.0
"('06D', '10D', '12S')",12.106,0,443032.0
"('06D', '10H', '12C')",12.106,0,443032.0
"('06D', '10H', '12D')",12.106,0,443032.0
"('06D', '10H', '12H')",12.106,0,443032.0
"('06D', '10H', '12S')",12.106,0,443032.0
"('06D', '10S', '12C')",12.106,0,443032.0
"('06D', '10S', '12D')",12.106,0,443032.0
"('06D', '10S', '12H')",12.106,0,443032.0
"('06D', '10S', '12S')",12.106,0,443032.0
"('06H', '10C', '12C')",12.106,0,443032.0
"('06H', '10C', '12D')",12.106,0,443032.0
"('06H', '10C', '12H')",12.106,0,443032.0
"('06H', '10C', '12S')",12.106,0,443032.0
"('06H', '10D', '12C')",12.106,0,443032.0
"('06H', '10D', '12D')",12.106,0,443032.0
"('06H', '10D', '12H')",12.106,0,443032.0
"('06H', '10D', '12S')",12.106,0,443032.0
"('06H', '10H', '12C')",12.106,0,443032.0
"('06H', '10H', '12D')",12.106,0,443032.0
"('06H', '10H', '12H')",12.106,0,443032.0
"('06H', '10H', '12S')",12.106,0,443032.0
"('06H', '10S', '12C')",12.106,0,443032.0
"('06H', '10S', '12D')",12.106,0,443032.0
"('06H', '10S', '12H')",12.106,0,443032.0
"('06H', '10S', '12S')",12.106,0,443032.0
"('06S', '10C', '12C')",12.106,0,443032.0
"('06S', '10C', '12D')",12.106,0,443032.0
"('06S', '10C', '12H')",12.106,0,443032.0
"('06S', '10C', '12S')",12.106,0,443032.0
"('06S', '10D', '12C')",12.106,0,443032.0
"('06S', '10D', '12D')",12.106,0,443032.0
"('06S', '10D', '12H')",12.106,0,443032.0
"('06S', '10D', '12S')",12.106,0,443032.0
"('06S', '10H', '12C')",12.106,0,443032.0
"('06S', '10H', '12D')",12.106,0,443032.0
"('06S', '10H', '12H')",12.106,0,443032.0
"('06S', '10H', '12S')",12.106,0,443032.0
"('06S', '10S', '12C')",12.106,0,443032.0
"('06S', '10S', '12D')",12.106,0,443032.0
"('06S', '10S', '12H')",12.106,0,443032.0
"('06S', '10S', '12S')",12.106,0,443032.0
"('05C', '10C', '12C')",12.105,0,440136.0
"('05C', '10C', '12D')",12.105,0,440136.0
"('05C', '10C', '12H')",12.105,0,440136.0
"('05C', '10C', '12S')",12.105,0,440136.0
"('05C', '10D', '12C')",12.105,0,440136.0
"('05C', '10D', '12D')",12.105,0,440136.0
"('05C', '10D', '12H')",12.105,0,440136.0
"('05C', '10D', '12S')",12.105,0,440136.0
"('05C', '10H', '12C')",12.105,0,440136.0
"('05C', '10H', '12D')",12.105,0,440136.0
"('05C', '10H', '12H')",12.105,0,440136.0
"('05C', '10H', '12S')",12.105,0,440136.0
"('05C', '10S', '12C')",12.105,0,440136.0
"('05C', '10S', '12D')",12.105,0,440136.0
"('05C', '10S', '12H')",12.105,0,440136.0
"('05C', '10S', '12S')",12.105,0,440136.0
"('05D', '10C', '12C')",12.105,0,440136.0
"('05D', '10C', '12D')",12.105,0,440136.0
"('05D', '10C', '12H')",12.105,0,440136.0
"('05D', '10C', '12S')",12.105,0,440136.0
"('05D', '10D', '12C')",12.105,0,440136.0
"('05D', '10D', '12D')",12.105,0,440136.0
"('05D', '10D', '12H')",12.105,0,440136.0
"('05D', '10D', '12S')",12.105,0,440136.0
"('05D', '10H', '12C')",12.105,0,440136.0
"('05D', '10H', '12D')",12.105,0,440136.0
"('05D', '10H', '12H')",12.105,0,440136.0
"('05D', '10H', '12S')",12.105,0,440136.0
"('05D', '10S', '12C')",12.105,0,440136.0
"('05D', '10S', '12D')",12.105,0,440136.0
"('05D', '10S', '12H')",12.105,0,440136.0
"('05D', '10S', '12S')",12.105,0,440136.0
"('05H', '10C', '12C')",12.105,0,440136.0
"('05H', '10C', '12D')",12.105,0,440136.0
"('05H', '10C', '12H')",12.105,0,440136.0
"('05H', '10C', '12S')",12.105,0,440136.0
"('05H', '10D', '12C')",12.105,0,440136.0
"('05H', '10D', '12D')",12.105,0,440136.0
"('05H', '10D', '12H')",12.105,0,440136.0
"('05H', '10D', '12S')",12.105,0,440136.0
"('05H', '10H', '12C')",12.105,0,440136.0
"('05H', '10H', '12D')",12.105,0,440136.0
"('05H', '10H', '12H')",12.105,0,440136.0
"('05H', '10H', '12S')",12.105,0,440136.0
"('05H', '10S', '12C')",12.105,0,440136.0
"('05H', '10S', '12D')",12.105,0,440136.0
"('05H', '10S', '12H')",12.105,0,440136.0
"('05H', '10S', '12S')",12.105,0,440136.0
"('05S', '10C', '12C')",12.105,0,440136.0
"('05S', '10C', '12D')",12.105,0,440136.0
"('05S', '10C', '12H')",12.105,0,440136.0
"('05S', '10C', '12S')",12.105,0,440136.0
"('05S', '10D', '12C')",12.105,0,440136.0
"('05S', '10D', '12D')",12.105,0,440136.0
"('05S', '10D', '12H')",12.105,0,440136.0
"('05S', '10D', '12S')",12.105,0,440136.0
"('05S', '10H', '12C')",12.105,0,440136.0
"('05S', '10H', '12D')",12.105,0,440136.0
"('05S', '10H', '12H')",12.105,0,440136.0
"('05S', '10H', '12S')",12.105,0,440136.0
"('05S', '10S', '12C')",12.105,0,440136.0
"('05S', '10S', '12D')",12.105,0,440136.0
"('05S', '10S', '12H')",12.105,0,440136.0
"('05S', '10S', '12S')",12.105,0,440136.0
"('04C', '10C', '12C')",12.104,0,437240.0
"('04C', '10C', '12D')",12.104,0,437240.0
"('04C', '10C', '12H')",12.104,0,437240.0
"('04C', '10C', '12S')",12.104,0,437240.0
"('04C', '10D', '12C')",12.104,0,437240.0
"('04C', '10D', '12D')",12.104,0,437240.0
"('04C', '10D', '12H')",12.104,0,437240.0
"('04C', '10D', '12S')",12.104,0,437240.0
"('04C', '10H', '12C')",12.104,0,437240.0
"('04C', '10H', '12D')",12.104,0,437240.0
"('04C', '10H', '12H')",12.104,0,437240.0
"('04C', '10H', '12S')",12.104,0,437240.0
"('04C', '10S', '12C')",12.104,0,437240.0
"('04C', '10S', '12D')",12.104,0,437240.0
"('04C', '10S', '12H')",12.104,0,437240.0
"('04C', '10S', '12S')",12.104,0,437240.0
"('04D', '10C', '12C')",12.104,0,437240.0
"('04D', '10C', '12D')",12.104,0,437240.0
"('04D', '10C', '12H')",12.104,0,437240.0
"('04D', '10C', '12S')",12.104,0,437240.0
"('04D', '10D', '12C')",12.104,0,437240.0
"('04D', '10D', '12D')",12.104,0,437240.0
"('04D', '10D', '12H')",12.104,0,437240.0
"('04D', '10D', '12S')",12.104,0,437240.0
"('04D', '10H', '12C')",12.104,0,437240.0
"('04D', '10H', '12D')",12.104,0,437240.0
"('04D', '10H', '12H')",12.104,0,437240.0
"('04D', '10H', '12S')",12.104,0,437240.0
"('04D', '10S', '12C')",12.104,0,437240.0
"('04D', '10S', '12D')",12.104,0,437240.0
"('04D', '10S', '12H')",12.104,0,437240.0
"('04D', '10S', '12S')",12.104,0,437240.0
"('04H', '10C', '12C')",12.104,0,437240.0
"('04H', '10C', '12D')",12.104,0,437240.0
"('04H', '10C', '12H')",12.104,0,437240.0
"('04H', '10C', '12S')",12.104,0,437240.0
"('04H', '10D', '12C')",12.104,0,437240.0
"('04H', '10D', '12D')",12.104,0,437240.0
"('04H', '10D', '12H')",12.104,0,437240.0
"('04H', '10D', '12S')",12.104,0,437240.0
"('04H', '10H', '12C')",12.104,0,437240.0
"('04H', '10H', '12D')",12.104,0,437240.0
"('04H', '10H', '12H')",12.104,0,437240.0
"('04H', '10H', '12S')",12.104,0,437240.0
"('04H', '10S', '12C')",12.104,0,437240.0
"('04H', '10S', '12D')",12.104,0,437240.0
"('04H', '10S', '12H')",12.104,0,437240.0
"('04H', '10S', '12S')",12.104,0,437240.0
"('04S', '10C', '12C')",12.104,0,437240.0
"('04S', '10C', '12D')",12.104,0,437240.0
"('04S', '10C', '12H')",12.104,0,437240.0
"('04S', '10C', '12S')",12.104,0,437240.0
"('04S', '10D', '12C')",12.104,0,437240.0
"('04S', '10D', '12D')",12.104,0,437240.0
"('04S', '10D', '12H')",12.104,0,437240.0
"('04S', '10D', '12S')",12.104,0,437240.0
"('04S', '10H', '12C')",12.104,0,437240.0
"('04S', '10H', '12D')",12.104,0,437240.0
"('04S', '10H', '12H')",12.104,0,437240.0
"('04S', '10H', '12S')",12.104,0,437240.0
"('04S', '10S', '12C')",12.104,0,437240.0
"('04S', '10S', '12D')",12.104,0,437240.0
"('04S', '10S', '12H')",12.104,0,437240.0
"('04S', '10S', '12S')",12.104,0,437240.0
"('03C', '10C', '12C')",12.103,0,434344.0
"('03C', '10C', '12D')",12.103,0,434344.0
"('03C', '10C', '12H')",12.103,0,434344.0
"('03C', '10C', '12S')",12.103,0,434344.0
"('03C', '10D', '12C')",12.103,0,434344.0
"('03C', '10D', '12D')",12.103,0,434344.0
"('03C', '10D', '12H')",12.103,0,434344.0
"('03C', '10D', '12S')",12.103,0,434344.0
"('03C', '10H', '12C')",12.103,0,434344.0
"('03C', '10H', '12D')",12.103,0,434344.0
"('03C', '10H', '12H')",12.103,0,434344.0
"('03C', '10H', '12S')",12.103,0,434344.0
"('03C', '10S', '12C')",12.103,0,434344.0
"('03C', '10S', '12D')",12.103,0,434344.0
"('03C', '10S', '12H')",12.103,0,434344.0
"('03C', '10S', '12S')",12.103,0,434344.0
"('03D', '10C', '12C')",12.103,0,434344.0
"('03D', '10C', '12D')",12.103,0,434344.0
"('03D', '10C', '12H')",12.103,0,434344.0
"('03D', '10C', '12S')",12.103,0,434344.0
"('03D', '10D', '12C')",12.103,0,434344.0
"('03D', '10D', '12D')",12.103,0,434344.0
"('03D', '10D', '12H')",12.103,0,434344.0
"('03D', '10D', '12S')",12.103,0,434344.0
"('03D', '10H', '12C')",12.103,0,434344.0
"('03D', '10H', '12D')",12.103,0,434344.0
"('03D', '10H', '12H')",12.103,0,434344.0
"('03D', '10H', '12S')",12.103,0,434344.0
"('03D', '10S', '12C')",12.103,0,434344.0
"('03D', '10S', '12D')",12.103,0,434344.0
"('03D', '10S', '12H')",12.103,0,434344.0
"('03D', '10S', '12S')",12.103,0,434344.0
"('03H', '10C', '12C')",12.103,0,434344.0
"('03H', '10C', '12D')",12.103,0,434344.0
"('03H', '10C', '12H')",12.103,0,434344.0
"('03H', '10C', '12S')",12.103,0,434344.0
"('03H', '10D', '12C')",12.103,0,434344.0
"('03H', '10D', '12D')",12.103,0,434344.0
"('03H', '10D', '12H')",12.103,0,434344.0
"('03H', '10D', '12S')",12.103,0,434344.0
"('03H', '10H', '12C')",12.103,0,434344.0
"('03H', '10H', '12D')",12.103,0,434344.0
"('03H', '10H', '12H')",12.103,0,434344.0
"('03H', '10H', '12S')",12.103,0,434344.0
"('03H', '10S', '12C')",12.103,0,434344.0
"('03H', '10S', '12D')",12.103,0,434344.0
"('03H', '10S', '12H')",12.103,0,434344.0
"('03H', '10S', '12S')",12.103,0,434344.0
"('03S', '10C', '12C')",12.103,0,434344.0
"('03S', '10C', '12D')",12.103,0,434344.0
"('03S', '10C', '12H')",12.103,0,434344.0
"('03S', '10C', '12S')",12.103,0,434344.0
"('03S', '10D', '12C')",12.103,0,434344.0
"('03S', '10D', '12D')",12.103,0,434344.0
"('03S', '10D', '12H')",12.103,0,434344.0
"('03S', '10D', '12S')",12.103,0,434344.0
"('03S', '10H', '12C')",12.103,0,434344.0
"('03S', '10H', '12D')",12.103,0,434344.0
"('03S', '10H', '12H')",12.103,0,434344.0
"('03S', '10H', '12S')",12.103,0,434344.0
"('03S', '10S', '12C')",12.103,0,434344.0
"('03S', '10S', '12D')",12.103,0,434344.0
"('03S', '10S', '12H')",12.103,0,434344.0
"('03S', '10S', '12S')",12.103,0,434344.0
"('02C', '10C', '12C')",12.102,0,431448.0
"('02C', '10C', '12D')",12.102,0,431448.0
"('02C', '10C', '12H')",12.102,0,431448.0
"('02C', '10C', '12S')",12.102,0,431448.0
"('02C', '10D', '12C')",12.102,0,431448.0
"('02C', '10D', '12D')",12.102,0,431448.0
"('02C', '10D', '12H')",12.102,0,431448.0
"('02C', '10D', '12S')",12.102,0,431448.0
"('02C', '10H', '12C')",12.102,0,431448.0
"('02C', '10H', '12D')",12.102,0,431448.0
"('02C', '10H', '12H')",12.102,0,431448.0
"('02C', '10H', '12S')",12.102,0,431448.0
"('02C', '10S', '12C')",12.102,0,431448.0
"('02C', '10S', '12D')",12.102,0,431448.0
"('02C', '10S', '12H')",12.102,0,431448.0
"('02C', '10S', '12S')",12.102,0,431448.0
"('02D', '10C', '12C')",12.102,0,431448.0
"('02D', '10C', '12D')",12.102,0,431448.0
"('02D', '10C', '12H')",12.102,0,431448.0
"('02D', '10C', '12S')",12.102,0,431448.0
"('02D', '10D', '12C')",12.102,0,431448.0
"('02D', '10D', '12D')",12.102,0,431448.0
"('02D', '10D', '12H')",12.102,0,431448.0
"('02D', '10D', '12S')",12.102,0,431448.0
"('02D', '10H', '12C')",12.102,0,431448.0
"('02D', '10H', '12D')",12.102,0,431448.0
"('02D', '10H', '12H')",12.102,0,431448.0
"('02D', '10H', '12S')",12.102,0,431448.0
"('02D', '10S', '12C')",12.102,0,431448.0
"('02D', '10S', '12D')",12.102,0,431448.0
"('02D', '10S', '12H')",12.102,0,431448.0
"('02D', '10S', '12S')",12.102,0,431448.0
"('02H', '10C', '12C')",12.102,0,431448.0
"('02H', '10C', '12D')",12.102,0,431448.0
"('02H', '10C', '12H')",12.102,0,431448.0
"('02H', '10C', '12S')",12.102,0,431448.0
"('02H', '10D', '12C')",12.102,0,431448.0
"('02H', '10D', '12D')",12.102,0,431448.0
"('02H', '10D', '12H')",12.102,0,431448.0
"('02H', '10D', '12S')",12.102,0,431448.0
"('02H', '10H', '12C')",12.102,0,431448.0
"('02H', '10H', '12D')",12.102,0,431448.0
"('02H', '10H', '12H')",12.102,0,431448.0
"('02H', '10H', '12S')",12.102,0,431448.0
"('02H', '10S', '12C')",12.102,0,431448.0
"('02H', '10S', '12D')",12.102,0,431448.0
"('02H', '10S', '12H')",12.102,0,431448.0
"('02H', '10S', '12S')",12.102,0,431448.0
"('02S', '10C', '12C')",12.102,0,431448.0
"('02S', '10C', '12D')",12.102,0,431448.0
"('02S', '10C', '12H')",12.102,0,431448.0
"('02S', '10C', '12S')",12.102,0,431448.0
"('02S', '10D', '12C')",12.102,0,431448.0
"('02S', '10D', '12D')",12.102,0,431448.0
"('02S', '10D', '12H')",12.102,0,431448.0
"('02S', '10D', '12S')",12.102,0,431448.0
"('02S', '10H', '12C')",12.102,0,431448.0
"('02S', '10H', '12D')",12.102,0,431448.0
"('02S', '10H', '12H')",12.102,0,431448.0
"('02S', '10H', '12S')",12.102,0,431448.0
"('02S', '10S', '12C')",12.102,0,431448.0
"('02S', '10S', '12D')",12.102,0,431448.0
"('02S', '10S', '12H')",12.102,0,431448.0
"('02S', '10S', '12S')",12.102,0,431448.0
"('08C', '09C', '12C')",12.097999999999999,0,428552.0
"('08C', '09C', '12D')",12.097999999999999,0,428552.0
"('08C', '09C', '12H')",12.097999999999999,0,428552.0
"('08C', '09C', '12S')",12.097999999999999,0,428552.0
"('08C', '09D', '12C')",12.097999999999999,0,428552.0
"('08C', '09D', '12D')",12.097999999999999,0,428552.0
"('08C', '09D', '12H')",12.097999999999999,0,428552.0
"('08C', '09D', '12S')",12.097999999999999,0,428552.0
"('08C', '09H', '12C')",12.097999999999999,0,428552.0
"('08C', '09H', '12D')",12.097999999999999,0,428552.0
"('08C', '09H', '12H')",12.097999999999999,0,428552.0
"('08C', '09H', '12S')",12.097999999999999,0,428552.0
"('08C', '09S', '12C')",12.097999999999999,0,428552.0
"('08C', '09S', '12D')",12.097999999999999,0,428552.0
"('08C', '09S', '12H')",12.097999999999999,0,428552.0
"('08C', '09S', '12S')",12.097999999999999,0,428552.0
"('08D', '09C', '12C')",12.097999999999999,0,428552.0
"('08D', '09C', '12D')",12.097999999999999,0,428552.0
"('08D', '09C', '12H')",12.097999999999999,0,428552.0
"('08D', '09C', '12S')",12.097999999999999,0,428552.0
"('08D', '09D', '12C')",12.097999999999999,0,428552.0
"('08D', '09D', '12D')",12.097999999999999,0,428552.0
"('08D', '09D', '12H')",12.097999999999999,0,428552.0
"('08D', '09D', '12S')",12.097999999999999,0,428552.0
"('08D', '09H', '12C')",12.097999999999999,0,428552.0
"('08D', '09H', '12D')",12.097999999999999,0,428552.0
"('08D', '09H', '12H')",12.097999999999999,0,428552.0
"('08D', '09H', '12S')",12.097999999999999,0,428552.0
"('08D', '09S', '12C')",12.097999999999999,0,428552.0
"('08D', '09S', '12D')",12.097999999999999,0,428552.0
"('08D', '09S', '12H')",12.097999999999999,0,428552.0
"('08D', '09S', '12S')",12.097999999999999,0,428552.0
"('08H', '09C', '12C')",12.097999999999999,0,428552.0
"('08H', '09C', '12D')",12.097999999999999,0,428552.0
"('08H', '09C', '12H')",12.097999999999999,0,428552.0
"('08H', '09C', '12S')",12.097999999999999,0,428552.0
"('08H', '09D', '12C')",12.097999999999999,0,428552.0
"('08H', '09D', '12D')",12.097999999999999,0,428552.0
"('08H', '09D', '12H')",12.097999999999999,0,428552.0
"('08H', '09D', '12S')",12.097999999999999,0,428552.0
"('08H', '09H', '12C')",12.097999999999999,0,428552.0
"('08H', '09H', '12D')",12.097999999999999,0,428552.0
"('08H', '09H', '12H')",12.097999999999999,0,428552.0
"('08H', '09H', '12S')",12.097999999999999,0,428552.0
"('08H', '09S', '12C')",12.097999999999999,0,428552.0
"('08H', '09S', '12D')",12.097999999999999,0,428552.0
"('08H', '09S', '12H')",12.097999999999999,0,428552.0
"('08H', '09S', '12S')",12.097999999999999,0,428552.0
"('08S', '09C', '12C')",12.097999999999999,0,428552.0
"('08S', '09C', '12D')",12.097999999999999,0,428552.0
"('08S', '09C', '12H')",12.097999999999999,0,428552.0
"('08S', '09C', '12S')",12.097999999999999,0,428552.0
"('08S', '09D', '12C')",12.097999999999999,0,428552.0
"('08S', '09D', '12D')",12.097999999999999,0,428552.0
"('08S', '09D', '12H')",12.097999999999999,0,428552.0
"('08S', '09D', '12S')",12.097999999999999,0,428552.0
"('08S', '09H', '12C')",12.097999999999999,0,428552.0
"('08S', '09H', '12D')",12.097999999999999,0,428552.0
"('08S', '09H', '12H')",12.097999999999999,0,428552.0
"('08S', '09H', '12S')",12.097999999999999,0,428552.0
"('08S', '09S', '12C')",12.097999999999999,0,428552.0
"('08S', '09S', '12D')",12.097999999999999,0,428552.0
"('08S', '09S', '12H')",12.097999999999999,0,428552.0
"('08S', '09S', '12S')",12.097999999999999,0,428552.0
"('07C', '09C', '12C')",12.097,0,425656.0
"('07C', '09C', '12D')",12.097,0,425656.0
"('07C', '09C', '12H')",12.097,0,425656.0
"('07C', '09C', '12S')",12.097,0,425656.0
"('07C', '09D', '12C')",12.097,0,425656.0
"('07C', '09D', '12D')",12.097,0,425656.0
"('07C', '09D', '12H')",12.097,0,425656.0
"('07C', '09D', '12S')",12.097,0,425656.0
"('07C', '09H', '12C')",12.097,0,425656.0
"('07C', '09H', '12D')",12.097,0,425656.0
"('07C', '09H', '12H')",12.097,0,425656.0
"('07C', '09H', '12S')",12.097,0,425656.0
"('07C', '09S', '12C')",12.097,0,425656.0
"('07C', '09S', '12D')",12.097,0,425656.0
"('07C', '09S', '12H')",12.097,0,425656.0
"('07C', '09S', '12S')",12.097,0,425656.0
"('07D', '09C', '12C')",12.097,0,425656.0
"('07D', '09C', '12D')",12.097,0,425656.0
"('07D', '09C', '12H')",12.097,0,425656.0
"('07D', '09C', '12S')",12.097,0,425656.0
"('07D', '09D', '12C')",12.097,0,425656.0
"('07D', '09D', '12D')",12.097,0,425656.0
"('07D', '09D', '12H')",12.097,0,425656.0
"('07D', '09D', '12S')",12.097,0,425656.0
"('07D', '09H', '12C')",12.097,0,425656.0
"('07D', '09H', '12D')",12.097,0,425656.0
"('07D', '09H', '12H')",12.097,0,425656.0
"('07D', '09H', '12S')",12.097,0,425656.0
"('07D', '09S', '12C')",12.097,0,425656.0
"('07D', '09S', '12D')",12.097,0,425656.0
"('07D', '09S', '12H')",12.097,0,425656.0
"('07D', '09S', '12S')",12.097,0,425656.0
"('07H', '09C', '12C')",12.097,0,425656.0
"('07H', '09C', '12D')",12.097,0,425656.0
"('07H', '09C', '12H')",12.097,0,425656.0
"('07H', '09C', '12S')",12.097,0,425656.0
"('07H', '09D', '12C')",12.097,0,425656.0
"('07H', '09D', '12D')",12.097,0,425656.0
"('07H', '09D', '12H')",12.097,0,425656.0
"('07H', '09D', '12S')",12.097,0,425656.0
"('07H', '09H', '12C')",12.097,0,425656.0
"('07H', '09H', '12D')",12.097,0,425656.0
"('07H', '09H', '12H')",12.097,0,425656.0
"('07H', '09H', '12S')",12.097,0,425656.0
"('07H', '09S', '12C')",12.097,0,425656.0
"('07H', '09S', '12D')",12.097,0,425656.0
"('07H', '09S', '12H')",12.097,0,425656.0
"('07H', '09S', '12S')",12.097,0,425656.0
"('07S', '09C', '12C')",12.097,0,425656.0
"('07S', '09C', '12D')",12.097,0,425656.0
"('07S', '09C', '12H')",12.097,0,425656.0
"('07S', '09C', '12S')",12.097,0,425656.0
"('07S', '09D', '12C')",12.097,0,425656.0
"('07S', '09D', '12D')",12.097,0,425656.0
"('07S', '09D', '12H')",12.097,0,425656.0
"('07S', '09D', '12S')",12.097,0,425656.0
"('07S', '09H', '12C')",12.097,0,425656.0
"('07S', '09H', '12D')",12.097,0,425656.0
"('07S', '09H', '12H')",12.097,0,425656.0
"('07S', '09H', '12S')",12.097,0,425656.0
"('07S', '09S', '12C')",12.097,0,425656.0
"('07S', '09S', '12D')",12.097,0,425656.0
"('07S', '09S', '12H')",12.097,0,425656.0
"('07S', '09S', '12S')",12.097,0,425656.0
"('06C', '09C', '12C')",12.096,0,422760.0
"('06C', '09C', '12D')",12.096,0,422760.0
"('06C', '09C', '12H')",12.096,0,422760.0
"('06C', '09C', '12S')",12.096,0,422760.0
"('06C', '09D', '12C')",12.096,0,422760.0
"('06C', '09D', '12D')",12.096,0,422760.0
"('06C', '09D', '12H')",12.096,0,422760.0
"('06C', '09D', '12S')",12.096,0,422760.0
"('06C', '09H', '12C')",12.096,0,422760.0
"('06C', '09H', '12D')",12.096,0,422760.0
"('06C', '09H', '12H')",12.096,0,422760.0
"('06C', '09H', '12S')",12.096,0,422760.0
"('06C', '09S', '12C')",12.096,0,422760.0
"('06C', '09S', '12D')",12.096,0,422760.0
"('06C', '09S', '12H')",12.096,0,422760.0
"('06C', '09S', '12S')",12.096,0,422760.0
"('06D', '09C', '12C')",12.096,0,422760.0
"('06D', '09C', '12D')",12.096,0,422760.0
"('06D', '09C', '12H')",12.096,0,422760.0
"('06D', '09C', '12S')",12.096,0,422760.0
"('06D', '09D', '12C')",12.096,0,422760.0
"('06D', '09D', '12D')",12.096,0,422760.0
"('06D', '09D', '12H')",12.096,0,422760.0
"('06D', '09D', '12S')",12.096,0,422760.0
"('06D', '09H', '12C')",12.096,0,422760.0
"('06D', '09H', '12D')",12.096,0,422760.0
"('06D', '09H', '12H')",12.096,0,422760.0
"('06D', '09H', '12S')",12.096,0,422760.0
"('06D', '09S', '12C')",12.096,0,422760.0
"('06D', '09S', '12D')",12.096,0,422760.0
"('06D', '09S', '12H')",12.096,0,422760.0
"('06D', '09S', '12S')",12.096,0,422760.0
"('06H', '09C', '12C')",12.096,0,422760.0
"('06H', '09C', '12D')",12.096,0,422760.0
"('06H', '09C', '12H')",12.096,0,422760.0
"('06H', '09C', '12S')",12.096,0,422760.0
"('06H', '09D', '12C')",12.096,0,422760.0
"('06H', '09D', '12D')",12.096,0,422760.0
"('06H', '09D', '12H')",12.096,0,422760.0
"('06H', '09D', '12S')",12.096,0,422760.0
"('06H', '09H', '12C')",12.096,0,422760.0
"('06H', '09H', '12D')",12.096,0,422760.0
"('06H', '09H', '12H')",12.096,0,422760.0
"('06H', '09H', '12S')",12.096,0,422760.0
"('06H', '09S', '12C')",12.096,0,422760.0
"('06H', '09S', '12D')",12.096,0,422760.0
"('06H', '09S', '12H')",12.096,0,422760.0
"('06H', '09S', '12S')",12.096,0,422760.0
"('06S', '09C', '12C')",12.096,0,422760.0
"('06S', '09C', '12D')",12.096,0,422760.0
"('06S', '09C', '12H')",12.096,0,422760.0
"('06S', '09C', '12S')",12.096,0,422760.0
"('06S', '09D', '12C')",12.096,0,422760.0
"('06S', '09D', '12D')",12.096,0,422760.0
"('06S', '09D', '12H')",12.096,0,422760.0
"('06S', '09D', '12S')",12.096,0,422760.0
"('06S', '09H', '12C')",12.096,0,422760.0
"('06S', '09H', '12D')",12.096,0,422760.0
"('06S', '09H', '12H')",12.096,0,422760.0
"('06S', '09H', '12S')",12.096,0,422760.0
"('06S', '09S', '12C')",12.096,0,422760.0
"('06S', '09S', '12D')",12.096,0,422760.0
"('06S', '09S', '12H')",12.096,0,422760.0
"('06S', '09S', '12S')",12.096,0,422760.0
"('05C', '09C', '12C')",12.095,0,419864.0
"('05C', '09C', '12D')",12.095,0,419864.0
"('05C', '09C', '12H')",12.095,0,419864.0
"('05C', '09C', '12S')",12.095,0,419864.0
"('05C', '09D', '12C')",12.095,0,419864.0
"('05C', '09D', '12D')",12.095,0,419864.0
"('05C', '09D', '12H')",12.095,0,419864.0
"('05C', '09D', '12S')",12.095,0,419864.0
"('05C', '09H', '12C')",12.095,0,419864.0
"('05C', '09H', '12D')",12.095,0,419864.0
"('05C', '09H', '12H')",12.095,0,419864.0
"('05C', '09H', '12S')",12.095,0,419864.0
"('05C', '09S', '12C')",12.095,0,419864.0
"('05C', '09S', '12D')",12.095,0,419864.0
"('05C', '09S', '12H')",12.095,0,419864.0
"('05C', '09S', '12S')",12.095,0,419864.0
"('05D', '09C', '12C')",12.095,0,419864.0
"('05D', '09C', '12D')",12.095,0,419864.0
"('05D', '09C', '12H')",12.095,0,419864.0
"('05D', '09C', '12S')",12.095,0,419864.0
"('05D', '09D', '12C')",12.095,0,419864.0
"('05D', '09D', '12D')",12.095,0,419864.0
"('05D', '09D', '12H')",12.095,0,419864.0
"('05D', '09D', '12S')",12.095,0,419864.0
"('05D', '09H', '12C')",12.095,0,419864.0
"('05D', '09H', '12D')",12.095,0,419864.0
"('05D', '09H', '12H')",12.095,0,419864.0
"('05D', '09H', '12S')",12.095,0,419864.0
"('05D', '09S', '12C')",12.095,0,419864.0
"('05D', '09S', '12D')",12.095,0,419864.0
"('05D', '09S', '12H')",12.095,0,419864.0
"('05D', '09S', '12S')",12.095,0,419864.0
"('05H', '09C', '12C')",12.095,0,419864.0
"('05H', '09C', '12D')",12.095,0,419864.0
"('05H', '09C', '12H')",12.095,0,419864.0
"('05H', '09C', '12S')",12.095,0,419864.0
"('05H', '09D', '12C')",12.095,0,419864.0
"('05H', '09D', '12D')",12.095,0,419864.0
"('05H', '09D', '12H')",12.095,0,419864.0
"('05H', '09D', '12S')",12.095,0,419864.0
"('05H', '09H', '12C')",12.095,0,419864.0
"('05H', '09H', '12D')",12.095,0,419864.0
"('05H', '09H', '12H')",12.095,0,419864.0
"('05H', '09H', '12S')",12.095,0,419864.0
"('05H', '09S', '12C')",12.095,0,419864.0
"('05H', '09S', '12D')",12.095,0,419864.0
"('05H', '09S', '12H')",12.095,0,419864.0
"('05H', '09S', '12S')",12.095,0,419864.0
"('05S', '09C', '12C')",12.095,0,419864.0
"('05S', '09C', '12D')",12.095,0,419864.0
"('05S', '09C', '12H')",12.095,0,419864.0
"('05S', '09C', '12S')",12.095,0,419864.0
"('05S', '09D', '12C')",12.095,0,419864.0
"('05S', '09D', '12D')",12.095,0,419864.0
"('05S', '09D', '12H')",12.095,0,419864.0
"('05S', '09D', '12S')",12.095,0,419864.0
"('05S', '09H', '12C')",12.095,0,419864.0
"('05S', '09H', '12D')",12.095,0,419864.0
"('05S', '09H', '12H')",12.095,0,419864.0
"('05S', '09H', '12S')",12.095,0,419864.0
"('05S', '09S', '12C')",12.095,0,419864.0
"('05S', '09S', '12D')",12.095,0,419864.0
"('05S', '09S', '12H')",12.095,0,419864.0
"('05S', '09S', '12S')",12.095,0,419864.0
"('04C', '09C', '12C')",12.094,0,416968.0
"('04C', '09C', '12D')",12.094,0,416968.0
"('04C', '09C', '12H')",12.094,0,416968.0
"('04C', '09C', '12S')",12.094,0,416968.0
"('04C', '09D', '12C')",12.094,0,416968.0
"('04C', '09D', '12D')",12.094,0,416968.0
"('04C', '09D', '12H')",12.094,0,416968.0
"('04C', '09D', '12S')",12.094,0,416968.0
"('04C', '09H', '12C')",12.094,0,416968.0
"('04C', '09H', '12D')",12.094,0,416968.0
"('04C', '09H', '12H')",12.094,0,416968.0
"('04C', '09H', '12S')",12.094,0,416968.0
"('04C', '09S', '12C')",12.094,0,416968.0
"('04C', '09S', '12D')",12.094,0,416968.0
"('04C', '09S', '12H')",12.094,0,416968.0
"('04C', '09S', '12S')",12.094,0,416968.0
"('04D', '09C', '12C')",12.094,0,416968.0
"('04D', '09C', '12D')",12.094,0,416968.0
"('04D', '09C', '12H')",12.094,0,416968.0
"('04D', '09C', '12S')",12.094,0,416968.0
"('04D', '09D', '12C')",12.094,0,416968.0
"('04D', '09D', '12D')",12.094,0,416968.0
"('04D', '09D', '12H')",12.094,0,416968.0
"('04D', '09D', '12S')",12.094,0,416968.0
"('04D', '09H', '12C')",12.094,0,416968.0
"('04D', '09H', '12D')",12.094,0,416968.0
"('04D', '09H', '12H')",12.094,0,416968.0
"('04D', '09H', '12S')",12.094,0,416968.0
"('04D', '09S', '12C')",12.094,0,416968.0
"('04D', '09S', '12D')",12.094,0,416968.0
"('04D', '09S', '12H')",12.094,0,416968.0
"('04D', '09S', '12S')",12.094,0,416968.0
"('04H', '09C', '12C')",12.094,0,416968.0
"('04H', '09C', '12D')",12.094,0,416968.0
"('04H', '09C', '12H')",12.094,0,416968.0
"('04H', '09C', '12S')",12.094,0,416968.0
"('04H', '09D', '12C')",12.094,0,416968.0
"('04H', '09D', '12D')",12.094,0,416968.0
"('04H', '09D', '12H')",12.094,0,416968.0
"('04H', '09D', '12S')",12.094,0,416968.0
"('04H', '09H', '12C')",12.094,0,416968.0
"('04H', '09H', '12D')",12.094,0,416968.0
"('04H', '09H', '12H')",12.094,0,416968.0
"('04H', '09H', '12S')",12.094,0,416968.0
"('04H', '09S', '12C')",12.094,0,416968.0
"('04H', '09S', '12D')",12.094,0,416968.0
"('04H', '09S', '12H')",12.094,0,416968.0
"('04H', '09S', '12S')",12.094,0,416968.0
"('04S', '09C', '12C')",12.094,0,416968.0
"('04S', '09C', '12D')",12.094,0,416968.0
"('04S', '09C', '12H')",12.094,0,416968.0
"('04S', '09C', '12S')",12.094,0,416968.0
"('04S', '09D', '12C')",12.094,0,416968.0
"('04S', '09D', '12D')",12.094,0,416968.0
"('04S', '09D', '12H')",12.094,0,416968.0
"('04S', '09D', '12S')",12.094,0,416968.0
"('04S', '09H', '12C')",12.094,0,416968.0
"('04S', '09H', '12D')",12.094,0,416968.0
"('04S', '09H', '12H')",12.094,0,416968.0
"('04S', '09H', '12S')",12.094,0,416968.0
"('04S', '09S', '12C')",12.094,0,416968.0
"('04S', '09S', '12D')",12.094,0,416968.0
"('04S', '09S', '12H')",12.094,0,416968.0
"('04S', '09S', '12S')",12.094,0,416968.0
"('03C', '09C', '12C')",12.093,0,414072.0
"('03C', '09C', '12D')",12.093,0,414072.0
"('03C', '09C', '12H')",12.093,0,414072.0
"('03C', '09C', '12S')",12.093,0,414072.0
"('03C', '09D', '12C')",12.093,0,414072.0
"('03C', '09D', '12D')",12.093,0,414072.0
"('03C', '09D', '12H')",12.093,0,414072.0
"('03C', '09D', '12S')",12.093,0,414072.0
"('03C', '09H', '12C')",12.093,0,414072.0
"('03C', '09H', '12D')",12.093,0,414072.0
"('03C', '09H', '12H')",12.093,0,414072.0
"('03C', '09H', '12S')",12.093,0,414072.0
"('03C', '09S', '12C')",12.093,0,414072.0
"('03C', '09S', '12D')",12.093,0,414072.0
"('03C', '09S', '12H')",12.093,0,414072.0
"('03C', '09S', '12S')",12.093,0,414072.0
"('03D', '09C', '12C')",12.093,0,414072.0
"('03D', '09C', '12D')",12.093,0,414072.0
"('03D', '09C', '12H')",12.093,0,414072.0
"('03D', '09C', '12S')",12.093,0,414072.0
"('03D', '09D', '12C')",12.093,0,414072.0
"('03D', '09D', '12D')",12.093,0,414072.0
"('03D', '09D', '12H')",12.093,0,414072.0
"('03D', '09D', '12S')",12.093,0,414072.0
"('03D', '09H', '12C')",12.093,0,414072.0
"('03D', '09H', '12D')",12.093,0,414072.0
"('03D', '09H', '12H')",12.093,0,414072.0
"('03D', '09H', '12S')",12.093,0,414072.0
"('03D', '09S', '12C')",12.093,0,414072.0
"('03D', '09S', '12D')",12.093,0,414072.0
"('03D', '09S', '12H')",12.093,0,414072.0
"('03D', '09S', '12S')",12.093,0,414072.0
"('03H', '09C', '12C')",12.093,0,414072.0
"('03H', '09C', '12D')",12.093,0,414072.0
"('03H', '09C', '12H')",12.093,0,414072.0
"('03H', '09C', '12S')",12.093,0,414072.0
"('03H', '09D', '12C')",12.093,0,414072.0
"('03H', '09D', '12D')",12.093,0,414072.0
"('03H', '09D', '12H')",12.093,0,414072.0
"('03H', '09D', '12S')",12.093,0,414072.0
"('03H', '09H', '12C')",12.093,0,414072.0
"('03H', '09H', '12D')",12.093,0,414072.0
"('03H', '09H', '12H')",12.093,0,414072.0
"('03H', '09H', '12S')",12.093,0,414072.0
"('03H', '09S', '12C')",12.093,0,414072.0
"('03H', '09S', '12D')",12.093,0,414072.0
"('03H', '09S', '12H')",12.093,0,414072.0
"('03H', '09S', '12S')",12.093,0,414072.0
"('03S', '09C', '12C')",12.093,0,414072.0
"('03S', '09C', '12D')",12.093,0,414072.0
"('03S', '09C', '12H')",12.093,0,414072.0
"('03S', '09C', '12S')",12.093,0,414072.0
"('03S', '09D', '12C')",12.093,0,414072.0
"('03S', '09D', '12D')",12.093,0,414072.0
"('03S', '09D', '12H')",12.093,0,414072.0
"('03S', '09D', '12S')",12.093,0,414072.0
"('03S', '09H', '12C')",12.093,0,414072.0
"('03S', '09H', '12D')",12.093,0,414072.0
"('03S', '09H', '12H')",12.093,0,414072.0
"('03S', '09H', '12S')",12.093,0,414072.0
"('03S', '09S', '12C')",12.093,0,414072.0
"('03S', '09S', '12D')",12.093,0,414072.0
"('03S', '09S', '12H')",12.093,0,414072.0
"('03S', '09S', '12S')",12.093,0,414072.0
"('02C', '09C', '12C')",12.092,0,411176.0
"('02C', '09C', '12D')",12.092,0,411176.0
"('02C', '09C', '12H')",12.092,0,411176.0
"('02C', '09C', '12S')",12.092,0,411176.0
"('02C', '09D', '12C')",12.092,0,411176.0
"('02C', '09D', '12D')",12.092,0,411176.0
"('02C', '09D', '12H')",12.092,0,411176.0
"('02C', '09D', '12S')",12.092,0,411176.0
"('02C', '09H', '12C')",12.092,0,411176.0
"('02C', '09H', '12D')",12.092,0,411176.0
"('02C', '09H', '12H')",12.092,0,411176.0
"('02C', '09H', '12S')",12.092,0,411176.0
"('02C', '09S', '12C')",12.092,0,411176.0
"('02C', '09S', '12D')",12.092,0,411176.0
"('02C', '09S', '12H')",12.092,0,411176.0
"('02C', '09S', '12S')",12.092,0,411176.0
"('02D', '09C', '12C')",12.092,0,411176.0
"('02D', '09C', '12D')",12.092,0,411176.0
"('02D', '09C', '12H')",12.092,0,411176.0
"('02D', '09C', '12S')",12.092,0,411176.0
"('02D', '09D', '12C')",12.092,0,411176.0
"('02D', '09D', '12D')",12.092,0,411176.0
"('02D', '09D', '12H')",12.092,0,411176.0
"('02D', '09D', '12S')",12.092,0,411176.0
"('02D', '09H', '12C')",12.092,0,411176.0
"('02D', '09H', '12D')",12.092,0,411176.0
"('02D', '09H', '12H')",12.092,0,411176.0
"('02D', '09H', '12S')",12.092,0,411176.0
"('02D', '09S', '12C')",12.092,0,411176.0
"('02D', '09S', '12D')",12.092,0,411176.0
"('02D', '09S', '12H')",12.092,0,411176.0
"('02D', '09S', '12S')",12.092,0,411176.0
"('02H', '09C', '12C')",12.092,0,411176.0
"('02H', '09C', '12D')",12.092,0,411176.0
"('02H', '09C', '12H')",12.092,0,411176.0
"('02H', '09C', '12S')",12.092,0,411176.0
"('02H', '09D', '12C')",12.092,0,411176.0
"('02H', '09D', '12D')",12.092,0,411176.0
"('02H', '09D', '12H')",12.092,0,411176.0
"('02H', '09D', '12S')",12.092,0,411176.0
"('02H', '09H', '12C')",12.092,0,411176.0
"('02H', '09H', '12D')",12.092,0,411176.0
"('02H', '09H', '12H')",12.092,0,411176.0
"('02H', '09H', '12S')",12.092,0,411176.0
"('02H', '09S', '12C')",12.092,0,411176.0
"('02H', '09S', '12D')",12.092,0,411176.0
"('02H', '09S', '12H')",12.092,0,411176.0
"('02H', '09S', '12S')",12.092,0,411176.0
"('02S', '09C', '12C')",12.092,0,411176.0
"('02S', '09C', '12D')",12.092,0,411176.0
"('02S', '09C', '12H')",12.092,0,411176.0
"('02S', '09C', '12S')",12.092,0,411176.0
"('02S', '09D', '12C')",12.092,0,411176.0
"('02S', '09D', '12D')",12.092,0,411176.0
"('02S', '09D', '12H')",12.092,0,411176.0
"('02S', '09D', '12S')",12.092,0,411176.0
"('02S', '09H', '12C')",12.092,0,411176.0
"('02S', '09H', '12D')",12.092,0,411176.0
"('02S', '09H', '12H')",12.092,0,411176.0
"('02S', '09H', '12S')",12.092,0,411176.0
"('02S', '09S', '12C')",12.092,0,411176.0
"('02S', '09S', '12D')",12.092,0,411176.0
"('02S', '09S', '12H')",12.092,0,411176.0
"('02S', '09S', '12S')",12.092,0,411176.0
"('07C', '08C', '12C')",12.087,0,408281.0
"('07C', '08C', '12D')",12.087,0,408281.0
"('07C', '08C', '12H')",12.087,0,408281.0
"('07C', '08C', '12S')",12.087,0,408281.0
"('07C', '08D', '12C')",12.087,0,408281.0
"('07C', '08D', '12D')",12.087,0,408281.0
"('07C', '08D', '12H')",12.087,0,408281.0
"('07C', '08D', '12S')",12.087,0,408281.0
"('07C', '08H', '12C')",12.087,0,408281.0
"('07C', '08H', '12D')",12.087,0,408281.0
"('07C', '08H', '12H')",12.087,0,408281.0
"('07C', '08H', '12S')",12.087,0,408281.0
"('07C', '08S', '12C')",12.087,0,408281.0
"('07C', '08S', '12D')",12.087,0,408281.0
"('07C', '08S', '12H')",12.087,0,408281.0
"('07C', '08S', '12S')",12.087,0,408281.0
"('07D', '08C', '12C')",12.087,0,408281.0
"('07D', '08C', '12D')",12.087,0,408281.0
"('07D', '08C', '12H')",12.087,0,408281.0
"('07D', '08C', '12S')",12.087,0,408281.0
"('07D', '08D', '12C')",12.087,0,408281.0
"('07D', '08D', '12D')",12.087,0,408281.0
"('07D', '08D', '12H')",12.087,0,408281.0
"('07D', '08D', '12S')",12.087,0,408281.0
"('07D', '08H', '12C')",12.087,0,408281.0
"('07D', '08H', '12D')",12.087,0,408281.0
"('07D', '08H', '12H')",12.087,0,408281.0
"('07D', '08H', '12S')",12.087,0,408281.0
"('07D', '08S', '12C')",12.087,0,408281.0
"('07D', '08S', '12D')",12.087,0,408281.0
"('07D', '08S', '12H')",12.087,0,408281.0
"('07D', '08S', '12S')",12.087,0,408281.0
"('07H', '08C', '12C')",12.087,0,408281.0
"('07H', '08C', '12D')",12.087,0,408281.0
"('07H', '08C', '12H')",12.087,0,408281.0
"('07H', '08C', '12S')",12.087,0,408281.0
"('07H', '08D', '12C')",12.087,0,408281.0
"('07H', '08D', '12D')",12.087,0,408281.0
"('07H', '08D', '12H')",12.087,0,408281.0
"('07H', '08D', '12S')",12.087,0,408281.0
"('07H', '08H', '12C')",12.087,0,408281.0
"('07H', '08H', '12D')",12.087,0,408281.0
"('07H', '08H', '12H')",12.087,0,408281.0
"('07H', '08H', '12S')",12.087,0,408281.0
"('07H', '08S', '12C')",12.087,0,408281.0
"('07H', '08S', '12D')",12.087,0,408281.0
"('07H', '08S', '12H')",12.087,0,408281.0
"('07H', '08S', '12S')",12.087,0,408281.0
"('07S', '08C', '12C')",12.087,0,408281.0
"('07S', '08C', '12D')",12.087,0,408281.0
"('07S', '08C', '12H')",12.087,0,408281.0
"('07S', '08C', '12S')",12.087,0,408281.0
"('07S', '08D', '12C')",12.087,0,408281.0
"('07S', '08D', '12D')",12.087,0,408281.0
"('07S', '08D', '12H')",12.087,0,408281.0
"('07S', '08D', '12S')",12.087,0,408281.0
"('07S', '08H', '12C')",12.087,0,408281.0
"('07S', '08H', '12D')",12.087,0,408281.0
"('07S', '08H', '12H')",12.087,0,408281.0
"('07S', '08H', '12S')",12.087,0,408281.0
"('07S', '08S', '12C')",12.087,0,408281.0
"('07S', '08S', '12D')",12.087,0,408281.0
"('07S', '08S', '12H')",12.087,0,408281.0
"('07S', '08S', '12S')",12.087,0,408281.0
"('06C', '08C', '12C')",12.086,0,405385.0
"('06C', '08C', '12D')",12.086,0,405385.0
"('06C', '08C', '12H')",12.086,0,405385.0
"('06C', '08C', '12S')",12.086,0,405385.0
"('06C', '08D', '12C')",12.086,0,405385.0
"('06C', '08D', '12D')",12.086,0,405385.0
"('06C', '08D', '12H')",12.086,0,405385.0
"('06C', '08D', '12S')",12.086,0,405385.0
"('06C', '08H', '12C')",12.086,0,405385.0
"('06C', '08H', '12D')",12.086,0,405385.0
"('06C', '08H', '12H')",12.086,0,405385.0
"('06C', '08H', '12S')",12.086,0,405385.0
"('06C', '08S', '12C')",12.086,0,405385.0
"('06C', '08S', '12D')",12.086,0,405385.0
"('06C', '08S', '12H')",12.086,0,405385.0
"('06C', '08S', '12S')",12.086,0,405385.0
"('06D', '08C', '12C')",12.086,0,405385.0
"('06D', '08C', '12D')",12.086,0,405385.0
"('06D', '08C', '12H')",12.086,0,405385.0
"('06D', '08C', '12S')",12.086,0,405385.0
"('06D', '08D', '12C')",12.086,0,405385.0
"('06D', '08D', '12D')",12.086,0,405385.0
"('06D', '08D', '12H')",12.086,0,405385.0
"('06D', '08D', '12S')",12.086,0,405385.0
"('06D', '08H', '12C')",12.086,0,405385.0
"('06D', '08H', '12D')",12.086,0,405385.0
"('06D', '08H', '12H')",12.086,0,405385.0
"('06D', '08H', '12S')",12.086,0,405385.0
"('06D', '08S', '12C')",12.086,0,405385.0
"('06D', '08S', '12D')",12.086,0,405385.0
"('06D', '08S', '12H')",12.086,0,405385.0
"('06D', '08S', '12S')",12.086,0,405385.0
"('06H', '08C', '12C')",12.086,0,405385.0
"('06H', '08C', '12D')",12.086,0,405385.0
"('06H', '08C', '12H')",12.086,0,405385.0
"('06H', '08C', '12S')",12.086,0,405385.0
"('06H', '08D', '12C')",12.086,0,405385.0
"('06H', '08D', '12D')",12.086,0,405385.0
"('06H', '08D', '12H')",12.086,0,405385.0
"('06H', '08D', '12S')",12.086,0,405385.0
"('06H', '08H', '12C')",12.086,0,405385.0
"('06H', '08H', '12D')",12.086,0,405385.0
"('06H', '08H', '12H')",12.086,0,405385.0
"('06H', '08H', '12S')",12.086,0,405385.0
"('06H', '08S', '12C')",12.086,0,405385.0
"('06H', '08S', '12D')",12.086,0,405385.0
"('06H', '08S', '12H')",12.086,0,405385.0
"('06H', '08S', '12S')",12.086,0,405385.0
"('06S', '08C', '12C')",12.086,0,405385.0
"('06S', '08C', '12D')",12.086,0,405385.0
"('06S', '08C', '12H')",12.086,0,405385.0
"('06S', '08C', '12S')",12.086,0,405385.0
"('06S', '08D', '12C')",12.086,0,405385.0
"('06S', '08D', '12D')",12.086,0,405385.0
"('06S', '08D', '12H')",12.086,0,405385.0
"('06S', '08D', '12S')",12.086,0,405385.0
"('06S', '08H', '12C')",12.086,0,405385.0
"('06S', '08H', '12D')",12.086,0,405385.0
"('06S', '08H', '12H')",12.086,0,405385.0
"('06S', '08H', '12S')",12.086,0,405385.0
"('06S', '08S', '12C')",12.086,0,405385.0
"('06S', '08S', '12D')",12.086,0,405385.0
"('06S', '08S', '12H')",12.086,0,405385.0
"('06S', '08S', '12S')",12.086,0,405385.0
"('05C', '08C', '12C')",12.085,0,402489.0
"('05C', '08C', '12D')",12.085,0,402489.0
"('05C', '08C', '12H')",12.085,0,402489.0
"('05C', '08C', '12S')",12.085,0,402489.0
"('05C', '08D', '12C')",12.085,0,402489.0
"('05C', '08D', '12D')",12.085,0,402489.0
"('05C', '08D', '12H')",12.085,0,402489.0
"('05C', '08D', '12S')",12.085,0,402489.0
"('05C', '08H', '12C')",12.085,0,402489.0
"('05C', '08H', '12D')",12.085,0,402489.0
"('05C', '08H', '12H')",12.085,0,402489.0
"('05C', '08H', '12S')",12.085,0,402489.0
"('05C', '08S', '12C')",12.085,0,402489.0
"('05C', '08S', '12D')",12.085,0,402489.0
"('05C', '08S', '12H')",12.085,0,402489.0
"('05C', '08S', '12S')",12.085,0,402489.0
"('05D', '08C', '12C')",12.085,0,402489.0
"('05D', '08C', '12D')",12.085,0,402489.0
"('05D', '08C', '12H')",12.085,0,402489.0
"('05D', '08C', '12S')",12.085,0,402489.0
"('05D', '08D', '12C')",12.085,0,402489.0
"('05D', '08D', '12D')",12.085,0,402489.0
"('05D', '08D', '12H')",12.085,0,402489.0
"('05D', '08D', '12S')",12.085,0,402489.0
"('05D', '08H', '12C')",12.085,0,402489.0
"('05D', '08H', '12D')",12.085,0,402489.0
"('05D', '08H', '12H')",12.085,0,402489.0
"('05D', '08H', '12S')",12.085,0,402489.0
"('05D', '08S', '12C')",12.085,0,402489.0
"('05D', '08S', '12D')",12.085,0,402489.0
"('05D', '08S', '12H')",12.085,0,402489.0
"('05D', '08S', '12S')",12.085,0,402489.0
"('05H', '08C', '12C')",12.085,0,402489.0
"('05H', '08C', '12D')",12.085,0,402489.0
"('05H', '08C', '12H')",12.085,0,402489.0
"('05H', '08C', '12S')",12.085,0,402489.0
"('05H', '08D', '12C')",12.085,0,402489.0
"('05H', '08D', '12D')",12.085,0,402489.0
"('05H', '08D', '12H')",12.085,0,402489.0
"('05H', '08D', '12S')",12.085,0,402489.0
"('05H', '08H', '12C')",12.085,0,402489.0
"('05H', '08H', '12D')",12.085,0,402489.0
"('05H', '08H', '12H')",12.085,0,402489.0
"('05H', '08H', '12S')",12.085,0,402489.0
"('05H', '08S', '12C')",12.085,0,402489.0
"('05H', '08S', '12D')",12.085,0,402489.0
"('05H', '08S', '12H')",12.085,0,402489.0
"('05H', '08S', '12S')",12.085,0,402489.0
"('05S', '08C', '12C')",12.085,0,402489.0
"('05S', '08C', '12D')",12.085,0,402489.0
"('05S', '08C', '12H')",12.085,0,402489.0
"('05S', '08C', '12S')",12.085,0,402489.0
"('05S', '08D', '12C')",12.085,0,402489.0
"('05S', '08D', '12D')",12.085,0,402489.0
"('05S', '08D', '12H')",12.085,0,402489.0
"('05S', '08D', '12S')",12.085,0,402489.0
"('05S', '08H', '12C')",12.085,0,402489.0
"('05S', '08H', '12D')",12.085,0,402489.0
"('05S', '08H', '12H')",12.085,0,402489.0
"('05S', '08H', '12S')",12.085,0,402489.0
"('05S', '08S', '12C')",12.085,0,402489.0
"('05S', '08S', '12D')",12.085,0,402489.0
"('05S', '08S', '12H')",12.085,0,402489.0
"('05S', '08S', '12S')",12.085,0,402489.0
"('04C', '08C', '12C')",12.084,0,399593.0
"('04C', '08C', '12D')",12.084,0,399593.0
"('04C', '08C', '12H')",12.084,0,399593.0
"('04C', '08C', '12S')",12.084,0,399593.0
"('04C', '08D', '12C')",12.084,0,399593.0
"('04C', '08D', '12D')",12.084,0,399593.0
"('04C', '08D', '12H')",12.084,0,399593.0
"('04C', '08D', '12S')",12.084,0,399593.0
"('04C', '08H', '12C')",12.084,0,399593.0
"('04C', '08H', '12D')",12.084,0,399593.0
"('04C', '08H', '12H')",12.084,0,399593.0
"('04C', '08H', '12S')",12.084,0,399593.0
"('04C', '08S', '12C')",12.084,0,399593.0
"('04C', '08S', '12D')",12.084,0,399593.0
"('04C', '08S', '12H')",12.084,0,399593.0
"('04C', '08S', '12S')",12.084,0,399593.0
"('04D', '08C', '12C')",12.084,0,399593.0
"('04D', '08C', '12D')",12.084,0,399593.0
"('04D', '08C', '12H')",12.084,0,399593.0
"('04D', '08C', '12S')",12.084,0,399593.0
"('04D', '08D', '12C')",12.084,0,399593.0
"('04D', '08D', '12D')",12.084,0,399593.0
"('04D', '08D', '12H')",12.084,0,399593.0
"('04D', '08D', '12S')",12.084,0,399593.0
"('04D', '08H', '12C')",12.084,0,399593.0
"('04D', '08H', '12D')",12.084,0,399593.0
"('04D', '08H', '12H')",12.084,0,399593.0
"('04D', '08H', '12S')",12.084,0,399593.0
"('04D', '08S', '12C')",12.084,0,399593.0
"('04D', '08S', '12D')",12.084,0,399593.0
"('04D', '08S', '12H')",12.084,0,399593.0
"('04D', '08S', '12S')",12.084,0,399593.0
"('04H', '08C', '12C')",12.084,0,399593.0
"('04H', '08C', '12D')",12.084,0,399593.0
"('04H', '08C', '12H')",12.084,0,399593.0
"('04H', '08C', '12S')",12.084,0,399593.0
"('04H', '08D', '12C')",12.084,0,399593.0
"('04H', '08D', '12D')",12.084,0,399593.0
"('04H', '08D', '12H')",12.084,0,399593.0
"('04H', '08D', '12S')",12.084,0,399593.0
"('04H', '08H', '12C')",12.084,0,399593.0
"('04H', '08H', '12D')",12.084,0,399593.0
"('04H', '08H', '12H')",12.084,0,399593.0
"('04H', '08H', '12S')",12.084,0,399593.0
"('04H', '08S', '12C')",12.084,0,399593.0
"('04H', '08S', '12D')",12.084,0,399593.0
"('04H', '08S', '12H')",12.084,0,399593.0
"('04H', '08S', '12S')",12.084,0,399593.0
"('04S', '08C', '12C')",12.084,0,399593.0
"('04S', '08C', '12D')",12.084,0,399593.0
"('04S', '08C', '12H')",12.084,0,399593.0
"('04S', '08C', '12S')",12.084,0,399593.0
"('04S', '08D', '12C')",12.084,0,399593.0
"('04S', '08D', '12D')",12.084,0,399593.0
"('04S', '08D', '12H')",12.084,0,399593.0
"('04S', '08D', '12S')",12.084,0,399593.0
"('04S', '08H', '12C')",12.084,0,399593.0
"('04S', '08H', '12D')",12.084,0,399593.0
"('04S', '08H', '12H')",12.084,0,399593.0
"('04S', '08H', '12S')",12.084,0,399593.0
"('04S', '08S', '12C')",12.084,0,399593.0
"('04S', '08S', '12D')",12.084,0,399593.0
"('04S', '08S', '12H')",12.084,0,399593.0
"('04S', '08S', '12S')",12.084,0,399593.0
"('03C', '08C', '12C')",12.083,0,396697.0
"('03C', '08C', '12D')",12.083,0,396697.0
"('03C', '08C', '12H')",12.083,0,396697.0
"('03C', '08C', '12S')",12.083,0,396697.0
"('03C', '08D', '12C')",12.083,0,396697.0
"('03C', '08D', '12D')",12.083,0,396697.0
"('03C', '08D', '12H')",12.083,0,396697.0
"('03C', '08D', '12S')",12.083,0,396697.0
"('03C', '08H', '12C')",12.083,0,396697.0
"('03C', '08H', '12D')",12.083,0,396697.0
"('03C', '08H', '12H')",12.083,0,396697.0
"('03C', '08H', '12S')",12.083,0,396697.0
"('03C', '08S', '12C')",12.083,0,396697.0
"('03C', '08S', '12D')",12.083,0,396697.0
"('03C', '08S', '12H')",12.083,0,396697.0
"('03C', '08S', '12S')",12.083,0,396697.0
"('03D', '08C', '12C')",12.083,0,396697.0
"('03D', '08C', '12D')",12.083,0,396697.0
"('03D', '08C', '12H')",12.083,0,396697.0
"('03D', '08C', '12S')",12.083,0,396697.0
"('03D', '08D', '12C')",12.083,0,396697.0
"('03D', '08D', '12D')",12.083,0,396697.0
"('03D', '08D', '12H')",12.083,0,396697.0
"('03D', '08D', '12S')",12.083,0,396697.0
"('03D', '08H', '12C')",12.083,0,396697.0
"('03D', '08H', '12D')",12.083,0,396697.0
"('03D', '08H', '12H')",12.083,0,396697.0
"('03D', '08H', '12S')",12.083,0,396697.0
"('03D', '08S', '12C')",12.083,0,396697.0
"('03D', '08S', '12D')",12.083,0,396697.0
"('03D', '08S', '12H')",12.083,0,396697.0
"('03D', '08S', '12S')",12.083,0,396697.0
"('03H', '08C', '12C')",12.083,0,396697.0
"('03H', '08C', '12D')",12.083,0,396697.0
"('03H', '08C', '12H')",12.083,0,396697.0
"('03H', '08C', '12S')",12.083,0,396697.0
"('03H', '08D', '12C')",12.083,0,396697.0
"('03H', '08D', '12D')",12.083,0,396697.0
"('03H', '08D', '12H')",12.083,0,396697.0
"('03H', '08D', '12S')",12.083,0,396697.0
"('03H', '08H', '12C')",12.083,0,396697.0
"('03H', '08H', '12D')",12.083,0,396697.0
"('03H', '08H', '12H')",12.083,0,396697.0
"('03H', '08H', '12S')",12.083,0,396697.0
"('03H', '08S', '12C')",12.083,0,396697.0
"('03H', '08S', '12D')",12.083,0,396697.0
"('03H', '08S', '12H')",12.083,0,396697.0
"('03H', '08S', '12S')",12.083,0,396697.0
"('03S', '08C', '12C')",12.083,0,396697.0
"('03S', '08C', '12D')",12.083,0,396697.0
"('03S', '08C', '12H')",12.083,0,396697.0
"('03S', '08C', '12S')",12.083,0,396697.0
"('03S', '08D', '12C')",12.083,0,396697.0
"('03S', '08D', '12D')",12.083,0,396697.0
"('03S', '08D', '12H')",12.083,0,396697.0
"('03S', '08D', '12S')",12.083,0,396697.0
"('03S', '08H', '12C')",12.083,0,396697.0
"('03S', '08H', '12D')",12.083,0,396697.0
"('03S', '08H', '12H')",12.083,0,396697.0
"('03S', '08H', '12S')",12.083,0,396697.0
"('03S', '08S', '12C')",12.083,0,396697.0
"('03S', '08S', '12D')",12.083,0,396697.0
"('03S', '08S', '12H')",12.083,0,396697.0
"('03S', '08S', '12S')",12.083,0,396697.0
"('02C', '08C', '12C')",12.082,0,393801.0
"('02C', '08C', '12D')",12.082,0,393801.0
"('02C', '08C', '12H')",12.082,0,393801.0
"('02C', '08C', '12S')",12.082,0,393801.0
"('02C', '08D', '12C')",12.082,0,393801.0
"('02C', '08D', '12D')",12.082,0,393801.0
"('02C', '08D', '12H')",12.082,0,393801.0
"('02C', '08D', '12S')",12.082,0,393801.0
"('02C', '08H', '12C')",12.082,0,393801.0
"('02C', '08H', '12D')",12.082,0,393801.0
"('02C', '08H', '12H')",12.082,0,393801.0
"('02C', '08H', '12S')",12.082,0,393801.0
"('02C', '08S', '12C')",12.082,0,393801.0
"('02C', '08S', '12D')",12.082,0,393801.0
"('02C', '08S', '12H')",12.082,0,393801.0
"('02C', '08S', '12S')",12.082,0,393801.0
"('02D', '08C', '12C')",12.082,0,393801.0
"('02D', '08C', '12D')",12.082,0,393801.0
"('02D', '08C', '12H')",12.082,0,393801.0
"('02D', '08C', '12S')",12.082,0,393801.0
"('02D', '08D', '12C')",12.082,0,393801.0
"('02D', '08D', '12D')",12.082,0,393801.0
"('02D', '08D', '12H')",12.082,0,393801.0
"('02D', '08D', '12S')",12.082,0,393801.0
"('02D', '08H', '12C')",12.082,0,393801.0
"('02D', '08H', '12D')",12.082,0,393801.0
"('02D', '08H', '12H')",12.082,0,393801.0
"('02D', '08H', '12S')",12.082,0,393801.0
"('02D', '08S', '12C')",12.082,0,393801.0
"('02D', '08S', '12D')",12.082,0,393801.0
"('02D', '08S', '12H')",12.082,0,393801.0
"('02D', '08S', '12S')",12.082,0,393801.0
"('02H', '08C', '12C')",12.082,0,393801.0
"('02H', '08C', '12D')",12.082,0,393801.0
"('02H', '08C', '12H')",12.082,0,393801.0
"('02H', '08C', '12S')",12.082,0,393801.0
"('02H', '08D', '12C')",12.082,0,393801.0
"('02H', '08D', '12D')",12.082,0,393801.0
"('02H', '08D', '12H')",12.082,0,393801.0
"('02H', '08D', '12S')",12.082,0,393801.0
"('02H', '08H', '12C')",12.082,0,393801.0
"('02H', '08H', '12D')",12.082,0,393801.0
"('02H', '08H', '12H')",12.082,0,393801.0
"('02H', '08H', '12S')",12.082,0,393801.0
"('02H', '08S', '12C')",12.082,0,393801.0
"('02H', '08S', '12D')",12.082,0,393801.0
"('02H', '08S', '12H')",12.082,0,393801.0
"('02H', '08S', '12S')",12.082,0,393801.0
"('02S', '08C', '12C')",12.082,0,393801.0
"('02S', '08C', '12D')",12.082,0,393801.0
"('02S', '08C', '12H')",12.082,0,393801.0
"('02S', '08C', '12S')",12.082,0,393801.0
"('02S', '08D', '12C')",12.082,0,393801.0
"('02S', '08D', '12D')",12.082,0,393801.0
"('02S', '08D', '12H')",12.082,0,393801.0
"('02S', '08D', '12S')",12.082,0,393801.0
"('02S', '08H', '12C')",12.082,0,393801.0
"('02S', '08H', '12D')",12.082,0,393801.0
"('02S', '08H', '12H')",12.082,0,393801.0
"('02S', '08H', '12S')",12.082,0,393801.0
"('02S', '08S', '12C')",12.082,0,393801.0
"('02S', '08S', '12D')",12.082,0,393801.0
"('02S', '08S', '12H')",12.082,0,393801.0
"('02S', '08S', '12S')",12.082,0,393801.0
"('06C', '07C', '12C')",12.076,0,390905.0
"('06C', '07C', '12D')",12.076,0,390905.0
"('06C', '07C', '12H')",12.076,0,390905.0
"('06C', '07C', '12S')",12.076,0,390905.0
"('06C', '07D', '12C')",12.076,0,390905.0
"('06C', '07D', '12D')",12.076,0,390905.0
"('06C', '07D', '12H')",12.076,0,390905.0
"('06C', '07D', '12S')",12.076,0,390905.0
"('06C', '07H', '12C')",12.076,0,390905.0
"('06C', '07H', '12D')",12.076,0,390905.0
"('06C', '07H', '12H')",12.076,0,390905.0
"('06C', '07H', '12S')",12.076,0,390905.0
"('06C', '07S', '12C')",12.076,0,390905.0
"('06C', '07S', '12D')",12.076,0,390905.0
"('06C', '07S', '12H')",12.076,0,390905.0
"('06C', '07S', '12S')",12.076,0,390905.0
"('06D', '07C', '12C')",12.076,0,390905.0
"('06D', '07C', '12D')",12.076,0,390905.0
"('06D', '07C', '12H')",12.076,0,390905.0
"('06D', '07C', '12S')",12.076,0,390905.0
"('06D', '07D', '12C')",12.076,0,390905.0
"('06D', '07D', '12D')",12.076,0,390905.0
"('06D', '07D', '12H')",12.076,0,390905.0
"('06D', '07D', '12S')",12.076,0,390905.0
"('06D', '07H', '12C')",12.076,0,390905.0
"('06D', '07H', '12D')",12.076,0,390905.0
"('06D', '07H', '12H')",12.076,0,390905.0
"('06D', '07H', '12S')",12.076,0,390905.0
"('06D', '07S', '12C')",12.076,0,390905.0
"('06D', '07S', '12D')",12.076,0,390905.0
"('06D', '07S', '12H')",12.076,0,390905.0
"('06D', '07S', '12S')",12.076,0,390905.0
"('06H', '07C', '12C')",12.076,0,390905.0
"('06H', '07C', '12D')",12.076,0,390905.0
"('06H', '07C', '12H')",12.076,0,390905.0
"('06H', '07C', '12S')",12.076,0,390905.0
"('06H', '07D', '12C')",12.076,0,390905.0
"('06H', '07D', '12D')",12.076,0,390905.0
"('06H', '07D', '12H')",12.076,0,390905.0
"('06H', '07D', '12S')",12.076,0,390905.0
"('06H', '07H', '12C')",12.076,0,390905.0
"('06H', '07H', '12D')",12.076,0,390905.0
"('06H', '07H', '12H')",12.076,0,390905.0
"('06H', '07H', '12S')",12.076,0,390905.0
"('06H', '07S', '12C')",12.076,0,390905.0
"('06H', '07S', '12D')",12.076,0,390905.0
"('06H', '07S', '12H')",12.076,0,390905.0
"('06H', '07S', '12S')",12.076,0,390905.0
"('06S', '07C', '12C')",12.076,0,390905.0
"('06S', '07C', '12D')",12.076,0,390905.0
"('06S', '07C', '12H')",12.076,0,390905.0
"('06S', '07C', '12S')",12.076,0,390905.0
"('06S', '07D', '12C')",12.076,0,390905.0
"('06S', '07D', '12D')",12.076,0,390905.0
"('06S', '07D', '12H')",12.076,0,390905.0
"('06S', '07D', '12S')",12.076,0,390905.0
"('06S', '07H', '12C')",12.076,0,390905.0
"('06S', '07H', '12D')",12.076,0,390905.0
"('06S', '07H', '12H')",12.076,0,390905.0
"('06S', '07H', '12S')",12.076,0,390905.0
"('06S', '07S', '12C')",12.076,0,390905.0
"('06S', '07S', '12D')",12.076,0,390905.0
"('06S', '07S', '12H')",12.076,0,390905.0
"('06S', '07S', '12S')",12.076,0,390905.0
"('05C', '07C', '12C')",12.075000000000001,0,388009.0
"('05C', '07C', '12D')",12.075000000000001,0,388009.0
"('05C', '07C', '12H')",12.075000000000001,0,388009.0
"('05C', '07C', '12S')",12.075000000000001,0,388009.0
"('05C', '07D', '12C')",12.075000000000001,0,388009.0
"('05C', '07D', '12D')",12.075000000000001,0,388009.0
"('05C', '07D', '12H')",12.075000000000001,0,388009.0
"('05C', '07D', '12S')",12.075000000000001,0,388009.0
"('05C', '07H', '12C')",12.075000000000001,0,388009.0
"('05C', '07H', '12D')",12.075000000000001,0,388009.0
"('05C', '07H', '12H')",12.075000000000001,0,388009.0
"('05C', '07H', '12S')",12.075000000000001,0,388009.0
"('05C', '07S', '12C')",12.075000000000001,0,388009.0
"('05C', '07S', '12D')",12.075000000000001,0,388009.0
"('05C', '07S', '12H')",12.075000000000001,0,388009.0
"('05C', '07S', '12S')",12.075000000000001,0,388009.0
"('05D', '07C', '12C')",12.075000000000001,0,388009.0
"('05D', '07C', '12D')",12.075000000000001,0,388009.0
"('05D', '07C', '12H')",12.075000000000001,0,388009.0
"('05D', '07C', '12S')",12.075000000000001,0,388009.0
"('05D', '07D', '12C')",12.075000000000001,0,388009.0
"('05D', '07D', '12D')",12.075000000000001,0,388009.0
"('05D', '07D', '12H')",12.075000000000001,0,388009.0
"('05D', '07D', '12S')",12.075000000000001,0,388009.0
"('05D', '07H', '12C')",12.075000000000001,0,388009.0
"('05D', '07H', '12D')",12.075000000000001,0,388009.0
"('05D', '07H', '12H')",12.075000000000001,0,388009.0
"('05D', '07H', '12S')",12.075000000000001,0,388009.0
"('05D', '07S', '12C')",12.075000000000001,0,388009.0
"('05D', '07S', '12D')",12.075000000000001,0,388009.0
"('05D', '07S', '12H')",12.075000000000001,0,388009.0
"('05D', '07S', '12S')",12.075000000000001,0,388009.0
"('05H', '07C', '12C')",12.075000000000001,0,388009.0
"('05H', '07C', '12D')",12.075000000000001,0,388009.0
"('05H', '07C', '12H')",12.075000000000001,0,388009.0
"('05H', '07C', '12S')",12.075000000000001,0,388009.0
"('05H', '07D', '12C')",12.075000000000001,0,388009.0
"('05H', '07D', '12D')",12.075000000000001,0,388009.0
"('05H', '07D', '12H')",12.075000000000001,0,388009.0
"('05H', '07D', '12S')",12.075000000000001,0,388009.0
"('05H', '07H', '12C')",12.075000000000001,0,388009.0
"('05H', '07H', '12D')",12.075000000000001,0,388009.0
"('05H', '07H', '12H')",12.075000000000001,0,388009.0
"('05H', '07H', '12S')",12.075000000000001,0,388009.0
"('05H', '07S', '12C')",12.075000000000001,0,388009.0
"('05H', '07S', '12D')",12.075000000000001,0,388009.0
"('05H', '07S', '12H')",12.075000000000001,0,388009.0
"('05H', '07S', '12S')",12.075000000000001,0,388009.0
"('05S', '07C', '12C')",12.075000000000001,0,388009.0
"('05S', '07C', '12D')",12.075000000000001,0,388009.0
"('05S', '07C', '12H')",12.075000000000001,0,388009.0
"('05S', '07C', '12S')",12.075000000000001,0,388009.0
"('05S', '07D', '12C')",12.075000000000001,0,388009.0
"('05S', '07D', '12D')",12.075000000000001,0,388009.0
"('05S', '07D', '12H')",12.075000000000001,0,388009.0
"('05S', '07D', '12S')",12.075000000000001,0,388009.0
"('05S', '07H', '12C')",12.075000000000001,0,388009.0
"('05S', '07H', '12D')",12.075000000000001,0,388009.0
"('05S', '07H', '12H')",12.075000000000001,0,388009.0
"('05S', '07H', '12S')",12.075000000000001,0,388009.0
"('05S', '07S', '12C')",12.075000000000001,0,388009.0
"('05S', '07S', '12D')",12.075000000000001,0,388009.0
"('05S', '07S', '12H')",12.075000000000001,0,388009.0
"('05S', '07S', '12S')",12.075000000000001,0,388009.0
"('04C', '07C', '12C')",12.074,0,385113.0
"('04C', '07C', '12D')",12.074,0,385113.0
"('04C', '07C', '12H')",12.074,0,385113.0
"('04C', '07C', '12S')",12.074,0,385113.0
"('04C', '07D', '12C')",12.074,0,385113.0
"('04C', '07D', '12D')",12.074,0,385113.0
"('04C', '07D', '12H')",12.074,0,385113.0
"('04C', '07D', '12S')",12.074,0,385113.0
"('04C', '07H', '12C')",12.074,0,385113.0
"('04C', '07H', '12D')",12.074,0,385113.0
"('04C', '07H', '12H')",12.074,0,385113.0
"('04C', '07H', '12S')",12.074,0,385113.0
"('04C', '07S', '12C')",12.074,0,385113.0
"('04C', '07S', '12D')",12.074,0,385113.0
"('04C', '07S', '12H')",12.074,0,385113.0
"('04C', '07S', '12S')",12.074,0,385113.0
"('04D', '07C', '12C')",12.074,0,385113.0
"('04D', '07C', '12D')",12.074,0,385113.0
"('04D', '07C', '12H')",12.074,0,385113.0
"('04D', '07C', '12S')",12.074,0,385113.0
"('04D', '07D', '12C')",12.074,0,385113.0
"('04D', '07D', '12D')",12.074,0,385113.0
"('04D', '07D', '12H')",12.074,0,385113.0
"('04D', '07D', '12S')",12.074,0,385113.0
"('04D', '07H', '12C')",12.074,0,385113.0
"('04D', '07H', '12D')",12.074,0,385113.0
"('04D', '07H', '12H')",12.074,0,385113.0
"('04D', '07H', '12S')",12.074,0,385113.0
"('04D', '07S', '12C')",12.074,0,385113.0
"('04D', '07S', '12D')",12.074,0,385113.0
"('04D', '07S', '12H')",12.074,0,385113.0
"('04D', '07S', '12S')",12.074,0,385113.0
"('04H', '07C', '12C')",12.074,0,385113.0
"('04H', '07C', '12D')",12.074,0,385113.0
"('04H', '07C', '12H')",12.074,0,385113.0
"('04H', '07C', '12S')",12.074,0,385113.0
"('04H', '07D', '12C')",12.074,0,385113.0
"('04H', '07D', '12D')",12.074,0,385113.0
"('04H', '07D', '12H')",12.074,0,385113.0
"('04H', '07D', '12S')",12.074,0,385113.0
"('04H', '07H', '12C')",12.074,0,385113.0
"('04H', '07H', '12D')",12.074,0,385113.0
"('04H', '07H', '12H')",12.074,0,385113.0
"('04H', '07H', '12S')",12.074,0,385113.0
"('04H', '07S', '12C')",12.074,0,385113.0
"('04H', '07S', '12D')",12.074,0,385113.0
"('04H', '07S', '12H')",12.074,0,385113.0
"('04H', '07S', '12S')",12.074,0,385113.0
"('04S', '07C', '12C')",12.074,0,385113.0
"('04S', '07C', '12D')",12.074,0,385113.0
"('04S', '07C', '12H')",12.074,0,385113.0
"('04S', '07C', '12S')",12.074,0,385113.0
"('04S', '07D', '12C')",12.074,0,385113.0
"('04S', '07D', '12D')",12.074,0,385113.0
"('04S', '07D', '12H')",12.074,0,385113.0
"('04S', '07D', '12S')",12.074,0,385113.0
"('04S', '07H', '12C')",12.074,0,385113.0
"('04S', '07H', '12D')",12.074,0,385113.0
"('04S', '07H', '12H')",12.074,0,385113.0
"('04S', '07H', '12S')",12.074,0,385113.0
"('04S', '07S', '12C')",12.074,0,385113.0
"('04S', '07S', '12D')",12.074,0,385113.0
"('04S', '07S', '12H')",12.074,0,385113.0
"('04S', '07S', '12S')",12.074,0,385113.0
"('03C', '07C', '12C')",12.073,0,382217.0
"('03C', '07C', '12D')",12.073,0,382217.0
"('03C', '07C', '12H')",12.073,0,382217.0
"('03C', '07C', '12S')",12.073,0,382217.0
"('03C', '07D', '12C')",12.073,0,382217.0
"('03C', '07D', '12D')",12.073,0,382217.0
"('03C', '07D', '12H')",12.073,0,382217.0
"('03C', '07D', '12S')",12.073,0,382217.0
"('03C', '07H', '12C')",12.073,0,382217.0
"('03C', '07H', '12D')",12.073,0,382217.0
"('03C', '07H', '12H')",12.073,0,382217.0
"('03C', '07H', '12S')",12.073,0,382217.0
"('03C', '07S', '12C')",12.073,0,382217.0
"('03C', '07S', '12D')",12.073,0,382217.0
"('03C', '07S', '12H')",12.073,0,382217.0
"('03C', '07S', '12S')",12.073,0,382217.0
"('03D', '07C', '12C')",12.073,0,382217.0
"('03D', '07C', '12D')",12.073,0,382217.0
"('03D', '07C', '12H')",12.073,0,382217.0
"('03D', '07C', '12S')",12.073,0,382217.0
"('03D', '07D', '12C')",12.073,0,382217.0
"('03D', '07D', '12D')",12.073,0,382217.0
"('03D', '07D', '12H')",12.073,0,382217.0
"('03D', '07D', '12S')",12.073,0,382217.0
"('03D', '07H', '12C')",12.073,0,382217.0
"('03D', '07H', '12D')",12.073,0,382217.0
"('03D', '07H', '12H')",12.073,0,382217.0
"('03D', '07H', '12S')",12.073,0,382217.0
"('03D', '07S', '12C')",12.073,0,382217.0
"('03D', '07S', '12D')",12.073,0,382217.0
"('03D', '07S', '12H')",12.073,0,382217.0
"('03D', '07S', '12S')",12.073,0,382217.0
"('03H', '07C', '12C')",12.073,0,382217.0
"('03H', '07C', '12D')",12.073,0,382217.0
"('03H', '07C', '12H')",12.073,0,382217.0
"('03H', '07C', '12S')",12.073,0,382217.0
"('03H', '07D', '12C')",12.073,0,382217.0
"('03H', '07D', '12D')",12.073,0,382217.0
"('03H', '07D', '12H')",12.073,0,382217.0
"('03H', '07D', '12S')",12.073,0,382217.0
"('03H', '07H', '12C')",12.073,0,382217.0
"('03H', '07H', '12D')",12.073,0,382217.0
"('03H', '07H', '12H')",12.073,0,382217.0
"('03H', '07H', '12S')",12.073,0,382217.0
"('03H', '07S', '12C')",12.073,0,382217.0
"('03H', '07S', '12D')",12.073,0,382217.0
"('03H', '07S', '12H')",12.073,0,382217.0
"('03H', '07S', '12S')",12.073,0,382217.0
"('03S', '07C', '12C')",12.073,0,382217.0
"('03S', '07C', '12D')",12.073,0,382217.0
"('03S', '07C', '12H')",12.073,0,382217.0
"('03S', '07C', '12S')",12.073,0,382217.0
"('03S', '07D', '12C')",12.073,0,382217.0
"('03S', '07D', '12D')",12.073,0,382217.0
"('03S', '07D', '12H')",12.073,0,382217.0
"('03S', '07D', '12S')",12.073,0,382217.0
"('03S', '07H', '12C')",12.073,0,382217.0
"('03S', '07H', '12D')",12.073,0,382217.0
"('03S', '07H', '12H')",12.073,0,382217.0
"('03S', '07H', '12S')",12.073,0,382217.0
"('03S', '07S', '12C')",12.073,0,382217.0
"('03S', '07S', '12D')",12.073,0,382217.0
"('03S', '07S', '12H')",12.073,0,382217.0
"('03S', '07S', '12S')",12.073,0,382217.0
"('02C', '07C', '12C')",12.072000000000001,0,379321.0
"('02C', '07C', '12D')",12.072000000000001,0,379321.0
"('02C', '07C', '12H')",12.072000000000001,0,379321.0
"('02C', '07C', '12S')",12.072000000000001,0,379321.0
"('02C', '07D', '12C')",12.072000000000001,0,379321.0
"('02C', '07D', '12D')",12.072000000000001,0,379321.0
"('02C', '07D', '12H')",12.072000000000001,0,379321.0
"('02C', '07D', '12S')",12.072000000000001,0,379321.0
"('02C', '07H', '12C')",12.072000000000001,0,379321.0
"('02C', '07H', '12D')",12.072000000000001,0,379321.0
"('02C', '07H', '12H')",12.072000000000001,0,379321.0
"('02C', '07H', '12S')",12.072000000000001,0,379321.0
"('02C', '07S', '12C')",12.072000000000001,0,379321.0
"('02C', '07S', '12D')",12.072000000000001,0,379321.0
"('02C', '07S', '12H')",12.072000000000001,0,379321.0
"('02C', '07S', '12S')",12.072000000000001,0,379321.0
"('02D', '07C', '12C')",12.072000000000001,0,379321.0
"('02D', '07C', '12D')",12.072000000000001,0,379321.0
"('02D', '07C', '12H')",12.072000000000001,0,379321.0
"('02D', '07C', '12S')",12.072000000000001,0,379321.0
"('02D', '07D', '12C')",12.072000000000001,0,379321.0
"('02D', '07D', '12D')",12.072000000000001,0,379321.0
"('02D', '07D', '12H')",12.072000000000001,0,379321.0
"('02D', '07D', '12S')",12.072000000000001,0,379321.0
"('02D', '07H', '12C')",12.072000000000001,0,379321.0
"('02D', '07H', '12D')",12.072000000000001,0,379321.0
"('02D', '07H', '12H')",12.072000000000001,0,379321.0
"('02D', '07H', '12S')",12.072000000000001,0,379321.0
"('02D', '07S', '12C')",12.072000000000001,0,379321.0
"('02D', '07S', '12D')",12.072000000000001,0,379321.0
"('02D', '07S', '12H')",12.072000000000001,0,379321.0
"('02D', '07S', '12S')",12.072000000000001,0,379321.0
"('02H', '07C', '12C')",12.072000000000001,0,379321.0
"('02H', '07C', '12D')",12.072000000000001,0,379321.0
"('02H', '07C', '12H')",12.072000000000001,0,379321.0
"('02H', '07C', '12S')",12.072000000000001,0,379321.0
"('02H', '07D', '12C')",12.072000000000001,0,379321.0
"('02H', '07D', '12D')",12.072000000000001,0,379321.0
"('02H', '07D', '12H')",12.072000000000001,0,379321.0
"('02H', '07D', '12S')",12.072000000000001,0,379321.0
"('02H', '07H', '12C')",12.072000000000001,0,379321.0
"('02H', '07H', '12D')",12.072000000000001,0,379321.0
"('02H', '07H', '12H')",12.072000000000001,0,379321.0
"('02H', '07H', '12S')",12.072000000000001,0,379321.0
"('02H', '07S', '12C')",12.072000000000001,0,379321.0
"('02H', '07S', '12D')",12.072000000000001,0,379321.0
"('02H', '07S', '12H')",12.072000000000001,0,379321.0
"('02H', '07S', '12S')",12.072000000000001,0,379321.0
"('02S', '07C', '12C')",12.072000000000001,0,379321.0
"('02S', '07C', '12D')",12.072000000000001,0,379321.0
"('02S', '07C', '12H')",12.072000000000001,0,379321.0
"('02S', '07C', '12S')",12.072000000000001,0,379321.0
"('02S', '07D', '12C')",12.072000000000001,0,379321.0
"('02S', '07D', '12D')",12.072000000000001,0,379321.0
"('02S', '07D', '12H')",12.072000000000001,0,379321.0
"('02S', '07D', '12S')",12.072000000000001,0,379321.0
"('02S', '07H', '12C')",12.072000000000001,0,379321.0
"('02S', '07H', '12D')",12.072000000000001,0,379321.0
"('02S', '07H', '12H')",12.072000000000001,0,379321.0
"('02S', '07H', '12S')",12.072000000000001,0,379321.0
"('02S', '07S', '12C')",12.072000000000001,0,379321.0
"('02S', '07S', '12D')",12.072000000000001,0,379321.0
"('02S', '07S', '12H')",12.072000000000001,0,379321.0
"('02S', '07S', '12S')",12.072000000000001,0,379321.0
"('05C', '06C', '12C')",12.065000000000001,0,376425.0
"('05C', '06C', '12D')",12.065000000000001,0,376425.0
"('05C', '06C', '12H')",12.065000000000001,0,376425.0
"('05C', '06C', '12S')",12.065000000000001,0,376425.0
"('05C', '06D', '12C')",12.065000000000001,0,376425.0
"('05C', '06D', '12D')",12.065000000000001,0,376425.0
"('05C', '06D', '12H')",12.065000000000001,0,376425.0
"('05C', '06D', '12S')",12.065000000000001,0,376425.0
"('05C', '06H', '12C')",12.065000000000001,0,376425.0
"('05C', '06H', '12D')",12.065000000000001,0,376425.0
"('05C', '06H', '12H')",12.065000000000001,0,376425.0
"('05C', '06H', '12S')",12.065000000000001,0,376425.0
"('05C', '06S', '12C')",12.065000000000001,0,376425.0
"('05C', '06S', '12D')",12.065000000000001,0,376425.0
"('05C', '06S', '12H')",12.065000000000001,0,376425.0
"('05C', '06S', '12S')",12.065000000000001,0,376425.0
"('05D', '06C', '12C')",12.065000000000001,0,376425.0
"('05D', '06C', '12D')",12.065000000000001,0,376425.0
"('05D', '06C', '12H')",12.065000000000001,0,376425.0
"('05D', '06C', '12S')",12.065000000000001,0,376425.0
"('05D', '06D', '12C')",12.065000000000001,0,376425.0
"('05D', '06D', '12D')",12.065000000000001,0,376425.0
"('05D', '06D', '12H')",12.065000000000001,0,376425.0
"('05D', '06D', '12S')",12.065000000000001,0,376425.0
"('05D', '06H', '12C')",12.065000000000001,0,376425.0
"('05D', '06H', '12D')",12.065000000000001,0,376425.0
"('05D', '06H', '12H')",12.065000000000001,0,376425.0
"('05D', '06H', '12S')",12.065000000000001,0,376425.0
"('05D', '06S', '12C')",12.065000000000001,0,376425.0
"('05D', '06S', '12D')",12.065000000000001,0,376425.0
"('05D', '06S', '12H')",12.065000000000001,0,376425.0
"('05D', '06S', '12S')",12.065000000000001,0,376425.0
"('05H', '06C', '12C')",12.065000000000001,0,376425.0
"('05H', '06C', '12D')",12.065000000000001,0,376425.0
"('05H', '06C', '12H')",12.065000000000001,0,376425.0
"('05H', '06C', '12S')",12.065000000000001,0,376425.0
"('05H', '06D', '12C')",12.065000000000001,0,376425.0
"('05H', '06D', '12D')",12.065000000000001,0,376425.0
"('05H', '06D', '12H')",12.065000000000001,0,376425.0
"('05H', '06D', '12S')",12.065000000000001,0,376425.0
"('05H', '06H', '12C')",12.065000000000001,0,376425.0
"('05H', '06H', '12D')",12.065000000000001,0,376425.0
"('05H', '06H', '12H')",12.065000000000001,0,376425.0
"('05H', '06H', '12S')",12.065000000000001,0,376425.0
"('05H', '06S', '12C')",12.065000000000001,0,376425.0
"('05H', '06S', '12D')",12.065000000000001,0,376425.0
"('05H', '06S', '12H')",12.065000000000001,0,376425.0
"('05H', '06S', '12S')",12.065000000000001,0,376425.0
"('05S', '06C', '12C')",12.065000000000001,0,376425.0
"('05S', '06C', '12D')",12.065000000000001,0,376425.0
"('05S', '06C', '12H')",12.065000000000001,0,376425.0
"('05S', '06C', '12S')",12.065000000000001,0,376425.0
"('05S', '06D', '12C')",12.065000000000001,0,376425.0
"('05S', '06D', '12D')",12.065000000000001,0,376425.0
"('05S', '06D', '12H')",12.065000000000001,0,376425.0
"('05S', '06D', '12S')",12.065000000000001,0,376425.0
"('05S', '06H', '12C')",12.065000000000001,0,376425.0
"('05S', '06H', '12D')",12.065000000000001,0,376425.0
"('05S', '06H', '12H')",12.065000000000001,0,376425.0
"('05S', '06H', '12S')",12.065000000000001,0,376425.0
"('05S', '06S', '12C')",12.065000000000001,0,376425.0
"('05S', '06S', '12D')",12.065000000000001,0,376425.0
"('05S', '06S', '12H')",12.065000000000001,0,376425.0
"('05S', '06S', '12S')",12.065000000000001,0,376425.0
"('04C', '06C', '12C')",12.064,0,373529.0
"('04C', '06C', '12D')",12.064,0,373529.0
"('04C', '06C', '12H')",12.064,0,373529.0
"('04C', '06C', '12S')",12.064,0,373529.0
"('04C', '06D', '12C')",12.064,0,373529.0
"('04C', '06D', '12D')",12.064,0,373529.0
"('04C', '06D', '12H')",12.064,0,373529.0
"('04C', '06D', '12S')",12.064,0,373529.0
"('04C', '06H', '12C')",12.064,0,373529.0
"('04C', '06H', '12D')",12.064,0,373529.0
"('04C', '06H', '12H')",12.064,0,373529.0
"('04C', '06H', '12S')",12.064,0,373529.0
"('04C', '06S', '12C')",12.064,0,373529.0
"('04C', '06S', '12D')",12.064,0,373529.0
"('04C', '06S', '12H')",12.064,0,373529.0
"('04C', '06S', '12S')",12.064,0,373529.0
"('04D', '06C', '12C')",12.064,0,373529.0
"('04D', '06C', '12D')",12.064,0,373529.0
"('04D', '06C', '12H')",12.064,0,373529.0
"('04D', '06C', '12S')",12.064,0,373529.0
"('04D', '06D', '12C')",12.064,0,373529.0
"('04D', '06D', '12D')",12.064,0,373529.0
"('04D', '06D', '12H')",12.064,0,373529.0
"('04D', '06D', '12S')",12.064,0,373529.0
"('04D', '06H', '12C')",12.064,0,373529.0
"('04D', '06H', '12D')",12.064,0,373529.0
"('04D', '06H', '12H')",12.064,0,373529.0
"('04D', '06H', '12S')",12.064,0,373529.0
"('04D', '06S', '12C')",12.064,0,373529.0
"('04D', '06S', '12D')",12.064,0,373529.0
"('04D', '06S', '12H')",12.064,0,373529.0
"('04D', '06S', '12S')",12.064,0,373529.0
"('04H', '06C', '12C')",12.064,0,373529.0
"('04H', '06C', '12D')",12.064,0,373529.0
"('04H', '06C', '12H')",12.064,0,373529.0
"('04H', '06C', '12S')",12.064,0,373529.0
"('04H', '06D', '12C')",12.064,0,373529.0
"('04H', '06D', '12D')",12.064,0,373529.0
"('04H', '06D', '12H')",12.064,0,373529.0
"('04H', '06D', '12S')",12.064,0,373529.0
"('04H', '06H', '12C')",12.064,0,373529.0
"('04H', '06H', '12D')",12.064,0,373529.0
"('04H', '06H', '12H')",12.064,0,373529.0
"('04H', '06H', '12S')",12.064,0,373529.0
"('04H', '06S', '12C')",12.064,0,373529.0
"('04H', '06S', '12D')",12.064,0,373529.0
"('04H', '06S', '12H')",12.064,0,373529.0
"('04H', '06S', '12S')",12.064,0,373529.0
"('04S', '06C', '12C')",12.064,0,373529.0
"('04S', '06C', '12D')",12.064,0,373529.0
"('04S', '06C', '12H')",12.064,0,373529.0
"('04S', '06C', '12S')",12.064,0,373529.0
"('04S', '06D', '12C')",12.064,0,373529.0
"('04S', '06D', '12D')",12.064,0,373529.0
"('04S', '06D', '12H')",12.064,0,373529.0
"('04S', '06D', '12S')",12.064,0,373529.0
"('04S', '06H', '12C')",12.064,0,373529.0
"('04S', '06H', '12D')",12.064,0,373529.0
"('04S', '06H', '12H')",12.064,0,373529.0
"('04S', '06H', '12S')",12.064,0,373529.0
"('04S', '06S', '12C')",12.064,0,373529.0
"('04S', '06S', '12D')",12.064,0,373529.0
"('04S', '06S', '12H')",12.064,0,373529.0
"('04S', '06S', '12S')",12.064,0,373529.0
"('03C', '06C', '12C')",12.063,0,370633.0
"('03C', '06C', '12D')",12.063,0,370633.0
"('03C', '06C', '12H')",12.063,0,370633.0
"('03C', '06C', '12S')",12.063,0,370633.0
"('03C', '06D', '12C')",12.063,0,370633.0
"('03C', '06D', '12D')",12.063,0,370633.0
"('03C', '06D', '12H')",12.063,0,370633.0
"('03C', '06D', '12S')",12.063,0,370633.0
"('03C', '06H', '12C')",12.063,0,370633.0
"('03C', '06H', '12D')",12.063,0,370633.0
"('03C', '06H', '12H')",12.063,0,370633.0
"('03C', '06H', '12S')",12.063,0,370633.0
"('03C', '06S', '12C')",12.063,0,370633.0
"('03C', '06S', '12D')",12.063,0,370633.0
"('03C', '06S', '12H')",12.063,0,370633.0
"('03C', '06S', '12S')",12.063,0,370633.0
"('03D', '06C', '12C')",12.063,0,370633.0
"('03D', '06C', '12D')",12.063,0,370633.0
"('03D', '06C', '12H')",12.063,0,370633.0
"('03D', '06C', '12S')",12.063,0,370633.0
"('03D', '06D', '12C')",12.063,0,370633.0
"('03D', '06D', '12D')",12.063,0,370633.0
"('03D', '06D', '12H')",12.063,0,370633.0
"('03D', '06D', '12S')",12.063,0,370633.0
"('03D', '06H', '12C')",12.063,0,370633.0
"('03D', '06H', '12D')",12.063,0,370633.0
"('03D', '06H', '12H')",12.063,0,370633.0
"('03D', '06H', '12S')",12.063,0,370633.0
"('03D', '06S', '12C')",12.063,0,370633.0
"('03D', '06S', '12D')",12.063,0,370633.0
"('03D', '06S', '12H')",12.063,0,370633.0
"('03D', '06S', '12S')",12.063,0,370633.0
"('03H', '06C', '12C')",12.063,0,370633.0
"('03H', '06C', '12D')",12.063,0,370633.0
"('03H', '06C', '12H')",12.063,0,370633.0
"('03H', '06C', '12S')",12.063,0,370633.0
"('03H', '06D', '12C')",12.063,0,370633.0
"('03H', '06D', '12D')",12.063,0,370633.0
"('03H', '06D', '12H')",12.063,0,370633.0
"('03H', '06D', '12S')",12.063,0,370633.0
"('03H', '06H', '12C')",12.063,0,370633.0
"('03H', '06H', '12D')",12.063,0,370633.0
"('03H', '06H', '12H')",12.063,0,370633.0
"('03H', '06H', '12S')",12.063,0,370633.0
"('03H', '06S', '12C')",12.063,0,370633.0
"('03H', '06S', '12D')",12.063,0,370633.0
"('03H', '06S', '12H')",12.063,0,370633.0
"('03H', '06S', '12S')",12.063,0,370633.0
"('03S', '06C', '12C')",12.063,0,370633.0
"('03S', '06C', '12D')",12.063,0,370633.0
"('03S', '06C', '12H')",12.063,0,370633.0
"('03S', '06C', '12S')",12.063,0,370633.0
"('03S', '06D', '12C')",12.063,0,370633.0
"('03S', '06D', '12D')",12.063,0,370633.0
"('03S', '06D', '12H')",12.063,0,370633.0
"('03S', '06D', '12S')",12.063,0,370633.0
"('03S', '06H', '12C')",12.063,0,370633.0
"('03S', '06H', '12D')",12.063,0,370633.0
"('03S', '06H', '12H')",12.063,0,370633.0
"('03S', '06H', '12S')",12.063,0,370633.0
"('03S', '06S', '12C')",12.063,0,370633.0
"('03S', '06S', '12D')",12.063,0,370633.0
"('03S', '06S', '12H')",12.063,0,370633.0
"('03S', '06S', '12S')",12.063,0,370633.0
"('02C', '06C', '12C')",12.062000000000001,0,367738.0
"('02C', '06C', '12D')",12.062000000000001,0,367738.0
"('02C', '06C', '12H')",12.062000000000001,0,367738.0
"('02C', '06C', '12S')",12.062000000000001,0,367738.0
"('02C', '06D', '12C')",12.062000000000001,0,367738.0
"('02C', '06D', '12D')",12.062000000000001,0,367738.0
"('02C', '06D', '12H')",12.062000000000001,0,367738.0
"('02C', '06D', '12S')",12.062000000000001,0,367738.0
"('02C', '06H', '12C')",12.062000000000001,0,367738.0
"('02C', '06H', '12D')",12.062000000000001,0,367738.0
"('02C', '06H', '12H')",12.062000000000001,0,367738.0
"('02C', '06H', '12S')",12.062000000000001,0,367738.0
"('02C', '06S', '12C')",12.062000000000001,0,367738.0
"('02C', '06S', '12D')",12.062000000000001,0,367738.0
"('02C', '06S', '12H')",12.062000000000001,0,367738.0
"('02C', '06S', '12S')",12.062000000000001,0,367738.0
"('02D', '06C', '12C')",12.062000000000001,0,367738.0
"('02D', '06C', '12D')",12.062000000000001,0,367738.0
"('02D', '06C', '12H')",12.062000000000001,0,367738.0
"('02D', '06C', '12S')",12.062000000000001,0,367738.0
"('02D', '06D', '12C')",12.062000000000001,0,367738.0
"('02D', '06D', '12D')",12.062000000000001,0,367738.0
"('02D', '06D', '12H')",12.062000000000001,0,367738.0
"('02D', '06D', '12S')",12.062000000000001,0,367738.0
"('02D', '06H', '12C')",12.062000000000001,0,367738.0
"('02D', '06H', '12D')",12.062000000000001,0,367738.0
"('02D', '06H', '12H')",12.062000000000001,0,367738.0
"('02D', '06H', '12S')",12.062000000000001,0,367738.0
"('02D', '06S', '12C')",12.062000000000001,0,367738.0
"('02D', '06S', '12D')",12.062000000000001,0,367738.0
"('02D', '06S', '12H')",12.062000000000001,0,367738.0
"('02D', '06S', '12S')",12.062000000000001,0,367738.0
"('02H', '06C', '12C')",12.062000000000001,0,367738.0
"('02H', '06C', '12D')",12.062000000000001,0,367738.0
"('02H', '06C', '12H')",12.062000000000001,0,367738.0
"('02H', '06C', '12S')",12.062000000000001,0,367738.0
"('02H', '06D', '12C')",12.062000000000001,0,367738.0
"('02H', '06D', '12D')",12.062000000000001,0,367738.0
"('02H', '06D', '12H')",12.062000000000001,0,367738.0
"('02H', '06D', '12S')",12.062000000000001,0,367738.0
"('02H', '06H', '12C')",12.062000000000001,0,367738.0
"('02H', '06H', '12D')",12.062000000000001,0,367738.0
"('02H', '06H', '12H')",12.062000000000001,0,367738.0
"('02H', '06H', '12S')",12.062000000000001,0,367738.0
"('02H', '06S', '12C')",12.062000000000001,0,367738.0
"('02H', '06S', '12D')",12.062000000000001,0,367738.0
"('02H', '06S', '12H')",12.062000000000001,0,367738.0
"('02H', '06S', '12S')",12.062000000000001,0,367738.0
"('02S', '06C', '12C')",12.062000000000001,0,367738.0
"('02S', '06C', '12D')",12.062000000000001,0,367738.0
"('02S', '06C', '12H')",12.062000000000001,0,367738.0
"('02S', '06C', '12S')",12.062000000000001,0,367738.0
"('02S', '06D', '12C')",12.062000000000001,0,367738.0
"('02S', '06D', '12D')",12.062000000000001,0,367738.0
"('02S', '06D', '12H')",12.062000000000001,0,367738.0
"('02S', '06D', '12S')",12.062000000000001,0,367738.0
"('02S', '06H', '12C')",12.062000000000001,0,367738.0
"('02S', '06H', '12D')",12.062000000000001,0,367738.0
"('02S', '06H', '12H')",12.062000000000001,0,367738.0
"('02S', '06H', '12S')",12.062000000000001,0,367738.0
"('02S', '06S', '12C')",12.062000000000001,0,367738.0
"('02S', '06S', '12D')",12.062000000000001,0,367738.0
"('02S', '06S', '12H')",12.062000000000001,0,367738.0
"('02S', '06S', '12S')",12.062000000000001,0,367738.0
"('04C', '05C', '12C')",12.054,0,364842.0
"('04C', '05C', '12D')",12.054,0,364842.0
"('04C', '05C', '12H')",12.054,0,364842.0
"('04C', '05C', '12S')",12.054,0,364842.0
"('04C', '05D', '12C')",12.054,0,364842.0
"('04C', '05D', '12D')",12.054,0,364842.0
"('04C', '05D', '12H')",12.054,0,364842.0
"('04C', '05D', '12S')",12.054,0,364842.0
"('04C', '05H', '12C')",12.054,0,364842.0
"('04C', '05H', '12D')",12.054,0,364842.0
"('04C', '05H', '12H')",12.054,0,364842.0
"('04C', '05H', '12S')",12.054,0,364842.0
"('04C', '05S', '12C')",12.054,0,364842.0
"('04C', '05S', '12D')",12.054,0,364842.0
"('04C', '05S', '12H')",12.054,0,364842.0
"('04C', '05S', '12S')",12.054,0,364842.0
"('04D', '05C', '12C')",12.054,0,364842.0
"('04D', '05C', '12D')",12.054,0,364842.0
"('04D', '05C', '12H')",12.054,0,364842.0
"('04D', '05C', '12S')",12.054,0,364842.0
"('04D', '05D', '12C')",12.054,0,364842.0
"('04D', '05D', '12D')",12.054,0,364842.0
"('04D', '05D', '12H')",12.054,0,364842.0
"('04D', '05D', '12S')",12.054,0,364842.0
"('04D', '05H', '12C')",12.054,0,364842.0
"('04D', '05H', '12D')",12.054,0,364842.0
"('04D', '05H', '12H')",12.054,0,364842.0
"('04D', '05H', '12S')",12.054,0,364842.0
"('04D', '05S', '12C')",12.054,0,364842.0
"('04D', '05S', '12D')",12.054,0,364842.0
"('04D', '05S', '12H')",12.054,0,364842.0
"('04D', '05S', '12S')",12.054,0,364842.0
"('04H', '05C', '12C')",12.054,0,364842.0
"('04H', '05C', '12D')",12.054,0,364842.0
"('04H', '05C', '12H')",12.054,0,364842.0
"('04H', '05C', '12S')",12.054,0,364842.0
"('04H', '05D', '12C')",12.054,0,364842.0
"('04H', '05D', '12D')",12.054,0,364842.0
"('04H', '05D', '12H')",12.054,0,364842.0
"('04H', '05D', '12S')",12.054,0,364842.0
"('04H', '05H', '12C')",12.054,0,364842.0
"('04H', '05H', '12D')",12.054,0,364842.0
"('04H', '05H', '12H')",12.054,0,364842.0
"('04H', '05H', '12S')",12.054,0,364842.0
"('04H', '05S', '12C')",12.054,0,364842.0
"('04H', '05S', '12D')",12.054,0,364842.0
"('04H', '05S', '12H')",12.054,0,364842.0
"('04H', '05S', '12S')",12.054,0,364842.0
"('04S', '05C', '12C')",12.054,0,364842.0
"('04S', '05C', '12D')",12.054,0,364842.0
"('04S', '05C', '12H')",12.054,0,364842.0
"('04S', '05C', '12S')",12.054,0,364842.0
"('04S', '05D', '12C')",12.054,0,364842.0
"('04S', '05D', '12D')",12.054,0,364842.0
"('04S', '05D', '12H')",12.054,0,364842.0
"('04S', '05D', '12S')",12.054,0,364842.0
"('04S', '05H', '12C')",12.054,0,364842.0
"('04S', '05H', '12D')",12.054,0,364842.0
"('04S', '05H', '12H')",12.054,0,364842.0
"('04S', '05H', '12S')",12.054,0,364842.0
"('04S', '05S', '12C')",12.054,0,364842.0
"('04S', '05S', '12D')",12.054,0,364842.0
"('04S', '05S', '12H')",12.054,0,364842.0
"('04S', '05S', '12S')",12.054,0,364842.0
"('03C', '05C', '12C')",12.053,0,361946.0
"('03C', '05C', '12D')",12.053,0,361946.0
"('03C', '05C', '12H')",12.053,0,361946.0
"('03C', '05C', '12S')",12.053,0,361946.0
"('03C', '05D', '12C')",12.053,0,361946.0
"('03C', '05D', '12D')",12.053,0,361946.0
"('03C', '05D', '12H')",12.053,0,361946.0
"('03C', '05D', '12S')",12.053,0,361946.0
"('03C', '05H', '12C')",12.053,0,361946.0
"('03C', '05H', '12D')",12.053,0,361946.0
"('03C', '05H', '12H')",12.053,0,361946.0
"('03C', '05H', '12S')",12.053,0,361946.0
"('03C', '05S', '12C')",12.053,0,361946.0
"('03C', '05S', '12D')",12.053,0,361946.0
"('03C', '05S', '12H')",12.053,0,361946.0
"('03C', '05S', '12S')",12.053,0,361946.0
"('03D', '05C', '12C')",12.053,0,361946.0
"('03D', '05C', '12D')",12.053,0,361946.0
"('03D', '05C', '12H')",12.053,0,361946.0
"('03D', '05C', '12S')",12.053,0,361946.0
"('03D', '05D', '12C')",12.053,0,361946.0
"('03D', '05D', '12D')",12.053,0,361946.0
"('03D', '05D', '12H')",12.053,0,361946.0
"('03D', '05D', '12S')",12.053,0,361946.0
"('03D', '05H', '12C')",12.053,0,361946.0
"('03D', '05H', '12D')",12.053,0,361946.0
"('03D', '05H', '12H')",12.053,0,361946.0
"('03D', '05H', '12S')",12.053,0,361946.0
"('03D', '05S', '12C')",12.053,0,361946.0
"('03D', '05S', '12D')",12.053,0,361946.0
"('03D', '05S', '12H')",12.053,0,361946.0
"('03D', '05S', '12S')",12.053,0,361946.0
"('03H', '05C', '12C')",12.053,0,361946.0
"('03H', '05C', '12D')",12.053,0,361946.0
"('03H', '05C', '12H')",12.053,0,361946.0
"('03H', '05C', '12S')",12.053,0,361946.0
"('03H', '05D', '12C')",12.053,0,361946.0
"('03H', '05D', '12D')",12.053,0,361946.0
"('03H', '05D', '12H')",12.053,0,361946.0
"('03H', '05D', '12S')",12.053,0,361946.0
"('03H', '05H', '12C')",12.053,0,361946.0
"('03H', '05H', '12D')",12.053,0,361946.0
"('03H', '05H', '12H')",12.053,0,361946.0
"('03H', '05H', '12S')",12.053,0,361946.0
"('03H', '05S', '12C')",12.053,0,361946.0
"('03H', '05S', '12D')",12.053,0,361946.0
"('03H', '05S', '12H')",12.053,0,361946.0
"('03H', '05S', '12S')",12.053,0,361946.0
"('03S', '05C', '12C')",12.053,0,361946.0
"('03S', '05C', '12D')",12.053,0,361946.0
"('03S', '05C', '12H')",12.053,0,361946.0
"('03S', '05C', '12S')",12.053,0,361946.0
"('03S', '05D', '12C')",12.053,0,361946.0
"('03S', '05D', '12D')",12.053,0,361946.0
"('03S', '05D', '12H')",12.053,0,361946.0
"('03S', '05D', '12S')",12.053,0,361946.0
"('03S', '05H', '12C')",12.053,0,361946.0
"('03S', '05H', '12D')",12.053,0,361946.0
"('03S', '05H', '12H')",12.053,0,361946.0
"('03S', '05H', '12S')",12.053,0,361946.0
"('03S', '05S', '12C')",12.053,0,361946.0
"('03S', '05S', '12D')",12.053,0,361946.0
"('03S', '05S', '12H')",12.053,0,361946.0
"('03S', '05S', '12S')",12.053,0,361946.0
"('02C', '05C', '12C')",12.052000000000001,0,359050.0
"('02C', '05C', '12D')",12.052000000000001,0,359050.0
"('02C', '05C', '12H')",12.052000000000001,0,359050.0
"('02C', '05C', '12S')",12.052000000000001,0,359050.0
"('02C', '05D', '12C')",12.052000000000001,0,359050.0
"('02C', '05D', '12D')",12.052000000000001,0,359050.0
"('02C', '05D', '12H')",12.052000000000001,0,359050.0
"('02C', '05D', '12S')",12.052000000000001,0,359050.0
"('02C', '05H', '12C')",12.052000000000001,0,359050.0
"('02C', '05H', '12D')",12.052000000000001,0,359050.0
"('02C', '05H', '12H')",12.052000000000001,0,359050.0
"('02C', '05H', '12S')",12.052000000000001,0,359050.0
"('02C', '05S', '12C')",12.052000000000001,0,359050.0
"('02C', '05S', '12D')",12.052000000000001,0,359050.0
"('02C', '05S', '12H')",12.052000000000001,0,359050.0
"('02C', '05S', '12S')",12.052000000000001,0,359050.0
"('02D', '05C', '12C')",12.052000000000001,0,359050.0
"('02D', '05C', '12D')",12.052000000000001,0,359050.0
"('02D', '05C', '12H')",12.052000000000001,0,359050.0
"('02D', '05C', '12S')",12.052000000000001,0,359050.0
"('02D', '05D', '12C')",12.052000000000001,0,359050.0
"('02D', '05D', '12D')",12.052000000000001,0,359050.0
"('02D', '05D', '12H')",12.052000000000001,0,359050.0
"('02D', '05D', '12S')",12.052000000000001,0,359050.0
"('02D', '05H', '12C')",12.052000000000001,0,359050.0
"('02D', '05H', '12D')",12.052000000000001,0,359050.0
"('02D', '05H', '12H')",12.052000000000001,0,359050.0
"('02D', '05H', '12S')",12.052000000000001,0,359050.0
"('02D', '05S', '12C')",12.052000000000001,0,359050.0
"('02D', '05S', '12D')",12.052000000000001,0,359050.0
"('02D', '05S', '12H')",12.052000000000001,0,359050.0
"('02D', '05S', '12S')",12.052000000000001,0,359050.0
"('02H', '05C', '12C')",12.052000000000001,0,359050.0
"('02H', '05C', '12D')",12.052000000000001,0,359050.0
"('02H', '05C', '12H')",12.052000000000001,0,359050.0
"('02H', '05C', '12S')",12.052000000000001,0,359050.0
"('02H', '05D', '12C')",12.052000000000001,0,359050.0
"('02H', '05D', '12D')",12.052000000000001,0,359050.0
"('02H', '05D', '12H')",12.052000000000001,0,359050.0
"('02H', '05D', '12S')",12.052000000000001,0,359050.0
"('02H', '05H', '12C')",12.052000000000001,0,359050.0
"('02H', '05H', '12D')",12.052000000000001,0,359050.0
"('02H', '05H', '12H')",12.052000000000001,0,359050.0
"('02H', '05H', '12S')",12.052000000000001,0,359050.0
"('02H', '05S', '12C')",12.052000000000001,0,359050.0
"('02H', '05S', '12D')",12.052000000000001,0,359050.0
"('02H', '05S', '12H')",12.052000000000001,0,359050.0
"('02H', '05S', '12S')",12.052000000000001,0,359050.0
"('02S', '05C', '12C')",12.052000000000001,0,359050.0
"('02S', '05C', '12D')",12.052000000000001,0,359050.0
"('02S', '05C', '12H')",12.052000000000001,0,359050.0
"('02S', '05C', '12S')",12.052000000000001,0,359050.0
"('02S', '05D', '12C')",12.052000000000001,0,359050.0
"('02S', '05D', '12D')",12.052000000000001,0,359050.0
"('02S', '05D', '12H')",12.052000000000001,0,359050.0
"('02S', '05D', '12S')",12.052000000000001,0,359050.0
"('02S', '05H', '12C')",12.052000000000001,0,359050.0
"('02S', '05H', '12D')",12.052000000000001,0,359050.0
"('02S', '05H', '12H')",12.052000000000001,0,359050.0
"('02S', '05H', '12S')",12.052000000000001,0,359050.0
"('02S', '05S', '12C')",12.052000000000001,0,359050.0
"('02S', '05S', '12D')",12.052000000000001,0,359050.0
"('02S', '05S', '12H')",12.052000000000001,0,359050.0
"('02S', '05S', '12S')",12.052000000000001,0,359050.0
"('03C', '04C', '12C')",12.043,0,356154.0
"('03C', '04C', '12D')",12.043,0,356154.0
"('03C', '04C', '12H')",12.043,0,356154.0
"('03C', '04C', '12S')",12.043,0,356154.0
"('03C', '04D', '12C')",12.043,0,356154.0
"('03C', '04D', '12D')",12.043,0,356154.0
"('03C', '04D', '12H')",12.043,0,356154.0
"('03C', '04D', '12S')",12.043,0,356154.0
"('03C', '04H', '12C')",12.043,0,356154.0
"('03C', '04H', '12D')",12.043,0,356154.0
"('03C', '04H', '12H')",12.043,0,356154.0
"('03C', '04H', '12S')",12.043,0,356154.0
"('03C', '04S', '12C')",12.043,0,356154.0
"('03C', '04S', '12D')",12.043,0,356154.0
"('03C', '04S', '12H')",12.043,0,356154.0
"('03C', '04S', '12S')",12.043,0,356154.0
"('03D', '04C', '12C')",12.043,0,356154.0
"('03D', '04C', '12D')",12.043,0,356154.0
"('03D', '04C', '12H')",12.043,0,356154.0
"('03D', '04C', '12S')",12.043,0,356154.0
"('03D', '04D', '12C')",12.043,0,356154.0
"('03D', '04D', '12D')",12.043,0,356154.0
"('03D', '04D', '12H')",12.043,0,356154.0
"('03D', '04D', '12S')",12.043,0,356154.0
"('03D', '04H', '12C')",12.043,0,356154.0
"('03D', '04H', '12D')",12.043,0,356154.0
"('03D', '04H', '12H')",12.043,0,356154.0
"('03D', '04H', '12S')",12.043,0,356154.0
"('03D', '04S', '12C')",12.043,0,356154.0
"('03D', '04S', '12D')",12.043,0,356154.0
"('03D', '04S', '12H')",12.043,0,356154.0
"('03D', '04S', '12S')",12.043,0,356154.0
"('03H', '04C', '12C')",12.043,0,356154.0
"('03H', '04C', '12D')",12.043,0,356154.0
"('03H', '04C', '12H')",12.043,0,356154.0
"('03H', '04C', '12S')",12.043,0,356154.0
"('03H', '04D', '12C')",12.043,0,356154.0
"('03H', '04D', '12D')",12.043,0,356154.0
"('03H', '04D', '12H')",12.043,0,356154.0
"('03H', '04D', '12S')",12.043,0,356154.0
"('03H', '04H', '12C')",12.043,0,356154.0
"('03H', '04H', '12D')",12.043,0,356154.0
"('03H', '04H', '12H')",12.043,0,356154.0
"('03H', '04H', '12S')",12.043,0,356154.0
"('03H', '04S', '12C')",12.043,0,356154.0
"('03H', '04S', '12D')",12.043,0,356154.0
"('03H', '04S', '12H')",12.043,0,356154.0
"('03H', '04S', '12S')",12.043,0,356154.0
"('03S', '04C', '12C')",12.043,0,356154.0
"('03S', '04C', '12D')",12.043,0,356154.0
"('03S', '04C', '12H')",12.043,0,356154.0
"('03S', '04C', '12S')",12.043,0,356154.0
"('03S', '04D', '12C')",12.043,0,356154.0
"('03S', '04D', '12D')",12.043,0,356154.0
"('03S', '04D', '12H')",12.043,0,356154.0
"('03S', '04D', '12S')",12.043,0,356154.0
"('03S', '04H', '12C')",12.043,0,356154.0
"('03S', '04H', '12D')",12.043,0,356154.0
"('03S', '04H', '12H')",12.043,0,356154.0
"('03S', '04H', '12S')",12.043,0,356154.0
"('03S', '04S', '12C')",12.043,0,356154.0
"('03S', '04S', '12D')",12.043,0,356154.0
"('03S', '04S', '12H')",12.043,0,356154.0
"('03S', '04S', '12S')",12.043,0,356154.0
"('02C', '04C', '12C')",12.042,0,353258.0
"('02C', '04C', '12D')",12.042,0,353258.0
"('02C', '04C', '12H')",12.042,0,353258.0
"('02C', '04C', '12S')",12.042,0,353258.0
"('02C', '04D', '12C')",12.042,0,353258.0
"('02C', '04D', '12D')",12.042,0,353258.0
"('02C', '04D', '12H')",12.042,0,353258.0
"('02C', '04D', '12S')",12.042,0,353258.0
"('02C', '04H', '12C')",12.042,0,353258.0
"('02C', '04H', '12D')",12.042,0,353258.0
"('02C', '04H', '12H')",12.042,0,353258.0
"('02C', '04H', '12S')",12.042,0,353258.0
"('02C', '04S', '12C')",12.042,0,353258.0
"('02C', '04S', '12D')",12.042,0,353258.0
"('02C', '04S', '12H')",12.042,0,353258.0
"('02C', '04S', '12S')",12.042,0,353258.0
"('02D', '04C', '12C')",12.042,0,353258.0
"('02D', '04C', '12D')",12.042,0,353258.0
"('02D', '04C', '12H')",12.042,0,353258.0
"('02D', '04C', '12S')",12.042,0,353258.0
"('02D', '04D', '12C')",12.042,0,353258.0
"('02D', '04D', '12D')",12.042,0,353258.0
"('02D', '04D', '12H')",12.042,0,353258.0
"('02D', '04D', '12S')",12.042,0,353258.0
"('02D', '04H', '12C')",12.042,0,353258.0
"('02D', '04H', '12D')",12.042,0,353258.0
"('02D', '04H', '12H')",12.042,0,353258.0
"('02D', '04H', '12S')",12.042,0,353258.0
"('02D', '04S', '12C')",12.042,0,353258.0
"('02D', '04S', '12D')",12.042,0,353258.0
"('02D', '04S', '12H')",12.042,0,353258.0
"('02D', '04S', '12S')",12.042,0,353258.0
"('02H', '04C', '12C')",12.042,0,353258.0
"('02H', '04C', '12D')",12.042,0,353258.0
"('02H', '04C', '12H')",12.042,0,353258.0
"('02H', '04C', '12S')",12.042,0,353258.0
"('02H', '04D', '12C')",12.042,0,353258.0
"('02H', '04D', '12D')",12.042,0,353258.0
"('02H', '04D', '12H')",12.042,0,353258.0
"('02H', '04D', '12S')",12.042,0,353258.0
"('02H', '04H', '12C')",12.042,0,353258.0
"('02H', '04H', '12D')",12.042,0,353258.0
"('02H', '04H', '12H')",12.042,0,353258.0
"('02H', '04H', '12S')",12.042,0,353258.0
"('02H', '04S', '12C')",12.042,0,353258.0
"('02H', '04S', '12D')",12.042,0,353258.0
"('02H', '04S', '12H')",12.042,0,353258.0
"('02H', '04S', '12S')",12.042,0,353258.0
"('02S', '04C', '12C')",12.042,0,353258.0
"('02S', '04C', '12D')",12.042,0,353258.0
"('02S', '04C', '12H')",12.042,0,353258.0
"('02S', '04C', '12S')",12.042,0,353258.0
"('02S', '04D', '12C')",12.042,0,353258.0
"('02S', '04D', '12D')",12.042,0,353258.0
"('02S', '04D', '12H')",12.042,0,353258.0
"('02S', '04D', '12S')",12.042,0,353258.0
"('02S', '04H', '12C')",12.042,0,353258.0
"('02S', '04H', '12D')",12.042,0,353258.0
"('02S', '04H', '12H')",12.042,0,353258.0
"('02S', '04H', '12S')",12.042,0,353258.0
"('02S', '04S', '12C')",12.042,0,353258.0
"('02S', '04S', '12D')",12.042,0,353258.0
"('02S', '04S', '12H')",12.042,0,353258.0
"('02S', '04S', '12S')",12.042,0,353258.0
"('02C', '03C', '12C')",12.032,0,350362.0
"('02C', '03C', '12D')",12.032,0,350362.0
"('02C', '03C', '12H')",12.032,0,350362.0
"('02C', '03C', '12S')",12.032,0,350362.0
"('02C', '03D', '12C')",12.032,0,350362.0
"('02C', '03D', '12D')",12.032,0,350362.0
"('02C', '03D', '12H')",12.032,0,350362.0
"('02C', '03D', '12S')",12.032,0,350362.0
"('02C', '03H', '12C')",12.032,0,350362.0
"('02C', '03H', '12D')",12.032,0,350362.0
"('02C', '03H', '12H')",12.032,0,350362.0
"('02C', '03H', '12S')",12.032,0,350362.0
"('02C', '03S', '12C')",12.032,0,350362.0
"('02C', '03S', '12D')",12.032,0,350362.0
"('02C', '03S', '12H')",12.032,0,350362.0
"('02C', '03S', '12S')",12.032,0,350362.0
"('02D', '03C', '12C')",12.032,0,350362.0
"('02D', '03C', '12D')",12.032,0,350362.0
"('02D', '03C', '12H')",12.032,0,350362.0
"('02D', '03C', '12S')",12.032,0,350362.0
"('02D', '03D', '12C')",12.032,0,350362.0
"('02D', '03D', '12D')",12.032,0,350362.0
"('02D', '03D', '12H')",12.032,0,350362.0
"('02D', '03D', '12S')",12.032,0,350362.0
"('02D', '03H', '12C')",12.032,0,350362.0
"('02D', '03H', '12D')",12.032,0,350362.0
"('02D', '03H', '12H')",12.032,0,350362.0
"('02D', '03H', '12S')",12.032,0,350362.0
"('02D', '03S', '12C')",12.032,0,350362.0
"('02D', '03S', '12D')",12.032,0,350362.0
"('02D', '03S', '12H')",12.032,0,350362.0
"('02D', '03S', '12S')",12.032,0,350362.0
"('02H', '03C', '12C')",12.032,0,350362.0
"('02H', '03C', '12D')",12.032,0,350362.0
"('02H', '03C', '12H')",12.032,0,350362.0
"('02H', '03C', '12S')",12.032,0,350362.0
"('02H', '03D', '12C')",12.032,0,350362.0
"('02H', '03D', '12D')",12.032,0,350362.0
"('02H', '03D', '12H')",12.032,0,350362.0
"('02H', '03D', '12S')",12.032,0,350362.0
"('02H', '03H', '12C')",12.032,0,350362.0
"('02H', '03H', '12D')",12.032,0,350362.0
"('02H', '03H', '12H')",12.032,0,350362.0
"('02H', '03H', '12S')",12.032,0,350362.0
"('02H', '03S', '12C')",12.032,0,350362.0
"('02H', '03S', '12D')",12.032,0,350362.0
"('02H', '03S', '12H')",12.032,0,350362.0
"('02H', '03S', '12S')",12.032,0,350362.0
"('02S', '03C', '12C')",12.032,0,350362.0
"('02S', '03C', '12D')",12.032,0,350362.0
"('02S', '03C', '12H')",12.032,0,350362.0
"('02S', '03C', '12S')",12.032,0,350362.0
"('02S', '03D', '12C')",12.032,0,350362.0
"('02S', '03D', '12D')",12.032,0,350362.0
"('02S', '03D', '12H')",12.032,0,350362.0
"('02S', '03D', '12S')",12.032,0,350362.0
"('02S', '03H', '12C')",12.032,0,350362.0
"('02S', '03H', '12D')",12.032,0,350362.0
"('02S', '03H', '12H')",12.032,0,350362.0
"('02S', '03H', '12S')",12.032,0,350362.0
"('02S', '03S', '12C')",12.032,0,350362.0
"('02S', '03S', '12D')",12.032,0,350362.0
"('02S', '03S', '12H')",12.032,0,350362.0
"('02S', '03S', '12S')",12.032,0,350362.0
"('09C', '10C', '11C')",11.109,4,347466.0
"('09C', '10C', '11D')",11.109,4,347466.0
"('09C', '10C', '11H')",11.109,4,347466.0
"('09C', '10C', '11S')",11.109,4,347466.0
"('09C', '10D', '11C')",11.109,4,347466.0
"('09C', '10D', '11D')",11.109,4,347466.0
"('09C', '10D', '11H')",11.109,4,347466.0
"('09C', '10D', '11S')",11.109,4,347466.0
"('09C', '10H', '11C')",11.109,4,347466.0
"('09C', '10H', '11D')",11.109,4,347466.0
"('09C', '10H', '11H')",11.109,4,347466.0
"('09C', '10H', '11S')",11.109,4,347466.0
"('09C', '10S', '11C')",11.109,4,347466.0
"('09C', '10S', '11D')",11.109,4,347466.0
"('09C', '10S', '11H')",11.109,4,347466.0
"('09C', '10S', '11S')",11.109,4,347466.0
"('09D', '10C', '11C')",11.109,4,347466.0
"('09D', '10C', '11D')",11.109,4,347466.0
"('09D', '10C', '11H')",11.109,4,347466.0
"('09D', '10C', '11S')",11.109,4,347466.0
"('09D', '10D', '11C')",11.109,4,347466.0
"('09D', '10D', '11D')",11.109,4,347466.0
"('09D', '10D', '11H')",11.109,4,347466.0
"('09D', '10D', '11S')",11.109,4,347466.0
"('09D', '10H', '11C')",11.109,4,347466.0
"('09D', '10H', '11D')",11.109,4,347466.0
"('09D', '10H', '11H')",11.109,4,347466.0
"('09D', '10H', '11S')",11.109,4,347466.0
"('09D', '10S', '11C')",11.109,4,347466.0
"('09D', '10S', '11D')",11.109,4,347466.0
"('09D', '10S', '11H')",11.109,4,347466.0
"('09D', '10S', '11S')",11.109,4,347466.0
"('09H', '10C', '11C')",11.109,4,347466.0
"('09H', '10C', '11D')",11.109,4,347466.0
"('09H', '10C', '11H')",11.109,4,347466.0
"('09H', '10C', '11S')",11.109,4,347466.0
"('09H', '10D', '11C')",11.109,4,347466.0
"('09H', '10D', '11D')",11.109,4,347466.0
"('09H', '10D', '11H')",11.109,4,347466.0
"('09H', '10D', '11S')",11.109,4,347466.0
"('09H', '10H', '11C')",11.109,4,347466.0
"('09H', '10H', '11D')",11.109,4,347466.0
"('09H', '10H', '11H')",11.109,4,347466.0
"('09H', '10H', '11S')",11.109,4,347466.0
"('09H', '10S', '11C')",11.109,4,347466.0
"('09H', '10S', '11D')",11.109,4,347466.0
"('09H', '10S', '11H')",11.109,4,347466.0
"('09H', '10S', '11S')",11.109,4,347466.0
"('09S', '10C', '11C')",11.109,4,347466.0
"('09S', '10C', '11D')",11.109,4,347466.0
"('09S', '10C', '11H')",11.109,4,347466.0
"('09S', '10C', '11S')",11.109,4,347466.0
"('09S', '10D', '11C')",11.109,4,347466.0
"('09S', '10D', '11D')",11.109,4,347466.0
"('09S', '10D', '11H')",11.109,4,347466.0
"('09S', '10D', '11S')",11.109,4,347466.0
"('09S', '10H', '11C')",11.109,4,347466.0
"('09S', '10H', '11D')",11.109,4,347466.0
"('09S', '10H', '11H')",11.109,4,347466.0
"('09S', '10H', '11S')",11.109,4,347466.0
"('09S', '10S', '11C')",11.109,4,347466.0
"('09S', '10S', '11D')",11.109,4,347466.0
"('09S', '10S', '11H')",11.109,4,347466.0
"('09S', '10S', '11S')",11.109,4,347466.0
"('08C', '10C', '11C')",11.107999999999999,0,344570.0
"('08C', '10C', '11D')",11.107999999999999,0,344570.0
"('08C', '10C', '11H')",11.107999999999999,0,344570.0
"('08C', '10C', '11S')",11.107999999999999,0,344570.0
"('08C', '10D', '11C')",11.107999999999999,0,344570.0
"('08C', '10D', '11D')",11.107999999999999,0,344570.0
"('08C', '10D', '11H')",11.107999999999999,0,344570.0
"('08C', '10D', '11S')",11.107999999999999,0,344570.0
"('08C', '10H', '11C')",11.107999999999999,0,344570.0
"('08C', '10H', '11D')",11.107999999999999,0,344570.0
"('08C', '10H', '11H')",11.107999999999999,0,344570.0
"('08C', '10H', '11S')",11.107999999999999,0,344570.0
"('08C', '10S', '11C')",11.107999999999999,0,344570.0
"('08C', '10S', '11D')",11.107999999999999,0,344570.0
"('08C', '10S', '11H')",11.107999999999999,0,344570.0
"('08C', '10S', '11S')",11.107999999999999,0,344570.0
"('08D', '10C', '11C')",11.107999999999999,0,344570.0
"('08D', '10C', '11D')",11.107999999999999,0,344570.0
"('08D', '10C', '11H')",11.107999999999999,0,344570.0
"('08D', '10C', '11S')",11.107999999999999,0,344570.0
"('08D', '10D', '11C')",11.107999999999999,0,344570.0
"('08D', '10D', '11D')",11.107999999999999,0,344570.0
"('08D', '10D', '11H')",11.107999999999999,0,344570.0
"('08D', '10D', '11S')",11.107999999999999,0,344570.0
"('08D', '10H', '11C')",11.107999999999999,0,344570.0
"('08D', '10H', '11D')",11.107999999999999,0,344570.0
"('08D', '10H', '11H')",11.107999999999999,0,344570.0
"('08D', '10H', '11S')",11.107999999999999,0,344570.0
"('08D', '10S', '11C')",11.107999999999999,0,344570.0
"('08D', '10S', '11D')",11.107999999999999,0,344570.0
"('08D', '10S', '11H')",11.107999999999999,0,344570.0
"('08D', '10S', '11S')",11.107999999999999,0,344570.0
"('08H', '10C', '11C')",11.107999999999999,0,344570.0
"('08H', '10C', '11D')",11.107999999999999,0,344570.0
"('08H', '10C', '11H')",11.107999999999999,0,344570.0
"('08H', '10C', '11S')",11.107999999999999,0,344570.0
"('08H', '10D', '11C')",11.107999999999999,0,344570.0
"('08H', '10D', '11D')",11.107999999999999,0,344570.0
"('08H', '10D', '11H')",11.107999999999999,0,344570.0
"('08H', '10D', '11S')",11.107999999999999,0,344570.0
"('08H', '10H', '11C')",11.107999999999999,0,344570.0
"('08H', '10H', '11D')",11.107999999999999,0,344570.0
"('08H', '10H', '11H')",11.107999999999999,0,344570.0
"('08H', '10H', '11S')",11.107999999999999,0,344570.0
"('08H', '10S', '11C')",11.107999999999999,0,344570.0
"('08H', '10S', '11D')",11.107999999999999,0,344570.0
"('08H', '10S', '11H')",11.107999999999999,0,344570.0
"('08H', '10S', '11S')",11.107999999999999,0,344570.0
"('08S', '10C', '11C')",11.107999999999999,0,344570.0
"('08S', '10C', '11D')",11.107999999999999,0,344570.0
"('08S', '10C', '11H')",11.107999999999999,0,344570.0
"('08S', '10C', '11S')",11.107999999999999,0,344570.0
"('08S', '10D', '11C')",11.107999999999999,0,344570.0
"('08S', '10D', '11D')",11.107999999999999,0,344570.0
"('08S', '10D', '11H')",11.107999999999999,0,344570.0
"('08S', '10D', '11S')",11.107999999999999,0,344570.0
"('08S', '10H', '11C')",11.107999999999999,0,344570.0
"('08S', '10H', '11D')",11.107999999999999,0,344570.0
"('08S', '10H', '11H')",11.107999999999999,0,344570.0
"('08S', '10H', '11S')",11.107999999999999,0,344570.0
"('08S', '10S', '11C')",11.107999999999999,0,344570.0
"('08S', '10S', '11D')",11.107999999999999,0,344570.0
"('08S', '10S', '11H')",11.107999999999999,0,344570.0
"('08S', '10S', '11S')",11.107999999999999,0,344570.0
"('07C', '10C', '11C')",11.107,0,341674.0
"('07C', '10C', '11D')",11.107,0,341674.0
"('07C', '10C', '11H')",11.107,0,341674.0
"('07C', '10C', '11S')",11.107,0,341674.0
"('07C', '10D', '11C')",11.107,0,341674.0
"('07C', '10D', '11D')",11.107,0,341674.0
"('07C', '10D', '11H')",11.107,0,341674.0
"('07C', '10D', '11S')",11.107,0,341674.0
"('07C', '10H', '11C')",11.107,0,341674.0
"('07C', '10H', '11D')",11.107,0,341674.0
"('07C', '10H', '11H')",11.107,0,341674.0
"('07C', '10H', '11S')",11.107,0,341674.0
"('07C', '10S', '11C')",11.107,0,341674.0
"('07C', '10S', '11D')",11.107,0,341674.0
"('07C', '10S', '11H')",11.107,0,341674.0
"('07C', '10S', '11S')",11.107,0,341674.0
"('07D', '10C', '11C')",11.107,0,341674.0
"('07D', '10C', '11D')",11.107,0,341674.0
"('07D', '10C', '11H')",11.107,0,341674.0
"('07D', '10C', '11S')",11.107,0,341674.0
"('07D', '10D', '11C')",11.107,0,341674.0
"('07D', '10D', '11D')",11.107,0,341674.0
"('07D', '10D', '11H')",11.107,0,341674.0
"('07D', '10D', '11S')",11.107,0,341674.0
"('07D', '10H', '11C')",11.107,0,341674.0
"('07D', '10H', '11D')",11.107,0,341674.0
"('07D', '10H', '11H')",11.107,0,341674.0
"('07D', '10H', '11S')",11.107,0,341674.0
"('07D', '10S', '11C')",11.107,0,341674.0
"('07D', '10S', '11D')",11.107,0,341674.0
"('07D', '10S', '11H')",11.107,0,341674.0
"('07D', '10S', '11S')",11.107,0,341674.0
"('07H', '10C', '11C')",11.107,0,341674.0
"('07H', '10C', '11D')",11.107,0,341674.0
"('07H', '10C', '11H')",11.107,0,341674.0
"('07H', '10C', '11S')",11.107,0,341674.0
"('07H', '10D', '11C')",11.107,0,341674.0
"('07H', '10D', '11D')",11.107,0,341674.0
"('07H', '10D', '11H')",11.107,0,341674.0
"('07H', '10D', '11S')",11.107,0,341674.0
"('07H', '10H', '11C')",11.107,0,341674.0
"('07H', '10H', '11D')",11.107,0,341674.0
"('07H', '10H', '11H')",11.107,0,341674.0
"('07H', '10H', '11S')",11.107,0,341674.0
"('07H', '10S', '11C')",11.107,0,341674.0
"('07H', '10S', '11D')",11.107,0,341674.0
"('07H', '10S', '11H')",11.107,0,341674.0
"('07H', '10S', '11S')",11.107,0,341674.0
"('07S', '10C', '11C')",11.107,0,341674.0
"('07S', '10C', '11D')",11.107,0,341674.0
"('07S', '10C', '11H')",11.107,0,341674.0
"('07S', '10C', '11S')",11.107,0,341674.0
"('07S', '10D', '11C')",11.107,0,341674.0
"('07S', '10D', '11D')",11.107,0,341674.0
"('07S', '10D', '11H')",11.107,0,341674.0
"('07S', '10D', '11S')",11.107,0,341674.0
"('07S', '10H', '11C')",11.107,0,341674.0
"('07S', '10H', '11D')",11.107,0,341674.0
"('07S', '10H', '11H')",11.107,0,341674.0
"('07S', '10H', '11S')",11.107,0,341674.0
"('07S', '10S', '11C')",11.107,0,341674.0
"('07S', '10S', '11D')",11.107,0,341674.0
"('07S', '10S', '11H')",11.107,0,341674.0
"('07S', '10S', '11S')",11.107,0,341674.0
"('06C', '10C', '11C')",11.106,0,338778.0
"('06C', '10C', '11D')",11.106,0,338778.0
"('06C', '10C', '11H')",11.106,0,338778.0
"('06C', '10C', '11S')",11.106,0,338778.0
"('06C', '10D', '11C')",11.106,0,338778.0
"('06C', '10D', '11D')",11.106,0,338778.0
"('06C', '10D', '11H')",11.106,0,338778.0
"('06C', '10D', '11S')",11.106,0,338778.0
"('06C', '10H', '11C')",11.106,0,338778.0
"('06C', '10H', '11D')",11.106,0,338778.0
"('06C', '10H', '11H')",11.106,0,338778.0
"('06C', '10H', '11S')",11.106,0,338778.0
"('06C', '10S', '11C')",11.106,0,338778.0
"('06C', '10S', '11D')",11.106,0,338778.0
"('06C', '10S', '11H')",11.106,0,338778.0
"('06C', '10S', '11S')",11.106,0,338778.0
"('06D', '10C', '11C')",11.106,0,338778.0
"('06D', '10C', '11D')",11.106,0,338778.0
"('06D', '10C', '11H')",11.106,0,338778.0
"('06D', '10C', '11S')",11.106,0,338778.0
"('06D', '10D', '11C')",11.106,0,338778.0
"('06D', '10D', '11D')",11.106,0,338778.0
"('06D', '10D', '11H')",11.106,0,338778.0
"('06D', '10D', '11S')",11.106,0,338778.0
"('06D', '10H', '11C')",11.106,0,338778.0
"('06D', '10H', '11D')",11.106,0,338778.0
"('06D', '10H', '11H')",11.106,0,338778.0
"('06D', '10H', '11S')",11.106,0,338778.0
"('06D', '10S', '11C')",11.106,0,338778.0
"('06D', '10S', '11D')",11.106,0,338778.0
"('06D', '10S', '11H')",11.106,0,338778.0
"('06D', '10S', '11S')",11.106,0,338778.0
"('06H', '10C', '11C')",11.106,0,338778.0
"('06H', '10C', '11D')",11.106,0,338778.0
"('06H', '10C', '11H')",11.106,0,338778.0
"('06H', '10C', '11S')",11.106,0,338778.0
"('06H', '10D', '11C')",11.106,0,338778.0
"('06H', '10D', '11D')",11.106,0,338778.0
"('06H', '10D', '11H')",11.106,0,338778.0
"('06H', '10D', '11S')",11.106,0,338778.0
"('06H', '10H', '11C')",11.106,0,338778.0
"('06H', '10H', '11D')",11.106,0,338778.0
"('06H', '10H', '11H')",11.106,0,338778.0
"('06H', '10H', '11S')",11.106,0,338778.0
"('06H', '10S', '11C')",11.106,0,338778.0
"('06H', '10S', '11D')",11.106,0,338778.0
"('06H', '10S', '11H')",11.106,0,338778.0
"('06H', '10S', '11S')",11.106,0,338778.0
"('06S', '10C', '11C')",11.106,0,338778.0
"('06S', '10C', '11D')",11.106,0,338778.0
"('06S', '10C', '11H')",11.106,0,338778.0
"('06S', '10C', '11S')",11.106,0,338778.0
"('06S', '10D', '11C')",11.106,0,338778.0
"('06S', '10D', '11D')",11.106,0,338778.0
"('06S', '10D', '11H')",11.106,0,338778.0
"('06S', '10D', '11S')",11.106,0,338778.0
"('06S', '10H', '11C')",11.106,0,338778.0
"('06S', '10H', '11D')",11.106,0,338778.0
"('06S', '10H', '11H')",11.106,0,338778.0
"('06S', '10H', '11S')",11.106,0,338778.0
"('06S', '10S', '11C')",11.106,0,338778.0
"('06S', '10S', '11D')",11.106,0,338778.0
"('06S', '10S', '11H')",11.106,0,338778.0
"('06S', '10S', '11S')",11.106,0,338778.0
"('05C', '10C', '11C')",11.105,0,335882.0
"('05C', '10C', '11D')",11.105,0,335882.0
"('05C', '10C', '11H')",11.105,0,335882.0
"('05C', '10C', '11S')",11.105,0,335882.0
"('05C', '10D', '11C')",11.105,0,335882.0
"('05C', '10D', '11D')",11.105,0,335882.0
"('05C', '10D', '11H')",11.105,0,335882.0
"('05C', '10D', '11S')",11.105,0,335882.0
"('05C', '10H', '11C')",11.105,0,335882.0
"('05C', '10H', '11D')",11.105,0,335882.0
"('05C', '10H', '11H')",11.105,0,335882.0
"('05C', '10H', '11S')",11.105,0,335882.0
"('05C', '10S', '11C')",11.105,0,335882.0
"('05C', '10S', '11D')",11.105,0,335882.0
"('05C', '10S', '11H')",11.105,0,335882.0
"('05C', '10S', '11S')",11.105,0,335882.0
"('05D', '10C', '11C')",11.105,0,335882.0
"('05D', '10C', '11D')",11.105,0,335882.0
"('05D', '10C', '11H')",11.105,0,335882.0
"('05D', '10C', '11S')",11.105,0,335882.0
"('05D', '10D', '11C')",11.105,0,335882.0
"('05D', '10D', '11D')",11.105,0,335882.0
"('05D', '10D', '11H')",11.105,0,335882.0
"('05D', '10D', '11S')",11.105,0,335882.0
"('05D', '10H', '11C')",11.105,0,335882.0
"('05D', '10H', '11D')",11.105,0,335882.0
"('05D', '10H', '11H')",11.105,0,335882.0
"('05D', '10H', '11S')",11.105,0,335882.0
"('05D', '10S', '11C')",11.105,0,335882.0
"('05D', '10S', '11D')",11.105,0,335882.0
"('05D', '10S', '11H')",11.105,0,335882.0
"('05D', '10S', '11S')",11.105,0,335882.0
"('05H', '10C', '11C')",11.105,0,335882.0
"('05H', '10C', '11D')",11.105,0,335882.0
"('05H', '10C', '11H')",11.105,0,335882.0
"('05H', '10C', '11S')",11.105,0,335882.0
"('05H', '10D', '11C')",11.105,0,335882.0
"('05H', '10D', '11D')",11.105,0,335882.0
"('05H', '10D', '11H')",11.105,0,335882.0
"('05H', '10D', '11S')",11.105,0,335882.0
"('05H', '10H', '11C')",11.105,0,335882.0
"('05H', '10H', '11D')",11.105,0,335882.0
"('05H', '10H', '11H')",11.105,0,335882.0
"('05H', '10H', '11S')",11.105,0,335882.0
"('05H', '10S', '11C')",11.105,0,335882.0
"('05H', '10S', '11D')",11.105,0,335882.0
"('05H', '10S', '11H')",11.105,0,335882.0
"('05H', '10S', '11S')",11.105,0,335882.0
"('05S', '10C', '11C')",11.105,0,335882.0
"('05S', '10C', '11D')",11.105,0,335882.0
"('05S', '10C', '11H')",11.105,0,335882.0
"('05S', '10C', '11S')",11.105,0,335882.0
"('05S', '10D', '11C')",11.105,0,335882.0
"('05S', '10D', '11D')",11.105,0,335882.0
"('05S', '10D', '11H')",11.105,0,335882.0
"('05S', '10D', '11S')",11.105,0,335882.0
"('05S', '10H', '11C')",11.105,0,335882.0
"('05S', '10H', '11D')",11.105,0,335882.0
"('05S', '10H', '11H')",11.105,0,335882.0
"('05S', '10H', '11S')",11.105,0,335882.0
"('05S', '10S', '11C')",11.105,0,335882.0
"('05S', '10S', '11D')",11.105,0,335882.0
"('05S', '10S', '11H')",11.105,0,335882.0
"('05S', '10S', '11S')",11.105,0,335882.0
"('04C', '10C', '11C')",11.104,0,332986.0
"('04C', '10C', '11D')",11.104,0,332986.0
"('04C', '10C', '11H')",11.104,0,332986.0
"('04C', '10C', '11S')",11.104,0,332986.0
"('04C', '10D', '11C')",11.104,0,332986.0
"('04C', '10D', '11D')",11.104,0,332986.0
"('04C', '10D', '11H')",11.104,0,332986.0
"('04C', '10D', '11S')",11.104,0,332986.0
"('04C', '10H', '11C')",11.104,0,332986.0
"('04C', '10H', '11D')",11.104,0,332986.0
"('04C', '10H', '11H')",11.104,0,332986.0
"('04C', '10H', '11S')",11.104,0,332986.0
"('04C', '10S', '11C')",11.104,0,332986.0
"('04C', '10S', '11D')",11.104,0,332986.0
"('04C', '10S', '11H')",11.104,0,332986.0
"('04C', '10S', '11S')",11.104,0,332986.0
"('04D', '10C', '11C')",11.104,0,332986.0
"('04D', '10C', '11D')",11.104,0,332986.0
"('04D', '10C', '11H')",11.104,0,332986.0
"('04D', '10C', '11S')",11.104,0,332986.0
"('04D', '10D', '11C')",11.104,0,332986.0
"('04D', '10D', '11D')",11.104,0,332986.0
"('04D', '10D', '11H')",11.104,0,332986.0
"('04D', '10D', '11S')",11.104,0,332986.0
"('04D', '10H', '11C')",11.104,0,332986.0
"('04D', '10H', '11D')",11.104,0,332986.0
"('04D', '10H', '11H')",11.104,0,332986.0
"('04D', '10H', '11S')",11.104,0,332986.0
"('04D', '10S', '11C')",11.104,0,332986.0
"('04D', '10S', '11D')",11.104,0,332986.0
"('04D', '10S', '11H')",11.104,0,332986.0
"('04D', '10S', '11S')",11.104,0,332986.0
"('04H', '10C', '11C')",11.104,0,332986.0
"('04H', '10C', '11D')",11.104,0,332986.0
"('04H', '10C', '11H')",11.104,0,332986.0
"('04H', '10C', '11S')",11.104,0,332986.0
"('04H', '10D', '11C')",11.104,0,332986.0
"('04H', '10D', '11D')",11.104,0,332986.0
"('04H', '10D', '11H')",11.104,0,332986.0
"('04H', '10D', '11S')",11.104,0,332986.0
"('04H', '10H', '11C')",11.104,0,332986.0
"('04H', '10H', '11D')",11.104,0,332986.0
"('04H', '10H', '11H')",11.104,0,332986.0
"('04H', '10H', '11S')",11.104,0,332986.0
"('04H', '10S', '11C')",11.104,0,332986.0
"('04H', '10S', '11D')",11.104,0,332986.0
"('04H', '10S', '11H')",11.104,0,332986.0
"('04H', '10S', '11S')",11.104,0,332986.0
"('04S', '10C', '11C')",11.104,0,332986.0
"('04S', '10C', '11D')",11.104,0,332986.0
"('04S', '10C', '11H')",11.104,0,332986.0
"('04S', '10C', '11S')",11.104,0,332986.0
"('04S', '10D', '11C')",11.104,0,332986.0
"('04S', '10D', '11D')",11.104,0,332986.0
"('04S', '10D', '11H')",11.104,0,332986.0
"('04S', '10D', '11S')",11.104,0,332986.0
"('04S', '10H', '11C')",11.104,0,332986.0
"('04S', '10H', '11D')",11.104,0,332986.0
"('04S', '10H', '11H')",11.104,0,332986.0
"('04S', '10H', '11S')",11.104,0,332986.0
"('04S', '10S', '11C')",11.104,0,332986.0
"('04S', '10S', '11D')",11.104,0,332986.0
"('04S', '10S', '11H')",11.104,0,332986.0
"('04S', '10S', '11S')",11.104,0,332986.0
"('03C', '10C', '11C')",11.103,0,330090.0
"('03C', '10C', '11D')",11.103,0,330090.0
"('03C', '10C', '11H')",11.103,0,330090.0
"('03C', '10C', '11S')",11.103,0,330090.0
"('03C', '10D', '11C')",11.103,0,330090.0
"('03C', '10D', '11D')",11.103,0,330090.0
"('03C', '10D', '11H')",11.103,0,330090.0
"('03C', '10D', '11S')",11.103,0,330090.0
"('03C', '10H', '11C')",11.103,0,330090.0
"('03C', '10H', '11D')",11.103,0,330090.0
"('03C', '10H', '11H')",11.103,0,330090.0
"('03C', '10H', '11S')",11.103,0,330090.0
"('03C', '10S', '11C')",11.103,0,330090.0
"('03C', '10S', '11D')",11.103,0,330090.0
"('03C', '10S', '11H')",11.103,0,330090.0
"('03C', '10S', '11S')",11.103,0,330090.0
"('03D', '10C', '11C')",11.103,0,330090.0
"('03D', '10C', '11D')",11.103,0,330090.0
"('03D', '10C', '11H')",11.103,0,330090.0
"('03D', '10C', '11S')",11.103,0,330090.0
"('03D', '10D', '11C')",11.103,0,330090.0
"('03D', '10D', '11D')",11.103,0,330090.0
"('03D', '10D', '11H')",11.103,0,330090.0
"('03D', '10D', '11S')",11.103,0,330090.0
"('03D', '10H', '11C')",11.103,0,330090.0
"('03D', '10H', '11D')",11.103,0,330090.0
"('03D', '10H', '11H')",11.103,0,330090.0
"('03D', '10H', '11S')",11.103,0,330090.0
"('03D', '10S', '11C')",11.103,0,330090.0
"('03D', '10S', '11D')",11.103,0,330090.0
"('03D', '10S', '11H')",11.103,0,330090.0
"('03D', '10S', '11S')",11.103,0,330090.0
"('03H', '10C', '11C')",11.103,0,330090.0
"('03H', '10C', '11D')",11.103,0,330090.0
"('03H', '10C', '11H')",11.103,0,330090.0
"('03H', '10C', '11S')",11.103,0,330090.0
"('03H', '10D', '11C')",11.103,0,330090.0
"('03H', '10D', '11D')",11.103,0,330090.0
"('03H', '10D', '11H')",11.103,0,330090.0
"('03H', '10D', '11S')",11.103,0,330090.0
"('03H', '10H', '11C')",11.103,0,330090.0
"('03H', '10H', '11D')",11.103,0,330090.0
"('03H', '10H', '11H')",11.103,0,330090.0
"('03H', '10H', '11S')",11.103,0,330090.0
"('03H', '10S', '11C')",11.103,0,330090.0
"('03H', '10S', '11D')",11.103,0,330090.0
"('03H', '10S', '11H')",11.103,0,330090.0
"('03H', '10S', '11S')",11.103,0,330090.0
"('03S', '10C', '11C')",11.103,0,330090.0
"('03S', '10C', '11D')",11.103,0,330090.0
"('03S', '10C', '11H')",11.103,0,330090.0
"('03S', '10C', '11S')",11.103,0,330090.0
"('03S', '10D', '11C')",11.103,0,330090.0
"('03S', '10D', '11D')",11.103,0,330090.0
"('03S', '10D', '11H')",11.103,0,330090.0
"('03S', '10D', '11S')",11.103,0,330090.0
"('03S', '10H', '11C')",11.103,0,330090.0
"('03S', '10H', '11D')",11.103,0,330090.0
"('03S', '10H', '11H')",11.103,0,330090.0
"('03S', '10H', '11S')",11.103,0,330090.0
"('03S', '10S', '11C')",11.103,0,330090.0
"('03S', '10S', '11D')",11.103,0,330090.0
"('03S', '10S', '11H')",11.103,0,330090.0
"('03S', '10S', '11S')",11.103,0,330090.0
"('02C', '10C', '11C')",11.102,0,327195.0
"('02C', '10C', '11D')",11.102,0,327195.0
"('02C', '10C', '11H')",11.102,0,327195.0
"('02C', '10C', '11S')",11.102,0,327195.0
"('02C', '10D', '11C')",11.102,0,327195.0
"('02C', '10D', '11D')",11.102,0,327195.0
"('02C', '10D', '11H')",11.102,0,327195.0
"('02C', '10D', '11S')",11.102,0,327195.0
"('02C', '10H', '11C')",11.102,0,327195.0
"('02C', '10H', '11D')",11.102,0,327195.0
"('02C', '10H', '11H')",11.102,0,327195.0
"('02C', '10H', '11S')",11.102,0,327195.0
"('02C', '10S', '11C')",11.102,0,327195.0
"('02C', '10S', '11D')",11.102,0,327195.0
"('02C', '10S', '11H')",11.102,0,327195.0
"('02C', '10S', '11S')",11.102,0,327195.0
"('02D', '10C', '11C')",11.102,0,327195.0
"('02D', '10C', '11D')",11.102,0,327195.0
"('02D', '10C', '11H')",11.102,0,327195.0
"('02D', '10C', '11S')",11.102,0,327195.0
"('02D', '10D', '11C')",11.102,0,327195.0
"('02D', '10D', '11D')",11.102,0,327195.0
"('02D', '10D', '11H')",11.102,0,327195.0
"('02D', '10D', '11S')",11.102,0,327195.0
"('02D', '10H', '11C')",11.102,0,327195.0
"('02D', '10H', '11D')",11.102,0,327195.0
"('02D', '10H', '11H')",11.102,0,327195.0
"('02D', '10H', '11S')",11.102,0,327195.0
"('02D', '10S', '11C')",11.102,0,327195.0
"('02D', '10S', '11D')",11.102,0,327195.0
"('02D', '10S', '11H')",11.102,0,327195.0
"('02D', '10S', '11S')",11.102,0,327195.0
"('02H', '10C', '11C')",11.102,0,327195.0
"('02H', '10C', '11D')",11.102,0,327195.0
"('02H', '10C', '11H')",11.102,0,327195.0
"('02H', '10C', '11S')",11.102,0,327195.0
"('02H', '10D', '11C')",11.102,0,327195.0
"('02H', '10D', '11D')",11.102,0,327195.0
"('02H', '10D', '11H')",11.102,0,327195.0
"('02H', '10D', '11S')",11.102,0,327195.0
"('02H', '10H', '11C')",11.102,0,327195.0
"('02H', '10H', '11D')",11.102,0,327195.0
"('02H', '10H', '11H')",11.102,0,327195.0
"('02H', '10H', '11S')",11.102,0,327195.0
"('02H', '10S', '11C')",11.102,0,327195.0
"('02H', '10S', '11D')",11.102,0,327195.0
"('02H', '10S', '11H')",11.102,0,327195.0
"('02H', '10S', '11S')",11.102,0,327195.0
"('02S', '10C', '11C')",11.102,0,327195.0
"('02S', '10C', '11D')",11.102,0,327195.0
"('02S', '10C', '11H')",11.102,0,327195.0
"('02S', '10C', '11S')",11.102,0,327195.0
"('02S', '10D', '11C')",11.102,0,327195.0
"('02S', '10D', '11D')",11.102,0,327195.0
"('02S', '10D', '11H')",11.102,0,327195.0
"('02S', '10D', '11S')",11.102,0,327195.0
"('02S', '10H', '11C')",11.102,0,327195.0
"('02S', '10H', '11D')",11.102,0,327195.0
"('02S', '10H', '11H')",11.102,0,327195.0
"('02S', '10H', '11S')",11.102,0,327195.0
"('02S', '10S', '11C')",11.102,0,327195.0
"('02S', '10S', '11D')",11.102,0,327195.0
"('02S', '10S', '11H')",11.102,0,327195.0
"('02S', '10S', '11S')",11.102,0,327195.0
"('08C', '09C', '11C')",11.097999999999999,0,324299.0
"('08C', '09C', '11D')",11.097999999999999,0,324299.0
"('08C', '09C', '11H')",11.097999999999999,0,324299.0
"('08C', '09C', '11S')",11.097999999999999,0,324299.0
"('08C', '09D', '11C')",11.097999999999999,0,324299.0
"('08C', '09D', '11D')",11.097999999999999,0,324299.0
"('08C', '09D', '11H')",11.097999999999999,0,324299.0
"('08C', '09D', '11S')",11.097999999999999,0,324299.0
"('08C', '09H', '11C')",11.097999999999999,0,324299.0
"('08C', '09H', '11D')",11.097999999999999,0,324299.0
"('08C', '09H', '11H')",11.097999999999999,0,324299.0
"('08C', '09H', '11S')",11.097999999999999,0,324299.0
"('08C', '09S', '11C')",11.097999999999999,0,324299.0
"('08C', '09S', '11D')",11.097999999999999,0,324299.0
"('08C', '09S', '11H')",11.097999999999999,0,324299.0
"('08C', '09S', '11S')",11.097999999999999,0,324299.0
"('08D', '09C', '11C')",11.097999999999999,0,324299.0
"('08D', '09C', '11D')",11.097999999999999,0,324299.0
"('08D', '09C', '11H')",11.097999999999999,0,324299.0
"('08D', '09C', '11S')",11.097999999999999,0,324299.0
"('08D', '09D', '11C')",11.097999999999999,0,324299.0
"('08D', '09D', '11D')",11.097999999999999,0,324299.0
"('08D', '09D', '11H')",11.097999999999999,0,324299.0
"('08D', '09D', '11S')",11.097999999999999,0,324299.0
"('08D', '09H', '11C')",11.097999999999999,0,324299.0
"('08D', '09H', '11D')",11.097999999999999,0,324299.0
"('08D', '09H', '11H')",11.097999999999999,0,324299.0
"('08D', '09H', '11S')",11.097999999999999,0,324299.0
"('08D', '09S', '11C')",11.097999999999999,0,324299.0
"('08D', '09S', '11D')",11.097999999999999,0,324299.0
"('08D', '09S', '11H')",11.097999999999999,0,324299.0
"('08D', '09S', '11S')",11.097999999999999,0,324299.0
"('08H', '09C', '11C')",11.097999999999999,0,324299.0
"('08H', '09C', '11D')",11.097999999999999,0,324299.0
"('08H', '09C', '11H')",11.097999999999999,0,324299.0
"('08H', '09C', '11S')",11.097999999999999,0,324299.0
"('08H', '09D', '11C')",11.097999999999999,0,324299.0
"('08H', '09D', '11D')",11.097999999999999,0,324299.0
"('08H', '09D', '11H')",11.097999999999999,0,324299.0
"('08H', '09D', '11S')",11.097999999999999,0,324299.0
"('08H', '09H', '11C')",11.097999999999999,0,324299.0
"('08H', '09H', '11D')",11.097999999999999,0,324299.0
"('08H', '09H', '11H')",11.097999999999999,0,324299.0
"('08H', '09H', '11S')",11.097999999999999,0,324299.0
"('08H', '09S', '11C')",11.097999999999999,0,324299.0
"('08H', '09S', '11D')",11.097999999999999,0,324299.0
"('08H', '09S', '11H')",11.097999999999999,0,324299.0
"('08H', '09S', '11S')",11.097999999999999,0,324299.0
"('08S', '09C', '11C')",11.097999999999999,0,324299.0
"('08S', '09C', '11D')",11.097999999999999,0,324299.0
"('08S', '09C', '11H')",11.097999999999999,0,324299.0
"('08S', '09C', '11S')",11.097999999999999,0,324299.0
"('08S', '09D', '11C')",11.097999999999999,0,324299.0
"('08S', '09D', '11D')",11.097999999999999,0,324299.0
"('08S', '09D', '11H')",11.097999999999999,0,324299.0
"('08S', '09D', '11S')",11.097999999999999,0,324299.0
"('08S', '09H', '11C')",11.097999999999999,0,324299.0
"('08S', '09H', '11D')",11.097999999999999,0,324299.0
"('08S', '09H', '11H')",11.097999999999999,0,324299.0
"('08S', '09H', '11S')",11.097999999999999,0,324299.0
"('08S', '09S', '11C')",11.097999999999999,0,324299.0
"('08S', '09S', '11D')",11.097999999999999,0,324299.0
"('08S', '09S', '11H')",11.097999999999999,0,324299.0
"('08S', '09S', '11S')",11.097999999999999,0,324299.0
"('07C', '09C', '11C')",11.097,0,321403.0
"('07C', '09C', '11D')",11.097,0,321403.0
"('07C', '09C', '11H')",11.097,0,321403.0
"('07C', '09C', '11S')",11.097,0,321403.0
"('07C', '09D', '11C')",11.097,0,321403.0
"('07C', '09D', '11D')",11.097,0,321403.0
"('07C', '09D', '11H')",11.097,0,321403.0
"('07C', '09D', '11S')",11.097,0,321403.0
"('07C', '09H', '11C')",11.097,0,321403.0
"('07C', '09H', '11D')",11.097,0,321403.0
"('07C', '09H', '11H')",11.097,0,321403.0
"('07C', '09H', '11S')",11.097,0,321403.0
"('07C', '09S', '11C')",11.097,0,321403.0
"('07C', '09S', '11D')",11.097,0,321403.0
"('07C', '09S', '11H')",11.097,0,321403.0
"('07C', '09S', '11S')",11.097,0,321403.0
"('07D', '09C', '11C')",11.097,0,321403.0
"('07D', '09C', '11D')",11.097,0,321403.0
"('07D', '09C', '11H')",11.097,0,321403.0
"('07D', '09C', '11S')",11.097,0,321403.0
"('07D', '09D', '11C')",11.097,0,321403.0
"('07D', '09D', '11D')",11.097,0,321403.0
"('07D', '09D', '11H')",11.097,0,321403.0
"('07D', '09D', '11S')",11.097,0,321403.0
"('07D', '09H', '11C')",11.097,0,321403.0
"('07D', '09H', '11D')",11.097,0,321403.0
"('07D', '09H', '11H')",11.097,0,321403.0
"('07D', '09H', '11S')",11.097,0,321403.0
"('07D', '09S', '11C')",11.097,0,321403.0
"('07D', '09S', '11D')",11.097,0,321403.0
"('07D', '09S', '11H')",11.097,0,321403.0
"('07D', '09S', '11S')",11.097,0,321403.0
"('07H', '09C', '11C')",11.097,0,321403.0
"('07H', '09C', '11D')",11.097,0,321403.0
"('07H', '09C', '11H')",11.097,0,321403.0
"('07H', '09C', '11S')",11.097,0,321403.0
"('07H', '09D', '11C')",11.097,0,321403.0
"('07H', '09D', '11D')",11.097,0,321403.0
"('07H', '09D', '11H')",11.097,0,321403.0
"('07H', '09D', '11S')",11.097,0,321403.0
"('07H', '09H', '11C')",11.097,0,321403.0
"('07H', '09H', '11D')",11.097,0,321403.0
"('07H', '09H', '11H')",11.097,0,321403.0
"('07H', '09H', '11S')",11.097,0,321403.0
"('07H', '09S', '11C')",11.097,0,321403.0
"('07H', '09S', '11D')",11.097,0,321403.0
"('07H', '09S', '11H')",11.097,0,321403.0
"('07H', '09S', '11S')",11.097,0,321403.0
"('07S', '09C', '11C')",11.097,0,321403.0
"('07S', '09C', '11D')",11.097,0,321403.0
"('07S', '09C', '11H')",11.097,0,321403.0
"('07S', '09C', '11S')",11.097,0,321403.0
"('07S', '09D', '11C')",11.097,0,321403.0
"('07S', '09D', '11D')",11.097,0,321403.0
"('07S', '09D', '11H')",11.097,0,321403.0
"('07S', '09D', '11S')",11.097,0,321403.0
"('07S', '09H', '11C')",11.097,0,321403.0
"('07S', '09H', '11D')",11.097,0,321403.0
"('07S', '09H', '11H')",11.097,0,321403.0
"('07S', '09H', '11S')",11.097,0,321403.0
"('07S', '09S', '11C')",11.097,0,321403.0
"('07S', '09S', '11D')",11.097,0,321403.0
"('07S', '09S', '11H')",11.097,0,321403.0
"('07S', '09S', '11S')",11.097,0,321403.0
"('06C', '09C', '11C')",11.096,0,318507.0
"('06C', '09C', '11D')",11.096,0,318507.0
"('06C', '09C', '11H')",11.096,0,318507.0
"('06C', '09C', '11S')",11.096,0,318507.0
"('06C', '09D', '11C')",11.096,0,318507.0
"('06C', '09D', '11D')",11.096,0,318507.0
"('06C', '09D', '11H')",11.096,0,318507.0
"('06C', '09D', '11S')",11.096,0,318507.0
"('06C', '09H', '11C')",11.096,0,318507.0
"('06C', '09H', '11D')",11.096,0,318507.0
"('06C', '09H', '11H')",11.096,0,318507.0
"('06C', '09H', '11S')",11.096,0,318507.0
"('06C', '09S', '11C')",11.096,0,318507.0
"('06C', '09S', '11D')",11.096,0,318507.0
"('06C', '09S', '11H')",11.096,0,318507.0
"('06C', '09S', '11S')",11.096,0,318507.0
"('06D', '09C', '11C')",11.096,0,318507.0
"('06D', '09C', '11D')",11.096,0,318507.0
"('06D', '09C', '11H')",11.096,0,318507.0
"('06D', '09C', '11S')",11.096,0,318507.0
"('06D', '09D', '11C')",11.096,0,318507.0
"('06D', '09D', '11D')",11.096,0,318507.0
"('06D', '09D', '11H')",11.096,0,318507.0
"('06D', '09D', '11S')",11.096,0,318507.0
"('06D', '09H', '11C')",11.096,0,318507.0
"('06D', '09H', '11D')",11.096,0,318507.0
"('06D', '09H', '11H')",11.096,0,318507.0
"('06D', '09H', '11S')",11.096,0,318507.0
"('06D', '09S', '11C')",11.096,0,318507.0
"('06D', '09S', '11D')",11.096,0,318507.0
"('06D', '09S', '11H')",11.096,0,318507.0
"('06D', '09S', '11S')",11.096,0,318507.0
"('06H', '09C', '11C')",11.096,0,318507.0
"('06H', '09C', '11D')",11.096,0,318507.0
"('06H', '09C', '11H')",11.096,0,318507.0
"('06H', '09C', '11S')",11.096,0,318507.0
"('06H', '09D', '11C')",11.096,0,318507.0
"('06H', '09D', '11D')",11.096,0,318507.0
"('06H', '09D', '11H')",11.096,0,318507.0
"('06H', '09D', '11S')",11.096,0,318507.0
"('06H', '09H', '11C')",11.096,0,318507.0
"('06H', '09H', '11D')",11.096,0,318507.0
"('06H', '09H', '11H')",11.096,0,318507.0
"('06H', '09H', '11S')",11.096,0,318507.0
"('06H', '09S', '11C')",11.096,0,318507.0
"('06H', '09S', '11D')",11.096,0,318507.0
"('06H', '09S', '11H')",11.096,0,318507.0
"('06H', '09S', '11S')",11.096,0,318507.0
"('06S', '09C', '11C')",11.096,0,318507.0
"('06S', '09C', '11D')",11.096,0,318507.0
"('06S', '09C', '11H')",11.096,0,318507.0
"('06S', '09C', '11S')",11.096,0,318507.0
"('06S', '09D', '11C')",11.096,0,318507.0
"('06S', '09D', '11D')",11.096,0,318507.0
"('06S', '09D', '11H')",11.096,0,318507.0
"('06S', '09D', '11S')",11.096,0,318507.0
"('06S', '09H', '11C')",11.096,0,318507.0
"('06S', '09H', '11D')",11.096,0,318507.0
"('06S', '09H', '11H')",11.096,0,318507.0
"('06S', '09H', '11S')",11.096,0,318507.0
"('06S', '09S', '11C')",11.096,0,318507.0
"('06S', '09S', '11D')",11.096,0,318507.0
"('06S', '09S', '11H')",11.096,0,318507.0
"('06S', '09S', '11S')",11.096,0,318507.0
"('05C', '09C', '11C')",11.095,0,315611.0
"('05C', '09C', '11D')",11.095,0,315611.0
"('05C', '09C', '11H')",11.095,0,315611.0
"('05C', '09C', '11S')",11.095,0,315611.0
"('05C', '09D', '11C')",11.095,0,315611.0
"('05C', '09D', '11D')",11.095,0,315611.0
"('05C', '09D', '11H')",11.095,0,315611.0
"('05C', '09D', '11S')",11.095,0,315611.0
"('05C', '09H', '11C')",11.095,0,315611.0
"('05C', '09H', '11D')",11.095,0,315611.0
"('05C', '09H', '11H')",11.095,0,315611.0
"('05C', '09H', '11S')",11.095,0,315611.0
"('05C', '09S', '11C')",11.095,0,315611.0
"('05C', '09S', '11D')",11.095,0,315611.0
"('05C', '09S', '11H')",11.095,0,315611.0
"('05C', '09S', '11S')",11.095,0,315611.0
"('05D', '09C', '11C')",11.095,0,315611.0
"('05D', '09C', '11D')",11.095,0,315611.0
"('05D', '09C', '11H')",11.095,0,315611.0
"('05D', '09C', '11S')",11.095,0,315611.0
"('05D', '09D', '11C')",11.095,0,315611.0
"('05D', '09D', '11D')",11.095,0,315611.0
"('05D', '09D', '11H')",11.095,0,315611.0
"('05D', '09D', '11S')",11.095,0,315611.0
"('05D', '09H', '11C')",11.095,0,315611.0
"('05D', '09H', '11D')",11.095,0,315611.0
"('05D', '09H', '11H')",11.095,0,315611.0
"('05D', '09H', '11S')",11.095,0,315611.0
"('05D', '09S', '11C')",11.095,0,315611.0
"('05D', '09S', '11D')",11.095,0,315611.0
"('05D', '09S', '11H')",11.095,0,315611.0
"('05D', '09S', '11S')",11.095,0,315611.0
"('05H', '09C', '11C')",11.095,0,315611.0
"('05H', '09C', '11D')",11.095,0,315611.0
"('05H', '09C', '11H')",11.095,0,315611.0
"('05H', '09C', '11S')",11.095,0,315611.0
"('05H', '09D', '11C')",11.095,0,315611.0
"('05H', '09D', '11D')",11.095,0,315611.0
"('05H', '09D', '11H')",11.095,0,315611.0
"('05H', '09D', '11S')",11.095,0,315611.0
"('05H', '09H', '11C')",11.095,0,315611.0
"('05H', '09H', '11D')",11.095,0,315611.0
"('05H', '09H', '11H')",11.095,0,315611.0
"('05H', '09H', '11S')",11.095,0,315611.0
"('05H', '09S', '11C')",11.095,0,315611.0
"('05H', '09S', '11D')",11.095,0,315611.0
"('05H', '09S', '11H')",11.095,0,315611.0
"('05H', '09S', '11S')",11.095,0,315611.0
"('05S', '09C', '11C')",11.095,0,315611.0
"('05S', '09C', '11D')",11.095,0,315611.0
"('05S', '09C', '11H')",11.095,0,315611.0
"('05S', '09C', '11S')",11.095,0,315611.0
"('05S', '09D', '11C')",11.095,0,315611.0
"('05S', '09D', '11D')",11.095,0,315611.0
"('05S', '09D', '11H')",11.095,0,315611.0
"('05S', '09D', '11S')",11.095,0,315611.0
"('05S', '09H', '11C')",11.095,0,315611.0
"('05S', '09H', '11D')",11.095,0,315611.0
"('05S', '09H', '11H')",11.095,0,315611.0
"('05S', '09H', '11S')",11.095,0,315611.0
"('05S', '09S', '11C')",11.095,0,315611.0
"('05S', '09S', '11D')",11.095,0,315611.0
"('05S', '09S', '11H')",11.095,0,315611.0
"('05S', '09S', '11S')",11.095,0,315611.0
"('04C', '09C', '11C')",11.094,0,312715.0
"('04C', '09C', '11D')",11.094,0,312715.0
"('04C', '09C', '11H')",11.094,0,312715.0
"('04C', '09C', '11S')",11.094,0,312715.0
"('04C', '09D', '11C')",11.094,0,312715.0
"('04C', '09D', '11D')",11.094,0,312715.0
"('04C', '09D', '11H')",11.094,0,312715.0
"('04C', '09D', '11S')",11.094,0,312715.0
"('04C', '09H', '11C')",11.094,0,312715.0
"('04C', '09H', '11D')",11.094,0,312715.0
"('04C', '09H', '11H')",11.094,0,312715.0
"('04C', '09H', '11S')",11.094,0,312715.0
"('04C', '09S', '11C')",11.094,0,312715.0
"('04C', '09S', '11D')",11.094,0,312715.0
"('04C', '09S', '11H')",11.094,0,312715.0
"('04C', '09S', '11S')",11.094,0,312715.0
"('04D', '09C', '11C')",11.094,0,312715.0
"('04D', '09C', '11D')",11.094,0,312715.0
"('04D', '09C', '11H')",11.094,0,312715.0
"('04D', '09C', '11S')",11.094,0,312715.0
"('04D', '09D', '11C')",11.094,0,312715.0
"('04D', '09D', '11D')",11.094,0,312715.0
"('04D', '09D', '11H')",11.094,0,312715.0
"('04D', '09D', '11S')",11.094,0,312715.0
"('04D', '09H', '11C')",11.094,0,312715.0
"('04D', '09H', '11D')",11.094,0,312715.0
"('04D', '09H', '11H')",11.094,0,312715.0
"('04D', '09H', '11S')",11.094,0,312715.0
"('04D', '09S', '11C')",11.094,0,312715.0
"('04D', '09S', '11D')",11.094,0,312715.0
"('04D', '09S', '11H')",11.094,0,312715.0
"('04D', '09S', '11S')",11.094,0,312715.0
"('04H', '09C', '11C')",11.094,0,312715.0
"('04H', '09C', '11D')",11.094,0,312715.0
"('04H', '09C', '11H')",11.094,0,312715.0
"('04H', '09C', '11S')",11.094,0,312715.0
"('04H', '09D', '11C')",11.094,0,312715.0
"('04H', '09D', '11D')",11.094,0,312715.0
"('04H', '09D', '11H')",11.094,0,312715.0
"('04H', '09D', '11S')",11.094,0,312715.0
"('04H', '09H', '11C')",11.094,0,312715.0
"('04H', '09H', '11D')",11.094,0,312715.0
"('04H', '09H', '11H')",11.094,0,312715.0
"('04H', '09H', '11S')",11.094,0,312715.0
"('04H', '09S', '11C')",11.094,0,312715.0
"('04H', '09S', '11D')",11.094,0,312715.0
"('04H', '09S', '11H')",11.094,0,312715.0
"('04H', '09S', '11S')",11.094,0,312715.0
"('04S', '09C', '11C')",11.094,0,312715.0
"('04S', '09C', '11D')",11.094,0,312715.0
"('04S', '09C', '11H')",11.094,0,312715.0
"('04S', '09C', '11S')",11.094,0,312715.0
"('04S', '09D', '11C')",11.094,0,312715.0
"('04S', '09D', '11D')",11.094,0,312715.0
"('04S', '09D', '11H')",11.094,0,312715.0
"('04S', '09D', '11S')",11.094,0,312715.0
"('04S', '09H', '11C')",11.094,0,312715.0
"('04S', '09H', '11D')",11.094,0,312715.0
"('04S', '09H', '11H')",11.094,0,312715.0
"('04S', '09H', '11S')",11.094,0,312715.0
"('04S', '09S', '11C')",11.094,0,312715.0
"('04S', '09S', '11D')",11.094,0,312715.0
"('04S', '09S', '11H')",11.094,0,312715.0
"('04S', '09S', '11S')",11.094,0,312715.0
"('03C', '09C', '11C')",11.093,0,309819.0
"('03C', '09C', '11D')",11.093,0,309819.0
"('03C', '09C', '11H')",11.093,0,309819.0
"('03C', '09C', '11S')",11.093,0,309819.0
"('03C', '09D', '11C')",11.093,0,309819.0
"('03C', '09D', '11D')",11.093,0,309819.0
"('03C', '09D', '11H')",11.093,0,309819.0
"('03C', '09D', '11S')",11.093,0,309819.0
"('03C', '09H', '11C')",11.093,0,309819.0
"('03C', '09H', '11D')",11.093,0,309819.0
"('03C', '09H', '11H')",11.093,0,309819.0
"('03C', '09H', '11S')",11.093,0,309819.0
"('03C', '09S', '11C')",11.093,0,309819.0
"('03C', '09S', '11D')",11.093,0,309819.0
"('03C', '09S', '11H')",11.093,0,309819.0
"('03C', '09S', '11S')",11.093,0,309819.0
"('03D', '09C', '11C')",11.093,0,309819.0
"('03D', '09C', '11D')",11.093,0,309819.0
"('03D', '09C', '11H')",11.093,0,309819.0
"('03D', '09C', '11S')",11.093,0,309819.0
"('03D', '09D', '11C')",11.093,0,309819.0
"('03D', '09D', '11D')",11.093,0,309819.0
"('03D', '09D', '11H')",11.093,0,309819.0
"('03D', '09D', '11S')",11.093,0,309819.0
"('03D', '09H', '11C')",11.093,0,309819.0
"('03D', '09H', '11D')",11.093,0,309819.0
"('03D', '09H', '11H')",11.093,0,309819.0
"('03D', '09H', '11S')",11.093,0,309819.0
"('03D', '09S', '11C')",11.093,0,309819.0
"('03D', '09S', '11D')",11.093,0,309819.0
"('03D', '09S', '11H')",11.093,0,309819.0
"('03D', '09S', '11S')",11.093,0,309819.0
"('03H', '09C', '11C')",11.093,0,309819.0
"('03H', '09C', '11D')",11.093,0,309819.0
"('03H', '09C', '11H')",11.093,0,309819.0
"('03H', '09C', '11S')",11.093,0,309819.0
"('03H', '09D', '11C')",11.093,0,309819.0
"('03H', '09D', '11D')",11.093,0,309819.0
"('03H', '09D', '11H')",11.093,0,309819.0
"('03H', '09D', '11S')",11.093,0,309819.0
"('03H', '09H', '11C')",11.093,0,309819.0
"('03H', '09H', '11D')",11.093,0,309819.0
"('03H', '09H', '11H')",11.093,0,309819.0
"('03H', '09H', '11S')",11.093,0,309819.0
"('03H', '09S', '11C')",11.093,0,309819.0
"('03H', '09S', '11D')",11.093,0,309819.0
"('03H', '09S', '11H')",11.093,0,309819.0
"('03H', '09S', '11S')",11.093,0,309819.0
"('03S', '09C', '11C')",11.093,0,309819.0
"('03S', '09C', '11D')",11.093,0,309819.0
"('03S', '09C', '11H')",11.093,0,309819.0
"('03S', '09C', '11S')",11.093,0,309819.0
"('03S', '09D', '11C')",11.093,0,309819.0
"('03S', '09D', '11D')",11.093,0,309819.0
"('03S', '09D', '11H')",11.093,0,309819.0
"('03S', '09D', '11S')",11.093,0,309819.0
"('03S', '09H', '11C')",11.093,0,309819.0
"('03S', '09H', '11D')",11.093,0,309819.0
"('03S', '09H', '11H')",11.093,0,309819.0
"('03S', '09H', '11S')",11.093,0,309819.0
"('03S', '09S', '11C')",11.093,0,309819.0
"('03S', '09S', '11D')",11.093,0,309819.0
"('03S', '09S', '11H')",11.093,0,309819.0
"('03S', '09S', '11S')",11.093,0,309819.0
"('02C', '09C', '11C')",11.092,0,306923.0
"('02C', '09C', '11D')",11.092,0,306923.0
"('02C', '09C', '11H')",11.092,0,306923.0
"('02C', '09C', '11S')",11.092,0,306923.0
"('02C', '09D', '11C')",11.092,0,306923.0
"('02C', '09D', '11D')",11.092,0,306923.0
"('02C', '09D', '11H')",11.092,0,306923.0
"('02C', '09D', '11S')",11.092,0,306923.0
"('02C', '09H', '11C')",11.092,0,306923.0
"('02C', '09H', '11D')",11.092,0,306923.0
"('02C', '09H', '11H')",11.092,0,306923.0
"('02C', '09H', '11S')",11.092,0,306923.0
"('02C', '09S', '11C')",11.092,0,306923.0
"('02C', '09S', '11D')",11.092,0,306923.0
"('02C', '09S', '11H')",11.092,0,306923.0
"('02C', '09S', '11S')",11.092,0,306923.0
"('02D', '09C', '11C')",11.092,0,306923.0
"('02D', '09C', '11D')",11.092,0,306923.0
"('02D', '09C', '11H')",11.092,0,306923.0
"('02D', '09C', '11S')",11.092,0,306923.0
"('02D', '09D', '11C')",11.092,0,306923.0
"('02D', '09D', '11D')",11.092,0,306923.0
"('02D', '09D', '11H')",11.092,0,306923.0
"('02D', '09D', '11S')",11.092,0,306923.0
"('02D', '09H', '11C')",11.092,0,306923.0
"('02D', '09H', '11D')",11.092,0,306923.0
"('02D', '09H', '11H')",11.092,0,306923.0
"('02D', '09H', '11S')",11.092,0,306923.0
"('02D', '09S', '11C')",11.092,0,306923.0
"('02D', '09S', '11D')",11.092,0,306923.0
"('02D', '09S', '11H')",11.092,0,306923.0
"('02D', '09S', '11S')",11.092,0,306923.0
"('02H', '09C', '11C')",11.092,0,306923.0
"('02H', '09C', '11D')",11.092,0,306923.0
"('02H', '09C', '11H')",11.092,0,306923.0
"('02H', '09C', '11S')",11.092,0,306923.0
"('02H', '09D', '11C')",11.092,0,306923.0
"('02H', '09D', '11D')",11.092,0,306923.0
"('02H', '09D', '11H')",11.092,0,306923.0
"('02H', '09D', '11S')",11.092,0,306923.0
"('02H', '09H', '11C')",11.092,0,306923.0
"('02H', '09H', '11D')",11.092,0,306923.0
"('02H', '09H', '11H')",11.092,0,306923.0
"('02H', '09H', '11S')",11.092,0,306923.0
"('02H', '09S', '11C')",11.092,0,306923.0
"('02H', '09S', '11D')",11.092,0,306923.0
"('02H', '09S', '11H')",11.092,0,306923.0
"('02H', '09S', '11S')",11.092,0,306923.0
"('02S', '09C', '11C')",11.092,0,306923.0
"('02S', '09C', '11D')",11.092,0,306923.0
"('02S', '09C', '11H')",11.092,0,306923.0
"('02S', '09C', '11S')",11.092,0,306923.0
"('02S', '09D', '11C')",11.092,0,306923.0
"('02S', '09D', '11D')",11.092,0,306923.0
"('02S', '09D', '11H')",11.092,0,306923.0
"('02S', '09D', '11S')",11.092,0,306923.0
"('02S', '09H', '11C')",11.092,0,306923.0
"('02S', '09H', '11D')",11.092,0,306923.0
"('02S', '09H', '11H')",11.092,0,306923.0
"('02S', '09H', '11S')",11.092,0,306923.0
"('02S', '09S', '11C')",11.092,0,306923.0
"('02S', '09S', '11D')",11.092,0,306923.0
"('02S', '09S', '11H')",11.092,0,306923.0
"('02S', '09S', '11S')",11.092,0,306923.0
"('07C', '08C', '11C')",11.087,0,304027.0
"('07C', '08C', '11D')",11.087,0,304027.0
"('07C', '08C', '11H')",11.087,0,304027.0
"('07C', '08C', '11S')",11.087,0,304027.0
"('07C', '08D', '11C')",11.087,0,304027.0
"('07C', '08D', '11D')",11.087,0,304027.0
"('07C', '08D', '11H')",11.087,0,304027.0
"('07C', '08D', '11S')",11.087,0,304027.0
"('07C', '08H', '11C')",11.087,0,304027.0
"('07C', '08H', '11D')",11.087,0,304027.0
"('07C', '08H', '11H')",11.087,0,304027.0
"('07C', '08H', '11S')",11.087,0,304027.0
"('07C', '08S', '11C')",11.087,0,304027.0
"('07C', '08S', '11D')",11.087,0,304027.0
"('07C', '08S', '11H')",11.087,0,304027.0
"('07C', '08S', '11S')",11.087,0,304027.0
"('07D', '08C', '11C')",11.087,0,304027.0
"('07D', '08C', '11D')",11.087,0,304027.0
"('07D', '08C', '11H')",11.087,0,304027.0
"('07D', '08C', '11S')",11.087,0,304027.0
"('07D', '08D', '11C')",11.087,0,304027.0
"('07D', '08D', '11D')",11.087,0,304027.0
"('07D', '08D', '11H')",11.087,0,304027.0
"('07D', '08D', '11S')",11.087,0,304027.0
"('07D', '08H', '11C')",11.087,0,304027.0
"('07D', '08H', '11D')",11.087,0,304027.0
"('07D', '08H', '11H')",11.087,0,304027.0
"('07D', '08H', '11S')",11.087,0,304027.0
"('07D', '08S', '11C')",11.087,0,304027.0
"('07D', '08S', '11D')",11.087,0,304027.0
"('07D', '08S', '11H')",11.087,0,304027.0
"('07D', '08S', '11S')",11.087,0,304027.0
"('07H', '08C', '11C')",11.087,0,304027.0
"('07H', '08C', '11D')",11.087,0,304027.0
"('07H', '08C', '11H')",11.087,0,304027.0
"('07H', '08C', '11S')",11.087,0,304027.0
"('07H', '08D', '11C')",11.087,0,304027.0
"('07H', '08D', '11D')",11.087,0,304027.0
"('07H', '08D', '11H')",11.087,0,304027.0
"('07H', '08D', '11S')",11.087,0,304027.0
"('07H', '08H', '11C')",11.087,0,304027.0
"('07H', '08H', '11D')",11.087,0,304027.0
"('07H', '08H', '11H')",11.087,0,304027.0
"('07H', '08H', '11S')",11.087,0,304027.0
"('07H', '08S', '11C')",11.087,0,304027.0
"('07H', '08S', '11D')",11.087,0,304027.0
"('07H', '08S', '11H')",11.087,0,304027.0
"('07H', '08S', '11S')",11.087,0,304027.0
"('07S', '08C', '11C')",11.087,0,304027.0
"('07S', '08C', '11D')",11.087,0,304027.0
"('07S', '08C', '11H')",11.087,0,304027.0
"('07S', '08C', '11S')",11.087,0,304027.0
"('07S', '08D', '11C')",11.087,0,304027.0
"('07S', '08D', '11D')",11.087,0,304027.0
"('07S', '08D', '11H')",11.087,0,304027.0
"('07S', '08D', '11S')",11.087,0,304027.0
"('07S', '08H', '11C')",11.087,0,304027.0
"('07S', '08H', '11D')",11.087,0,304027.0
"('07S', '08H', '11H')",11.087,0,304027.0
"('07S', '08H', '11S')",11.087,0,304027.0
"('07S', '08S', '11C')",11.087,0,304027.0
"('07S', '08S', '11D')",11.087,0,304027.0
"('07S', '08S', '11H')",11.087,0,304027.0
"('07S', '08S', '11S')",11.087,0,304027.0
"('06C', '08C', '11C')",11.086,0,301131.0
"('06C', '08C', '11D')",11.086,0,301131.0
"('06C', '08C', '11H')",11.086,0,301131.0
"('06C', '08C', '11S')",11.086,0,301131.0
"('06C', '08D', '11C')",11.086,0,301131.0
"('06C', '08D', '11D')",11.086,0,301131.0
"('06C', '08D', '11H')",11.086,0,301131.0
"('06C', '08D', '11S')",11.086,0,301131.0
"('06C', '08H', '11C')",11.086,0,301131.0
"('06C', '08H', '11D')",11.086,0,301131.0
"('06C', '08H', '11H')",11.086,0,301131.0
"('06C', '08H', '11S')",11.086,0,301131.0
"('06C', '08S', '11C')",11.086,0,301131.0
"('06C', '08S', '11D')",11.086,0,301131.0
"('06C', '08S', '11H')",11.086,0,301131.0
"('06C', '08S', '11S')",11.086,0,301131.0
"('06D', '08C', '11C')",11.086,0,301131.0
"('06D', '08C', '11D')",11.086,0,301131.0
"('06D', '08C', '11H')",11.086,0,301131.0
"('06D', '08C', '11S')",11.086,0,301131.0
"('06D', '08D', '11C')",11.086,0,301131.0
"('06D', '08D', '11D')",11.086,0,301131.0
"('06D', '08D', '11H')",11.086,0,301131.0
"('06D', '08D', '11S')",11.086,0,301131.0
"('06D', '08H', '11C')",11.086,0,301131.0
"('06D', '08H', '11D')",11.086,0,301131.0
"('06D', '08H', '11H')",11.086,0,301131.0
"('06D', '08H', '11S')",11.086,0,301131.0
"('06D', '08S', '11C')",11.086,0,301131.0
"('06D', '08S', '11D')",11.086,0,301131.0
"('06D', '08S', '11H')",11.086,0,301131.0
"('06D', '08S', '11S')",11.086,0,301131.0
"('06H', '08C', '11C')",11.086,0,301131.0
"('06H', '08C', '11D')",11.086,0,301131.0
"('06H', '08C', '11H')",11.086,0,301131.0
"('06H', '08C', '11S')",11.086,0,301131.0
"('06H', '08D', '11C')",11.086,0,301131.0
"('06H', '08D', '11D')",11.086,0,301131.0
"('06H', '08D', '11H')",11.086,0,301131.0
"('06H', '08D', '11S')",11.086,0,301131.0
"('06H', '08H', '11C')",11.086,0,301131.0
"('06H', '08H', '11D')",11.086,0,301131.0
"('06H', '08H', '11H')",11.086,0,301131.0
"('06H', '08H', '11S')",11.086,0,301131.0
"('06H', '08S', '11C')",11.086,0,301131.0
"('06H', '08S', '11D')",11.086,0,301131.0
"('06H', '08S', '11H')",11.086,0,301131.0
"('06H', '08S', '11S')",11.086,0,301131.0
"('06S', '08C', '11C')",11.086,0,301131.0
"('06S', '08C', '11D')",11.086,0,301131.0
"('06S', '08C', '11H')",11.086,0,301131.0
"('06S', '08C', '11S')",11.086,0,301131.0
"('06S', '08D', '11C')",11.086,0,301131.0
"('06S', '08D', '11D')",11.086,0,301131.0
"('06S', '08D', '11H')",11.086,0,301131.0
"('06S', '08D', '11S')",11.086,0,301131.0
"('06S', '08H', '11C')",11.086,0,301131.0
"('06S', '08H', '11D')",11.086,0,301131.0
"('06S', '08H', '11H')",11.086,0,301131.0
"('06S', '08H', '11S')",11.086,0,301131.0
"('06S', '08S', '11C')",11.086,0,301131.0
"('06S', '08S', '11D')",11.086,0,301131.0
"('06S', '08S', '11H')",11.086,0,301131.0
"('06S', '08S', '11S')",11.086,0,301131.0
"('05C', '08C', '11C')",11.085,0,298235.0
"('05C', '08C', '11D')",11.085,0,298235.0
"('05C', '08C', '11H')",11.085,0,298235.0
"('05C', '08C', '11S')",11.085,0,298235.0
"('05C', '08D', '11C')",11.085,0,298235.0
"('05C', '08D', '11D')",11.085,0,298235.0
"('05C', '08D', '11H')",11.085,0,298235.0
"('05C', '08D', '11S')",11.085,0,298235.0
"('05C', '08H', '11C')",11.085,0,298235.0
"('05C', '08H', '11D')",11.085,0,298235.0
"('05C', '08H', '11H')",11.085,0,298235.0
"('05C', '08H', '11S')",11.085,0,298235.0
"('05C', '08S', '11C')",11.085,0,298235.0
"('05C', '08S', '11D')",11.085,0,298235.0
"('05C', '08S', '11H')",11.085,0,298235.0
"('05C', '08S', '11S')",11.085,0,298235.0
"('05D', '08C', '11C')",11.085,0,298235.0
"('05D', '08C', '11D')",11.085,0,298235.0
"('05D', '08C', '11H')",11.085,0,298235.0
"('05D', '08C', '11S')",11.085,0,298235.0
"('05D', '08D', '11C')",11.085,0,298235.0
"('05D', '08D', '11D')",11.085,0,298235.0
"('05D', '08D', '11H')",11.085,0,298235.0
"('05D', '08D', '11S')",11.085,0,298235.0
"('05D', '08H', '11C')",11.085,0,298235.0
"('05D', '08H', '11D')",11.085,0,298235.0
"('05D', '08H', '11H')",11.085,0,298235.0
"('05D', '08H', '11S')",11.085,0,298235.0
"('05D', '08S', '11C')",11.085,0,298235.0
"('05D', '08S', '11D')",11.085,0,298235.0
"('05D', '08S', '11H')",11.085,0,298235.0
"('05D', '08S', '11S')",11.085,0,298235.0
"('05H', '08C', '11C')",11.085,0,298235.0
"('05H', '08C', '11D')",11.085,0,298235.0
"('05H', '08C', '11H')",11.085,0,298235.0
"('05H', '08C', '11S')",11.085,0,298235.0
"('05H', '08D', '11C')",11.085,0,298235.0
"('05H', '08D', '11D')",11.085,0,298235.0
"('05H', '08D', '11H')",11.085,0,298235.0
"('05H', '08D', '11S')",11.085,0,298235.0
"('05H', '08H', '11C')",11.085,0,298235.0
"('05H', '08H', '11D')",11.085,0,298235.0
"('05H', '08H', '11H')",11.085,0,298235.0
"('05H', '08H', '11S')",11.085,0,298235.0
"('05H', '08S', '11C')",11.085,0,298235.0
"('05H', '08S', '11D')",11.085,0,298235.0
"('05H', '08S', '11H')",11.085,0,298235.0
"('05H', '08S', '11S')",11.085,0,298235.0
"('05S', '08C', '11C')",11.085,0,298235.0
"('05S', '08C', '11D')",11.085,0,298235.0
"('05S', '08C', '11H')",11.085,0,298235.0
"('05S', '08C', '11S')",11.085,0,298235.0
"('05S', '08D', '11C')",11.085,0,298235.0
"('05S', '08D', '11D')",11.085,0,298235.0
"('05S', '08D', '11H')",11.085,0,298235.0
"('05S', '08D', '11S')",11.085,0,298235.0
"('05S', '08H', '11C')",11.085,0,298235.0
"('05S', '08H', '11D')",11.085,0,298235.0
"('05S', '08H', '11H')",11.085,0,298235.0
"('05S', '08H', '11S')",11.085,0,298235.0
"('05S', '08S', '11C')",11.085,0,298235.0
"('05S', '08S', '11D')",11.085,0,298235.0
"('05S', '08S', '11H')",11.085,0,298235.0
"('05S', '08S', '11S')",11.085,0,298235.0
"('04C', '08C', '11C')",11.084,0,295339.0
"('04C', '08C', '11D')",11.084,0,295339.0
"('04C', '08C', '11H')",11.084,0,295339.0
"('04C', '08C', '11S')",11.084,0,295339.0
"('04C', '08D', '11C')",11.084,0,295339.0
"('04C', '08D', '11D')",11.084,0,295339.0
"('04C', '08D', '11H')",11.084,0,295339.0
"('04C', '08D', '11S')",11.084,0,295339.0
"('04C', '08H', '11C')",11.084,0,295339.0
"('04C', '08H', '11D')",11.084,0,295339.0
"('04C', '08H', '11H')",11.084,0,295339.0
"('04C', '08H', '11S')",11.084,0,295339.0
"('04C', '08S', '11C')",11.084,0,295339.0
"('04C', '08S', '11D')",11.084,0,295339.0
"('04C', '08S', '11H')",11.084,0,295339.0
"('04C', '08S', '11S')",11.084,0,295339.0
"('04D', '08C', '11C')",11.084,0,295339.0
"('04D', '08C', '11D')",11.084,0,295339.0
"('04D', '08C', '11H')",11.084,0,295339.0
"('04D', '08C', '11S')",11.084,0,295339.0
"('04D', '08D', '11C')",11.084,0,295339.0
"('04D', '08D', '11D')",11.084,0,295339.0
"('04D', '08D', '11H')",11.084,0,295339.0
"('04D', '08D', '11S')",11.084,0,295339.0
"('04D', '08H', '11C')",11.084,0,295339.0
"('04D', '08H', '11D')",11.084,0,295339.0
"('04D', '08H', '11H')",11.084,0,295339.0
"('04D', '08H', '11S')",11.084,0,295339.0
"('04D', '08S', '11C')",11.084,0,295339.0
"('04D', '08S', '11D')",11.084,0,295339.0
"('04D', '08S', '11H')",11.084,0,295339.0
"('04D', '08S', '11S')",11.084,0,295339.0
"('04H', '08C', '11C')",11.084,0,295339.0
"('04H', '08C', '11D')",11.084,0,295339.0
"('04H', '08C', '11H')",11.084,0,295339.0
"('04H', '08C', '11S')",11.084,0,295339.0
"('04H', '08D', '11C')",11.084,0,295339.0
"('04H', '08D', '11D')",11.084,0,295339.0
"('04H', '08D', '11H')",11.084,0,295339.0
"('04H', '08D', '11S')",11.084,0,295339.0
"('04H', '08H', '11C')",11.084,0,295339.0
"('04H', '08H', '11D')",11.084,0,295339.0
"('04H', '08H', '11H')",11.084,0,295339.0
"('04H', '08H', '11S')",11.084,0,295339.0
"('04H', '08S', '11C')",11.084,0,295339.0
"('04H', '08S', '11D')",11.084,0,295339.0
"('04H', '08S', '11H')",11.084,0,295339.0
"('04H', '08S', '11S')",11.084,0,295339.0
"('04S', '08C', '11C')",11.084,0,295339.0
"('04S', '08C', '11D')",11.084,0,295339.0
"('04S', '08C', '11H')",11.084,0,295339.0
"('04S', '08C', '11S')",11.084,0,295339.0
"('04S', '08D', '11C')",11.084,0,295339.0
"('04S', '08D', '11D')",11.084,0,295339.0
"('04S', '08D', '11H')",11.084,0,295339.0
"('04S', '08D', '11S')",11.084,0,295339.0
"('04S', '08H', '11C')",11.084,0,295339.0
"('04S', '08H', '11D')",11.084,0,295339.0
"('04S', '08H', '11H')",11.084,0,295339.0
"('04S', '08H', '11S')",11.084,0,295339.0
"('04S', '08S', '11C')",11.084,0,295339.0
"('04S', '08S', '11D')",11.084,0,295339.0
"('04S', '08S', '11H')",11.084,0,295339.0
"('04S', '08S', '11S')",11.084,0,295339.0
"('03C', '08C', '11C')",11.083,0,292443.0
"('03C', '08C', '11D')",11.083,0,292443.0
"('03C', '08C', '11H')",11.083,0,292443.0
"('03C', '08C', '11S')",11.083,0,292443.0
"('03C', '08D', '11C')",11.083,0,292443.0
"('03C', '08D', '11D')",11.083,0,292443.0
"('03C', '08D', '11H')",11.083,0,292443.0
"('03C', '08D', '11S')",11.083,0,292443.0
"('03C', '08H', '11C')",11.083,0,292443.0
"('03C', '08H', '11D')",11.083,0,292443.0
"('03C', '08H', '11H')",11.083,0,292443.0
"('03C', '08H', '11S')",11.083,0,292443.0
"('03C', '08S', '11C')",11.083,0,292443.0
"('03C', '08S', '11D')",11.083,0,292443.0
"('03C', '08S', '11H')",11.083,0,292443.0
"('03C', '08S', '11S')",11.083,0,292443.0
"('03D', '08C', '11C')",11.083,0,292443.0
"('03D', '08C', '11D')",11.083,0,292443.0
"('03D', '08C', '11H')",11.083,0,292443.0
"('03D', '08C', '11S')",11.083,0,292443.0
"('03D', '08D', '11C')",11.083,0,292443.0
"('03D', '08D', '11D')",11.083,0,292443.0
"('03D', '08D', '11H')",11.083,0,292443.0
"('03D', '08D', '11S')",11.083,0,292443.0
"('03D', '08H', '11C')",11.083,0,292443.0
"('03D', '08H', '11D')",11.083,0,292443.0
"('03D', '08H', '11H')",11.083,0,292443.0
"('03D', '08H', '11S')",11.083,0,292443.0
"('03D', '08S', '11C')",11.083,0,292443.0
"('03D', '08S', '11D')",11.083,0,292443.0
"('03D', '08S', '11H')",11.083,0,292443.0
"('03D', '08S', '11S')",11.083,0,292443.0
"('03H', '08C', '11C')",11.083,0,292443.0
"('03H', '08C', '11D')",11.083,0,292443.0
"('03H', '08C', '11H')",11.083,0,292443.0
"('03H', '08C', '11S')",11.083,0,292443.0
"('03H', '08D', '11C')",11.083,0,292443.0
"('03H', '08D', '11D')",11.083,0,292443.0
"('03H', '08D', '11H')",11.083,0,292443.0
"('03H', '08D', '11S')",11.083,0,292443.0
"('03H', '08H', '11C')",11.083,0,292443.0
"('03H', '08H', '11D')",11.083,0,292443.0
"('03H', '08H', '11H')",11.083,0,292443.0
"('03H', '08H', '11S')",11.083,0,292443.0
"('03H', '08S', '11C')",11.083,0,292443.0
"('03H', '08S', '11D')",11.083,0,292443.0
"('03H', '08S', '11H')",11.083,0,292443.0
"('03H', '08S', '11S')",11.083,0,292443.0
"('03S', '08C', '11C')",11.083,0,292443.0
"('03S', '08C', '11D')",11.083,0,292443.0
"('03S', '08C', '11H')",11.083,0,292443.0
"('03S', '08C', '11S')",11.083,0,292443.0
"('03S', '08D', '11C')",11.083,0,292443.0
"('03S', '08D', '11D')",11.083,0,292443.0
"('03S', '08D', '11H')",11.083,0,292443.0
"('03S', '08D', '11S')",11.083,0,292443.0
"('03S', '08H', '11C')",11.083,0,292443.0
"('03S', '08H', '11D')",11.083,0,292443.0
"('03S', '08H', '11H')",11.083,0,292443.0
"('03S', '08H', '11S')",11.083,0,292443.0
"('03S', '08S', '11C')",11.083,0,292443.0
"('03S', '08S', '11D')",11.083,0,292443.0
"('03S', '08S', '11H')",11.083,0,292443.0
"('03S', '08S', '11S')",11.083,0,292443.0
"('02C', '08C', '11C')",11.082,0,289548.0
"('02C', '08C', '11D')",11.082,0,289548.0
"('02C', '08C', '11H')",11.082,0,289548.0
"('02C', '08C', '11S')",11.082,0,289548.0
"('02C', '08D', '11C')",11.082,0,289548.0
"('02C', '08D', '11D')",11.082,0,289548.0
"('02C', '08D', '11H')",11.082,0,289548.0
"('02C', '08D', '11S')",11.082,0,289548.0
"('02C', '08H', '11C')",11.082,0,289548.0
"('02C', '08H', '11D')",11.082,0,289548.0
"('02C', '08H', '11H')",11.082,0,289548.0
"('02C', '08H', '11S')",11.082,0,289548.0
"('02C', '08S', '11C')",11.082,0,289548.0
"('02C', '08S', '11D')",11.082,0,289548.0
"('02C', '08S', '11H')",11.082,0,289548.0
"('02C', '08S', '11S')",11.082,0,289548.0
"('02D', '08C', '11C')",11.082,0,289548.0
"('02D', '08C', '11D')",11.082,0,289548.0
"('02D', '08C', '11H')",11.082,0,289548.0
"('02D', '08C', '11S')",11.082,0,289548.0
"('02D', '08D', '11C')",11.082,0,289548.0
"('02D', '08D', '11D')",11.082,0,289548.0
"('02D', '08D', '11H')",11.082,0,289548.0
"('02D', '08D', '11S')",11.082,0,289548.0
"('02D', '08H', '11C')",11.082,0,289548.0
"('02D', '08H', '11D')",11.082,0,289548.0
"('02D', '08H', '11H')",11.082,0,289548.0
"('02D', '08H', '11S')",11.082,0,289548.0
"('02D', '08S', '11C')",11.082,0,289548.0
"('02D', '08S', '11D')",11.082,0,289548.0
"('02D', '08S', '11H')",11.082,0,289548.0
"('02D', '08S', '11S')",11.082,0,289548.0
"('02H', '08C', '11C')",11.082,0,289548.0
"('02H', '08C', '11D')",11.082,0,289548.0
"('02H', '08C', '11H')",11.082,0,289548.0
"('02H', '08C', '11S')",11.082,0,289548.0
"('02H', '08D', '11C')",11.082,0,289548.0
"('02H', '08D', '11D')",11.082,0,289548.0
"('02H', '08D', '11H')",11.082,0,289548.0
"('02H', '08D', '11S')",11.082,0,289548.0
"('02H', '08H', '11C')",11.082,0,289548.0
"('02H', '08H', '11D')",11.082,0,289548.0
"('02H', '08H', '11H')",11.082,0,289548.0
"('02H', '08H', '11S')",11.082,0,289548.0
"('02H', '08S', '11C')",11.082,0,289548.0
"('02H', '08S', '11D')",11.082,0,289548.0
"('02H', '08S', '11H')",11.082,0,289548.0
"('02H', '08S', '11S')",11.082,0,289548.0
"('02S', '08C', '11C')",11.082,0,289548.0
"('02S', '08C', '11D')",11.082,0,289548.0
"('02S', '08C', '11H')",11.082,0,289548.0
"('02S', '08C', '11S')",11.082,0,289548.0
"('02S', '08D', '11C')",11.082,0,289548.0
"('02S', '08D', '11D')",11.082,0,289548.0
"('02S', '08D', '11H')",11.082,0,289548.0
"('02S', '08D', '11S')",11.082,0,289548.0
"('02S', '08H', '11C')",11.082,0,289548.0
"('02S', '08H', '11D')",11.082,0,289548.0
"('02S', '08H', '11H')",11.082,0,289548.0
"('02S', '08H', '11S')",11.082,0,289548.0
"('02S', '08S', '11C')",11.082,0,289548.0
"('02S', '08S', '11D')",11.082,0,289548.0
"('02S', '08S', '11H')",11.082,0,289548.0
"('02S', '08S', '11S')",11.082,0,289548.0
"('06C', '07C', '11C')",11.076,0,286652.0
"('06C', '07C', '11D')",11.076,0,286652.0
"('06C', '07C', '11H')",11.076,0,286652.0
"('06C', '07C', '11S')",11.076,0,286652.0
"('06C', '07D', '11C')",11.076,0,286652.0
"('06C', '07D', '11D')",11.076,0,286652.0
"('06C', '07D', '11H')",11.076,0,286652.0
"('06C', '07D', '11S')",11.076,0,286652.0
"('06C', '07H', '11C')",11.076,0,286652.0
"('06C', '07H', '11D')",11.076,0,286652.0
"('06C', '07H', '11H')",11.076,0,286652.0
"('06C', '07H', '11S')",11.076,0,286652.0
"('06C', '07S', '11C')",11.076,0,286652.0
"('06C', '07S', '11D')",11.076,0,286652.0
"('06C', '07S', '11H')",11.076,0,286652.0
"('06C', '07S', '11S')",11.076,0,286652.0
"('06D', '07C', '11C')",11.076,0,286652.0
"('06D', '07C', '11D')",11.076,0,286652.0
"('06D', '07C', '11H')",11.076,0,286652.0
"('06D', '07C', '11S')",11.076,0,286652.0
"('06D', '07D', '11C')",11.076,0,286652.0
"('06D', '07D', '11D')",11.076,0,286652.0
"('06D', '07D', '11H')",11.076,0,286652.0
"('06D', '07D', '11S')",11.076,0,286652.0
"('06D', '07H', '11C')",11.076,0,286652.0
"('06D', '07H', '11D')",11.076,0,286652.0
"('06D', '07H', '11H')",11.076,0,286652.0
"('06D', '07H', '11S')",11.076,0,286652.0
"('06D', '07S', '11C')",11.076,0,286652.0
"('06D', '07S', '11D')",11.076,0,286652.0
"('06D', '07S', '11H')",11.076,0,286652.0
"('06D', '07S', '11S')",11.076,0,286652.0
"('06H', '07C', '11C')",11.076,0,286652.0
"('06H', '07C', '11D')",11.076,0,286652.0
"('06H', '07C', '11H')",11.076,0,286652.0
"('06H', '07C', '11S')",11.076,0,286652.0
"('06H', '07D', '11C')",11.076,0,286652.0
"('06H', '07D', '11D')",11.076,0,286652.0
"('06H', '07D', '11H')",11.076,0,286652.0
"('06H', '07D', '11S')",11.076,0,286652.0
"('06H', '07H', '11C')",11.076,0,286652.0
"('06H', '07H', '11D')",11.076,0,286652.0
"('06H', '07H', '11H')",11.076,0,286652.0
"('06H', '07H', '11S')",11.076,0,286652.0
"('06H', '07S', '11C')",11.076,0,286652.0
"('06H', '07S', '11D')",11.076,0,286652.0
"('06H', '07S', '11H')",11.076,0,286652.0
"('06H', '07S', '11S')",11.076,0,286652.0
"('06S', '07C', '11C')",11.076,0,286652.0
"('06S', '07C', '11D')",11.076,0,286652.0
"('06S', '07C', '11H')",11.076,0,286652.0
"('06S', '07C', '11S')",11.076,0,286652.0
"('06S', '07D', '11C')",11.076,0,286652.0
"('06S', '07D', '11D')",11.076,0,286652.0
"('06S', '07D', '11H')",11.076,0,286652.0
"('06S', '07D', '11S')",11.076,0,286652.0
"('06S', '07H', '11C')",11.076,0,286652.0
"('06S', '07H', '11D')",11.076,0,286652.0
"('06S', '07H', '11H')",11.076,0,286652.0
"('06S', '07H', '11S')",11.076,0,286652.0
"('06S', '07S', '11C')",11.076,0,286652.0
"('06S', '07S', '11D')",11.076,0,286652.0
"('06S', '07S', '11H')",11.076,0,286652.0
"('06S', '07S', '11S')",11.076,0,286652.0
"('05C', '07C', '11C')",11.075000000000001,0,283756.0
"('05C', '07C', '11D')",11.075000000000001,0,283756.0
"('05C', '07C', '11H')",11.075000000000001,0,283756.0
"('05C', '07C', '11S')",11.075000000000001,0,283756.0
"('05C', '07D', '11C')",11.075000000000001,0,283756.0
"('05C', '07D', '11D')",11.075000000000001,0,283756.0
"('05C', '07D', '11H')",11.075000000000001,0,283756.0
"('05C', '07D', '11S')",11.075000000000001,0,283756.0
"('05C', '07H', '11C')",11.075000000000001,0,283756.0
"('05C', '07H', '11D')",11.075000000000001,0,283756.0
"('05C', '07H', '11H')",11.075000000000001,0,283756.0
"('05C', '07H', '11S')",11.075000000000001,0,283756.0
"('05C', '07S', '11C')",11.075000000000001,0,283756.0
"('05C', '07S', '11D')",11.075000000000001,0,283756.0
"('05C', '07S', '11H')",11.075000000000001,0,283756.0
"('05C', '07S', '11S')",11.075000000000001,0,283756.0
"('05D', '07C', '11C')",11.075000000000001,0,283756.0
"('05D', '07C', '11D')",11.075000000000001,0,283756.0
"('05D', '07C', '11H')",11.075000000000001,0,283756.0
"('05D', '07C', '11S')",11.075000000000001,0,283756.0
"('05D', '07D', '11C')",11.075000000000001,0,283756.0
"('05D', '07D', '11D')",11.075000000000001,0,283756.0
"('05D', '07D', '11H')",11.075000000000001,0,283756.0
"('05D', '07D', '11S')",11.075000000000001,0,283756.0
"('05D', '07H', '11C')",11.075000000000001,0,283756.0
"('05D', '07H', '11D')",11.075000000000001,0,283756.0
"('05D', '07H', '11H')",11.075000000000001,0,283756.0
"('05D', '07H', '11S')",11.075000000000001,0,283756.0
"('05D', '07S', '11C')",11.075000000000001,0,283756.0
"('05D', '07S', '11D')",11.075000000000001,0,283756.0
"('05D', '07S', '11H')",11.075000000000001,0,283756.0
"('05D', '07S', '11S')",11.075000000000001,0,283756.0
"('05H', '07C', '11C')",11.075000000000001,0,283756.0
"('05H', '07C', '11D')",11.075000000000001,0,283756.0
"('05H', '07C', '11H')",11.075000000000001,0,283756.0
"('05H', '07C', '11S')",11.075000000000001,0,283756.0
"('05H', '07D', '11C')",11.075000000000001,0,283756.0
"('05H', '07D', '11D')",11.075000000000001,0,283756.0
"('05H', '07D', '11H')",11.075000000000001,0,283756.0
"('05H', '07D', '11S')",11.075000000000001,0,283756.0
"('05H', '07H', '11C')",11.075000000000001,0,283756.0
"('05H', '07H', '11D')",11.075000000000001,0,283756.0
"('05H', '07H', '11H')",11.075000000000001,0,283756.0
"('05H', '07H', '11S')",11.075000000000001,0,283756.0
"('05H', '07S', '11C')",11.075000000000001,0,283756.0
"('05H', '07S', '11D')",11.075000000000001,0,283756.0
"('05H', '07S', '11H')",11.075000000000001,0,283756.0
"('05H', '07S', '11S')",11.075000000000001,0,283756.0
"('05S', '07C', '11C')",11.075000000000001,0,283756.0
"('05S', '07C', '11D')",11.075000000000001,0,283756.0
"('05S', '07C', '11H')",11.075000000000001,0,283756.0
"('05S', '07C', '11S')",11.075000000000001,0,283756.0
"('05S', '07D', '11C')",11.075000000000001,0,283756.0
"('05S', '07D', '11D')",11.075000000000001,0,283756.0
"('05S', '07D', '11H')",11.075000000000001,0,283756.0
"('05S', '07D', '11S')",11.075000000000001,0,283756.0
"('05S', '07H', '11C')",11.075000000000001,0,283756.0
"('05S', '07H', '11D')",11.075000000000001,0,283756.0
"('05S', '07H', '11H')",11.075000000000001,0,283756.0
"('05S', '07H', '11S')",11.075000000000001,0,283756.0
"('05S', '07S', '11C')",11.075000000000001,0,283756.0
"('05S', '07S', '11D')",11.075000000000001,0,283756.0
"('05S', '07S', '11H')",11.075000000000001,0,283756.0
"('05S', '07S', '11S')",11.075000000000001,0,283756.0
"('04C', '07C', '11C')",11.074,0,280860.0
"('04C', '07C', '11D')",11.074,0,280860.0
"('04C', '07C', '11H')",11.074,0,280860.0
"('04C', '07C', '11S')",11.074,0,280860.0
"('04C', '07D', '11C')",11.074,0,280860.0
"('04C', '07D', '11D')",11.074,0,280860.0
"('04C', '07D', '11H')",11.074,0,280860.0
"('04C', '07D', '11S')",11.074,0,280860.0
"('04C', '07H', '11C')",11.074,0,280860.0
"('04C', '07H', '11D')",11.074,0,280860.0
"('04C', '07H', '11H')",11.074,0,280860.0
"('04C', '07H', '11S')",11.074,0,280860.0
"('04C', '07S', '11C')",11.074,0,280860.0
"('04C', '07S', '11D')",11.074,0,280860.0
"('04C', '07S', '11H')",11.074,0,280860.0
"('04C', '07S', '11S')",11.074,0,280860.0
"('04D', '07C', '11C')",11.074,0,280860.0
"('04D', '07C', '11D')",11.074,0,280860.0
"('04D', '07C', '11H')",11.074,0,280860.0
"('04D', '07C', '11S')",11.074,0,280860.0
"('04D', '07D', '11C')",11.074,0,280860.0
"('04D', '07D', '11D')",11.074,0,280860.0
"('04D', '07D', '11H')",11.074,0,280860.0
"('04D', '07D', '11S')",11.074,0,280860.0
"('04D', '07H', '11C')",11.074,0,280860.0
"('04D', '07H', '11D')",11.074,0,280860.0
"('04D', '07H', '11H')",11.074,0,280860.0
"('04D', '07H', '11S')",11.074,0,280860.0
"('04D', '07S', '11C')",11.074,0,280860.0
"('04D', '07S', '11D')",11.074,0,280860.0
"('04D', '07S', '11H')",11.074,0,280860.0
"('04D', '07S', '11S')",11.074,0,280860.0
"('04H', '07C', '11C')",11.074,0,280860.0
"('04H', '07C', '11D')",11.074,0,280860.0
"('04H', '07C', '11H')",11.074,0,280860.0
"('04H', '07C', '11S')",11.074,0,280860.0
"('04H', '07D', '11C')",11.074,0,280860.0
"('04H', '07D', '11D')",11.074,0,280860.0
"('04H', '07D', '11H')",11.074,0,280860.0
"('04H', '07D', '11S')",11.074,0,280860.0
"('04H', '07H', '11C')",11.074,0,280860.0
"('04H', '07H', '11D')",11.074,0,280860.0
"('04H', '07H', '11H')",11.074,0,280860.0
"('04H', '07H', '11S')",11.074,0,280860.0
"('04H', '07S', '11C')",11.074,0,280860.0
"('04H', '07S', '11D')",11.074,0,280860.0
"('04H', '07S', '11H')",11.074,0,280860.0
"('04H', '07S', '11S')",11.074,0,280860.0
"('04S', '07C', '11C')",11.074,0,280860.0
"('04S', '07C', '11D')",11.074,0,280860.0
"('04S', '07C', '11H')",11.074,0,280860.0
"('04S', '07C', '11S')",11.074,0,280860.0
"('04S', '07D', '11C')",11.074,0,280860.0
"('04S', '07D', '11D')",11.074,0,280860.0
"('04S', '07D', '11H')",11.074,0,280860.0
"('04S', '07D', '11S')",11.074,0,280860.0
"('04S', '07H', '11C')",11.074,0,280860.0
"('04S', '07H', '11D')",11.074,0,280860.0
"('04S', '07H', '11H')",11.074,0,280860.0
"('04S', '07H', '11S')",11.074,0,280860.0
"('04S', '07S', '11C')",11.074,0,280860.0
"('04S', '07S', '11D')",11.074,0,280860.0
"('04S', '07S', '11H')",11.074,0,280860.0
"('04S', '07S', '11S')",11.074,0,280860.0
"('03C', '07C', '11C')",11.073,0,277964.0
"('03C', '07C', '11D')",11.073,0,277964.0
"('03C', '07C', '11H')",11.073,0,277964.0
"('03C', '07C', '11S')",11.073,0,277964.0
"('03C', '07D', '11C')",11.073,0,277964.0
"('03C', '07D', '11D')",11.073,0,277964.0
"('03C', '07D', '11H')",11.073,0,277964.0
"('03C', '07D', '11S')",11.073,0,277964.0
"('03C', '07H', '11C')",11.073,0,277964.0
"('03C', '07H', '11D')",11.073,0,277964.0
"('03C', '07H', '11H')",11.073,0,277964.0
"('03C', '07H', '11S')",11.073,0,277964.0
"('03C', '07S', '11C')",11.073,0,277964.0
"('03C', '07S', '11D')",11.073,0,277964.0
"('03C', '07S', '11H')",11.073,0,277964.0
"('03C', '07S', '11S')",11.073,0,277964.0
"('03D', '07C', '11C')",11.073,0,277964.0
"('03D', '07C', '11D')",11.073,0,277964.0
"('03D', '07C', '11H')",11.073,0,277964.0
"('03D', '07C', '11S')",11.073,0,277964.0
"('03D', '07D', '11C')",11.073,0,277964.0
"('03D', '07D', '11D')",11.073,0,277964.0
"('03D', '07D', '11H')",11.073,0,277964.0
"('03D', '07D', '11S')",11.073,0,277964.0
"('03D', '07H', '11C')",11.073,0,277964.0
"('03D', '07H', '11D')",11.073,0,277964.0
"('03D', '07H', '11H')",11.073,0,277964.0
"('03D', '07H', '11S')",11.073,0,277964.0
"('03D', '07S', '11C')",11.073,0,277964.0
"('03D', '07S', '11D')",11.073,0,277964.0
"('03D', '07S', '11H')",11.073,0,277964.0
"('03D', '07S', '11S')",11.073,0,277964.0
"('03H', '07C', '11C')",11.073,0,277964.0
"('03H', '07C', '11D')",11.073,0,277964.0
"('03H', '07C', '11H')",11.073,0,277964.0
"('03H', '07C', '11S')",11.073,0,277964.0
"('03H', '07D', '11C')",11.073,0,277964.0
"('03H', '07D', '11D')",11.073,0,277964.0
"('03H', '07D', '11H')",11.073,0,277964.0
"('03H', '07D', '11S')",11.073,0,277964.0
"('03H', '07H', '11C')",11.073,0,277964.0
"('03H', '07H', '11D')",11.073,0,277964.0
"('03H', '07H', '11H')",11.073,0,277964.0
"('03H', '07H', '11S')",11.073,0,277964.0
"('03H', '07S', '11C')",11.073,0,277964.0
"('03H', '07S', '11D')",11.073,0,277964.0
"('03H', '07S', '11H')",11.073,0,277964.0
"('03H', '07S', '11S')",11.073,0,277964.0
"('03S', '07C', '11C')",11.073,0,277964.0
"('03S', '07C', '11D')",11.073,0,277964.0
"('03S', '07C', '11H')",11.073,0,277964.0
"('03S', '07C', '11S')",11.073,0,277964.0
"('03S', '07D', '11C')",11.073,0,277964.0
"('03S', '07D', '11D')",11.073,0,277964.0
"('03S', '07D', '11H')",11.073,0,277964.0
"('03S', '07D', '11S')",11.073,0,277964.0
"('03S', '07H', '11C')",11.073,0,277964.0
"('03S', '07H', '11D')",11.073,0,277964.0
"('03S', '07H', '11H')",11.073,0,277964.0
"('03S', '07H', '11S')",11.073,0,277964.0
"('03S', '07S', '11C')",11.073,0,277964.0
"('03S', '07S', '11D')",11.073,0,277964.0
"('03S', '07S', '11H')",11.073,0,277964.0
"('03S', '07S', '11S')",11.073,0,277964.0
"('02C', '07C', '11C')",11.072000000000001,0,275068.0
"('02C', '07C', '11D')",11.072000000000001,0,275068.0
"('02C', '07C', '11H')",11.072000000000001,0,275068.0
"('02C', '07C', '11S')",11.072000000000001,0,275068.0
"('02C', '07D', '11C')",11.072000000000001,0,275068.0
"('02C', '07D', '11D')",11.072000000000001,0,275068.0
"('02C', '07D', '11H')",11.072000000000001,0,275068.0
"('02C', '07D', '11S')",11.072000000000001,0,275068.0
"('02C', '07H', '11C')",11.072000000000001,0,275068.0
"('02C', '07H', '11D')",11.072000000000001,0,275068.0
"('02C', '07H', '11H')",11.072000000000001,0,275068.0
"('02C', '07H', '11S')",11.072000000000001,0,275068.0
"('02C', '07S', '11C')",11.072000000000001,0,275068.0
"('02C', '07S', '11D')",11.072000000000001,0,275068.0
"('02C', '07S', '11H')",11.072000000000001,0,275068.0
"('02C', '07S', '11S')",11.072000000000001,0,275068.0
"('02D', '07C', '11C')",11.072000000000001,0,275068.0
"('02D', '07C', '11D')",11.072000000000001,0,275068.0
"('02D', '07C', '11H')",11.072000000000001,0,275068.0
"('02D', '07C', '11S')",11.072000000000001,0,275068.0
"('02D', '07D', '11C')",11.072000000000001,0,275068.0
"('02D', '07D', '11D')",11.072000000000001,0,275068.0
"('02D', '07D', '11H')",11.072000000000001,0,275068.0
"('02D', '07D', '11S')",11.072000000000001,0,275068.0
"('02D', '07H', '11C')",11.072000000000001,0,275068.0
"('02D', '07H', '11D')",11.072000000000001,0,275068.0
"('02D', '07H', '11H')",11.072000000000001,0,275068.0
"('02D', '07H', '11S')",11.072000000000001,0,275068.0
"('02D', '07S', '11C')",11.072000000000001,0,275068.0
"('02D', '07S', '11D')",11.072000000000001,0,275068.0
"('02D', '07S', '11H')",11.072000000000001,0,275068.0
"('02D', '07S', '11S')",11.072000000000001,0,275068.0
"('02H', '07C', '11C')",11.072000000000001,0,275068.0
"('02H', '07C', '11D')",11.072000000000001,0,275068.0
"('02H', '07C', '11H')",11.072000000000001,0,275068.0
"('02H', '07C', '11S')",11.072000000000001,0,275068.0
"('02H', '07D', '11C')",11.072000000000001,0,275068.0
"('02H', '07D', '11D')",11.072000000000001,0,275068.0
"('02H', '07D', '11H')",11.072000000000001,0,275068.0
"('02H', '07D', '11S')",11.072000000000001,0,275068.0
"('02H', '07H', '11C')",11.072000000000001,0,275068.0
"('02H', '07H', '11D')",11.072000000000001,0,275068.0
"('02H', '07H', '11H')",11.072000000000001,0,275068.0
"('02H', '07H', '11S')",11.072000000000001,0,275068.0
"('02H', '07S', '11C')",11.072000000000001,0,275068.0
"('02H', '07S', '11D')",11.072000000000001,0,275068.0
"('02H', '07S', '11H')",11.072000000000001,0,275068.0
"('02H', '07S', '11S')",11.072000000000001,0,275068.0
"('02S', '07C', '11C')",11.072000000000001,0,275068.0
"('02S', '07C', '11D')",11.072000000000001,0,275068.0
"('02S', '07C', '11H')",11.072000000000001,0,275068.0
"('02S', '07C', '11S')",11.072000000000001,0,275068.0
"('02S', '07D', '11C')",11.072000000000001,0,275068.0
"('02S', '07D', '11D')",11.072000000000001,0,275068.0
"('02S', '07D', '11H')",11.072000000000001,0,275068.0
"('02S', '07D', '11S')",11.072000000000001,0,275068.0
"('02S', '07H', '11C')",11.072000000000001,0,275068.0
"('02S', '07H', '11D')",11.072000000000001,0,275068.0
"('02S', '07H', '11H')",11.072000000000001,0,275068.0
"('02S', '07H', '11S')",11.072000000000001,0,275068.0
"('02S', '07S', '11C')",11.072000000000001,0,275068.0
"('02S', '07S', '11D')",11.072000000000001,0,275068.0
"('02S', '07S', '11H')",11.072000000000001,0,275068.0
"('02S', '07S', '11S')",11.072000000000001,0,275068.0
"('05C', '06C', '11C')",11.065000000000001,0,272172.0
"('05C', '06C', '11D')",11.065000000000001,0,272172.0
"('05C', '06C', '11H')",11.065000000000001,0,272172.0
"('05C', '06C', '11S')",11.065000000000001,0,272172.0
"('05C', '06D', '11C')",11.065000000000001,0,272172.0
"('05C', '06D', '11D')",11.065000000000001,0,272172.0
"('05C', '06D', '11H')",11.065000000000001,0,272172.0
"('05C', '06D', '11S')",11.065000000000001,0,272172.0
"('05C', '06H', '11C')",11.065000000000001,0,272172.0
"('05C', '06H', '11D')",11.065000000000001,0,272172.0
"('05C', '06H', '11H')",11.065000000000001,0,272172.0
"('05C', '06H', '11S')",11.065000000000001,0,272172.0
"('05C', '06S', '11C')",11.065000000000001,0,272172.0
"('05C', '06S', '11D')",11.065000000000001,0,272172.0
"('05C', '06S', '11H')",11.065000000000001,0,272172.0
"('05C', '06S', '11S')",11.065000000000001,0,272172.0
"('05D', '06C', '11C')",11.065000000000001,0,272172.0
"('05D', '06C', '11D')",11.065000000000001,0,272172.0
"('05D', '06C', '11H')",11.065000000000001,0,272172.0
"('05D', '06C', '11S')",11.065000000000001,0,272172.0
"('05D', '06D', '11C')",11.065000000000001,0,272172.0
"('05D', '06D', '11D')",11.065000000000001,0,272172.0
"('05D', '06D', '11H')",11.065000000000001,0,272172.0
"('05D', '06D', '11S')",11.065000000000001,0,272172.0
"('05D', '06H', '11C')",11.065000000000001,0,272172.0
"('05D', '06H', '11D')",11.065000000000001,0,272172.0
"('05D', '06H', '11H')",11.065000000000001,0,272172.0
"('05D', '06H', '11S')",11.065000000000001,0,272172.0
"('05D', '06S', '11C')",11.065000000000001,0,272172.0
"('05D', '06S', '11D')",11.065000000000001,0,272172.0
"('05D', '06S', '11H')",11.065000000000001,0,272172.0
"('05D', '06S', '11S')",11.065000000000001,0,272172.0
"('05H', '06C', '11C')",11.065000000000001,0,272172.0
"('05H', '06C', '11D')",11.065000000000001,0,272172.0
"('05H', '06C', '11H')",11.065000000000001,0,272172.0
"('05H', '06C', '11S')",11.065000000000001,0,272172.0
"('05H', '06D', '11C')",11.065000000000001,0,272172.0
"('05H', '06D', '11D')",11.065000000000001,0,272172.0
"('05H', '06D', '11H')",11.065000000000001,0,272172.0
"('05H', '06D', '11S')",11.065000000000001,0,272172.0
"('05H', '06H', '11C')",11.065000000000001,0,272172.0
"('05H', '06H', '11D')",11.065000000000001,0,272172.0
"('05H', '06H', '11H')",11.065000000000001,0,272172.0
"('05H', '06H', '11S')",11.065000000000001,0,272172.0
"('05H', '06S', '11C')",11.065000000000001,0,272172.0
"('05H', '06S', '11D')",11.065000000000001,0,272172.0
"('05H', '06S', '11H')",11.065000000000001,0,272172.0
"('05H', '06S', '11S')",11.065000000000001,0,272172.0
"('05S', '06C', '11C')",11.065000000000001,0,272172.0
"('05S', '06C', '11D')",11.065000000000001,0,272172.0
"('05S', '06C', '11H')",11.065000000000001,0,272172.0
"('05S', '06C', '11S')",11.065000000000001,0,272172.0
"('05S', '06D', '11C')",11.065000000000001,0,272172.0
"('05S', '06D', '11D')",11.065000000000001,0,272172.0
"('05S', '06D', '11H')",11.065000000000001,0,272172.0
"('05S', '06D', '11S')",11.065000000000001,0,272172.0
"('05S', '06H', '11C')",11.065000000000001,0,272172.0
"('05S', '06H', '11D')",11.065000000000001,0,272172.0
"('05S', '06H', '11H')",11.065000000000001,0,272172.0
"('05S', '06H', '11S')",11.065000000000001,0,272172.0
"('05S', '06S', '11C')",11.065000000000001,0,272172.0
"('05S', '06S', '11D')",11.065000000000001,0,272172.0
"('05S', '06S', '11H')",11.065000000000001,0,272172.0
"('05S', '06S', '11S')",11.065000000000001,0,272172.0
"('04C', '06C', '11C')",11.064,0,269276.0
"('04C', '06C', '11D')",11.064,0,269276.0
"('04C', '06C', '11H')",11.064,0,269276.0
"('04C', '06C', '11S')",11.064,0,269276.0
"('04C', '06D', '11C')",11.064,0,269276.0
"('04C', '06D', '11D')",11.064,0,269276.0
"('04C', '06D', '11H')",11.064,0,269276.0
"('04C', '06D', '11S')",11.064,0,269276.0
"('04C', '06H', '11C')",11.064,0,269276.0
"('04C', '06H', '11D')",11.064,0,269276.0
"('04C', '06H', '11H')",11.064,0,269276.0
"('04C', '06H', '11S')",11.064,0,269276.0
"('04C', '06S', '11C')",11.064,0,269276.0
"('04C', '06S', '11D')",11.064,0,269276.0
"('04C', '06S', '11H')",11.064,0,269276.0
"('04C', '06S', '11S')",11.064,0,269276.0
"('04D', '06C', '11C')",11.064,0,269276.0
"('04D', '06C', '11D')",11.064,0,269276.0
"('04D', '06C', '11H')",11.064,0,269276.0
"('04D', '06C', '11S')",11.064,0,269276.0
"('04D', '06D', '11C')",11.064,0,269276.0
"('04D', '06D', '11D')",11.064,0,269276.0
"('04D', '06D', '11H')",11.064,0,269276.0
"('04D', '06D', '11S')",11.064,0,269276.0
"('04D', '06H', '11C')",11.064,0,269276.0
"('04D', '06H', '11D')",11.064,0,269276.0
"('04D', '06H', '11H')",11.064,0,269276.0
"('04D', '06H', '11S')",11.064,0,269276.0
"('04D', '06S', '11C')",11.064,0,269276.0
"('04D', '06S', '11D')",11.064,0,269276.0
"('04D', '06S', '11H')",11.064,0,269276.0
"('04D', '06S', '11S')",11.064,0,269276.0
"('04H', '06C', '11C')",11.064,0,269276.0
"('04H', '06C', '11D')",11.064,0,269276.0
"('04H', '06C', '11H')",11.064,0,269276.0
"('04H', '06C', '11S')",11.064,0,269276.0
"('04H', '06D', '11C')",11.064,0,269276.0
"('04H', '06D', '11D')",11.064,0,269276.0
"('04H', '06D', '11H')",11.064,0,269276.0
"('04H', '06D', '11S')",11.064,0,269276.0
"('04H', '06H', '11C')",11.064,0,269276.0
"('04H', '06H', '11D')",11.064,0,269276.0
"('04H', '06H', '11H')",11.064,0,269276.0
"('04H', '06H', '11S')",11.064,0,269276.0
"('04H', '06S', '11C')",11.064,0,269276.0
"('04H', '06S', '11D')",11.064,0,269276.0
"('04H', '06S', '11H')",11.064,0,269276.0
"('04H', '06S', '11S')",11.064,0,269276.0
"('04S', '06C', '11C')",11.064,0,269276.0
"('04S', '06C', '11D')",11.064,0,269276.0
"('04S', '06C', '11H')",11.064,0,269276.0
"('04S', '06C', '11S')",11.064,0,269276.0
"('04S', '06D', '11C')",11.064,0,269276.0
"('04S', '06D', '11D')",11.064,0,269276.0
"('04S', '06D', '11H')",11.064,0,269276.0
"('04S', '06D', '11S')",11.064,0,269276.0
"('04S', '06H', '11C')",11.064,0,269276.0
"('04S', '06H', '11D')",11.064,0,269276.0
"('04S', '06H', '11H')",11.064,0,269276.0
"('04S', '06H', '11S')",11.064,0,269276.0
"('04S', '06S', '11C')",11.064,0,269276.0
"('04S', '06S', '11D')",11.064,0,269276.0
"('04S', '06S', '11H')",11.064,0,269276.0
"('04S', '06S', '11S')",11.064,0,269276.0
"('03C', '06C', '11C')",11.063,0,266380.0
"('03C', '06C', '11D')",11.063,0,266380.0
"('03C', '06C', '11H')",11.063,0,266380.0
"('03C', '06C', '11S')",11.063,0,266380.0
"('03C', '06D', '11C')",11.063,0,266380.0
"('03C', '06D', '11D')",11.063,0,266380.0
"('03C', '06D', '11H')",11.063,0,266380.0
"('03C', '06D', '11S')",11.063,0,266380.0
"('03C', '06H', '11C')",11.063,0,266380.0
"('03C', '06H', '11D')",11.063,0,266380.0
"('03C', '06H', '11H')",11.063,0,266380.0
"('03C', '06H', '11S')",11.063,0,266380.0
"('03C', '06S', '11C')",11.063,0,266380.0
"('03C', '06S', '11D')",11.063,0,266380.0
"('03C', '06S', '11H')",11.063,0,266380.0
"('03C', '06S', '11S')",11.063,0,266380.0
"('03D', '06C', '11C')",11.063,0,266380.0
"('03D', '06C', '11D')",11.063,0,266380.0
"('03D', '06C', '11H')",11.063,0,266380.0
"('03D', '06C', '11S')",11.063,0,266380.0
"('03D', '06D', '11C')",11.063,0,266380.0
"('03D', '06D', '11D')",11.063,0,266380.0
"('03D', '06D', '11H')",11.063,0,266380.0
"('03D', '06D', '11S')",11.063,0,266380.0
"('03D', '06H', '11C')",11.063,0,266380.0
"('03D', '06H', '11D')",11.063,0,266380.0
"('03D', '06H', '11H')",11.063,0,266380.0
"('03D', '06H', '11S')",11.063,0,266380.0
"('03D', '06S', '11C')",11.063,0,266380.0
"('03D', '06S', '11D')",11.063,0,266380.0
"('03D', '06S', '11H')",11.063,0,266380.0
"('03D', '06S', '11S')",11.063,0,266380.0
"('03H', '06C', '11C')",11.063,0,266380.0
"('03H', '06C', '11D')",11.063,0,266380.0
"('03H', '06C', '11H')",11.063,0,266380.0
"('03H', '06C', '11S')",11.063,0,266380.0
"('03H', '06D', '11C')",11.063,0,266380.0
"('03H', '06D', '11D')",11.063,0,266380.0
"('03H', '06D', '11H')",11.063,0,266380.0
"('03H', '06D', '11S')",11.063,0,266380.0
"('03H', '06H', '11C')",11.063,0,266380.0
"('03H', '06H', '11D')",11.063,0,266380.0
"('03H', '06H', '11H')",11.063,0,266380.0
"('03H', '06H', '11S')",11.063,0,266380.0
"('03H', '06S', '11C')",11.063,0,266380.0
"('03H', '06S', '11D')",11.063,0,266380.0
"('03H', '06S', '11H')",11.063,0,266380.0
"('03H', '06S', '11S')",11.063,0,266380.0
"('03S', '06C', '11C')",11.063,0,266380.0
"('03S', '06C', '11D')",11.063,0,266380.0
"('03S', '06C', '11H')",11.063,0,266380.0
"('03S', '06C', '11S')",11.063,0,266380.0
"('03S', '06D', '11C')",11.063,0,266380.0
"('03S', '06D', '11D')",11.063,0,266380.0
"('03S', '06D', '11H')",11.063,0,266380.0
"('03S', '06D', '11S')",11.063,0,266380.0
"('03S', '06H', '11C')",11.063,0,266380.0
"('03S', '06H', '11D')",11.063,0,266380.0
"('03S', '06H', '11H')",11.063,0,266380.0
"('03S', '06H', '11S')",11.063,0,266380.0
"('03S', '06S', '11C')",11.063,0,266380.0
"('03S', '06S', '11D')",11.063,0,266380.0
"('03S', '06S', '11H')",11.063,0,266380.0
"('03S', '06S', '11S')",11.063,0,266380.0
"('02C', '06C', '11C')",11.062000000000001,0,263484.0
"('02C', '06C', '11D')",11.062000000000001,0,263484.0
"('02C', '06C', '11H')",11.062000000000001,0,263484.0
"('02C', '06C', '11S')",11.062000000000001,0,263484.0
"('02C', '06D', '11C')",11.062000000000001,0,263484.0
"('02C', '06D', '11D')",11.062000000000001,0,263484.0
"('02C', '06D', '11H')",11.062000000000001,0,263484.0
"('02C', '06D', '11S')",11.062000000000001,0,263484.0
"('02C', '06H', '11C')",11.062000000000001,0,263484.0
"('02C', '06H', '11D')",11.062000000000001,0,263484.0
"('02C', '06H', '11H')",11.062000000000001,0,263484.0
"('02C', '06H', '11S')",11.062000000000001,0,263484.0
"('02C', '06S', '11C')",11.062000000000001,0,263484.0
"('02C', '06S', '11D')",11.062000000000001,0,263484.0
"('02C', '06S', '11H')",11.062000000000001,0,263484.0
"('02C', '06S', '11S')",11.062000000000001,0,263484.0
"('02D', '06C', '11C')",11.062000000000001,0,263484.0
"('02D', '06C', '11D')",11.062000000000001,0,263484.0
"('02D', '06C', '11H')",11.062000000000001,0,263484.0
"('02D', '06C', '11S')",11.062000000000001,0,263484.0
"('02D', '06D', '11C')",11.062000000000001,0,263484.0
"('02D', '06D', '11D')",11.062000000000001,0,263484.0
"('02D', '06D', '11H')",11.062000000000001,0,263484.0
"('02D', '06D', '11S')",11.062000000000001,0,263484.0
"('02D', '06H', '11C')",11.062000000000001,0,263484.0
"('02D', '06H', '11D')",11.062000000000001,0,263484.0
"('02D', '06H', '11H')",11.062000000000001,0,263484.0
"('02D', '06H', '11S')",11.062000000000001,0,263484.0
"('02D', '06S', '11C')",11.062000000000001,0,263484.0
"('02D', '06S', '11D')",11.062000000000001,0,263484.0
"('02D', '06S', '11H')",11.062000000000001,0,263484.0
"('02D', '06S', '11S')",11.062000000000001,0,263484.0
"('02H', '06C', '11C')",11.062000000000001,0,263484.0
"('02H', '06C', '11D')",11.062000000000001,0,263484.0
"('02H', '06C', '11H')",11.062000000000001,0,263484.0
"('02H', '06C', '11S')",11.062000000000001,0,263484.0
"('02H', '06D', '11C')",11.062000000000001,0,263484.0
"('02H', '06D', '11D')",11.062000000000001,0,263484.0
"('02H', '06D', '11H')",11.062000000000001,0,263484.0
"('02H', '06D', '11S')",11.062000000000001,0,263484.0
"('02H', '06H', '11C')",11.062000000000001,0,263484.0
"('02H', '06H', '11D')",11.062000000000001,0,263484.0
"('02H', '06H', '11H')",11.062000000000001,0,263484.0
"('02H', '06H', '11S')",11.062000000000001,0,263484.0
"('02H', '06S', '11C')",11.062000000000001,0,263484.0
"('02H', '06S', '11D')",11.062000000000001,0,263484.0
"('02H', '06S', '11H')",11.062000000000001,0,263484.0
"('02H', '06S', '11S')",11.062000000000001,0,263484.0
"('02S', '06C', '11C')",11.062000000000001,0,263484.0
"('02S', '06C', '11D')",11.062000000000001,0,263484.0
"('02S', '06C', '11H')",11.062000000000001,0,263484.0
"('02S', '06C', '11S')",11.062000000000001,0,263484.0
"('02S', '06D', '11C')",11.062000000000001,0,263484.0
"('02S', '06D', '11D')",11.062000000000001,0,263484.0
"('02S', '06D', '11H')",11.062000000000001,0,263484.0
"('02S', '06D', '11S')",11.062000000000001,0,263484.0
"('02S', '06H', '11C')",11.062000000000001,0,263484.0
"('02S', '06H', '11D')",11.062000000000001,0,263484.0
"('02S', '06H', '11H')",11.062000000000001,0,263484.0
"('02S', '06H', '11S')",11.062000000000001,0,263484.0
"('02S', '06S', '11C')",11.062000000000001,0,263484.0
"('02S', '06S', '11D')",11.062000000000001,0,263484.0
"('02S', '06S', '11H')",11.062000000000001,0,263484.0
"('02S', '06S', '11S')",11.062000000000001,0,263484.0
"('04C', '05C', '11C')",11.054,0,260588.0
"('04C', '05C', '11D')",11.054,0,260588.0
"('04C', '05C', '11H')",11.054,0,260588.0
"('04C', '05C', '11S')",11.054,0,260588.0
"('04C', '05D', '11C')",11.054,0,260588.0
"('04C', '05D', '11D')",11.054,0,260588.0
"('04C', '05D', '11H')",11.054,0,260588.0
"('04C', '05D', '11S')",11.054,0,260588.0
"('04C', '05H', '11C')",11.054,0,260588.0
"('04C', '05H', '11D')",11.054,0,260588.0
"('04C', '05H', '11H')",11.054,0,260588.0
"('04C', '05H', '11S')",11.054,0,260588.0
"('04C', '05S', '11C')",11.054,0,260588.0
"('04C', '05S', '11D')",11.054,0,260588.0
"('04C', '05S', '11H')",11.054,0,260588.0
"('04C', '05S', '11S')",11.054,0,260588.0
"('04D', '05C', '11C')",11.054,0,260588.0
"('04D', '05C', '11D')",11.054,0,260588.0
"('04D', '05C', '11H')",11.054,0,260588.0
"('04D', '05C', '11S')",11.054,0,260588.0
"('04D', '05D', '11C')",11.054,0,260588.0
"('04D', '05D', '11D')",11.054,0,260588.0
"('04D', '05D', '11H')",11.054,0,260588.0
"('04D', '05D', '11S')",11.054,0,260588.0
"('04D', '05H', '11C')",11.054,0,260588.0
"('04D', '05H', '11D')",11.054,0,260588.0
"('04D', '05H', '11H')",11.054,0,260588.0
"('04D', '05H', '11S')",11.054,0,260588.0
"('04D', '05S', '11C')",11.054,0,260588.0
"('04D', '05S', '11D')",11.054,0,260588.0
"('04D', '05S', '11H')",11.054,0,260588.0
"('04D', '05S', '11S')",11.054,0,260588.0
"('04H', '05C', '11C')",11.054,0,260588.0
"('04H', '05C', '11D')",11.054,0,260588.0
"('04H', '05C', '11H')",11.054,0,260588.0
"('04H', '05C', '11S')",11.054,0,260588.0
"('04H', '05D', '11C')",11.054,0,260588.0
"('04H', '05D', '11D')",11.054,0,260588.0
"('04H', '05D', '11H')",11.054,0,260588.0
"('04H', '05D', '11S')",11.054,0,260588.0
"('04H', '05H', '11C')",11.054,0,260588.0
"('04H', '05H', '11D')",11.054,0,260588.0
"('04H', '05H', '11H')",11.054,0,260588.0
"('04H', '05H', '11S')",11.054,0,260588.0
"('04H', '05S', '11C')",11.054,0,260588.0
"('04H', '05S', '11D')",11.054,0,260588.0
"('04H', '05S', '11H')",11.054,0,260588.0
"('04H', '05S', '11S')",11.054,0,260588.0
"('04S', '05C', '11C')",11.054,0,260588.0
"('04S', '05C', '11D')",11.054,0,260588.0
"('04S', '05C', '11H')",11.054,0,260588.0
"('04S', '05C', '11S')",11.054,0,260588.0
"('04S', '05D', '11C')",11.054,0,260588.0
"('04S', '05D', '11D')",11.054,0,260588.0
"('04S', '05D', '11H')",11.054,0,260588.0
"('04S', '05D', '11S')",11.054,0,260588.0
"('04S', '05H', '11C')",11.054,0,260588.0
"('04S', '05H', '11D')",11.054,0,260588.0
"('04S', '05H', '11H')",11.054,0,260588.0
"('04S', '05H', '11S')",11.054,0,260588.0
"('04S', '05S', '11C')",11.054,0,260588.0
"('04S', '05S', '11D')",11.054,0,260588.0
"('04S', '05S', '11H')",11.054,0,260588.0
"('04S', '05S', '11S')",11.054,0,260588.0
"('03C', '05C', '11C')",11.053,0,257692.0
"('03C', '05C', '11D')",11.053,0,257692.0
"('03C', '05C', '11H')",11.053,0,257692.0
"('03C', '05C', '11S')",11.053,0,257692.0
"('03C', '05D', '11C')",11.053,0,257692.0
"('03C', '05D', '11D')",11.053,0,257692.0
"('03C', '05D', '11H')",11.053,0,257692.0
"('03C', '05D', '11S')",11.053,0,257692.0
"('03C', '05H', '11C')",11.053,0,257692.0
"('03C', '05H', '11D')",11.053,0,257692.0
"('03C', '05H', '11H')",11.053,0,257692.0
"('03C', '05H', '11S')",11.053,0,257692.0
"('03C', '05S', '11C')",11.053,0,257692.0
"('03C', '05S', '11D')",11.053,0,257692.0
"('03C', '05S', '11H')",11.053,0,257692.0
"('03C', '05S', '11S')",11.053,0,257692.0
"('03D', '05C', '11C')",11.053,0,257692.0
"('03D', '05C', '11D')",11.053,0,257692.0
"('03D', '05C', '11H')",11.053,0,257692.0
"('03D', '05C', '11S')",11.053,0,257692.0
"('03D', '05D', '11C')",11.053,0,257692.0
"('03D', '05D', '11D')",11.053,0,257692.0
"('03D', '05D', '11H')",11.053,0,257692.0
"('03D', '05D', '11S')",11.053,0,257692.0
"('03D', '05H', '11C')",11.053,0,257692.0
"('03D', '05H', '11D')",11.053,0,257692.0
"('03D', '05H', '11H')",11.053,0,257692.0
"('03D', '05H', '11S')",11.053,0,257692.0
"('03D', '05S', '11C')",11.053,0,257692.0
"('03D', '05S', '11D')",11.053,0,257692.0
"('03D', '05S', '11H')",11.053,0,257692.0
"('03D', '05S', '11S')",11.053,0,257692.0
"('03H', '05C', '11C')",11.053,0,257692.0
"('03H', '05C', '11D')",11.053,0,257692.0
"('03H', '05C', '11H')",11.053,0,257692.0
"('03H', '05C', '11S')",11.053,0,257692.0
"('03H', '05D', '11C')",11.053,0,257692.0
"('03H', '05D', '11D')",11.053,0,257692.0
"('03H', '05D', '11H')",11.053,0,257692.0
"('03H', '05D', '11S')",11.053,0,257692.0
"('03H', '05H', '11C')",11.053,0,257692.0
"('03H', '05H', '11D')",11.053,0,257692.0
"('03H', '05H', '11H')",11.053,0,257692.0
"('03H', '05H', '11S')",11.053,0,257692.0
"('03H', '05S', '11C')",11.053,0,257692.0
"('03H', '05S', '11D')",11.053,0,257692.0
"('03H', '05S', '11H')",11.053,0,257692.0
"('03H', '05S', '11S')",11.053,0,257692.0
"('03S', '05C', '11C')",11.053,0,257692.0
"('03S', '05C', '11D')",11.053,0,257692.0
"('03S', '05C', '11H')",11.053,0,257692.0
"('03S', '05C', '11S')",11.053,0,257692.0
"('03S', '05D', '11C')",11.053,0,257692.0
"('03S', '05D', '11D')",11.053,0,257692.0
"('03S', '05D', '11H')",11.053,0,257692.0
"('03S', '05D', '11S')",11.053,0,257692.0
"('03S', '05H', '11C')",11.053,0,257692.0
"('03S', '05H', '11D')",11.053,0,257692.0
"('03S', '05H', '11H')",11.053,0,257692.0
"('03S', '05H', '11S')",11.053,0,257692.0
"('03S', '05S', '11C')",11.053,0,257692.0
"('03S', '05S', '11D')",11.053,0,257692.0
"('03S', '05S', '11H')",11.053,0,257692.0
"('03S', '05S', '11S')",11.053,0,257692.0
"('02C', '05C', '11C')",11.052000000000001,0,254796.0
"('02C', '05C', '11D')",11.052000000000001,0,254796.0
"('02C', '05C', '11H')",11.052000000000001,0,254796.0
"('02C', '05C', '11S')",11.052000000000001,0,254796.0
"('02C', '05D', '11C')",11.052000000000001,0,254796.0
"('02C', '05D', '11D')",11.052000000000001,0,254796.0
"('02C', '05D', '11H')",11.052000000000001,0,254796.0
"('02C', '05D', '11S')",11.052000000000001,0,254796.0
"('02C', '05H', '11C')",11.052000000000001,0,254796.0
"('02C', '05H', '11D')",11.052000000000001,0,254796.0
"('02C', '05H', '11H')",11.052000000000001,0,254796.0
"('02C', '05H', '11S')",11.052000000000001,0,254796.0
"('02C', '05S', '11C')",11.052000000000001,0,254796.0
"('02C', '05S', '11D')",11.052000000000001,0,254796.0
"('02C', '05S', '11H')",11.052000000000001,0,254796.0
"('02C', '05S', '11S')",11.052000000000001,0,254796.0
"('02D', '05C', '11C')",11.052000000000001,0,254796.0
"('02D', '05C', '11D')",11.052000000000001,0,254796.0
"('02D', '05C', '11H')",11.052000000000001,0,254796.0
"('02D', '05C', '11S')",11.052000000000001,0,254796.0
"('02D', '05D', '11C')",11.052000000000001,0,254796.0
"('02D', '05D', '11D')",11.052000000000001,0,254796.0
"('02D', '05D', '11H')",11.052000000000001,0,254796.0
"('02D', '05D', '11S')",11.052000000000001,0,254796.0
"('02D', '05H', '11C')",11.052000000000001,0,254796.0
"('02D', '05H', '11D')",11.052000000000001,0,254796.0
"('02D', '05H', '11H')",11.052000000000001,0,254796.0
"('02D', '05H', '11S')",11.052000000000001,0,254796.0
"('02D', '05S', '11C')",11.052000000000001,0,254796.0
"('02D', '05S', '11D')",11.052000000000001,0,254796.0
"('02D', '05S', '11H')",11.052000000000001,0,254796.0
"('02D', '05S', '11S')",11.052000000000001,0,254796.0
"('02H', '05C', '11C')",11.052000000000001,0,254796.0
"('02H', '05C', '11D')",11.052000000000001,0,254796.0
"('02H', '05C', '11H')",11.052000000000001,0,254796.0
"('02H', '05C', '11S')",11.052000000000001,0,254796.0
"('02H', '05D', '11C')",11.052000000000001,0,254796.0
"('02H', '05D', '11D')",11.052000000000001,0,254796.0
"('02H', '05D', '11H')",11.052000000000001,0,254796.0
"('02H', '05D', '11S')",11.052000000000001,0,254796.0
"('02H', '05H', '11C')",11.052000000000001,0,254796.0
"('02H', '05H', '11D')",11.052000000000001,0,254796.0
"('02H', '05H', '11H')",11.052000000000001,0,254796.0
"('02H', '05H', '11S')",11.052000000000001,0,254796.0
"('02H', '05S', '11C')",11.052000000000001,0,254796.0
"('02H', '05S', '11D')",11.052000000000001,0,254796.0
"('02H', '05S', '11H')",11.052000000000001,0,254796.0
"('02H', '05S', '11S')",11.052000000000001,0,254796.0
"('02S', '05C', '11C')",11.052000000000001,0,254796.0
"('02S', '05C', '11D')",11.052000000000001,0,254796.0
"('02S', '05C', '11H')",11.052000000000001,0,254796.0
"('02S', '05C', '11S')",11.052000000000001,0,254796.0
"('02S', '05D', '11C')",11.052000000000001,0,254796.0
"('02S', '05D', '11D')",11.052000000000001,0,254796.0
"('02S', '05D', '11H')",11.052000000000001,0,254796.0
"('02S', '05D', '11S')",11.052000000000001,0,254796.0
"('02S', '05H', '11C')",11.052000000000001,0,254796.0
"('02S', '05H', '11D')",11.052000000000001,0,254796.0
"('02S', '05H', '11H')",11.052000000000001,0,254796.0
"('02S', '05H', '11S')",11.052000000000001,0,254796.0
"('02S', '05S', '11C')",11.052000000000001,0,254796.0
"('02S', '05S', '11D')",11.052000000000001,0,254796.0
"('02S', '05S', '11H')",11.052000000000001,0,254796.0
"('02S', '05S', '11S')",11.052000000000001,0,254796.0
"('03C', '04C', '11C')",11.043,0,251900.0
"('03C', '04C', '11D')",11.043,0,251900.0
"('03C', '04C', '11H')",11.043,0,251900.0
"('03C', '04C', '11S')",11.043,0,251900.0
"('03C', '04D', '11C')",11.043,0,251900.0
"('03C', '04D', '11D')",11.043,0,251900.0
"('03C', '04D', '11H')",11.043,0,251900.0
"('03C', '04D', '11S')",11.043,0,251900.0
"('03C', '04H', '11C')",11.043,0,251900.0
"('03C', '04H', '11D')",11.043,0,251900.0
"('03C', '04H', '11H')",11.043,0,251900.0
"('03C', '04H', '11S')",11.043,0,251900.0
"('03C', '04S', '11C')",11.043,0,251900.0
"('03C', '04S', '11D')",11.043,0,251900.0
"('03C', '04S', '11H')",11.043,0,251900.0
"('03C', '04S', '11S')",11.043,0,251900.0
"('03D', '04C', '11C')",11.043,0,251900.0
"('03D', '04C', '11D')",11.043,0,251900.0
"('03D', '04C', '11H')",11.043,0,251900.0
"('03D', '04C', '11S')",11.043,0,251900.0
"('03D', '04D', '11C')",11.043,0,251900.0
"('03D', '04D', '11D')",11.043,0,251900.0
"('03D', '04D', '11H')",11.043,0,251900.0
"('03D', '04D', '11S')",11.043,0,251900.0
"('03D', '04H', '11C')",11.043,0,251900.0
"('03D', '04H', '11D')",11.043,0,251900.0
"('03D', '04H', '11H')",11.043,0,251900.0
"('03D', '04H', '11S')",11.043,0,251900.0
"('03D', '04S', '11C')",11.043,0,251900.0
"('03D', '04S', '11D')",11.043,0,251900.0
"('03D', '04S', '11H')",11.043,0,251900.0
"('03D', '04S', '11S')",11.043,0,251900.0
"('03H', '04C', '11C')",11.043,0,251900.0
"('03H', '04C', '11D')",11.043,0,251900.0
"('03H', '04C', '11H')",11.043,0,251900.0
"('03H', '04C', '11S')",11.043,0,251900.0
"('03H', '04D', '11C')",11.043,0,251900.0
"('03H', '04D', '11D')",11.043,0,251900.0
"('03H', '04D', '11H')",11.043,0,251900.0
"('03H', '04D', '11S')",11.043,0,251900.0
"('03H', '04H', '11C')",11.043,0,251900.0
"('03H', '04H', '11D')",11.043,0,251900.0
"('03H', '04H', '11H')",11.043,0,251900.0
"('03H', '04H', '11S')",11.043,0,251900.0
"('03H', '04S', '11C')",11.043,0,251900.0
"('03H', '04S', '11D')",11.043,0,251900.0
"('03H', '04S', '11H')",11.043,0,251900.0
"('03H', '04S', '11S')",11.043,0,251900.0
"('03S', '04C', '11C')",11.043,0,251900.0
"('03S', '04C', '11D')",11.043,0,251900.0
"('03S', '04C', '11H')",11.043,0,251900.0
"('03S', '04C', '11S')",11.043,0,251900.0
"('03S', '04D', '11C')",11.043,0,251900.0
"('03S', '04D', '11D')",11.043,0,251900.0
"('03S', '04D', '11H')",11.043,0,251900.0
"('03S', '04D', '11S')",11.043,0,251900.0
"('03S', '04H', '11C')",11.043,0,251900.0
"('03S', '04H', '11D')",11.043,0,251900.0
"('03S', '04H', '11H')",11.043,0,251900.0
"('03S', '04H', '11S')",11.043,0,251900.0
"('03S', '04S', '11C')",11.043,0,251900.0
"('03S', '04S', '11D')",11.043,0,251900.0
"('03S', '04S', '11H')",11.043,0,251900.0
"('03S', '04S', '11S')",11.043,0,251900.0
"('02C', '04C', '11C')",11.042,0,249005.0
"('02C', '04C', '11D')",11.042,0,249005.0
"('02C', '04C', '11H')",11.042,0,249005.0
"('02C', '04C', '11S')",11.042,0,249005.0
"('02C', '04D', '11C')",11.042,0,249005.0
"('02C', '04D', '11D')",11.042,0,249005.0
"('02C', '04D', '11H')",11.042,0,249005.0
"('02C', '04D', '11S')",11.042,0,249005.0
"('02C', '04H', '11C')",11.042,0,249005.0
"('02C', '04H', '11D')",11.042,0,249005.0
"('02C', '04H', '11H')",11.042,0,249005.0
"('02C', '04H', '11S')",11.042,0,249005.0
"('02C', '04S', '11C')",11.042,0,249005.0
"('02C', '04S', '11D')",11.042,0,249005.0
"('02C', '04S', '11H')",11.042,0,249005.0
"('02C', '04S', '11S')",11.042,0,249005.0
"('02D', '04C', '11C')",11.042,0,249005.0
"('02D', '04C', '11D')",11.042,0,249005.0
"('02D', '04C', '11H')",11.042,0,249005.0
"('02D', '04C', '11S')",11.042,0,249005.0
"('02D', '04D', '11C')",11.042,0,249005.0
"('02D', '04D', '11D')",11.042,0,249005.0
"('02D', '04D', '11H')",11.042,0,249005.0
"('02D', '04D', '11S')",11.042,0,249005.0
"('02D', '04H', '11C')",11.042,0,249005.0
"('02D', '04H', '11D')",11.042,0,249005.0
"('02D', '04H', '11H')",11.042,0,249005.0
"('02D', '04H', '11S')",11.042,0,249005.0
"('02D', '04S', '11C')",11.042,0,249005.0
"('02D', '04S', '11D')",11.042,0,249005.0
"('02D', '04S', '11H')",11.042,0,249005.0
"('02D', '04S', '11S')",11.042,0,249005.0
"('02H', '04C', '11C')",11.042,0,249005.0
"('02H', '04C', '11D')",11.042,0,249005.0
"('02H', '04C', '11H')",11.042,0,249005.0
"('02H', '04C', '11S')",11.042,0,249005.0
"('02H', '04D', '11C')",11.042,0,249005.0
"('02H', '04D', '11D')",11.042,0,249005.0
"('02H', '04D', '11H')",11.042,0,249005.0
"('02H', '04D', '11S')",11.042,0,249005.0
"('02H', '04H', '11C')",11.042,0,249005.0
"('02H', '04H', '11D')",11.042,0,249005.0
"('02H', '04H', '11H')",11.042,0,249005.0
"('02H', '04H', '11S')",11.042,0,249005.0
"('02H', '04S', '11C')",11.042,0,249005.0
"('02H', '04S', '11D')",11.042,0,249005.0
"('02H', '04S', '11H')",11.042,0,249005.0
"('02H', '04S', '11S')",11.042,0,249005.0
"('02S', '04C', '11C')",11.042,0,249005.0
"('02S', '04C', '11D')",11.042,0,249005.0
"('02S', '04C', '11H')",11.042,0,249005.0
"('02S', '04C', '11S')",11.042,0,249005.0
"('02S', '04D', '11C')",11.042,0,249005.0
"('02S', '04D', '11D')",11.042,0,249005.0
"('02S', '04D', '11H')",11.042,0,249005.0
"('02S', '04D', '11S')",11.042,0,249005.0
"('02S', '04H', '11C')",11.042,0,249005.0
"('02S', '04H', '11D')",11.042,0,249005.0
"('02S', '04H', '11H')",11.042,0,249005.0
"('02S', '04H', '11S')",11.042,0,249005.0
"('02S', '04S', '11C')",11.042,0,249005.0
"('02S', '04S', '11D')",11.042,0,249005.0
"('02S', '04S', '11H')",11.042,0,249005.0
"('02S', '04S', '11S')",11.042,0,249005.0
"('02C', '03C', '11C')",11.032,0,246109.0
"('02C', '03C', '11D')",11.032,0,246109.0
"('02C', '03C', '11H')",11.032,0,246109.0
"('02C', '03C', '11S')",11.032,0,246109.0
"('02C', '03D', '11C')",11.032,0,246109.0
"('02C', '03D', '11D')",11.032,0,246109.0
"('02C', '03D', '11H')",11.032,0,246109.0
"('02C', '03D', '11S')",11.032,0,246109.0
"('02C', '03H', '11C')",11.032,0,246109.0
"('02C', '03H', '11D')",11.032,0,246109.0
"('02C', '03H', '11H')",11.032,0,246109.0
"('02C', '03H', '11S')",11.032,0,246109.0
"('02C', '03S', '11C')",11.032,0,246109.0
"('02C', '03S', '11D')",11.032,0,246109.0
"('02C', '03S', '11H')",11.032,0,246109.0
"('02C', '03S', '11S')",11.032,0,246109.0
"('02D', '03C', '11C')",11.032,0,246109.0
"('02D', '03C', '11D')",11.032,0,246109.0
"('02D', '03C', '11H')",11.032,0,246109.0
"('02D', '03C', '11S')",11.032,0,246109.0
"('02D', '03D', '11C')",11.032,0,246109.0
"('02D', '03D', '11D')",11.032,0,246109.0
"('02D', '03D', '11H')",11.032,0,246109.0
"('02D', '03D', '11S')",11.032,0,246109.0
"('02D', '03H', '11C')",11.032,0,246109.0
"('02D', '03H', '11D')",11.032,0,246109.0
"('02D', '03H', '11H')",11.032,0,246109.0
"('02D', '03H', '11S')",11.032,0,246109.0
"('02D', '03S', '11C')",11.032,0,246109.0
"('02D', '03S', '11D')",11.032,0,246109.0
"('02D', '03S', '11H')",11.032,0,246109.0
"('02D', '03S', '11S')",11.032,0,246109.0
"('02H', '03C', '11C')",11.032,0,246109.0
"('02H', '03C', '11D')",11.032,0,246109.0
"('02H', '03C', '11H')",11.032,0,246109.0
"('02H', '03C', '11S')",11.032,0,246109.0
"('02H', '03D', '11C')",11.032,0,246109.0
"('02H', '03D', '11D')",11.032,0,246109.0
"('02H', '03D', '11H')",11.032,0,246109.0
"('02H', '03D', '11S')",11.032,0,246109.0
"('02H', '03H', '11C')",11.032,0,246109.0
"('02H', '03H', '11D')",11.032,0,246109.0
"('02H', '03H', '11H')",11.032,0,246109.0
"('02H', '03H', '11S')",11.032,0,246109.0
"('02H', '03S', '11C')",11.032,0,246109.0
"('02H', '03S', '11D')",11.032,0,246109.0
"('02H', '03S', '11H')",11.032,0,246109.0
"('02H', '03S', '11S')",11.032,0,246109.0
"('02S', '03C', '11C')",11.032,0,246109.0
"('02S', '03C', '11D')",11.032,0,246109.0
"('02S', '03C', '11H')",11.032,0,246109.0
"('02S', '03C', '11S')",11.032,0,246109.0
"('02S', '03D', '11C')",11.032,0,246109.0
"('02S', '03D', '11D')",11.032,0,246109.0
"('02S', '03D', '11H')",11.032,0,246109.0
"('02S', '03D', '11S')",11.032,0,246109.0
"('02S', '03H', '11C')",11.032,0,246109.0
"('02S', '03H', '11D')",11.032,0,246109.0
"('02S', '03H', '11H')",11.032,0,246109.0
"('02S', '03H', '11S')",11.032,0,246109.0
"('02S', '03S', '11C')",11.032,0,246109.0
"('02S', '03S', '11D')",11.032,0,246109.0
"('02S', '03S', '11H')",11.032,0,246109.0
"('02S', '03S', '11S')",11.032,0,246109.0
"('08C', '09C', '10C')",10.097999999999999,4,243213.0
"('08C', '09C', '10D')",10.097999999999999,4,243213.0
"('08C', '09C', '10H')",10.097999999999999,4,243213.0
"('08C', '09C', '10S')",10.097999999999999,4,243213.0
"('08C', '09D', '10C')",10.097999999999999,4,243213.0
"('08C', '09D', '10D')",10.097999999999999,4,243213.0
"('08C', '09D', '10H')",10.097999999999999,4,243213.0
"('08C', '09D', '10S')",10.097999999999999,4,243213.0
"('08C', '09H', '10C')",10.097999999999999,4,243213.0
"('08C', '09H', '10D')",10.097999999999999,4,243213.0
"('08C', '09H', '10H')",10.097999999999999,4,243213.0
"('08C', '09H', '10S')",10.097999999999999,4,243213.0
"('08C', '09S', '10C')",10.097999999999999,4,243213.0
"('08C', '09S', '10D')",10.097999999999999,4,243213.0
"('08C', '09S', '10H')",10.097999999999999,4,243213.0
"('08C', '09S', '10S')",10.097999999999999,4,243213.0
"('08D', '09C', '10C')",10.097999999999999,4,243213.0
"('08D', '09C', '10D')",10.097999999999999,4,243213.0
"('08D', '09C', '10H')",10.097999999999999,4,243213.0
"('08D', '09C', '10S')",10.097999999999999,4,243213.0
"('08D', '09D', '10C')",10.097999999999999,4,243213.0
"('08D', '09D', '10D')",10.097999999999999,4,243213.0
"('08D', '09D', '10H')",10.097999999999999,4,243213.0
"('08D', '09D', '10S')",10.097999999999999,4,243213.0
"('08D', '09H', '10C')",10.097999999999999,4,243213.0
"('08D', '09H', '10D')",10.097999999999999,4,243213.0
"('08D', '09H', '10H')",10.097999999999999,4,243213.0
"('08D', '09H', '10S')",10.097999999999999,4,243213.0
"('08D', '09S', '10C')",10.097999999999999,4,243213.0
"('08D', '09S', '10D')",10.097999999999999,4,243213.0
"('08D', '09S', '10H')",10.097999999999999,4,243213.0
"('08D', '09S', '10S')",10.097999999999999,4,243213.0
"('08H', '09C', '10C')",10.097999999999999,4,243213.0
"('08H', '09C', '10D')",10.097999999999999,4,243213.0
"('08H', '09C', '10H')",10.097999999999999,4,243213.0
"('08H', '09C', '10S')",10.097999999999999,4,243213.0
"('08H', '09D', '10C')",10.097999999999999,4,243213.0
"('08H', '09D', '10D')",10.097999999999999,4,243213.0
"('08H', '09D', '10H')",10.097999999999999,4,243213.0
"('08H', '09D', '10S')",10.097999999999999,4,243213.0
"('08H', '09H', '10C')",10.097999999999999,4,243213.0
"('08H', '09H', '10D')",10.097999999999999,4,243213.0
"('08H', '09H', '10H')",10.097999999999999,4,243213.0
"('08H', '09H', '10S')",10.097999999999999,4,243213.0
"('08H', '09S', '10C')",10.097999999999999,4,243213.0
"('08H', '09S', '10D')",10.097999999999999,4,243213.0
"('08H', '09S', '10H')",10.097999999999999,4,243213.0
"('08H', '09S', '10S')",10.097999999999999,4,243213.0
"('08S', '09C', '10C')",10.097999999999999,4,243213.0
"('08S', '09C', '10D')",10.097999999999999,4,243213.0
"('08S', '09C', '10H')",10.097999999999999,4,243213.0
"('08S', '09C', '10S')",10.097999999999999,4,243213.0
"('08S', '09D', '10C')",10.097999999999999,4,243213.0
"('08S', '09D', '10D')",10.097999999999999,4,243213.0
"('08S', '09D', '10H')",10.097999999999999,4,243213.0
"('08S', '09D', '10S')",10.097999999999999,4,243213.0
"('08S', '09H', '10C')",10.097999999999999,4,243213.0
"('08S', '09H', '10D')",10.097999999999999,4,243213.0
"('08S', '09H', '10H')",10.097999999999999,4,243213.0
"('08S', '09H', '10S')",10.097999999999999,4,243213.0
"('08S', '09S', '10C')",10.097999999999999,4,243213.0
"('08S', '09S', '10D')",10.097999999999999,4,243213.0
"('08S', '09S', '10H')",10.097999999999999,4,243213.0
"('08S', '09S', '10S')",10.097999999999999,4,243213.0
"('07C', '09C', '10C')",10.097,0,240317.0
"('07C', '09C', '10D')",10.097,0,240317.0
"('07C', '09C', '10H')",10.097,0,240317.0
"('07C', '09C', '10S')",10.097,0,240317.0
"('07C', '09D', '10C')",10.097,0,240317.0
"('07C', '09D', '10D')",10.097,0,240317.0
"('07C', '09D', '10H')",10.097,0,240317.0
"('07C', '09D', '10S')",10.097,0,240317.0
"('07C', '09H', '10C')",10.097,0,240317.0
"('07C', '09H', '10D')",10.097,0,240317.0
"('07C', '09H', '10H')",10.097,0,240317.0
"('07C', '09H', '10S')",10.097,0,240317.0
"('07C', '09S', '10C')",10.097,0,240317.0
"('07C', '09S', '10D')",10.097,0,240317.0
"('07C', '09S', '10H')",10.097,0,240317.0
"('07C', '09S', '10S')",10.097,0,240317.0
"('07D', '09C', '10C')",10.097,0,240317.0
"('07D', '09C', '10D')",10.097,0,240317.0
"('07D', '09C', '10H')",10.097,0,240317.0
"('07D', '09C', '10S')",10.097,0,240317.0
"('07D', '09D', '10C')",10.097,0,240317.0
"('07D', '09D', '10D')",10.097,0,240317.0
"('07D', '09D', '10H')",10.097,0,240317.0
"('07D', '09D', '10S')",10.097,0,240317.0
"('07D', '09H', '10C')",10.097,0,240317.0
"('07D', '09H', '10D')",10.097,0,240317.0
"('07D', '09H', '10H')",10.097,0,240317.0
"('07D', '09H', '10S')",10.097,0,240317.0
"('07D', '09S', '10C')",10.097,0,240317.0
"('07D', '09S', '10D')",10.097,0,240317.0
"('07D', '09S', '10H')",10.097,0,240317.0
"('07D', '09S', '10S')",10.097,0,240317.0
"('07H', '09C', '10C')",10.097,0,240317.0
"('07H', '09C', '10D')",10.097,0,240317.0
"('07H', '09C', '10H')",10.097,0,240317.0
"('07H', '09C', '10S')",10.097,0,240317.0
"('07H', '09D', '10C')",10.097,0,240317.0
"('07H', '09D', '10D')",10.097,0,240317.0
"('07H', '09D', '10H')",10.097,0,240317.0
"('07H', '09D', '10S')",10.097,0,240317.0
"('07H', '09H', '10C')",10.097,0,240317.0
"('07H', '09H', '10D')",10.097,0,240317.0
"('07H', '09H', '10H')",10.097,0,240317.0
"('07H', '09H', '10S')",10.097,0,240317.0
"('07H', '09S', '10C')",10.097,0,240317.0
"('07H', '09S', '10D')",10.097,0,240317.0
"('07H', '09S', '10H')",10.097,0,240317.0
"('07H', '09S', '10S')",10.097,0,240317.0
"('07S', '09C', '10C')",10.097,0,240317.0
"('07S', '09C', '10D')",10.097,0,240317.0
"('07S', '09C', '10H')",10.097,0,240317.0
"('07S', '09C', '10S')",10.097,0,240317.0
"('07S', '09D', '10C')",10.097,0,240317.0
"('07S', '09D', '10D')",10.097,0,240317.0
"('07S', '09D', '10H')",10.097,0,240317.0
"('07S', '09D', '10S')",10.097,0,240317.0
"('07S', '09H', '10C')",10.097,0,240317.0
"('07S', '09H', '10D')",10.097,0,240317.0
"('07S', '09H', '10H')",10.097,0,240317.0
"('07S', '09H', '10S')",10.097,0,240317.0
"('07S', '09S', '10C')",10.097,0,240317.0
"('07S', '09S', '10D')",10.097,0,240317.0
"('07S', '09S', '10H')",10.097,0,240317.0
"('07S', '09S', '10S')",10.097,0,240317.0
"('06C', '09C', '10C')",10.096,0,237421.0
"('06C', '09C', '10D')",10.096,0,237421.0
"('06C', '09C', '10H')",10.096,0,237421.0
"('06C', '09C', '10S')",10.096,0,237421.0
"('06C', '09D', '10C')",10.096,0,237421.0
"('06C', '09D', '10D')",10.096,0,237421.0
"('06C', '09D', '10H')",10.096,0,237421.0
"('06C', '09D', '10S')",10.096,0,237421.0
"('06C', '09H', '10C')",10.096,0,237421.0
"('06C', '09H', '10D')",10.096,0,237421.0
"('06C', '09H', '10H')",10.096,0,237421.0
"('06C', '09H', '10S')",10.096,0,237421.0
"('06C', '09S', '10C')",10.096,0,237421.0
"('06C', '09S', '10D')",10.096,0,237421.0
"('06C', '09S', '10H')",10.096,0,237421.0
"('06C', '09S', '10S')",10.096,0,237421.0
"('06D', '09C', '10C')",10.096,0,237421.0
"('06D', '09C', '10D')",10.096,0,237421.0
"('06D', '09C', '10H')",10.096,0,237421.0
"('06D', '09C', '10S')",10.096,0,237421.0
"('06D', '09D', '10C')",10.096,0,237421.0
"('06D', '09D', '10D')",10.096,0,237421.0
"('06D', '09D', '10H')",10.096,0,237421.0
"('06D', '09D', '10S')",10.096,0,237421.0
"('06D', '09H', '10C')",10.096,0,237421.0
"('06D', '09H', '10D')",10.096,0,237421.0
"('06D', '09H', '10H')",10.096,0,237421.0
"('06D', '09H', '10S')",10.096,0,237421.0
"('06D', '09S', '10C')",10.096,0,237421.0
"('06D', '09S', '10D')",10.096,0,237421.0
"('06D', '09S', '10H')",10.096,0,237421.0
"('06D', '09S', '10S')",10.096,0,237421.0
"('06H', '09C', '10C')",10.096,0,237421.0
"('06H', '09C', '10D')",10.096,0,237421.0
"('06H', '09C', '10H')",10.096,0,237421.0
"('06H', '09C', '10S')",10.096,0,237421.0
"('06H', '09D', '10C')",10.096,0,237421.0
"('06H', '09D', '10D')",10.096,0,237421.0
"('06H', '09D', '10H')",10.096,0,237421.0
"('06H', '09D', '10S')",10.096,0,237421.0
"('06H', '09H', '10C')",10.096,0,237421.0
"('06H', '09H', '10D')",10.096,0,237421.0
"('06H', '09H', '10H')",10.096,0,237421.0
"('06H', '09H', '10S')",10.096,0,237421.0
"('06H', '09S', '10C')",10.096,0,237421.0
"('06H', '09S', '10D')",10.096,0,237421.0
"('06H', '09S', '10H')",10.096,0,237421.0
"('06H', '09S', '10S')",10.096,0,237421.0
"('06S', '09C', '10C')",10.096,0,237421.0
"('06S', '09C', '10D')",10.096,0,237421.0
"('06S', '09C', '10H')",10.096,0,237421.0
"('06S', '09C', '10S')",10.096,0,237421.0
"('06S', '09D', '10C')",10.096,0,237421.0
"('06S', '09D', '10D')",10.096,0,237421.0
"('06S', '09D', '10H')",10.096,0,237421.0
"('06S', '09D', '10S')",10.096,0,237421.0
"('06S', '09H', '10C')",10.096,0,237421.0
"('06S', '09H', '10D')",10.096,0,237421.0
"('06S', '09H', '10H')",10.096,0,237421.0
"('06S', '09H', '10S')",10.096,0,237421.0
"('06S', '09S', '10C')",10.096,0,237421.0
"('06S', '09S', '10D')",10.096,0,237421.0
"('06S', '09S', '10H')",10.096,0,237421.0
"('06S', '09S', '10S')",10.096,0,237421.0
"('05C', '09C', '10C')",10.095,0,234525.0
"('05C', '09C', '10D')",10.095,0,234525.0
"('05C', '09C', '10H')",10.095,0,234525.0
"('05C', '09C', '10S')",10.095,0,234525.0
"('05C', '09D', '10C')",10.095,0,234525.0
"('05C', '09D', '10D')",10.095,0,234525.0
"('05C', '09D', '10H')",10.095,0,234525.0
"('05C', '09D', '10S')",10.095,0,234525.0
"('05C', '09H', '10C')",10.095,0,234525.0
"('05C', '09H', '10D')",10.095,0,234525.0
"('05C', '09H', '10H')",10.095,0,234525.0
"('05C', '09H', '10S')",10.095,0,234525.0
"('05C', '09S', '10C')",10.095,0,234525.0
"('05C', '09S', '10D')",10.095,0,234525.0
"('05C', '09S', '10H')",10.095,0,234525.0
"('05C', '09S', '10S')",10.095,0,234525.0
"('05D', '09C', '10C')",10.095,0,234525.0
"('05D', '09C', '10D')",10.095,0,234525.0
"('05D', '09C', '10H')",10.095,0,234525.0
"('05D', '09C', '10S')",10.095,0,234525.0
"('05D', '09D', '10C')",10.095,0,234525.0
"('05D', '09D', '10D')",10.095,0,234525.0
"('05D', '09D', '10H')",10.095,0,234525.0
"('05D', '09D', '10S')",10.095,0,234525.0
"('05D', '09H', '10C')",10.095,0,234525.0
"('05D', '09H', '10D')",10.095,0,234525.0
"('05D', '09H', '10H')",10.095,0,234525.0
"('05D', '09H', '10S')",10.095,0,234525.0
"('05D', '09S', '10C')",10.095,0,234525.0
"('05D', '09S', '10D')",10.095,0,234525.0
"('05D', '09S', '10H')",10.095,0,234525.0
"('05D', '09S', '10S')",10.095,0,234525.0
"('05H', '09C', '10C')",10.095,0,234525.0
"('05H', '09C', '10D')",10.095,0,234525.0
"('05H', '09C', '10H')",10.095,0,234525.0
"('05H', '09C', '10S')",10.095,0,234525.0
"('05H', '09D', '10C')",10.095,0,234525.0
"('05H', '09D', '10D')",10.095,0,234525.0
"('05H', '09D', '10H')",10.095,0,234525.0
"('05H', '09D', '10S')",10.095,0,234525.0
"('05H', '09H', '10C')",10.095,0,234525.0
"('05H', '09H', '10D')",10.095,0,234525.0
"('05H', '09H', '10H')",10.095,0,234525.0
"('05H', '09H', '10S')",10.095,0,234525.0
"('05H', '09S', '10C')",10.095,0,234525.0
"('05H', '09S', '10D')",10.095,0,234525.0
"('05H', '09S', '10H')",10.095,0,234525.0
"('05H', '09S', '10S')",10.095,0,234525.0
"('05S', '09C', '10C')",10.095,0,234525.0
"('05S', '09C', '10D')",10.095,0,234525.0
"('05S', '09C', '10H')",10.095,0,234525.0
"('05S', '09C', '10S')",10.095,0,234525.0
"('05S', '09D', '10C')",10.095,0,234525.0
"('05S', '09D', '10D')",10.095,0,234525.0
"('05S', '09D', '10H')",10.095,0,234525.0
"('05S', '09D', '10S')",10.095,0,234525.0
"('05S', '09H', '10C')",10.095,0,234525.0
"('05S', '09H', '10D')",10.095,0,234525.0
"('05S', '09H', '10H')",10.095,0,234525.0
"('05S', '09H', '10S')",10.095,0,234525.0
"('05S', '09S', '10C')",10.095,0,234525.0
"('05S', '09S', '10D')",10.095,0,234525.0
"('05S', '09S', '10H')",10.095,0,234525.0
"('05S', '09S', '10S')",10.095,0,234525.0
"('04C', '09C', '10C')",10.094,0,231629.0
"('04C', '09C', '10D')",10.094,0,231629.0
"('04C', '09C', '10H')",10.094,0,231629.0
"('04C', '09C', '10S')",10.094,0,231629.0
"('04C', '09D', '10C')",10.094,0,231629.0
"('04C', '09D', '10D')",10.094,0,231629.0
"('04C', '09D', '10H')",10.094,0,231629.0
"('04C', '09D', '10S')",10.094,0,231629.0
"('04C', '09H', '10C')",10.094,0,231629.0
"('04C', '09H', '10D')",10.094,0,231629.0
"('04C', '09H', '10H')",10.094,0,231629.0
"('04C', '09H', '10S')",10.094,0,231629.0
"('04C', '09S', '10C')",10.094,0,231629.0
"('04C', '09S', '10D')",10.094,0,231629.0
"('04C', '09S', '10H')",10.094,0,231629.0
"('04C', '09S', '10S')",10.094,0,231629.0
"('04D', '09C', '10C')",10.094,0,231629.0
"('04D', '09C', '10D')",10.094,0,231629.0
"('04D', '09C', '10H')",10.094,0,231629.0
"('04D', '09C', '10S')",10.094,0,231629.0
"('04D', '09D', '10C')",10.094,0,231629.0
"('04D', '09D', '10D')",10.094,0,231629.0
"('04D', '09D', '10H')",10.094,0,231629.0
"('04D', '09D', '10S')",10.094,0,231629.0
"('04D', '09H', '10C')",10.094,0,231629.0
"('04D', '09H', '10D')",10.094,0,231629.0
"('04D', '09H', '10H')",10.094,0,231629.0
"('04D', '09H', '10S')",10.094,0,231629.0
"('04D', '09S', '10C')",10.094,0,231629.0
"('04D', '09S', '10D')",10.094,0,231629.0
"('04D', '09S', '10H')",10.094,0,231629.0
"('04D', '09S', '10S')",10.094,0,231629.0
"('04H', '09C', '10C')",10.094,0,231629.0
"('04H', '09C', '10D')",10.094,0,231629.0
"('04H', '09C', '10H')",10.094,0,231629.0
"('04H', '09C', '10S')",10.094,0,231629.0
"('04H', '09D', '10C')",10.094,0,231629.0
"('04H', '09D', '10D')",10.094,0,231629.0
"('04H', '09D', '10H')",10.094,0,231629.0
"('04H', '09D', '10S')",10.094,0,231629.0
"('04H', '09H', '10C')",10.094,0,231629.0
"('04H', '09H', '10D')",10.094,0,231629.0
"('04H', '09H', '10H')",10.094,0,231629.0
"('04H', '09H', '10S')",10.094,0,231629.0
"('04H', '09S', '10C')",10.094,0,231629.0
"('04H', '09S', '10D')",10.094,0,231629.0
"('04H', '09S', '10H')",10.094,0,231629.0
"('04H', '09S', '10S')",10.094,0,231629.0
"('04S', '09C', '10C')",10.094,0,231629.0
"('04S', '09C', '10D')",10.094,0,231629.0
"('04S', '09C', '10H')",10.094,0,231629.0
"('04S', '09C', '10S')",10.094,0,231629.0
"('04S', '09D', '10C')",10.094,0,231629.0
"('04S', '09D', '10D')",10.094,0,231629.0
"('04S', '09D', '10H')",10.094,0,231629.0
"('04S', '09D', '10S')",10.094,0,231629.0
"('04S', '09H', '10C')",10.094,0,231629.0
"('04S', '09H', '10D')",10.094,0,231629.0
"('04S', '09H', '10H')",10.094,0,231629.0
"('04S', '09H', '10S')",10.094,0,231629.0
"('04S', '09S', '10C')",10.094,0,231629.0
"('04S', '09S', '10D')",10.094,0,231629.0
"('04S', '09S', '10H')",10.094,0,231629.0
"('04S', '09S', '10S')",10.094,0,231629.0
"('03C', '09C', '10C')",10.093,0,228733.0
"('03C', '09C', '10D')",10.093,0,228733.0
"('03C', '09C', '10H')",10.093,0,228733.0
"('03C', '09C', '10S')",10.093,0,228733.0
"('03C', '09D', '10C')",10.093,0,228733.0
"('03C', '09D', '10D')",10.093,0,228733.0
"('03C', '09D', '10H')",10.093,0,228733.0
"('03C', '09D', '10S')",10.093,0,228733.0
"('03C', '09H', '10C')",10.093,0,228733.0
"('03C', '09H', '10D')",10.093,0,228733.0
"('03C', '09H', '10H')",10.093,0,228733.0
"('03C', '09H', '10S')",10.093,0,228733.0
"('03C', '09S', '10C')",10.093,0,228733.0
"('03C', '09S', '10D')",10.093,0,228733.0
"('03C', '09S', '10H')",10.093,0,228733.0
"('03C', '09S', '10S')",10.093,0,228733.0
"('03D', '09C', '10C')",10.093,0,228733.0
"('03D', '09C', '10D')",10.093,0,228733.0
"('03D', '09C', '10H')",10.093,0,228733.0
"('03D', '09C', '10S')",10.093,0,228733.0
"('03D', '09D', '10C')",10.093,0,228733.0
"('03D', '09D', '10D')",10.093,0,228733.0
"('03D', '09D', '10H')",10.093,0,228733.0
"('03D', '09D', '10S')",10.093,0,228733.0
"('03D', '09H', '10C')",10.093,0,228733.0
"('03D', '09H', '10D')",10.093,0,228733.0
"('03D', '09H', '10H')",10.093,0,228733.0
"('03D', '09H', '10S')",10.093,0,228733.0
"('03D', '09S', '10C')",10.093,0,228733.0
"('03D', '09S', '10D')",10.093,0,228733.0
"('03D', '09S', '10H')",10.093,0,228733.0
"('03D', '09S', '10S')",10.093,0,228733.0
"('03H', '09C', '10C')",10.093,0,228733.0
"('03H', '09C', '10D')",10.093,0,228733.0
"('03H', '09C', '10H')",10.093,0,228733.0
"('03H', '09C', '10S')",10.093,0,228733.0
"('03H', '09D', '10C')",10.093,0,228733.0
"('03H', '09D', '10D')",10.093,0,228733.0
"('03H', '09D', '10H')",10.093,0,228733.0
"('03H', '09D', '10S')",10.093,0,228733.0
"('03H', '09H', '10C')",10.093,0,228733.0
"('03H', '09H', '10D')",10.093,0,228733.0
"('03H', '09H', '10H')",10.093,0,228733.0
"('03H', '09H', '10S')",10.093,0,228733.0
"('03H', '09S', '10C')",10.093,0,228733.0
"('03H', '09S', '10D')",10.093,0,228733.0
"('03H', '09S', '10H')",10.093,0,228733.0
"('03H', '09S', '10S')",10.093,0,228733.0
"('03S', '09C', '10C')",10.093,0,228733.0
"('03S', '09C', '10D')",10.093,0,228733.0
"('03S', '09C', '10H')",10.093,0,228733.0
"('03S', '09C', '10S')",10.093,0,228733.0
"('03S', '09D', '10C')",10.093,0,228733.0
"('03S', '09D', '10D')",10.093,0,228733.0
"('03S', '09D', '10H')",10.093,0,228733.0
"('03S', '09D', '10S')",10.093,0,228733.0
"('03S', '09H', '10C')",10.093,0,228733.0
"('03S', '09H', '10D')",10.093,0,228733.0
"('03S', '09H', '10H')",10.093,0,228733.0
"('03S', '09H', '10S')",10.093,0,228733.0
"('03S', '09S', '10C')",10.093,0,228733.0
"('03S', '09S', '10D')",10.093,0,228733.0
"('03S', '09S', '10H')",10.093,0,228733.0
"('03S', '09S', '10S')",10.093,0,228733.0
"('02C', '09C', '10C')",10.092,0,225837.0
"('02C', '09C', '10D')",10.092,0,225837.0
"('02C', '09C', '10H')",10.092,0,225837.0
"('02C', '09C', '10S')",10.092,0,225837.0
"('02C', '09D', '10C')",10.092,0,225837.0
"('02C', '09D', '10D')",10.092,0,225837.0
"('02C', '09D', '10H')",10.092,0,225837.0
"('02C', '09D', '10S')",10.092,0,225837.0
"('02C', '09H', '10C')",10.092,0,225837.0
"('02C', '09H', '10D')",10.092,0,225837.0
"('02C', '09H', '10H')",10.092,0,225837.0
"('02C', '09H', '10S')",10.092,0,225837.0
"('02C', '09S', '10C')",10.092,0,225837.0
"('02C', '09S', '10D')",10.092,0,225837.0
"('02C', '09S', '10H')",10.092,0,225837.0
"('02C', '09S', '10S')",10.092,0,225837.0
"('02D', '09C', '10C')",10.092,0,225837.0
"('02D', '09C', '10D')",10.092,0,225837.0
"('02D', '09C', '10H')",10.092,0,225837.0
"('02D', '09C', '10S')",10.092,0,225837.0
"('02D', '09D', '10C')",10.092,0,225837.0
"('02D', '09D', '10D')",10.092,0,225837.0
"('02D', '09D', '10H')",10.092,0,225837.0
"('02D', '09D', '10S')",10.092,0,225837.0
"('02D', '09H', '10C')",10.092,0,225837.0
"('02D', '09H', '10D')",10.092,0,225837.0
"('02D', '09H', '10H')",10.092,0,225837.0
"('02D', '09H', '10S')",10.092,0,225837.0
"('02D', '09S', '10C')",10.092,0,225837.0
"('02D', '09S', '10D')",10.092,0,225837.0
"('02D', '09S', '10H')",10.092,0,225837.0
"('02D', '09S', '10S')",10.092,0,225837.0
"('02H', '09C', '10C')",10.092,0,225837.0
"('02H', '09C', '10D')",10.092,0,225837.0
"('02H', '09C', '10H')",10.092,0,225837.0
"('02H', '09C', '10S')",10.092,0,225837.0
"('02H', '09D', '10C')",10.092,0,225837.0
"('02H', '09D', '10D')",10.092,0,225837.0
"('02H', '09D', '10H')",10.092,0,225837.0
"('02H', '09D', '10S')",10.092,0,225837.0
"('02H', '09H', '10C')",10.092,0,225837.0
"('02H', '09H', '10D')",10.092,0,225837.0
"('02H', '09H', '10H')",10.092,0,225837.0
"('02H', '09H', '10S')",10.092,0,225837.0
"('02H', '09S', '10C')",10.092,0,225837.0
"('02H', '09S', '10D')",10.092,0,225837.0
"('02H', '09S', '10H')",10.092,0,225837.0
"('02H', '09S', '10S')",10.092,0,225837.0
"('02S', '09C', '10C')",10.092,0,225837.0
"('02S', '09C', '10D')",10.092,0,225837.0
"('02S', '09C', '10H')",10.092,0,225837.0
"('02S', '09C', '10S')",10.092,0,225837.0
"('02S', '09D', '10C')",10.092,0,225837.0
"('02S', '09D', '10D')",10.092,0,225837.0
"('02S', '09D', '10H')",10.092,0,225837.0
"('02S', '09D', '10S')",10.092,0,225837.0
"('02S', '09H', '10C')",10.092,0,225837.0
"('02S', '09H', '10D')",10.092,0,225837.0
"('02S', '09H', '10H')",10.092,0,225837.0
"('02S', '09H', '10S')",10.092,0,225837.0
"('02S', '09S', '10C')",10.092,0,225837.0
"('02S', '09S', '10D')",10.092,0,225837.0
"('02S', '09S', '10H')",10.092,0,225837.0
"('02S', '09S', '10S')",10.092,0,225837.0
"('07C', '08C', '10C')",10.087,0,222941.0
"('07C', '08C', '10D')",10.087,0,222941.0
"('07C', '08C', '10H')",10.087,0,222941.0
"('07C', '08C', '10S')",10.087,0,222941.0
"('07C', '08D', '10C')",10.087,0,222941.0
"('07C', '08D', '10D')",10.087,0,222941.0
"('07C', '08D', '10H')",10.087,0,222941.0
"('07C', '08D', '10S')",10.087,0,222941.0
"('07C', '08H', '10C')",10.087,0,222941.0
"('07C', '08H', '10D')",10.087,0,222941.0
"('07C', '08H', '10H')",10.087,0,222941.0
"('07C', '08H', '10S')",10.087,0,222941.0
"('07C', '08S', '10C')",10.087,0,222941.0
"('07C', '08S', '10D')",10.087,0,222941.0
"('07C', '08S', '10H')",10.087,0,222941.0
"('07C', '08S', '10S')",10.087,0,222941.0
"('07D', '08C', '10C')",10.087,0,222941.0
"('07D', '08C', '10D')",10.087,0,222941.0
"('07D', '08C', '10H')",10.087,0,222941.0
"('07D', '08C', '10S')",10.087,0,222941.0
"('07D', '08D', '10C')",10.087,0,222941.0
"('07D', '08D', '10D')",10.087,0,222941.0
"('07D', '08D', '10H')",10.087,0,222941.0
"('07D', '08D', '10S')",10.087,0,222941.0
"('07D', '08H', '10C')",10.087,0,222941.0
"('07D', '08H', '10D')",10.087,0,222941.0
"('07D', '08H', '10H')",10.087,0,222941.0
"('07D', '08H', '10S')",10.087,0,222941.0
"('07D', '08S', '10C')",10.087,0,222941.0
"('07D', '08S', '10D')",10.087,0,222941.0
"('07D', '08S', '10H')",10.087,0,222941.0
"('07D', '08S', '10S')",10.087,0,222941.0
"('07H', '08C', '10C')",10.087,0,222941.0
"('07H', '08C', '10D')",10.087,0,222941.0
"('07H', '08C', '10H')",10.087,0,222941.0
"('07H', '08C', '10S')",10.087,0,222941.0
"('07H', '08D', '10C')",10.087,0,222941.0
"('07H', '08D', '10D')",10.087,0,222941.0
"('07H', '08D', '10H')",10.087,0,222941.0
"('07H', '08D', '10S')",10.087,0,222941.0
"('07H', '08H', '10C')",10.087,0,222941.0
"('07H', '08H', '10D')",10.087,0,222941.0
"('07H', '08H', '10H')",10.087,0,222941.0
"('07H', '08H', '10S')",10.087,0,222941.0
"('07H', '08S', '10C')",10.087,0,222941.0
"('07H', '08S', '10D')",10.087,0,222941.0
"('07H', '08S', '10H')",10.087,0,222941.0
"('07H', '08S', '10S')",10.087,0,222941.0
"('07S', '08C', '10C')",10.087,0,222941.0
"('07S', '08C', '10D')",10.087,0,222941.0
"('07S', '08C', '10H')",10.087,0,222941.0
"('07S', '08C', '10S')",10.087,0,222941.0
"('07S', '08D', '10C')",10.087,0,222941.0
"('07S', '08D', '10D')",10.087,0,222941.0
"('07S', '08D', '10H')",10.087,0,222941.0
"('07S', '08D', '10S')",10.087,0,222941.0
"('07S', '08H', '10C')",10.087,0,222941.0
"('07S', '08H', '10D')",10.087,0,222941.0
"('07S', '08H', '10H')",10.087,0,222941.0
"('07S', '08H', '10S')",10.087,0,222941.0
"('07S', '08S', '10C')",10.087,0,222941.0
"('07S', '08S', '10D')",10.087,0,222941.0
"('07S', '08S', '10H')",10.087,0,222941.0
"('07S', '08S', '10S')",10.087,0,222941.0
"('06C', '08C', '10C')",10.086,0,220045.0
"('06C', '08C', '10D')",10.086,0,220045.0
"('06C', '08C', '10H')",10.086,0,220045.0
"('06C', '08C', '10S')",10.086,0,220045.0
"('06C', '08D', '10C')",10.086,0,220045.0
"('06C', '08D', '10D')",10.086,0,220045.0
"('06C', '08D', '10H')",10.086,0,220045.0
"('06C', '08D', '10S')",10.086,0,220045.0
"('06C', '08H', '10C')",10.086,0,220045.0
"('06C', '08H', '10D')",10.086,0,220045.0
"('06C', '08H', '10H')",10.086,0,220045.0
"('06C', '08H', '10S')",10.086,0,220045.0
"('06C', '08S', '10C')",10.086,0,220045.0
"('06C', '08S', '10D')",10.086,0,220045.0
"('06C', '08S', '10H')",10.086,0,220045.0
"('06C', '08S', '10S')",10.086,0,220045.0
"('06D', '08C', '10C')",10.086,0,220045.0
"('06D', '08C', '10D')",10.086,0,220045.0
"('06D', '08C', '10H')",10.086,0,220045.0
"('06D', '08C', '10S')",10.086,0,220045.0
"('06D', '08D', '10C')",10.086,0,220045.0
"('06D', '08D', '10D')",10.086,0,220045.0
"('06D', '08D', '10H')",10.086,0,220045.0
"('06D', '08D', '10S')",10.086,0,220045.0
"('06D', '08H', '10C')",10.086,0,220045.0
"('06D', '08H', '10D')",10.086,0,220045.0
"('06D', '08H', '10H')",10.086,0,220045.0
"('06D', '08H', '10S')",10.086,0,220045.0
"('06D', '08S', '10C')",10.086,0,220045.0
"('06D', '08S', '10D')",10.086,0,220045.0
"('06D', '08S', '10H')",10.086,0,220045.0
"('06D', '08S', '10S')",10.086,0,220045.0
"('06H', '08C', '10C')",10.086,0,220045.0
"('06H', '08C', '10D')",10.086,0,220045.0
"('06H', '08C', '10H')",10.086,0,220045.0
"('06H', '08C', '10S')",10.086,0,220045.0
"('06H', '08D', '10C')",10.086,0,220045.0
"('06H', '08D', '10D')",10.086,0,220045.0
"('06H', '08D', '10H')",10.086,0,220045.0
"('06H', '08D', '10S')",10.086,0,220045.0
"('06H', '08H', '10C')",10.086,0,220045.0
"('06H', '08H', '10D')",10.086,0,220045.0
"('06H', '08H', '10H')",10.086,0,220045.0
"('06H', '08H', '10S')",10.086,0,220045.0
"('06H', '08S', '10C')",10.086,0,220045.0
"('06H', '08S', '10D')",10.086,0,220045.0
"('06H', '08S', '10H')",10.086,0,220045.0
"('06H', '08S', '10S')",10.086,0,220045.0
"('06S', '08C', '10C')",10.086,0,220045.0
"('06S', '08C', '10D')",10.086,0,220045.0
"('06S', '08C', '10H')",10.086,0,220045.0
"('06S', '08C', '10S')",10.086,0,220045.0
"('06S', '08D', '10C')",10.086,0,220045.0
"('06S', '08D', '10D')",10.086,0,220045.0
"('06S', '08D', '10H')",10.086,0,220045.0
"('06S', '08D', '10S')",10.086,0,220045.0
"('06S', '08H', '10C')",10.086,0,220045.0
"('06S', '08H', '10D')",10.086,0,220045.0
"('06S', '08H', '10H')",10.086,0,220045.0
"('06S', '08H', '10S')",10.086,0,220045.0
"('06S', '08S', '10C')",10.086,0,220045.0
"('06S', '08S', '10D')",10.086,0,220045.0
"('06S', '08S', '10H')",10.086,0,220045.0
"('06S', '08S', '10S')",10.086,0,220045.0
"('05C', '08C', '10C')",10.085,0,217149.0
"('05C', '08C', '10D')",10.085,0,217149.0
"('05C', '08C', '10H')",10.085,0,217149.0
"('05C', '08C', '10S')",10.085,0,217149.0
"('05C', '08D', '10C')",10.085,0,217149.0
"('05C', '08D', '10D')",10.085,0,217149.0
"('05C', '08D', '10H')",10.085,0,217149.0
"('05C', '08D', '10S')",10.085,0,217149.0
"('05C', '08H', '10C')",10.085,0,217149.0
"('05C', '08H', '10D')",10.085,0,217149.0
"('05C', '08H', '10H')",10.085,0,217149.0
"('05C', '08H', '10S')",10.085,0,217149.0
"('05C', '08S', '10C')",10.085,0,217149.0
"('05C', '08S', '10D')",10.085,0,217149.0
"('05C', '08S', '10H')",10.085,0,217149.0
"('05C', '08S', '10S')",10.085,0,217149.0
"('05D', '08C', '10C')",10.085,0,217149.0
"('05D', '08C', '10D')",10.085,0,217149.0
"('05D', '08C', '10H')",10.085,0,217149.0
"('05D', '08C', '10S')",10.085,0,217149.0
"('05D', '08D', '10C')",10.085,0,217149.0
"('05D', '08D', '10D')",10.085,0,217149.0
"('05D', '08D', '10H')",10.085,0,217149.0
"('05D', '08D', '10S')",10.085,0,217149.0
"('05D', '08H', '10C')",10.085,0,217149.0
"('05D', '08H', '10D')",10.085,0,217149.0
"('05D', '08H', '10H')",10.085,0,217149.0
"('05D', '08H', '10S')",10.085,0,217149.0
"('05D', '08S', '10C')",10.085,0,217149.0
"('05D', '08S', '10D')",10.085,0,217149.0
"('05D', '08S', '10H')",10.085,0,217149.0
"('05D', '08S', '10S')",10.085,0,217149.0
"('05H', '08C', '10C')",10.085,0,217149.0
"('05H', '08C', '10D')",10.085,0,217149.0
"('05H', '08C', '10H')",10.085,0,217149.0
"('05H', '08C', '10S')",10.085,0,217149.0
"('05H', '08D', '10C')",10.085,0,217149.0
"('05H', '08D', '10D')",10.085,0,217149.0
"('05H', '08D', '10H')",10.085,0,217149.0
"('05H', '08D', '10S')",10.085,0,217149.0
"('05H', '08H', '10C')",10.085,0,217149.0
"('05H', '08H', '10D')",10.085,0,217149.0
"('05H', '08H', '10H')",10.085,0,217149.0
"('05H', '08H', '10S')",10.085,0,217149.0
"('05H', '08S', '10C')",10.085,0,217149.0
"('05H', '08S', '10D')",10.085,0,217149.0
"('05H', '08S', '10H')",10.085,0,217149.0
"('05H', '08S', '10S')",10.085,0,217149.0
"('05S', '08C', '10C')",10.085,0,217149.0
"('05S', '08C', '10D')",10.085,0,217149.0
"('05S', '08C', '10H')",10.085,0,217149.0
"('05S', '08C', '10S')",10.085,0,217149.0
"('05S', '08D', '10C')",10.085,0,217149.0
"('05S', '08D', '10D')",10.085,0,217149.0
"('05S', '08D', '10H')",10.085,0,217149.0
"('05S', '08D', '10S')",10.085,0,217149.0
"('05S', '08H', '10C')",10.085,0,217149.0
"('05S', '08H', '10D')",10.085,0,217149.0
"('05S', '08H', '10H')",10.085,0,217149.0
"('05S', '08H', '10S')",10.085,0,217149.0
"('05S', '08S', '10C')",10.085,0,217149.0
"('05S', '08S', '10D')",10.085,0,217149.0
"('05S', '08S', '10H')",10.085,0,217149.0
"('05S', '08S', '10S')",10.085,0,217149.0
"('04C', '08C', '10C')",10.084,0,214253.0
"('04C', '08C', '10D')",10.084,0,214253.0
"('04C', '08C', '10H')",10.084,0,214253.0
"('04C', '08C', '10S')",10.084,0,214253.0
"('04C', '08D', '10C')",10.084,0,214253.0
"('04C', '08D', '10D')",10.084,0,214253.0
"('04C', '08D', '10H')",10.084,0,214253.0
"('04C', '08D', '10S')",10.084,0,214253.0
"('04C', '08H', '10C')",10.084,0,214253.0
"('04C', '08H', '10D')",10.084,0,214253.0
"('04C', '08H', '10H')",10.084,0,214253.0
"('04C', '08H', '10S')",10.084,0,214253.0
"('04C', '08S', '10C')",10.084,0,214253.0
"('04C', '08S', '10D')",10.084,0,214253.0
"('04C', '08S', '10H')",10.084,0,214253.0
"('04C', '08S', '10S')",10.084,0,214253.0
"('04D', '08C', '10C')",10.084,0,214253.0
"('04D', '08C', '10D')",10.084,0,214253.0
"('04D', '08C', '10H')",10.084,0,214253.0
"('04D', '08C', '10S')",10.084,0,214253.0
"('04D', '08D', '10C')",10.084,0,214253.0
"('04D', '08D', '10D')",10.084,0,214253.0
"('04D', '08D', '10H')",10.084,0,214253.0
"('04D', '08D', '10S')",10.084,0,214253.0
"('04D', '08H', '10C')",10.084,0,214253.0
"('04D', '08H', '10D')",10.084,0,214253.0
"('04D', '08H', '10H')",10.084,0,214253.0
"('04D', '08H', '10S')",10.084,0,214253.0
"('04D', '08S', '10C')",10.084,0,214253.0
"('04D', '08S', '10D')",10.084,0,214253.0
"('04D', '08S', '10H')",10.084,0,214253.0
"('04D', '08S', '10S')",10.084,0,214253.0
"('04H', '08C', '10C')",10.084,0,214253.0
"('04H', '08C', '10D')",10.084,0,214253.0
"('04H', '08C', '10H')",10.084,0,214253.0
"('04H', '08C', '10S')",10.084,0,214253.0
"('04H', '08D', '10C')",10.084,0,214253.0
"('04H', '08D', '10D')",10.084,0,214253.0
"('04H', '08D', '10H')",10.084,0,214253.0
"('04H', '08D', '10S')",10.084,0,214253.0
"('04H', '08H', '10C')",10.084,0,214253.0
"('04H', '08H', '10D')",10.084,0,214253.0
"('04H', '08H', '10H')",10.084,0,214253.0
"('04H', '08H', '10S')",10.084,0,214253.0
"('04H', '08S', '10C')",10.084,0,214253.0
"('04H', '08S', '10D')",10.084,0,214253.0
"('04H', '08S', '10H')",10.084,0,214253.0
"('04H', '08S', '10S')",10.084,0,214253.0
"('04S', '08C', '10C')",10.084,0,214253.0
"('04S', '08C', '10D')",10.084,0,214253.0
"('04S', '08C', '10H')",10.084,0,214253.0
"('04S', '08C', '10S')",10.084,0,214253.0
"('04S', '08D', '10C')",10.084,0,214253.0
"('04S', '08D', '10D')",10.084,0,214253.0
"('04S', '08D', '10H')",10.084,0,214253.0
"('04S', '08D', '10S')",10.084,0,214253.0
"('04S', '08H', '10C')",10.084,0,214253.0
"('04S', '08H', '10D')",10.084,0,214253.0
"('04S', '08H', '10H')",10.084,0,214253.0
"('04S', '08H', '10S')",10.084,0,214253.0
"('04S', '08S', '10C')",10.084,0,214253.0
"('04S', '08S', '10D')",10.084,0,214253.0
"('04S', '08S', '10H')",10.084,0,214253.0
"('04S', '08S', '10S')",10.084,0,214253.0
"('03C', '08C', '10C')",10.083,0,211357.0
"('03C', '08C', '10D')",10.083,0,211357.0
"('03C', '08C', '10H')",10.083,0,211357.0
"('03C', '08C', '10S')",10.083,0,211357.0
"('03C', '08D', '10C')",10.083,0,211357.0
"('03C', '08D', '10D')",10.083,0,211357.0
"('03C', '08D', '10H')",10.083,0,211357.0
"('03C', '08D', '10S')",10.083,0,211357.0
"('03C', '08H', '10C')",10.083,0,211357.0
"('03C', '08H', '10D')",10.083,0,211357.0
"('03C', '08H', '10H')",10.083,0,211357.0
"('03C', '08H', '10S')",10.083,0,211357.0
"('03C', '08S', '10C')",10.083,0,211357.0
"('03C', '08S', '10D')",10.083,0,211357.0
"('03C', '08S', '10H')",10.083,0,211357.0
"('03C', '08S', '10S')",10.083,0,211357.0
"('03D', '08C', '10C')",10.083,0,211357.0
"('03D', '08C', '10D')",10.083,0,211357.0
"('03D', '08C', '10H')",10.083,0,211357.0
"('03D', '08C', '10S')",10.083,0,211357.0
"('03D', '08D', '10C')",10.083,0,211357.0
"('03D', '08D', '10D')",10.083,0,211357.0
"('03D', '08D', '10H')",10.083,0,211357.0
"('03D', '08D', '10S')",10.083,0,211357.0
"('03D', '08H', '10C')",10.083,0,211357.0
"('03D', '08H', '10D')",10.083,0,211357.0
"('03D', '08H', '10H')",10.083,0,211357.0
"('03D', '08H', '10S')",10.083,0,211357.0
"('03D', '08S', '10C')",10.083,0,211357.0
"('03D', '08S', '10D')",10.083,0,211357.0
"('03D', '08S', '10H')",10.083,0,211357.0
"('03D', '08S', '10S')",10.083,0,211357.0
"('03H', '08C', '10C')",10.083,0,211357.0
"('03H', '08C', '10D')",10.083,0,211357.0
"('03H', '08C', '10H')",10.083,0,211357.0
"('03H', '08C', '10S')",10.083,0,211357.0
"('03H', '08D', '10C')",10.083,0,211357.0
"('03H', '08D', '10D')",10.083,0,211357.0
"('03H', '08D', '10H')",10.083,0,211357.0
"('03H', '08D', '10S')",10.083,0,211357.0
"('03H', '08H', '10C')",10.083,0,211357.0
"('03H', '08H', '10D')",10.083,0,211357.0
"('03H', '08H', '10H')",10.083,0,211357.0
"('03H', '08H', '10S')",10.083,0,211357.0
"('03H', '08S', '10C')",10.083,0,211357.0
"('03H', '08S', '10D')",10.083,0,211357.0
"('03H', '08S', '10H')",10.083,0,211357.0
"('03H', '08S', '10S')",10.083,0,211357.0
"('03S', '08C', '10C')",10.083,0,211357.0
"('03S', '08C', '10D')",10.083,0,211357.0
"('03S', '08C', '10H')",10.083,0,211357.0
"('03S', '08C', '10S')",10.083,0,211357.0
"('03S', '08D', '10C')",10.083,0,211357.0
"('03S', '08D', '10D')",10.083,0,211357.0
"('03S', '08D', '10H')",10.083,0,211357.0
"('03S', '08D', '10S')",10.083,0,211357.0
"('03S', '08H', '10C')",10.083,0,211357.0
"('03S', '08H', '10D')",10.083,0,211357.0
"('03S', '08H', '10H')",10.083,0,211357.0
"('03S', '08H', '10S')",10.083,0,211357.0
"('03S', '08S', '10C')",10.083,0,211357.0
"('03S', '08S', '10D')",10.083,0,211357.0
"('03S', '08S', '10H')",10.083,0,211357.0
"('03S', '08S', '10S')",10.083,0,211357.0
"('02C', '08C', '10C')",10.082,0,208462.0
"('02C', '08C', '10D')",10.082,0,208462.0
"('02C', '08C', '10H')",10.082,0,208462.0
"('02C', '08C', '10S')",10.082,0,208462.0
"('02C', '08D', '10C')",10.082,0,208462.0
"('02C', '08D', '10D')",10.082,0,208462.0
"('02C', '08D', '10H')",10.082,0,208462.0
"('02C', '08D', '10S')",10.082,0,208462.0
"('02C', '08H', '10C')",10.082,0,208462.0
"('02C', '08H', '10D')",10.082,0,208462.0
"('02C', '08H', '10H')",10.082,0,208462.0
"('02C', '08H', '10S')",10.082,0,208462.0
"('02C', '08S', '10C')",10.082,0,208462.0
"('02C', '08S', '10D')",10.082,0,208462.0
"('02C', '08S', '10H')",10.082,0,208462.0
"('02C', '08S', '10S')",10.082,0,208462.0
"('02D', '08C', '10C')",10.082,0,208462.0
"('02D', '08C', '10D')",10.082,0,208462.0
"('02D', '08C', '10H')",10.082,0,208462.0
"('02D', '08C', '10S')",10.082,0,208462.0
"('02D', '08D', '10C')",10.082,0,208462.0
"('02D', '08D', '10D')",10.082,0,208462.0
"('02D', '08D', '10H')",10.082,0,208462.0
"('02D', '08D', '10S')",10.082,0,208462.0
"('02D', '08H', '10C')",10.082,0,208462.0
"('02D', '08H', '10D')",10.082,0,208462.0
"('02D', '08H', '10H')",10.082,0,208462.0
"('02D', '08H', '10S')",10.082,0,208462.0
"('02D', '08S', '10C')",10.082,0,208462.0
"('02D', '08S', '10D')",10.082,0,208462.0
"('02D', '08S', '10H')",10.082,0,208462.0
"('02D', '08S', '10S')",10.082,0,208462.0
"('02H', '08C', '10C')",10.082,0,208462.0
"('02H', '08C', '10D')",10.082,0,208462.0
"('02H', '08C', '10H')",10.082,0,208462.0
"('02H', '08C', '10S')",10.082,0,208462.0
"('02H', '08D', '10C')",10.082,0,208462.0
"('02H', '08D', '10D')",10.082,0,208462.0
"('02H', '08D', '10H')",10.082,0,208462.0
"('02H', '08D', '10S')",10.082,0,208462.0
"('02H', '08H', '10C')",10.082,0,208462.0
"('02H', '08H', '10D')",10.082,0,208462.0
"('02H', '08H', '10H')",10.082,0,208462.0
"('02H', '08H', '10S')",10.082,0,208462.0
"('02H', '08S', '10C')",10.082,0,208462.0
"('02H', '08S', '10D')",10.082,0,208462.0
"('02H', '08S', '10H')",10.082,0,208462.0
"('02H', '08S', '10S')",10.082,0,208462.0
"('02S', '08C', '10C')",10.082,0,208462.0
"('02S', '08C', '10D')",10.082,0,208462.0
"('02S', '08C', '10H')",10.082,0,208462.0
"('02S', '08C', '10S')",10.082,0,208462.0
"('02S', '08D', '10C')",10.082,0,208462.0
"('02S', '08D', '10D')",10.082,0,208462.0
"('02S', '08D', '10H')",10.082,0,208462.0
"('02S', '08D', '10S')",10.082,0,208462.0
"('02S', '08H', '10C')",10.082,0,208462.0
"('02S', '08H', '10D')",10.082,0,208462.0
"('02S', '08H', '10H')",10.082,0,208462.0
"('02S', '08H', '10S')",10.082,0,208462.0
"('02S', '08S', '10C')",10.082,0,208462.0
"('02S', '08S', '10D')",10.082,0,208462.0
"('02S', '08S', '10H')",10.082,0,208462.0
"('02S', '08S', '10S')",10.082,0,208462.0
"('06C', '07C', '10C')",10.076,0,205566.0
"('06C', '07C', '10D')",10.076,0,205566.0
"('06C', '07C', '10H')",10.076,0,205566.0
"('06C', '07C', '10S')",10.076,0,205566.0
"('06C', '07D', '10C')",10.076,0,205566.0
"('06C', '07D', '10D')",10.076,0,205566.0
"('06C', '07D', '10H')",10.076,0,205566.0
"('06C', '07D', '10S')",10.076,0,205566.0
"('06C', '07H', '10C')",10.076,0,205566.0
"('06C', '07H', '10D')",10.076,0,205566.0
"('06C', '07H', '10H')",10.076,0,205566.0
"('06C', '07H', '10S')",10.076,0,205566.0
"('06C', '07S', '10C')",10.076,0,205566.0
"('06C', '07S', '10D')",10.076,0,205566.0
"('06C', '07S', '10H')",10.076,0,205566.0
"('06C', '07S', '10S')",10.076,0,205566.0
"('06D', '07C', '10C')",10.076,0,205566.0
"('06D', '07C', '10D')",10.076,0,205566.0
"('06D', '07C', '10H')",10.076,0,205566.0
"('06D', '07C', '10S')",10.076,0,205566.0
"('06D', '07D', '10C')",10.076,0,205566.0
"('06D', '07D', '10D')",10.076,0,205566.0
"('06D', '07D', '10H')",10.076,0,205566.0
"('06D', '07D', '10S')",10.076,0,205566.0
"('06D', '07H', '10C')",10.076,0,205566.0
"('06D', '07H', '10D')",10.076,0,205566.0
"('06D', '07H', '10H')",10.076,0,205566.0
"('06D', '07H', '10S')",10.076,0,205566.0
"('06D', '07S', '10C')",10.076,0,205566.0
"('06D', '07S', '10D')",10.076,0,205566.0
"('06D', '07S', '10H')",10.076,0,205566.0
"('06D', '07S', '10S')",10.076,0,205566.0
"('06H', '07C', '10C')",10.076,0,205566.0
"('06H', '07C', '10D')",10.076,0,205566.0
"('06H', '07C', '10H')",10.076,0,205566.0
"('06H', '07C', '10S')",10.076,0,205566.0
"('06H', '07D', '10C')",10.076,0,205566.0
"('06H', '07D', '10D')",10.076,0,205566.0
"('06H', '07D', '10H')",10.076,0,205566.0
"('06H', '07D', '10S')",10.076,0,205566.0
"('06H', '07H', '10C')",10.076,0,205566.0
"('06H', '07H', '10D')",10.076,0,205566.0
"('06H', '07H', '10H')",10.076,0,205566.0
"('06H', '07H', '10S')",10.076,0,205566.0
"('06H', '07S', '10C')",10.076,0,205566.0
"('06H', '07S', '10D')",10.076,0,205566.0
"('06H', '07S', '10H')",10.076,0,205566.0
"('06H', '07S', '10S')",10.076,0,205566.0
"('06S', '07C', '10C')",10.076,0,205566.0
"('06S', '07C', '10D')",10.076,0,205566.0
"('06S', '07C', '10H')",10.076,0,205566.0
"('06S', '07C', '10S')",10.076,0,205566.0
"('06S', '07D', '10C')",10.076,0,205566.0
"('06S', '07D', '10D')",10.076,0,205566.0
"('06S', '07D', '10H')",10.076,0,205566.0
"('06S', '07D', '10S')",10.076,0,205566.0
"('06S', '07H', '10C')",10.076,0,205566.0
"('06S', '07H', '10D')",10.076,0,205566.0
"('06S', '07H', '10H')",10.076,0,205566.0
"('06S', '07H', '10S')",10.076,0,205566.0
"('06S', '07S', '10C')",10.076,0,205566.0
"('06S', '07S', '10D')",10.076,0,205566.0
"('06S', '07S', '10H')",10.076,0,205566.0
"('06S', '07S', '10S')",10.076,0,205566.0
"('05C', '07C', '10C')",10.075000000000001,0,202670.0
"('05C', '07C', '10D')",10.075000000000001,0,202670.0
"('05C', '07C', '10H')",10.075000000000001,0,202670.0
"('05C', '07C', '10S')",10.075000000000001,0,202670.0
"('05C', '07D', '10C')",10.075000000000001,0,202670.0
"('05C', '07D', '10D')",10.075000000000001,0,202670.0
"('05C', '07D', '10H')",10.075000000000001,0,202670.0
"('05C', '07D', '10S')",10.075000000000001,0,202670.0
"('05C', '07H', '10C')",10.075000000000001,0,202670.0
"('05C', '07H', '10D')",10.075000000000001,0,202670.0
"('05C', '07H', '10H')",10.075000000000001,0,202670.0
"('05C', '07H', '10S')",10.075000000000001,0,202670.0
"('05C', '07S', '10C')",10.075000000000001,0,202670.0
"('05C', '07S', '10D')",10.075000000000001,0,202670.0
"('05C', '07S', '10H')",10.075000000000001,0,202670.0
"('05C', '07S', '10S')",10.075000000000001,0,202670.0
"('05D', '07C', '10C')",10.075000000000001,0,202670.0
"('05D', '07C', '10D')",10.075000000000001,0,202670.0
"('05D', '07C', '10H')",10.075000000000001,0,202670.0
"('05D', '07C', '10S')",10.075000000000001,0,202670.0
"('05D', '07D', '10C')",10.075000000000001,0,202670.0
"('05D', '07D', '10D')",10.075000000000001,0,202670.0
"('05D', '07D', '10H')",10.075000000000001,0,202670.0
"('05D', '07D', '10S')",10.075000000000001,0,202670.0
"('05D', '07H', '10C')",10.075000000000001,0,202670.0
"('05D', '07H', '10D')",10.075000000000001,0,202670.0
"('05D', '07H', '10H')",10.075000000000001,0,202670.0
"('05D', '07H', '10S')",10.075000000000001,0,202670.0
"('05D', '07S', '10C')",10.075000000000001,0,202670.0
"('05D', '07S', '10D')",10.075000000000001,0,202670.0
"('05D', '07S', '10H')",10.075000000000001,0,202670.0
"('05D', '07S', '10S')",10.075000000000001,0,202670.0
"('05H', '07C', '10C')",10.075000000000001,0,202670.0
"('05H', '07C', '10D')",10.075000000000001,0,202670.0
"('05H', '07C', '10H')",10.075000000000001,0,202670.0
"('05H', '07C', '10S')",10.075000000000001,0,202670.0
"('05H', '07D', '10C')",10.075000000000001,0,202670.0
"('05H', '07D', '10D')",10.075000000000001,0,202670.0
"('05H', '07D', '10H')",10.075000000000001,0,202670.0
"('05H', '07D', '10S')",10.075000000000001,0,202670.0
"('05H', '07H', '10C')",10.075000000000001,0,202670.0
"('05H', '07H', '10D')",10.075000000000001,0,202670.0
"('05H', '07H', '10H')",10.075000000000001,0,202670.0
"('05H', '07H', '10S')",10.075000000000001,0,202670.0
"('05H', '07S', '10C')",10.075000000000001,0,202670.0
"('05H', '07S', '10D')",10.075000000000001,0,202670.0
"('05H', '07S', '10H')",10.075000000000001,0,202670.0
"('05H', '07S', '10S')",10.075000000000001,0,202670.0
"('05S', '07C', '10C')",10.075000000000001,0,202670.0
"('05S', '07C', '10D')",10.075000000000001,0,202670.0
"('05S', '07C', '10H')",10.075000000000001,0,202670.0
"('05S', '07C', '10S')",10.075000000000001,0,202670.0
"('05S', '07D', '10C')",10.075000000000001,0,202670.0
"('05S', '07D', '10D')",10.075000000000001,0,202670.0
"('05S', '07D', '10H')",10.075000000000001,0,202670.0
"('05S', '07D', '10S')",10.075000000000001,0,202670.0
"('05S', '07H', '10C')",10.075000000000001,0,202670.0
"('05S', '07H', '10D')",10.075000000000001,0,202670.0
"('05S', '07H', '10H')",10.075000000000001,0,202670.0
"('05S', '07H', '10S')",10.075000000000001,0,202670.0
"('05S', '07S', '10C')",10.075000000000001,0,202670.0
"('05S', '07S', '10D')",10.075000000000001,0,202670.0
"('05S', '07S', '10H')",10.075000000000001,0,202670.0
"('05S', '07S', '10S')",10.075000000000001,0,202670.0
"('04C', '07C', '10C')",10.074,0,199774.0
"('04C', '07C', '10D')",10.074,0,199774.0
"('04C', '07C', '10H')",10.074,0,199774.0
"('04C', '07C', '10S')",10.074,0,199774.0
"('04C', '07D', '10C')",10.074,0,199774.0
"('04C', '07D', '10D')",10.074,0,199774.0
"('04C', '07D', '10H')",10.074,0,199774.0
"('04C', '07D', '10S')",10.074,0,199774.0
"('04C', '07H', '10C')",10.074,0,199774.0
"('04C', '07H', '10D')",10.074,0,199774.0
"('04C', '07H', '10H')",10.074,0,199774.0
"('04C', '07H', '10S')",10.074,0,199774.0
"('04C', '07S', '10C')",10.074,0,199774.0
"('04C', '07S', '10D')",10.074,0,199774.0
"('04C', '07S', '10H')",10.074,0,199774.0
"('04C', '07S', '10S')",10.074,0,199774.0
"('04D', '07C', '10C')",10.074,0,199774.0
"('04D', '07C', '10D')",10.074,0,199774.0
"('04D', '07C', '10H')",10.074,0,199774.0
"('04D', '07C', '10S')",10.074,0,199774.0
"('04D', '07D', '10C')",10.074,0,199774.0
"('04D', '07D', '10D')",10.074,0,199774.0
"('04D', '07D', '10H')",10.074,0,199774.0
"('04D', '07D', '10S')",10.074,0,199774.0
"('04D', '07H', '10C')",10.074,0,199774.0
"('04D', '07H', '10D')",10.074,0,199774.0
"('04D', '07H', '10H')",10.074,0,199774.0
"('04D', '07H', '10S')",10.074,0,199774.0
"('04D', '07S', '10C')",10.074,0,199774.0
"('04D', '07S', '10D')",10.074,0,199774.0
"('04D', '07S', '10H')",10.074,0,199774.0
"('04D', '07S', '10S')",10.074,0,199774.0
"('04H', '07C', '10C')",10.074,0,199774.0
"('04H', '07C', '10D')",10.074,0,199774.0
"('04H', '07C', '10H')",10.074,0,199774.0
"('04H', '07C', '10S')",10.074,0,199774.0
"('04H', '07D', '10C')",10.074,0,199774.0
"('04H', '07D', '10D')",10.074,0,199774.0
"('04H', '07D', '10H')",10.074,0,199774.0
"('04H', '07D', '10S')",10.074,0,199774.0
"('04H', '07H', '10C')",10.074,0,199774.0
"('04H', '07H', '10D')",10.074,0,199774.0
"('04H', '07H', '10H')",10.074,0,199774.0
"('04H', '07H', '10S')",10.074,0,199774.0
"('04H', '07S', '10C')",10.074,0,199774.0
"('04H', '07S', '10D')",10.074,0,199774.0
"('04H', '07S', '10H')",10.074,0,199774.0
"('04H', '07S', '10S')",10.074,0,199774.0
"('04S', '07C', '10C')",10.074,0,199774.0
"('04S', '07C', '10D')",10.074,0,199774.0
"('04S', '07C', '10H')",10.074,0,199774.0
"('04S', '07C', '10S')",10.074,0,199774.0
"('04S', '07D', '10C')",10.074,0,199774.0
"('04S', '07D', '10D')",10.074,0,199774.0
"('04S', '07D', '10H')",10.074,0,199774.0
"('04S', '07D', '10S')",10.074,0,199774.0
"('04S', '07H', '10C')",10.074,0,199774.0
"('04S', '07H', '10D')",10.074,0,199774.0
"('04S', '07H', '10H')",10.074,0,199774.0
"('04S', '07H', '10S')",10.074,0,199774.0
"('04S', '07S', '10C')",10.074,0,199774.0
"('04S', '07S', '10D')",10.074,0,199774.0
"('04S', '07S', '10H')",10.074,0,199774.0
"('04S', '07S', '10S')",10.074,0,199774.0
"('03C', '07C', '10C')",10.073,0,196878.0
"('03C', '07C', '10D')",10.073,0,196878.0
"('03C', '07C', '10H')",10.073,0,196878.0
"('03C', '07C', '10S')",10.073,0,196878.0
"('03C', '07D', '10C')",10.073,0,196878.0
"('03C', '07D', '10D')",10.073,0,196878.0
"('03C', '07D', '10H')",10.073,0,196878.0
"('03C', '07D', '10S')",10.073,0,196878.0
"('03C', '07H', '10C')",10.073,0,196878.0
"('03C', '07H', '10D')",10.073,0,196878.0
"('03C', '07H', '10H')",10.073,0,196878.0
"('03C', '07H', '10S')",10.073,0,196878.0
"('03C', '07S', '10C')",10.073,0,196878.0
"('03C', '07S', '10D')",10.073,0,196878.0
"('03C', '07S', '10H')",10.073,0,196878.0
"('03C', '07S', '10S')",10.073,0,196878.0
"('03D', '07C', '10C')",10.073,0,196878.0
"('03D', '07C', '10D')",10.073,0,196878.0
"('03D', '07C', '10H')",10.073,0,196878.0
"('03D', '07C', '10S')",10.073,0,196878.0
"('03D', '07D', '10C')",10.073,0,196878.0
"('03D', '07D', '10D')",10.073,0,196878.0
"('03D', '07D', '10H')",10.073,0,196878.0
"('03D', '07D', '10S')",10.073,0,196878.0
"('03D', '07H', '10C')",10.073,0,196878.0
"('03D', '07H', '10D')",10.073,0,196878.0
"('03D', '07H', '10H')",10.073,0,196878.0
"('03D', '07H', '10S')",10.073,0,196878.0
"('03D', '07S', '10C')",10.073,0,196878.0
"('03D', '07S', '10D')",10.073,0,196878.0
"('03D', '07S', '10H')",10.073,0,196878.0
"('03D', '07S', '10S')",10.073,0,196878.0
"('03H', '07C', '10C')",10.073,0,196878.0
"('03H', '07C', '10D')",10.073,0,196878.0
"('03H', '07C', '10H')",10.073,0,196878.0
"('03H', '07C', '10S')",10.073,0,196878.0
"('03H', '07D', '10C')",10.073,0,196878.0
"('03H', '07D', '10D')",10.073,0,196878.0
"('03H', '07D', '10H')",10.073,0,196878.0
"('03H', '07D', '10S')",10.073,0,196878.0
"('03H', '07H', '10C')",10.073,0,196878.0
"('03H', '07H', '10D')",10.073,0,196878.0
"('03H', '07H', '10H')",10.073,0,196878.0
"('03H', '07H', '10S')",10.073,0,196878.0
"('03H', '07S', '10C')",10.073,0,196878.0
"('03H', '07S', '10D')",10.073,0,196878.0
"('03H', '07S', '10H')",10.073,0,196878.0
"('03H', '07S', '10S')",10.073,0,196878.0
"('03S', '07C', '10C')",10.073,0,196878.0
"('03S', '07C', '10D')",10.073,0,196878.0
"('03S', '07C', '10H')",10.073,0,196878.0
"('03S', '07C', '10S')",10.073,0,196878.0
"('03S', '07D', '10C')",10.073,0,196878.0
"('03S', '07D', '10D')",10.073,0,196878.0
"('03S', '07D', '10H')",10.073,0,196878.0
"('03S', '07D', '10S')",10.073,0,196878.0
"('03S', '07H', '10C')",10.073,0,196878.0
"('03S', '07H', '10D')",10.073,0,196878.0
"('03S', '07H', '10H')",10.073,0,196878.0
"('03S', '07H', '10S')",10.073,0,196878.0
"('03S', '07S', '10C')",10.073,0,196878.0
"('03S', '07S', '10D')",10.073,0,196878.0
"('03S', '07S', '10H')",10.073,0,196878.0
"('03S', '07S', '10S')",10.073,0,196878.0
"('02C', '07C', '10C')",10.072000000000001,0,193982.0
"('02C', '07C', '10D')",10.072000000000001,0,193982.0
"('02C', '07C', '10H')",10.072000000000001,0,193982.0
"('02C', '07C', '10S')",10.072000000000001,0,193982.0
"('02C', '07D', '10C')",10.072000000000001,0,193982.0
"('02C', '07D', '10D')",10.072000000000001,0,193982.0
"('02C', '07D', '10H')",10.072000000000001,0,193982.0
"('02C', '07D', '10S')",10.072000000000001,0,193982.0
"('02C', '07H', '10C')",10.072000000000001,0,193982.0
"('02C', '07H', '10D')",10.072000000000001,0,193982.0
"('02C', '07H', '10H')",10.072000000000001,0,193982.0
"('02C', '07H', '10S')",10.072000000000001,0,193982.0
"('02C', '07S', '10C')",10.072000000000001,0,193982.0
"('02C', '07S', '10D')",10.072000000000001,0,193982.0
"('02C', '07S', '10H')",10.072000000000001,0,193982.0
"('02C', '07S', '10S')",10.072000000000001,0,193982.0
"('02D', '07C', '10C')",10.072000000000001,0,193982.0
"('02D', '07C', '10D')",10.072000000000001,0,193982.0
"('02D', '07C', '10H')",10.072000000000001,0,193982.0
"('02D', '07C', '10S')",10.072000000000001,0,193982.0
"('02D', '07D', '10C')",10.072000000000001,0,193982.0
"('02D', '07D', '10D')",10.072000000000001,0,193982.0
"('02D', '07D', '10H')",10.072000000000001,0,193982.0
"('02D', '07D', '10S')",10.072000000000001,0,193982.0
"('02D', '07H', '10C')",10.072000000000001,0,193982.0
"('02D', '07H', '10D')",10.072000000000001,0,193982.0
"('02D', '07H', '10H')",10.072000000000001,0,193982.0
"('02D', '07H', '10S')",10.072000000000001,0,193982.0
"('02D', '07S', '10C')",10.072000000000001,0,193982.0
"('02D', '07S', '10D')",10.072000000000001,0,193982.0
"('02D', '07S', '10H')",10.072000000000001,0,193982.0
"('02D', '07S', '10S')",10.072000000000001,0,193982.0
"('02H', '07C', '10C')",10.072000000000001,0,193982.0
"('02H', '07C', '10D')",10.072000000000001,0,193982.0
"('02H', '07C', '10H')",10.072000000000001,0,193982.0
"('02H', '07C', '10S')",10.072000000000001,0,193982.0
"('02H', '07D', '10C')",10.072000000000001,0,193982.0
"('02H', '07D', '10D')",10.072000000000001,0,193982.0
"('02H', '07D', '10H')",10.072000000000001,0,193982.0
"('02H', '07D', '10S')",10.072000000000001,0,193982.0
"('02H', '07H', '10C')",10.072000000000001,0,193982.0
"('02H', '07H', '10D')",10.072000000000001,0,193982.0
"('02H', '07H', '10H')",10.072000000000001,0,193982.0
"('02H', '07H', '10S')",10.072000000000001,0,193982.0
"('02H', '07S', '10C')",10.072000000000001,0,193982.0
"('02H', '07S', '10D')",10.072000000000001,0,193982.0
"('02H', '07S', '10H')",10.072000000000001,0,193982.0
"('02H', '07S', '10S')",10.072000000000001,0,193982.0
"('02S', '07C', '10C')",10.072000000000001,0,193982.0
"('02S', '07C', '10D')",10.072000000000001,0,193982.0
"('02S', '07C', '10H')",10.072000000000001,0,193982.0
"('02S', '07C', '10S')",10.072000000000001,0,193982.0
"('02S', '07D', '10C')",10.072000000000001,0,193982.0
"('02S', '07D', '10D')",10.072000000000001,0,193982.0
"('02S', '07D', '10H')",10.072000000000001,0,193982.0
"('02S', '07D', '10S')",10.072000000000001,0,193982.0
"('02S', '07H', '10C')",10.072000000000001,0,193982.0
"('02S', '07H', '10D')",10.072000000000001,0,193982.0
"('02S', '07H', '10H')",10.072000000000001,0,193982.0
"('02S', '07H', '10S')",10.072000000000001,0,193982.0
"('02S', '07S', '10C')",10.072000000000001,0,193982.0
"('02S', '07S', '10D')",10.072000000000001,0,193982.0
"('02S', '07S', '10H')",10.072000000000001,0,193982.0
"('02S', '07S', '10S')",10.072000000000001,0,193982.0
"('05C', '06C', '10C')",10.065000000000001,0,191086.0
"('05C', '06C', '10D')",10.065000000000001,0,191086.0
"('05C', '06C', '10H')",10.065000000000001,0,191086.0
"('05C', '06C', '10S')",10.065000000000001,0,191086.0
"('05C', '06D', '10C')",10.065000000000001,0,191086.0
"('05C', '06D', '10D')",10.065000000000001,0,191086.0
"('05C', '06D', '10H')",10.065000000000001,0,191086.0
"('05C', '06D', '10S')",10.065000000000001,0,191086.0
"('05C', '06H', '10C')",10.065000000000001,0,191086.0
"('05C', '06H', '10D')",10.065000000000001,0,191086.0
"('05C', '06H', '10H')",10.065000000000001,0,191086.0
"('05C', '06H', '10S')",10.065000000000001,0,191086.0
"('05C', '06S', '10C')",10.065000000000001,0,191086.0
"('05C', '06S', '10D')",10.065000000000001,0,191086.0
"('05C', '06S', '10H')",10.065000000000001,0,191086.0
"('05C', '06S', '10S')",10.065000000000001,0,191086.0
"('05D', '06C', '10C')",10.065000000000001,0,191086.0
"('05D', '06C', '10D')",10.065000000000001,0,191086.0
"('05D', '06C', '10H')",10.065000000000001,0,191086.0
"('05D', '06C', '10S')",10.065000000000001,0,191086.0
"('05D', '06D', '10C')",10.065000000000001,0,191086.0
"('05D', '06D', '10D')",10.065000000000001,0,191086.0
"('05D', '06D', '10H')",10.065000000000001,0,191086.0
"('05D', '06D', '10S')",10.065000000000001,0,191086.0
"('05D', '06H', '10C')",10.065000000000001,0,191086.0
"('05D', '06H', '10D')",10.065000000000001,0,191086.0
"('05D', '06H', '10H')",10.065000000000001,0,191086.0
"('05D', '06H', '10S')",10.065000000000001,0,191086.0
"('05D', '06S', '10C')",10.065000000000001,0,191086.0
"('05D', '06S', '10D')",10.065000000000001,0,191086.0
"('05D', '06S', '10H')",10.065000000000001,0,191086.0
"('05D', '06S', '10S')",10.065000000000001,0,191086.0
"('05H', '06C', '10C')",10.065000000000001,0,191086.0
"('05H', '06C', '10D')",10.065000000000001,0,191086.0
"('05H', '06C', '10H')",10.065000000000001,0,191086.0
"('05H', '06C', '10S')",10.065000000000001,0,191086.0
"('05H', '06D', '10C')",10.065000000000001,0,191086.0
"('05H', '06D', '10D')",10.065000000000001,0,191086.0
"('05H', '06D', '10H')",10.065000000000001,0,191086.0
"('05H', '06D', '10S')",10.065000000000001,0,191086.0
"('05H', '06H', '10C')",10.065000000000001,0,191086.0
"('05H', '06H', '10D')",10.065000000000001,0,191086.0
"('05H', '06H', '10H')",10.065000000000001,0,191086.0
"('05H', '06H', '10S')",10.065000000000001,0,191086.0
"('05H', '06S', '10C')",10.065000000000001,0,191086.0
"('05H', '06S', '10D')",10.065000000000001,0,191086.0
"('05H', '06S', '10H')",10.065000000000001,0,191086.0
"('05H', '06S', '10S')",10.065000000000001,0,191086.0
"('05S', '06C', '10C')",10.065000000000001,0,191086.0
"('05S', '06C', '10D')",10.065000000000001,0,191086.0
"('05S', '06C', '10H')",10.065000000000001,0,191086.0
"('05S', '06C', '10S')",10.065000000000001,0,191086.0
"('05S', '06D', '10C')",10.065000000000001,0,191086.0
"('05S', '06D', '10D')",10.065000000000001,0,191086.0
"('05S', '06D', '10H')",10.065000000000001,0,191086.0
"('05S', '06D', '10S')",10.065000000000001,0,191086.0
"('05S', '06H', '10C')",10.065000000000001,0,191086.0
"('05S', '06H', '10D')",10.065000000000001,0,191086.0
"('05S', '06H', '10H')",10.065000000000001,0,191086.0
"('05S', '06H', '10S')",10.065000000000001,0,191086.0
"('05S', '06S', '10C')",10.065000000000001,0,191086.0
"('05S', '06S', '10D')",10.065000000000001,0,191086.0
"('05S', '06S', '10H')",10.065000000000001,0,191086.0
"('05S', '06S', '10S')",10.065000000000001,0,191086.0
"('04C', '06C', '10C')",10.064,0,188190.0
"('04C', '06C', '10D')",10.064,0,188190.0
"('04C', '06C', '10H')",10.064,0,188190.0
"('04C', '06C', '10S')",10.064,0,188190.0
"('04C', '06D', '10C')",10.064,0,188190.0
"('04C', '06D', '10D')",10.064,0,188190.0
"('04C', '06D', '10H')",10.064,0,188190.0
"('04C', '06D', '10S')",10.064,0,188190.0
"('04C', '06H', '10C')",10.064,0,188190.0
"('04C', '06H', '10D')",10.064,0,188190.0
"('04C', '06H', '10H')",10.064,0,188190.0
"('04C', '06H', '10S')",10.064,0,188190.0
"('04C', '06S', '10C')",10.064,0,188190.0
"('04C', '06S', '10D')",10.064,0,188190.0
"('04C', '06S', '10H')",10.064,0,188190.0
"('04C', '06S', '10S')",10.064,0,188190.0
"('04D', '06C', '10C')",10.064,0,188190.0
"('04D', '06C', '10D')",10.064,0,188190.0
"('04D', '06C', '10H')",10.064,0,188190.0
"('04D', '06C', '10S')",10.064,0,188190.0
"('04D', '06D', '10C')",10.064,0,188190.0
"('04D', '06D', '10D')",10.064,0,188190.0
"('04D', '06D', '10H')",10.064,0,188190.0
"('04D', '06D', '10S')",10.064,0,188190.0
"('04D', '06H', '10C')",10.064,0,188190.0
"('04D', '06H', '10D')",10.064,0,188190.0
"('04D', '06H', '10H')",10.064,0,188190.0
"('04D', '06H', '10S')",10.064,0,188190.0
"('04D', '06S', '10C')",10.064,0,188190.0
"('04D', '06S', '10D')",10.064,0,188190.0
"('04D', '06S', '10H')",10.064,0,188190.0
"('04D', '06S', '10S')",10.064,0,188190.0
"('04H', '06C', '10C')",10.064,0,188190.0
"('04H', '06C', '10D')",10.064,0,188190.0
"('04H', '06C', '10H')",10.064,0,188190.0
"('04H', '06C', '10S')",10.064,0,188190.0
"('04H', '06D', '10C')",10.064,0,188190.0
"('04H', '06D', '10D')",10.064,0,188190.0
"('04H', '06D', '10H')",10.064,0,188190.0
"('04H', '06D', '10S')",10.064,0,188190.0
"('04H', '06H', '10C')",10.064,0,188190.0
"('04H', '06H', '10D')",10.064,0,188190.0
"('04H', '06H', '10H')",10.064,0,188190.0
"('04H', '06H', '10S')",10.064,0,188190.0
"('04H', '06S', '10C')",10.064,0,188190.0
"('04H', '06S', '10D')",10.064,0,188190.0
"('04H', '06S', '10H')",10.064,0,188190.0
"('04H', '06S', '10S')",10.064,0,188190.0
"('04S', '06C', '10C')",10.064,0,188190.0
"('04S', '06C', '10D')",10.064,0,188190.0
"('04S', '06C', '10H')",10.064,0,188190.0
"('04S', '06C', '10S')",10.064,0,188190.0
"('04S', '06D', '10C')",10.064,0,188190.0
"('04S', '06D', '10D')",10.064,0,188190.0
"('04S', '06D', '10H')",10.064,0,188190.0
"('04S', '06D', '10S')",10.064,0,188190.0
"('04S', '06H', '10C')",10.064,0,188190.0
"('04S', '06H', '10D')",10.064,0,188190.0
"('04S', '06H', '10H')",10.064,0,188190.0
"('04S', '06H', '10S')",10.064,0,188190.0
"('04S', '06S', '10C')",10.064,0,188190.0
"('04S', '06S', '10D')",10.064,0,188190.0
"('04S', '06S', '10H')",10.064,0,188190.0
"('04S', '06S', '10S')",10.064,0,188190.0
"('03C', '06C', '10C')",10.063,0,185294.0
"('03C', '06C', '10D')",10.063,0,185294.0
"('03C', '06C', '10H')",10.063,0,185294.0
"('03C', '06C', '10S')",10.063,0,185294.0
"('03C', '06D', '10C')",10.063,0,185294.0
"('03C', '06D', '10D')",10.063,0,185294.0
"('03C', '06D', '10H')",10.063,0,185294.0
"('03C', '06D', '10S')",10.063,0,185294.0
"('03C', '06H', '10C')",10.063,0,185294.0
"('03C', '06H', '10D')",10.063,0,185294.0
"('03C', '06H', '10H')",10.063,0,185294.0
"('03C', '06H', '10S')",10.063,0,185294.0
"('03C', '06S', '10C')",10.063,0,185294.0
"('03C', '06S', '10D')",10.063,0,185294.0
"('03C', '06S', '10H')",10.063,0,185294.0
"('03C', '06S', '10S')",10.063,0,185294.0
"('03D', '06C', '10C')",10.063,0,185294.0
"('03D', '06C', '10D')",10.063,0,185294.0
"('03D', '06C', '10H')",10.063,0,185294.0
"('03D', '06C', '10S')",10.063,0,185294.0
"('03D', '06D', '10C')",10.063,0,185294.0
"('03D', '06D', '10D')",10.063,0,185294.0
"('03D', '06D', '10H')",10.063,0,185294.0
"('03D', '06D', '10S')",10.063,0,185294.0
"('03D', '06H', '10C')",10.063,0,185294.0
"('03D', '06H', '10D')",10.063,0,185294.0
"('03D', '06H', '10H')",10.063,0,185294.0
"('03D', '06H', '10S')",10.063,0,185294.0
"('03D', '06S', '10C')",10.063,0,185294.0
"('03D', '06S', '10D')",10.063,0,185294.0
"('03D', '06S', '10H')",10.063,0,185294.0
"('03D', '06S', '10S')",10.063,0,185294.0
"('03H', '06C', '10C')",10.063,0,185294.0
"('03H', '06C', '10D')",10.063,0,185294.0
"('03H', '06C', '10H')",10.063,0,185294.0
"('03H', '06C', '10S')",10.063,0,185294.0
"('03H', '06D', '10C')",10.063,0,185294.0
"('03H', '06D', '10D')",10.063,0,185294.0
"('03H', '06D', '10H')",10.063,0,185294.0
"('03H', '06D', '10S')",10.063,0,185294.0
"('03H', '06H', '10C')",10.063,0,185294.0
"('03H', '06H', '10D')",10.063,0,185294.0
"('03H', '06H', '10H')",10.063,0,185294.0
"('03H', '06H', '10S')",10.063,0,185294.0
"('03H', '06S', '10C')",10.063,0,185294.0
"('03H', '06S', '10D')",10.063,0,185294.0
"('03H', '06S', '10H')",10.063,0,185294.0
"('03H', '06S', '10S')",10.063,0,185294.0
"('03S', '06C', '10C')",10.063,0,185294.0
"('03S', '06C', '10D')",10.063,0,185294.0
"('03S', '06C', '10H')",10.063,0,185294.0
"('03S', '06C', '10S')",10.063,0,185294.0
"('03S', '06D', '10C')",10.063,0,185294.0
"('03S', '06D', '10D')",10.063,0,185294.0
"('03S', '06D', '10H')",10.063,0,185294.0
"('03S', '06D', '10S')",10.063,0,185294.0
"('03S', '06H', '10C')",10.063,0,185294.0
"('03S', '06H', '10D')",10.063,0,185294.0
"('03S', '06H', '10H')",10.063,0,185294.0
"('03S', '06H', '10S')",10.063,0,185294.0
"('03S', '06S', '10C')",10.063,0,185294.0
"('03S', '06S', '10D')",10.063,0,185294.0
"('03S', '06S', '10H')",10.063,0,185294.0
"('03S', '06S', '10S')",10.063,0,185294.0
"('02C', '06C', '10C')",10.062000000000001,0,182398.0
"('02C', '06C', '10D')",10.062000000000001,0,182398.0
"('02C', '06C', '10H')",10.062000000000001,0,182398.0
"('02C', '06C', '10S')",10.062000000000001,0,182398.0
"('02C', '06D', '10C')",10.062000000000001,0,182398.0
"('02C', '06D', '10D')",10.062000000000001,0,182398.0
"('02C', '06D', '10H')",10.062000000000001,0,182398.0
"('02C', '06D', '10S')",10.062000000000001,0,182398.0
"('02C', '06H', '10C')",10.062000000000001,0,182398.0
"('02C', '06H', '10D')",10.062000000000001,0,182398.0
"('02C', '06H', '10H')",10.062000000000001,0,182398.0
"('02C', '06H', '10S')",10.062000000000001,0,182398.0
"('02C', '06S', '10C')",10.062000000000001,0,182398.0
"('02C', '06S', '10D')",10.062000000000001,0,182398.0
"('02C', '06S', '10H')",10.062000000000001,0,182398.0
"('02C', '06S', '10S')",10.062000000000001,0,182398.0
"('02D', '06C', '10C')",10.062000000000001,0,182398.0
"('02D', '06C', '10D')",10.062000000000001,0,182398.0
"('02D', '06C', '10H')",10.062000000000001,0,182398.0
"('02D', '06C', '10S')",10.062000000000001,0,182398.0
"('02D', '06D', '10C')",10.062000000000001,0,182398.0
"('02D', '06D', '10D')",10.062000000000001,0,182398.0
"('02D', '06D', '10H')",10.062000000000001,0,182398.0
"('02D', '06D', '10S')",10.062000000000001,0,182398.0
"('02D', '06H', '10C')",10.062000000000001,0,182398.0
"('02D', '06H', '10D')",10.062000000000001,0,182398.0
"('02D', '06H', '10H')",10.062000000000001,0,182398.0
"('02D', '06H', '10S')",10.062000000000001,0,182398.0
"('02D', '06S', '10C')",10.062000000000001,0,182398.0
"('02D', '06S', '10D')",10.062000000000001,0,182398.0
"('02D', '06S', '10H')",10.062000000000001,0,182398.0
"('02D', '06S', '10S')",10.062000000000001,0,182398.0
"('02H', '06C', '10C')",10.062000000000001,0,182398.0
"('02H', '06C', '10D')",10.062000000000001,0,182398.0
"('02H', '06C', '10H')",10.062000000000001,0,182398.0
"('02H', '06C', '10S')",10.062000000000001,0,182398.0
"('02H', '06D', '10C')",10.062000000000001,0,182398.0
"('02H', '06D', '10D')",10.062000000000001,0,182398.0
"('02H', '06D', '10H')",10.062000000000001,0,182398.0
"('02H', '06D', '10S')",10.062000000000001,0,182398.0
"('02H', '06H', '10C')",10.062000000000001,0,182398.0
"('02H', '06H', '10D')",10.062000000000001,0,182398.0
"('02H', '06H', '10H')",10.062000000000001,0,182398.0
"('02H', '06H', '10S')",10.062000000000001,0,182398.0
"('02H', '06S', '10C')",10.062000000000001,0,182398.0
"('02H', '06S', '10D')",10.062000000000001,0,182398.0
"('02H', '06S', '10H')",10.062000000000001,0,182398.0
"('02H', '06S', '10S')",10.062000000000001,0,182398.0
"('02S', '06C', '10C')",10.062000000000001,0,182398.0
"('02S', '06C', '10D')",10.062000000000001,0,182398.0
"('02S', '06C', '10H')",10.062000000000001,0,182398.0
"('02S', '06C', '10S')",10.062000000000001,0,182398.0
"('02S', '06D', '10C')",10.062000000000001,0,182398.0
"('02S', '06D', '10D')",10.062000000000001,0,182398.0
"('02S', '06D', '10H')",10.062000000000001,0,182398.0
"('02S', '06D', '10S')",10.062000000000001,0,182398.0
"('02S', '06H', '10C')",10.062000000000001,0,182398.0
"('02S', '06H', '10D')",10.062000000000001,0,182398.0
"('02S', '06H', '10H')",10.062000000000001,0,182398.0
"('02S', '06H', '10S')",10.062000000000001,0,182398.0
"('02S', '06S', '10C')",10.062000000000001,0,182398.0
"('02S', '06S', '10D')",10.062000000000001,0,182398.0
"('02S', '06S', '10H')",10.062000000000001,0,182398.0
"('02S', '06S', '10S')",10.062000000000001,0,182398.0
"('04C', '05C', '10C')",10.054,0,179502.0
"('04C', '05C', '10D')",10.054,0,179502.0
"('04C', '05C', '10H')",10.054,0,179502.0
"('04C', '05C', '10S')",10.054,0,179502.0
"('04C', '05D', '10C')",10.054,0,179502.0
"('04C', '05D', '10D')",10.054,0,179502.0
"('04C', '05D', '10H')",10.054,0,179502.0
"('04C', '05D', '10S')",10.054,0,179502.0
"('04C', '05H', '10C')",10.054,0,179502.0
"('04C', '05H', '10D')",10.054,0,179502.0
"('04C', '05H', '10H')",10.054,0,179502.0
"('04C', '05H', '10S')",10.054,0,179502.0
"('04C', '05S', '10C')",10.054,0,179502.0
"('04C', '05S', '10D')",10.054,0,179502.0
"('04C', '05S', '10H')",10.054,0,179502.0
"('04C', '05S', '10S')",10.054,0,179502.0
"('04D', '05C', '10C')",10.054,0,179502.0
"('04D', '05C', '10D')",10.054,0,179502.0
"('04D', '05C', '10H')",10.054,0,179502.0
"('04D', '05C', '10S')",10.054,0,179502.0
"('04D', '05D', '10C')",10.054,0,179502.0
"('04D', '05D', '10D')",10.054,0,179502.0
"('04D', '05D', '10H')",10.054,0,179502.0
"('04D', '05D', '10S')",10.054,0,179502.0
"('04D', '05H', '10C')",10.054,0,179502.0
"('04D', '05H', '10D')",10.054,0,179502.0
"('04D', '05H', '10H')",10.054,0,179502.0
"('04D', '05H', '10S')",10.054,0,179502.0
"('04D', '05S', '10C')",10.054,0,179502.0
"('04D', '05S', '10D')",10.054,0,179502.0
"('04D', '05S', '10H')",10.054,0,179502.0
"('04D', '05S', '10S')",10.054,0,179502.0
"('04H', '05C', '10C')",10.054,0,179502.0
"('04H', '05C', '10D')",10.054,0,179502.0
"('04H', '05C', '10H')",10.054,0,179502.0
"('04H', '05C', '10S')",10.054,0,179502.0
"('04H', '05D', '10C')",10.054,0,179502.0
"('04H', '05D', '10D')",10.054,0,179502.0
"('04H', '05D', '10H')",10.054,0,179502.0
"('04H', '05D', '10S')",10.054,0,179502.0
"('04H', '05H', '10C')",10.054,0,179502.0
"('04H', '05H', '10D')",10.054,0,179502.0
"('04H', '05H', '10H')",10.054,0,179502.0
"('04H', '05H', '10S')",10.054,0,179502.0
"('04H', '05S', '10C')",10.054,0,179502.0
"('04H', '05S', '10D')",10.054,0,179502.0
"('04H', '05S', '10H')",10.054,0,179502.0
"('04H', '05S', '10S')",10.054,0,179502.0
"('04S', '05C', '10C')",10.054,0,179502.0
"('04S', '05C', '10D')",10.054,0,179502.0
"('04S', '05C', '10H')",10.054,0,179502.0
"('04S', '05C', '10S')",10.054,0,179502.0
"('04S', '05D', '10C')",10.054,0,179502.0
"('04S', '05D', '10D')",10.054,0,179502.0
"('04S', '05D', '10H')",10.054,0,179502.0
"('04S', '05D', '10S')",10.054,0,179502.0
"('04S', '05H', '10C')",10.054,0,179502.0
"('04S', '05H', '10D')",10.054,0,179502.0
"('04S', '05H', '10H')",10.054,0,179502.0
"('04S', '05H', '10S')",10.054,0,179502.0
"('04S', '05S', '10C')",10.054,0,179502.0
"('04S', '05S', '10D')",10.054,0,179502.0
"('04S', '05S', '10H')",10.054,0,179502.0
"('04S', '05S', '10S')",10.054,0,179502.0
"('03C', '05C', '10C')",10.053,0,176606.0
"('03C', '05C', '10D')",10.053,0,176606.0
"('03C', '05C', '10H')",10.053,0,176606.0
"('03C', '05C', '10S')",10.053,0,176606.0
"('03C', '05D', '10C')",10.053,0,176606.0
"('03C', '05D', '10D')",10.053,0,176606.0
"('03C', '05D', '10H')",10.053,0,176606.0
"('03C', '05D', '10S')",10.053,0,176606.0
"('03C', '05H', '10C')",10.053,0,176606.0
"('03C', '05H', '10D')",10.053,0,176606.0
"('03C', '05H', '10H')",10.053,0,176606.0
"('03C', '05H', '10S')",10.053,0,176606.0
"('03C', '05S', '10C')",10.053,0,176606.0
"('03C', '05S', '10D')",10.053,0,176606.0
"('03C', '05S', '10H')",10.053,0,176606.0
"('03C', '05S', '10S')",10.053,0,176606.0
"('03D', '05C', '10C')",10.053,0,176606.0
"('03D', '05C', '10D')",10.053,0,176606.0
"('03D', '05C', '10H')",10.053,0,176606.0
"('03D', '05C', '10S')",10.053,0,176606.0
"('03D', '05D', '10C')",10.053,0,176606.0
"('03D', '05D', '10D')",10.053,0,176606.0
"('03D', '05D', '10H')",10.053,0,176606.0
"('03D', '05D', '10S')",10.053,0,176606.0
"('03D', '05H', '10C')",10.053,0,176606.0
"('03D', '05H', '10D')",10.053,0,176606.0
"('03D', '05H', '10H')",10.053,0,176606.0
"('03D', '05H', '10S')",10.053,0,176606.0
"('03D', '05S', '10C')",10.053,0,176606.0
"('03D', '05S', '10D')",10.053,0,176606.0
"('03D', '05S', '10H')",10.053,0,176606.0
"('03D', '05S', '10S')",10.053,0,176606.0
"('03H', '05C', '10C')",10.053,0,176606.0
"('03H', '05C', '10D')",10.053,0,176606.0
"('03H', '05C', '10H')",10.053,0,176606.0
"('03H', '05C', '10S')",10.053,0,176606.0
"('03H', '05D', '10C')",10.053,0,176606.0
"('03H', '05D', '10D')",10.053,0,176606.0
"('03H', '05D', '10H')",10.053,0,176606.0
"('03H', '05D', '10S')",10.053,0,176606.0
"('03H', '05H', '10C')",10.053,0,176606.0
"('03H', '05H', '10D')",10.053,0,176606.0
"('03H', '05H', '10H')",10.053,0,176606.0
"('03H', '05H', '10S')",10.053,0,176606.0
"('03H', '05S', '10C')",10.053,0,176606.0
"('03H', '05S', '10D')",10.053,0,176606.0
"('03H', '05S', '10H')",10.053,0,176606.0
"('03H', '05S', '10S')",10.053,0,176606.0
"('03S', '05C', '10C')",10.053,0,176606.0
"('03S', '05C', '10D')",10.053,0,176606.0
"('03S', '05C', '10H')",10.053,0,176606.0
"('03S', '05C', '10S')",10.053,0,176606.0
"('03S', '05D', '10C')",10.053,0,176606.0
"('03S', '05D', '10D')",10.053,0,176606.0
"('03S', '05D', '10H')",10.053,0,176606.0
"('03S', '05D', '10S')",10.053,0,176606.0
"('03S', '05H', '10C')",10.053,0,176606.0
"('03S', '05H', '10D')",10.053,0,176606.0
"('03S', '05H', '10H')",10.053,0,176606.0
"('03S', '05H', '10S')",10.053,0,176606.0
"('03S', '05S', '10C')",10.053,0,176606.0
"('03S', '05S', '10D')",10.053,0,176606.0
"('03S', '05S', '10H')",10.053,0,176606.0
"('03S', '05S', '10S')",10.053,0,176606.0
"('02C', '05C', '10C')",10.052000000000001,0,173710.0
"('02C', '05C', '10D')",10.052000000000001,0,173710.0
"('02C', '05C', '10H')",10.052000000000001,0,173710.0
"('02C', '05C', '10S')",10.052000000000001,0,173710.0
"('02C', '05D', '10C')",10.052000000000001,0,173710.0
"('02C', '05D', '10D')",10.052000000000001,0,173710.0
"('02C', '05D', '10H')",10.052000000000001,0,173710.0
"('02C', '05D', '10S')",10.052000000000001,0,173710.0
"('02C', '05H', '10C')",10.052000000000001,0,173710.0
"('02C', '05H', '10D')",10.052000000000001,0,173710.0
"('02C', '05H', '10H')",10.052000000000001,0,173710.0
"('02C', '05H', '10S')",10.052000000000001,0,173710.0
"('02C', '05S', '10C')",10.052000000000001,0,173710.0
"('02C', '05S', '10D')",10.052000000000001,0,173710.0
"('02C', '05S', '10H')",10.052000000000001,0,173710.0
"('02C', '05S', '10S')",10.052000000000001,0,173710.0
"('02D', '05C', '10C')",10.052000000000001,0,173710.0
"('02D', '05C', '10D')",10.052000000000001,0,173710.0
"('02D', '05C', '10H')",10.052000000000001,0,173710.0
"('02D', '05C', '10S')",10.052000000000001,0,173710.0
"('02D', '05D', '10C')",10.052000000000001,0,173710.0
"('02D', '05D', '10D')",10.052000000000001,0,173710.0
"('02D', '05D', '10H')",10.052000000000001,0,173710.0
"('02D', '05D', '10S')",10.052000000000001,0,173710.0
"('02D', '05H', '10C')",10.052000000000001,0,173710.0
"('02D', '05H', '10D')",10.052000000000001,0,173710.0
"('02D', '05H', '10H')",10.052000000000001,0,173710.0
"('02D', '05H', '10S')",10.052000000000001,0,173710.0
"('02D', '05S', '10C')",10.052000000000001,0,173710.0
"('02D', '05S', '10D')",10.052000000000001,0,173710.0
"('02D', '05S', '10H')",10.052000000000001,0,173710.0
"('02D', '05S', '10S')",10.052000000000001,0,173710.0
"('02H', '05C', '10C')",10.052000000000001,0,173710.0
"('02H', '05C', '10D')",10.052000000000001,0,173710.0
"('02H', '05C', '10H')",10.052000000000001,0,173710.0
"('02H', '05C', '10S')",10.052000000000001,0,173710.0
"('02H', '05D', '10C')",10.052000000000001,0,173710.0
"('02H', '05D', '10D')",10.052000000000001,0,173710.0
"('02H', '05D', '10H')",10.052000000000001,0,173710.0
"('02H', '05D', '10S')",10.052000000000001,0,173710.0
"('02H', '05H', '10C')",10.052000000000001,0,173710.0
"('02H', '05H', '10D')",10.052000000000001,0,173710.0
"('02H', '05H', '10H')",10.052000000000001,0,173710.0
"('02H', '05H', '10S')",10.052000000000001,0,173710.0
"('02H', '05S', '10C')",10.052000000000001,0,173710.0
"('02H', '05S', '10D')",10.052000000000001,0,173710.0
"('02H', '05S', '10H')",10.052000000000001,0,173710.0
"('02H', '05S', '10S')",10.052000000000001,0,173710.0
"('02S', '05C', '10C')",10.052000000000001,0,173710.0
"('02S', '05C', '10D')",10.052000000000001,0,173710.0
"('02S', '05C', '10H')",10.052000000000001,0,173710.0
"('02S', '05C', '10S')",10.052000000000001,0,173710.0
"('02S', '05D', '10C')",10.052000000000001,0,173710.0
"('02S', '05D', '10D')",10.052000000000001,0,173710.0
"('02S', '05D', '10H')",10.052000000000001,0,173710.0
"('02S', '05D', '10S')",10.052000000000001,0,173710.0
"('02S', '05H', '10C')",10.052000000000001,0,173710.0
"('02S', '05H', '10D')",10.052000000000001,0,173710.0
"('02S', '05H', '10H')",10.052000000000001,0,173710.0
"('02S', '05H', '10S')",10.052000000000001,0,173710.0
"('02S', '05S', '10C')",10.052000000000001,0,173710.0
"('02S', '05S', '10D')",10.052000000000001,0,173710.0
"('02S', '05S', '10H')",10.052000000000001,0,173710.0
"('02S', '05S', '10S')",10.052000000000001,0,173710.0
"('03C', '04C', '10C')",10.043,0,170814.0
"('03C', '04C', '10D')",10.043,0,170814.0
"('03C', '04C', '10H')",10.043,0,170814.0
"('03C', '04C', '10S')",10.043,0,170814.0
"('03C', '04D', '10C')",10.043,0,170814.0
"('03C', '04D', '10D')",10.043,0,170814.0
"('03C', '04D', '10H')",10.043,0,170814.0
"('03C', '04D', '10S')",10.043,0,170814.0
"('03C', '04H', '10C')",10.043,0,170814.0
"('03C', '04H', '10D')",10.043,0,170814.0
"('03C', '04H', '10H')",10.043,0,170814.0
"('03C', '04H', '10S')",10.043,0,170814.0
"('03C', '04S', '10C')",10.043,0,170814.0
"('03C', '04S', '10D')",10.043,0,170814.0
"('03C', '04S', '10H')",10.043,0,170814.0
"('03C', '04S', '10S')",10.043,0,170814.0
"('03D', '04C', '10C')",10.043,0,170814.0
"('03D', '04C', '10D')",10.043,0,170814.0
"('03D', '04C', '10H')",10.043,0,170814.0
"('03D', '04C', '10S')",10.043,0,170814.0
"('03D', '04D', '10C')",10.043,0,170814.0
"('03D', '04D', '10D')",10.043,0,170814.0
"('03D', '04D', '10H')",10.043,0,170814.0
"('03D', '04D', '10S')",10.043,0,170814.0
"('03D', '04H', '10C')",10.043,0,170814.0
"('03D', '04H', '10D')",10.043,0,170814.0
"('03D', '04H', '10H')",10.043,0,170814.0
"('03D', '04H', '10S')",10.043,0,170814.0
"('03D', '04S', '10C')",10.043,0,170814.0
"('03D', '04S', '10D')",10.043,0,170814.0
"('03D', '04S', '10H')",10.043,0,170814.0
"('03D', '04S', '10S')",10.043,0,170814.0
"('03H', '04C', '10C')",10.043,0,170814.0
"('03H', '04C', '10D')",10.043,0,170814.0
"('03H', '04C', '10H')",10.043,0,170814.0
"('03H', '04C', '10S')",10.043,0,170814.0
"('03H', '04D', '10C')",10.043,0,170814.0
"('03H', '04D', '10D')",10.043,0,170814.0
"('03H', '04D', '10H')",10.043,0,170814.0
"('03H', '04D', '10S')",10.043,0,170814.0
"('03H', '04H', '10C')",10.043,0,170814.0
"('03H', '04H', '10D')",10.043,0,170814.0
"('03H', '04H', '10H')",10.043,0,170814.0
"('03H', '04H', '10S')",10.043,0,170814.0
"('03H', '04S', '10C')",10.043,0,170814.0
"('03H', '04S', '10D')",10.043,0,170814.0
"('03H', '04S', '10H')",10.043,0,170814.0
"('03H', '04S', '10S')",10.043,0,170814.0
"('03S', '04C', '10C')",10.043,0,170814.0
"('03S', '04C', '10D')",10.043,0,170814.0
"('03S', '04C', '10H')",10.043,0,170814.0
"('03S', '04C', '10S')",10.043,0,170814.0
"('03S', '04D', '10C')",10.043,0,170814.0
"('03S', '04D', '10D')",10.043,0,170814.0
"('03S', '04D', '10H')",10.043,0,170814.0
"('03S', '04D', '10S')",10.043,0,170814.0
"('03S', '04H', '10C')",10.043,0,170814.0
"('03S', '04H', '10D')",10.043,0,170814.0
"('03S', '04H', '10H')",10.043,0,170814.0
"('03S', '04H', '10S')",10.043,0,170814.0
"('03S', '04S', '10C')",10.043,0,170814.0
"('03S', '04S', '10D')",10.043,0,170814.0
"('03S', '04S', '10H')",10.043,0,170814.0
"('03S', '04S', '10S')",10.043,0,170814.0
"('02C', '04C', '10C')",10.042,0,167919.0
"('02C', '04C', '10D')",10.042,0,167919.0
"('02C', '04C', '10H')",10.042,0,167919.0
"('02C', '04C', '10S')",10.042,0,167919.0
"('02C', '04D', '10C')",10.042,0,167919.0
"('02C', '04D', '10D')",10.042,0,167919.0
"('02C', '04D', '10H')",10.042,0,167919.0
"('02C', '04D', '10S')",10.042,0,167919.0
"('02C', '04H', '10C')",10.042,0,167919.0
"('02C', '04H', '10D')",10.042,0,167919.0
"('02C', '04H', '10H')",10.042,0,167919.0
"('02C', '04H', '10S')",10.042,0,167919.0
"('02C', '04S', '10C')",10.042,0,167919.0
"('02C', '04S', '10D')",10.042,0,167919.0
"('02C', '04S', '10H')",10.042,0,167919.0
"('02C', '04S', '10S')",10.042,0,167919.0
"('02D', '04C', '10C')",10.042,0,167919.0
"('02D', '04C', '10D')",10.042,0,167919.0
"('02D', '04C', '10H')",10.042,0,167919.0
"('02D', '04C', '10S')",10.042,0,167919.0
"('02D', '04D', '10C')",10.042,0,167919.0
"('02D', '04D', '10D')",10.042,0,167919.0
"('02D', '04D', '10H')",10.042,0,167919.0
"('02D', '04D', '10S')",10.042,0,167919.0
"('02D', '04H', '10C')",10.042,0,167919.0
"('02D', '04H', '10D')",10.042,0,167919.0
"('02D', '04H', '10H')",10.042,0,167919.0
"('02D', '04H', '10S')",10.042,0,167919.0
"('02D', '04S', '10C')",10.042,0,167919.0
"('02D', '04S', '10D')",10.042,0,167919.0
"('02D', '04S', '10H')",10.042,0,167919.0
"('02D', '04S', '10S')",10.042,0,167919.0
"('02H', '04C', '10C')",10.042,0,167919.0
"('02H', '04C', '10D')",10.042,0,167919.0
"('02H', '04C', '10H')",10.042,0,167919.0
"('02H', '04C', '10S')",10.042,0,167919.0
"('02H', '04D', '10C')",10.042,0,167919.0
"('02H', '04D', '10D')",10.042,0,167919.0
"('02H', '04D', '10H')",10.042,0,167919.0
"('02H', '04D', '10S')",10.042,0,167919.0
"('02H', '04H', '10C')",10.042,0,167919.0
"('02H', '04H', '10D')",10.042,0,167919.0
"('02H', '04H', '10H')",10.042,0,167919.0
"('02H', '04H', '10S')",10.042,0,167919.0
"('02H', '04S', '10C')",10.042,0,167919.0
"('02H', '04S', '10D')",10.042,0,167919.0
"('02H', '04S', '10H')",10.042,0,167919.0
"('02H', '04S', '10S')",10.042,0,167919.0
"('02S', '04C', '10C')",10.042,0,167919.0
"('02S', '04C', '10D')",10.042,0,167919.0
"('02S', '04C', '10H')",10.042,0,167919.0
"('02S', '04C', '10S')",10.042,0,167919.0
"('02S', '04D', '10C')",10.042,0,167919.0
"('02S', '04D', '10D')",10.042,0,167919.0
"('02S', '04D', '10H')",10.042,0,167919.0
"('02S', '04D', '10S')",10.042,0,167919.0
"('02S', '04H', '10C')",10.042,0,167919.0
"('02S', '04H', '10D')",10.042,0,167919.0
"('02S', '04H', '10H')",10.042,0,167919.0
"('02S', '04H', '10S')",10.042,0,167919.0
"('02S', '04S', '10C')",10.042,0,167919.0
"('02S', '04S', '10D')",10.042,0,167919.0
"('02S', '04S', '10H')",10.042,0,167919.0
"('02S', '04S', '10S')",10.042,0,167919.0
"('02C', '03C', '10C')",10.032,0,165023.0
"('02C', '03C', '10D')",10.032,0,165023.0
"('02C', '03C', '10H')",10.032,0,165023.0
"('02C', '03C', '10S')",10.032,0,165023.0
"('02C', '03D', '10C')",10.032,0,165023.0
"('02C', '03D', '10D')",10.032,0,165023.0
"('02C', '03D', '10H')",10.032,0,165023.0
"('02C', '03D', '10S')",10.032,0,165023.0
"('02C', '03H', '10C')",10.032,0,165023.0
"('02C', '03H', '10D')",10.032,0,165023.0
"('02C', '03H', '10H')",10.032,0,165023.0
"('02C', '03H', '10S')",10.032,0,165023.0
"('02C', '03S', '10C')",10.032,0,165023.0
"('02C', '03S', '10D')",10.032,0,165023.0
"('02C', '03S', '10H')",10.032,0,165023.0
"('02C', '03S', '10S')",10.032,0,165023.0
"('02D', '03C', '10C')",10.032,0,165023.0
"('02D', '03C', '10D')",10.032,0,165023.0
"('02D', '03C', '10H')",10.032,0,165023.0
"('02D', '03C', '10S')",10.032,0,165023.0
"('02D', '03D', '10C')",10.032,0,165023.0
"('02D', '03D', '10D')",10.032,0,165023.0
"('02D', '03D', '10H')",10.032,0,165023.0
"('02D', '03D', '10S')",10.032,0,165023.0
"('02D', '03H', '10C')",10.032,0,165023.0
"('02D', '03H', '10D')",10.032,0,165023.0
"('02D', '03H', '10H')",10.032,0,165023.0
"('02D', '03H', '10S')",10.032,0,165023.0
"('02D', '03S', '10C')",10.032,0,165023.0
"('02D', '03S', '10D')",10.032,0,165023.0
"('02D', '03S', '10H')",10.032,0,165023.0
"('02D', '03S', '10S')",10.032,0,165023.0
"('02H', '03C', '10C')",10.032,0,165023.0
"('02H', '03C', '10D')",10.032,0,165023.0
"('02H', '03C', '10H')",10.032,0,165023.0
"('02H', '03C', '10S')",10.032,0,165023.0
"('02H', '03D', '10C')",10.032,0,165023.0
"('02H', '03D', '10D')",10.032,0,165023.0
"('02H', '03D', '10H')",10.032,0,165023.0
"('02H', '03D', '10S')",10.032,0,165023.0
"('02H', '03H', '10C')",10.032,0,165023.0
"('02H', '03H', '10D')",10.032,0,165023.0
"('02H', '03H', '10H')",10.032,0,165023.0
"('02H', '03H', '10S')",10.032,0,165023.0
"('02H', '03S', '10C')",10.032,0,165023.0
"('02H', '03S', '10D')",10.032,0,165023.0
"('02H', '03S', '10H')",10.032,0,165023.0
"('02H', '03S', '10S')",10.032,0,165023.0
"('02S', '03C', '10C')",10.032,0,165023.0
"('02S', '03C', '10D')",10.032,0,165023.0
"('02S', '03C', '10H')",10.032,0,165023.0
"('02S', '03C', '10S')",10.032,0,165023.0
"('02S', '03D', '10C')",10.032,0,165023.0
"('02S', '03D', '10D')",10.032,0,165023.0
"('02S', '03D', '10H')",10.032,0,165023.0
"('02S', '03D', '10S')",10.032,0,165023.0
"('02S', '03H', '10C')",10.032,0,165023.0
"('02S', '03H', '10D')",10.032,0,165023.0
"('02S', '03H', '10H')",10.032,0,165023.0
"('02S', '03H', '10S')",10.032,0,165023.0
"('02S', '03S', '10C')",10.032,0,165023.0
"('02S', '03S', '10D')",10.032,0,165023.0
"('02S', '03S', '10H')",10.032,0,165023.0
"('02S', '03S', '10S')",10.032,0,165023.0
"('07C', '08C', '09C')",9.087,4,162127.0
"('07C', '08C', '09D')",9.087,4,162127.0
"('07C', '08C', '09H')",9.087,4,162127.0
"('07C', '08C', '09S')",9.087,4,162127.0
"('07C', '08D', '09C')",9.087,4,162127.0
"('07C', '08D', '09D')",9.087,4,162127.0
"('07C', '08D', '09H')",9.087,4,162127.0
"('07C', '08D', '09S')",9.087,4,162127.0
"('07C', '08H', '09C')",9.087,4,162127.0
"('07C', '08H', '09D')",9.087,4,162127.0
"('07C', '08H', '09H')",9.087,4,162127.0
"('07C', '08H', '09S')",9.087,4,162127.0
"('07C', '08S', '09C')",9.087,4,162127.0
"('07C', '08S', '09D')",9.087,4,162127.0
"('07C', '08S', '09H')",9.087,4,162127.0
"('07C', '08S', '09S')",9.087,4,162127.0
"('07D', '08C', '09C')",9.087,4,162127.0
"('07D', '08C', '09D')",9.087,4,162127.0
"('07D', '08C', '09H')",9.087,4,162127.0
"('07D', '08C', '09S')",9.087,4,162127.0
"('07D', '08D', '09C')",9.087,4,162127.0
"('07D', '08D', '09D')",9.087,4,162127.0
"('07D', '08D', '09H')",9.087,4,162127.0
"('07D', '08D', '09S')",9.087,4,162127.0
"('07D', '08H', '09C')",9.087,4,162127.0
"('07D', '08H', '09D')",9.087,4,162127.0
"('07D', '08H', '09H')",9.087,4,162127.0
"('07D', '08H', '09S')",9.087,4,162127.0
"('07D', '08S', '09C')",9.087,4,162127.0
"('07D', '08S', '09D')",9.087,4,162127.0
"('07D', '08S', '09H')",9.087,4,162127.0
"('07D', '08S', '09S')",9.087,4,162127.0
"('07H', '08C', '09C')",9.087,4,162127.0
"('07H', '08C', '09D')",9.087,4,162127.0
"('07H', '08C', '09H')",9.087,4,162127.0
"('07H', '08C', '09S')",9.087,4,162127.0
"('07H', '08D', '09C')",9.087,4,162127.0
"('07H', '08D', '09D')",9.087,4,162127.0
"('07H', '08D', '09H')",9.087,4,162127.0
"('07H', '08D', '09S')",9.087,4,162127.0
"('07H', '08H', '09C')",9.087,4,162127.0
"('07H', '08H', '09D')",9.087,4,162127.0
"('07H', '08H', '09H')",9.087,4,162127.0
"('07H', '08H', '09S')",9.087,4,162127.0
"('07H', '08S', '09C')",9.087,4,162127.0
"('07H', '08S', '09D')",9.087,4,162127.0
"('07H', '08S', '09H')",9.087,4,162127.0
"('07H', '08S', '09S')",9.087,4,162127.0
"('07S', '08C', '09C')",9.087,4,162127.0
"('07S', '08C', '09D')",9.087,4,162127.0
"('07S', '08C', '09H')",9.087,4,162127.0
"('07S', '08C', '09S')",9.087,4,162127.0
"('07S', '08D', '09C')",9.087,4,162127.0
"('07S', '08D', '09D')",9.087,4,162127.0
"('07S', '08D', '09H')",9.087,4,162127.0
"('07S', '08D', '09S')",9.087,4,162127.0
"('07S', '08H', '09C')",9.087,4,162127.0
"('07S', '08H', '09D')",9.087,4,162127.0
"('07S', '08H', '09H')",9.087,4,162127.0
"('07S', '08H', '09S')",9.087,4,162127.0
"('07S', '08S', '09C')",9.087,4,162127.0
"('07S', '08S', '09D')",9.087,4,162127.0
"('07S', '08S', '09H')",9.087,4,162127.0
"('07S', '08S', '09S')",9.087,4,162127.0
"('06C', '08C', '09C')",9.086,0,159231.0
"('06C', '08C', '09D')",9.086,0,159231.0
"('06C', '08C', '09H')",9.086,0,159231.0
"('06C', '08C', '09S')",9.086,0,159231.0
"('06C', '08D', '09C')",9.086,0,159231.0
"('06C', '08D', '09D')",9.086,0,159231.0
"('06C', '08D', '09H')",9.086,0,159231.0
"('06C', '08D', '09S')",9.086,0,159231.0
"('06C', '08H', '09C')",9.086,0,159231.0
"('06C', '08H', '09D')",9.086,0,159231.0
"('06C', '08H', '09H')",9.086,0,159231.0
"('06C', '08H', '09S')",9.086,0,159231.0
"('06C', '08S', '09C')",9.086,0,159231.0
"('06C', '08S', '09D')",9.086,0,159231.0
"('06C', '08S', '09H')",9.086,0,159231.0
"('06C', '08S', '09S')",9.086,0,159231.0
"('06D', '08C', '09C')",9.086,0,159231.0
"('06D', '08C', '09D')",9.086,0,159231.0
"('06D', '08C', '09H')",9.086,0,159231.0
"('06D', '08C', '09S')",9.086,0,159231.0
"('06D', '08D', '09C')",9.086,0,159231.0
"('06D', '08D', '09D')",9.086,0,159231.0
"('06D', '08D', '09H')",9.086,0,159231.0
"('06D', '08D', '09S')",9.086,0,159231.0
"('06D', '08H', '09C')",9.086,0,159231.0
"('06D', '08H', '09D')",9.086,0,159231.0
"('06D', '08H', '09H')",9.086,0,159231.0
"('06D', '08H', '09S')",9.086,0,159231.0
"('06D', '08S', '09C')",9.086,0,159231.0
"('06D', '08S', '09D')",9.086,0,159231.0
"('06D', '08S', '09H')",9.086,0,159231.0
"('06D', '08S', '09S')",9.086,0,159231.0
"('06H', '08C', '09C')",9.086,0,159231.0
"('06H', '08C', '09D')",9.086,0,159231.0
"('06H', '08C', '09H')",9.086,0,159231.0
"('06H', '08C', '09S')",9.086,0,159231.0
"('06H', '08D', '09C')",9.086,0,159231.0
"('06H', '08D', '09D')",9.086,0,159231.0
"('06H', '08D', '09H')",9.086,0,159231.0
"('06H', '08D', '09S')",9.086,0,159231.0
"('06H', '08H', '09C')",9.086,0,159231.0
"('06H', '08H', '09D')",9.086,0,159231.0
"('06H', '08H', '09H')",9.086,0,159231.0
"('06H', '08H', '09S')",9.086,0,159231.0
"('06H', '08S', '09C')",9.086,0,159231.0
"('06H', '08S', '09D')",9.086,0,159231.0
"('06H', '08S', '09H')",9.086,0,159231.0
"('06H', '08S', '09S')",9.086,0,159231.0
"('06S', '08C', '09C')",9.086,0,159231.0
"('06S', '08C', '09D')",9.086,0,159231.0
"('06S', '08C', '09H')",9.086,0,159231.0
"('06S', '08C', '09S')",9.086,0,159231.0
"('06S', '08D', '09C')",9.086,0,159231.0
"('06S', '08D', '09D')",9.086,0,159231.0
"('06S', '08D', '09H')",9.086,0,159231.0
"('06S', '08D', '09S')",9.086,0,159231.0
"('06S', '08H', '09C')",9.086,0,159231.0
"('06S', '08H', '09D')",9.086,0,159231.0
"('06S', '08H', '09H')",9.086,0,159231.0
"('06S', '08H', '09S')",9.086,0,159231.0
"('06S', '08S', '09C')",9.086,0,159231.0
"('06S', '08S', '09D')",9.086,0,159231.0
"('06S', '08S', '09H')",9.086,0,159231.0
"('06S', '08S', '09S')",9.086,0,159231.0
"('05C', '08C', '09C')",9.085,0,156335.0
"('05C', '08C', '09D')",9.085,0,156335.0
"('05C', '08C', '09H')",9.085,0,156335.0
"('05C', '08C', '09S')",9.085,0,156335.0
"('05C', '08D', '09C')",9.085,0,156335.0
"('05C', '08D', '09D')",9.085,0,156335.0
"('05C', '08D', '09H')",9.085,0,156335.0
"('05C', '08D', '09S')",9.085,0,156335.0
"('05C', '08H', '09C')",9.085,0,156335.0
"('05C', '08H', '09D')",9.085,0,156335.0
"('05C', '08H', '09H')",9.085,0,156335.0
"('05C', '08H', '09S')",9.085,0,156335.0
"('05C', '08S', '09C')",9.085,0,156335.0
"('05C', '08S', '09D')",9.085,0,156335.0
"('05C', '08S', '09H')",9.085,0,156335.0
"('05C', '08S', '09S')",9.085,0,156335.0
"('05D', '08C', '09C')",9.085,0,156335.0
"('05D', '08C', '09D')",9.085,0,156335.0
"('05D', '08C', '09H')",9.085,0,156335.0
"('05D', '08C', '09S')",9.085,0,156335.0
"('05D', '08D', '09C')",9.085,0,156335.0
"('05D', '08D', '09D')",9.085,0,156335.0
"('05D', '08D', '09H')",9.085,0,156335.0
"('05D', '08D', '09S')",9.085,0,156335.0
"('05D', '08H', '09C')",9.085,0,156335.0
"('05D', '08H', '09D')",9.085,0,156335.0
"('05D', '08H', '09H')",9.085,0,156335.0
"('05D', '08H', '09S')",9.085,0,156335.0
"('05D', '08S', '09C')",9.085,0,156335.0
"('05D', '08S', '09D')",9.085,0,156335.0
"('05D', '08S', '09H')",9.085,0,156335.0
"('05D', '08S', '09S')",9.085,0,156335.0
"('05H', '08C', '09C')",9.085,0,156335.0
"('05H', '08C', '09D')",9.085,0,156335.0
"('05H', '08C', '09H')",9.085,0,156335.0
"('05H', '08C', '09S')",9.085,0,156335.0
"('05H', '08D', '09C')",9.085,0,156335.0
"('05H', '08D', '09D')",9.085,0,156335.0
"('05H', '08D', '09H')",9.085,0,156335.0
"('05H', '08D', '09S')",9.085,0,156335.0
"('05H', '08H', '09C')",9.085,0,156335.0
"('05H', '08H', '09D')",9.085,0,156335.0
"('05H', '08H', '09H')",9.085,0,156335.0
"('05H', '08H', '09S')",9.085,0,156335.0
"('05H', '08S', '09C')",9.085,0,156335.0
"('05H', '08S', '09D')",9.085,0,156335.0
"('05H', '08S', '09H')",9.085,0,156335.0
"('05H', '08S', '09S')",9.085,0,156335.0
"('05S', '08C', '09C')",9.085,0,156335.0
"('05S', '08C', '09D')",9.085,0,156335.0
"('05S', '08C', '09H')",9.085,0,156335.0
"('05S', '08C', '09S')",9.085,0,156335.0
"('05S', '08D', '09C')",9.085,0,156335.0
"('05S', '08D', '09D')",9.085,0,156335.0
"('05S', '08D', '09H')",9.085,0,156335.0
"('05S', '08D', '09S')",9.085,0,156335.0
"('05S', '08H', '09C')",9.085,0,156335.0
"('05S', '08H', '09D')",9.085,0,156335.0
"('05S', '08H', '09H')",9.085,0,156335.0
"('05S', '08H', '09S')",9.085,0,156335.0
"('05S', '08S', '09C')",9.085,0,156335.0
"('05S', '08S', '09D')",9.085,0,156335.0
"('05S', '08S', '09H')",9.085,0,156335.0
"('05S', '08S', '09S')",9.085,0,156335.0
"('04C', '08C', '09C')",9.084,0,153439.0
"('04C', '08C', '09D')",9.084,0,153439.0
"('04C', '08C', '09H')",9.084,0,153439.0
"('04C', '08C', '09S')",9.084,0,153439.0
"('04C', '08D', '09C')",9.084,0,153439.0
"('04C', '08D', '09D')",9.084,0,153439.0
"('04C', '08D', '09H')",9.084,0,153439.0
"('04C', '08D', '09S')",9.084,0,153439.0
"('04C', '08H', '09C')",9.084,0,153439.0
"('04C', '08H', '09D')",9.084,0,153439.0
"('04C', '08H', '09H')",9.084,0,153439.0
"('04C', '08H', '09S')",9.084,0,153439.0
"('04C', '08S', '09C')",9.084,0,153439.0
"('04C', '08S', '09D')",9.084,0,153439.0
"('04C', '08S', '09H')",9.084,0,153439.0
"('04C', '08S', '09S')",9.084,0,153439.0
"('04D', '08C', '09C')",9.084,0,153439.0
"('04D', '08C', '09D')",9.084,0,153439.0
"('04D', '08C', '09H')",9.084,0,153439.0
"('04D', '08C', '09S')",9.084,0,153439.0
"('04D', '08D', '09C')",9.084,0,153439.0
"('04D', '08D', '09D')",9.084,0,153439.0
"('04D', '08D', '09H')",9.084,0,153439.0
"('04D', '08D', '09S')",9.084,0,153439.0
"('04D', '08H', '09C')",9.084,0,153439.0
"('04D', '08H', '09D')",9.084,0,153439.0
"('04D', '08H', '09H')",9.084,0,153439.0
"('04D', '08H', '09S')",9.084,0,153439.0
"('04D', '08S', '09C')",9.084,0,153439.0
"('04D', '08S', '09D')",9.084,0,153439.0
"('04D', '08S', '09H')",9.084,0,153439.0
"('04D', '08S', '09S')",9.084,0,153439.0
"('04H', '08C', '09C')",9.084,0,153439.0
"('04H', '08C', '09D')",9.084,0,153439.0
"('04H', '08C', '09H')",9.084,0,153439.0
"('04H', '08C', '09S')",9.084,0,153439.0
"('04H', '08D', '09C')",9.084,0,153439.0
"('04H', '08D', '09D')",9.084,0,153439.0
"('04H', '08D', '09H')",9.084,0,153439.0
"('04H', '08D', '09S')",9.084,0,153439.0
"('04H', '08H', '09C')",9.084,0,153439.0
"('04H', '08H', '09D')",9.084,0,153439.0
"('04H', '08H', '09H')",9.084,0,153439.0
"('04H', '08H', '09S')",9.084,0,153439.0
"('04H', '08S', '09C')",9.084,0,153439.0
"('04H', '08S', '09D')",9.084,0,153439.0
"('04H', '08S', '09H')",9.084,0,153439.0
"('04H', '08S', '09S')",9.084,0,153439.0
"('04S', '08C', '09C')",9.084,0,153439.0
"('04S', '08C', '09D')",9.084,0,153439.0
"('04S', '08C', '09H')",9.084,0,153439.0
"('04S', '08C', '09S')",9.084,0,153439.0
"('04S', '08D', '09C')",9.084,0,153439.0
"('04S', '08D', '09D')",9.084,0,153439.0
"('04S', '08D', '09H')",9.084,0,153439.0
"('04S', '08D', '09S')",9.084,0,153439.0
"('04S', '08H', '09C')",9.084,0,153439.0
"('04S', '08H', '09D')",9.084,0,153439.0
"('04S', '08H', '09H')",9.084,0,153439.0
"('04S', '08H', '09S')",9.084,0,153439.0
"('04S', '08S', '09C')",9.084,0,153439.0
"('04S', '08S', '09D')",9.084,0,153439.0
"('04S', '08S', '09H')",9.084,0,153439.0
"('04S', '08S', '09S')",9.084,0,153439.0
"('03C', '08C', '09C')",9.083,0,150543.0
"('03C', '08C', '09D')",9.083,0,150543.0
"('03C', '08C', '09H')",9.083,0,150543.0
"('03C', '08C', '09S')",9.083,0,150543.0
"('03C', '08D', '09C')",9.083,0,150543.0
"('03C', '08D', '09D')",9.083,0,150543.0
"('03C', '08D', '09H')",9.083,0,150543.0
"('03C', '08D', '09S')",9.083,0,150543.0
"('03C', '08H', '09C')",9.083,0,150543.0
"('03C', '08H', '09D')",9.083,0,150543.0
"('03C', '08H', '09H')",9.083,0,150543.0
"('03C', '08H', '09S')",9.083,0,150543.0
"('03C', '08S', '09C')",9.083,0,150543.0
"('03C', '08S', '09D')",9.083,0,150543.0
"('03C', '08S', '09H')",9.083,0,150543.0
"('03C', '08S', '09S')",9.083,0,150543.0
"('03D', '08C', '09C')",9.083,0,150543.0
"('03D', '08C', '09D')",9.083,0,150543.0
"('03D', '08C', '09H')",9.083,0,150543.0
"('03D', '08C', '09S')",9.083,0,150543.0
"('03D', '08D', '09C')",9.083,0,150543.0
"('03D', '08D', '09D')",9.083,0,150543.0
"('03D', '08D', '09H')",9.083,0,150543.0
"('03D', '08D', '09S')",9.083,0,150543.0
"('03D', '08H', '09C')",9.083,0,150543.0
"('03D', '08H', '09D')",9.083,0,150543.0
"('03D', '08H', '09H')",9.083,0,150543.0
"('03D', '08H', '09S')",9.083,0,150543.0
"('03D', '08S', '09C')",9.083,0,150543.0
"('03D', '08S', '09D')",9.083,0,150543.0
"('03D', '08S', '09H')",9.083,0,150543.0
"('03D', '08S', '09S')",9.083,0,150543.0
"('03H', '08C', '09C')",9.083,0,150543.0
"('03H', '08C', '09D')",9.083,0,150543.0
"('03H', '08C', '09H')",9.083,0,150543.0
"('03H', '08C', '09S')",9.083,0,150543.0
"('03H', '08D', '09C')",9.083,0,150543.0
"('03H', '08D', '09D')",9.083,0,150543.0
"('03H', '08D', '09H')",9.083,0,150543.0
"('03H', '08D', '09S')",9.083,0,150543.0
"('03H', '08H', '09C')",9.083,0,150543.0
"('03H', '08H', '09D')",9.083,0,150543.0
"('03H', '08H', '09H')",9.083,0,150543.0
"('03H', '08H', '09S')",9.083,0,150543.0
"('03H', '08S', '09C')",9.083,0,150543.0
"('03H', '08S', '09D')",9.083,0,150543.0
"('03H', '08S', '09H')",9.083,0,150543.0
"('03H', '08S', '09S')",9.083,0,150543.0
"('03S', '08C', '09C')",9.083,0,150543.0
"('03S', '08C', '09D')",9.083,0,150543.0
"('03S', '08C', '09H')",9.083,0,150543.0
"('03S', '08C', '09S')",9.083,0,150543.0
"('03S', '08D', '09C')",9.083,0,150543.0
"('03S', '08D', '09D')",9.083,0,150543.0
"('03S', '08D', '09H')",9.083,0,150543.0
"('03S', '08D', '09S')",9.083,0,150543.0
"('03S', '08H', '09C')",9.083,0,150543.0
"('03S', '08H', '09D')",9.083,0,150543.0
"('03S', '08H', '09H')",9.083,0,150543.0
"('03S', '08H', '09S')",9.083,0,150543.0
"('03S', '08S', '09C')",9.083,0,150543.0
"('03S', '08S', '09D')",9.083,0,150543.0
"('03S', '08S', '09H')",9.083,0,150543.0
"('03S', '08S', '09S')",9.083,0,150543.0
"('02C', '08C', '09C')",9.082,0,147647.0
"('02C', '08C', '09D')",9.082,0,147647.0
"('02C', '08C', '09H')",9.082,0,147647.0
"('02C', '08C', '09S')",9.082,0,147647.0
"('02C', '08D', '09C')",9.082,0,147647.0
"('02C', '08D', '09D')",9.082,0,147647.0
"('02C', '08D', '09H')",9.082,0,147647.0
"('02C', '08D', '09S')",9.082,0,147647.0
"('02C', '08H', '09C')",9.082,0,147647.0
"('02C', '08H', '09D')",9.082,0,147647.0
"('02C', '08H', '09H')",9.082,0,147647.0
"('02C', '08H', '09S')",9.082,0,147647.0
"('02C', '08S', '09C')",9.082,0,147647.0
"('02C', '08S', '09D')",9.082,0,147647.0
"('02C', '08S', '09H')",9.082,0,147647.0
"('02C', '08S', '09S')",9.082,0,147647.0
"('02D', '08C', '09C')",9.082,0,147647.0
"('02D', '08C', '09D')",9.082,0,147647.0
"('02D', '08C', '09H')",9.082,0,147647.0
"('02D', '08C', '09S')",9.082,0,147647.0
"('02D', '08D', '09C')",9.082,0,147647.0
"('02D', '08D', '09D')",9.082,0,147647.0
"('02D', '08D', '09H')",9.082,0,147647.0
"('02D', '08D', '09S')",9.082,0,147647.0
"('02D', '08H', '09C')",9.082,0,147647.0
"('02D', '08H', '09D')",9.082,0,147647.0
"('02D', '08H', '09H')",9.082,0,147647.0
"('02D', '08H', '09S')",9.082,0,147647.0
"('02D', '08S', '09C')",9.082,0,147647.0
"('02D', '08S', '09D')",9.082,0,147647.0
"('02D', '08S', '09H')",9.082,0,147647.0
"('02D', '08S', '09S')",9.082,0,147647.0
"('02H', '08C', '09C')",9.082,0,147647.0
"('02H', '08C', '09D')",9.082,0,147647.0
"('02H', '08C', '09H')",9.082,0,147647.0
"('02H', '08C', '09S')",9.082,0,147647.0
"('02H', '08D', '09C')",9.082,0,147647.0
"('02H', '08D', '09D')",9.082,0,147647.0
"('02H', '08D', '09H')",9.082,0,147647.0
"('02H', '08D', '09S')",9.082,0,147647.0
"('02H', '08H', '09C')",9.082,0,147647.0
"('02H', '08H', '09D')",9.082,0,147647.0
"('02H', '08H', '09H')",9.082,0,147647.0
"('02H', '08H', '09S')",9.082,0,147647.0
"('02H', '08S', '09C')",9.082,0,147647.0
"('02H', '08S', '09D')",9.082,0,147647.0
"('02H', '08S', '09H')",9.082,0,147647.0
"('02H', '08S', '09S')",9.082,0,147647.0
"('02S', '08C', '09C')",9.082,0,147647.0
"('02S', '08C', '09D')",9.082,0,147647.0
"('02S', '08C', '09H')",9.082,0,147647.0
"('02S', '08C', '09S')",9.082,0,147647.0
"('02S', '08D', '09C')",9.082,0,147647.0
"('02S', '08D', '09D')",9.082,0,147647.0
"('02S', '08D', '09H')",9.082,0,147647.0
"('02S', '08D', '09S')",9.082,0,147647.0
"('02S', '08H', '09C')",9.082,0,147647.0
"('02S', '08H', '09D')",9.082,0,147647.0
"('02S', '08H', '09H')",9.082,0,147647.0
"('02S', '08H', '09S')",9.082,0,147647.0
"('02S', '08S', '09C')",9.082,0,147647.0
"('02S', '08S', '09D')",9.082,0,147647.0
"('02S', '08S', '09H')",9.082,0,147647.0
"('02S', '08S', '09S')",9.082,0,147647.0
"('06C', '07C', '09C')",9.076,0,144751.0
"('06C', '07C', '09D')",9.076,0,144751.0
"('06C', '07C', '09H')",9.076,0,144751.0
"('06C', '07C', '09S')",9.076,0,144751.0
"('06C', '07D', '09C')",9.076,0,144751.0
"('06C', '07D', '09D')",9.076,0,144751.0
"('06C', '07D', '09H')",9.076,0,144751.0
"('06C', '07D', '09S')",9.076,0,144751.0
"('06C', '07H', '09C')",9.076,0,144751.0
"('06C', '07H', '09D')",9.076,0,144751.0
"('06C', '07H', '09H')",9.076,0,144751.0
"('06C', '07H', '09S')",9.076,0,144751.0
"('06C', '07S', '09C')",9.076,0,144751.0
"('06C', '07S', '09D')",9.076,0,144751.0
"('06C', '07S', '09H')",9.076,0,144751.0
"('06C', '07S', '09S')",9.076,0,144751.0
"('06D', '07C', '09C')",9.076,0,144751.0
"('06D', '07C', '09D')",9.076,0,144751.0
"('06D', '07C', '09H')",9.076,0,144751.0
"('06D', '07C', '09S')",9.076,0,144751.0
"('06D', '07D', '09C')",9.076,0,144751.0
"('06D', '07D', '09D')",9.076,0,144751.0
"('06D', '07D', '09H')",9.076,0,144751.0
"('06D', '07D', '09S')",9.076,0,144751.0
"('06D', '07H', '09C')",9.076,0,144751.0
"('06D', '07H', '09D')",9.076,0,144751.0
"('06D', '07H', '09H')",9.076,0,144751.0
"('06D', '07H', '09S')",9.076,0,144751.0
"('06D', '07S', '09C')",9.076,0,144751.0
"('06D', '07S', '09D')",9.076,0,144751.0
"('06D', '07S', '09H')",9.076,0,144751.0
"('06D', '07S', '09S')",9.076,0,144751.0
"('06H', '07C', '09C')",9.076,0,144751.0
"('06H', '07C', '09D')",9.076,0,144751.0
"('06H', '07C', '09H')",9.076,0,144751.0
"('06H', '07C', '09S')",9.076,0,144751.0
"('06H', '07D', '09C')",9.076,0,144751.0
"('06H', '07D', '09D')",9.076,0,144751.0
"('06H', '07D', '09H')",9.076,0,144751.0
"('06H', '07D', '09S')",9.076,0,144751.0
"('06H', '07H', '09C')",9.076,0,144751.0
"('06H', '07H', '09D')",9.076,0,144751.0
"('06H', '07H', '09H')",9.076,0,144751.0
"('06H', '07H', '09S')",9.076,0,144751.0
"('06H', '07S', '09C')",9.076,0,144751.0
"('06H', '07S', '09D')",9.076,0,144751.0
"('06H', '07S', '09H')",9.076,0,144751.0
"('06H', '07S', '09S')",9.076,0,144751.0
"('06S', '07C', '09C')",9.076,0,144751.0
"('06S', '07C', '09D')",9.076,0,144751.0
"('06S', '07C', '09H')",9.076,0,144751.0
"('06S', '07C', '09S')",9.076,0,144751.0
"('06S', '07D', '09C')",9.076,0,144751.0
"('06S', '07D', '09D')",9.076,0,144751.0
"('06S', '07D', '09H')",9.076,0,144751.0
"('06S', '07D', '09S')",9.076,0,144751.0
"('06S', '07H', '09C')",9.076,0,144751.0
"('06S', '07H', '09D')",9.076,0,144751.0
"('06S', '07H', '09H')",9.076,0,144751.0
"('06S', '07H', '09S')",9.076,0,144751.0
"('06S', '07S', '09C')",9.076,0,144751.0
"('06S', '07S', '09D')",9.076,0,144751.0
"('06S', '07S', '09H')",9.076,0,144751.0
"('06S', '07S', '09S')",9.076,0,144751.0
"('05C', '07C', '09C')",9.075000000000001,0,141855.0
"('05C', '07C', '09D')",9.075000000000001,0,141855.0
"('05C', '07C', '09H')",9.075000000000001,0,141855.0
"('05C', '07C', '09S')",9.075000000000001,0,141855.0
"('05C', '07D', '09C')",9.075000000000001,0,141855.0
"('05C', '07D', '09D')",9.075000000000001,0,141855.0
"('05C', '07D', '09H')",9.075000000000001,0,141855.0
"('05C', '07D', '09S')",9.075000000000001,0,141855.0
"('05C', '07H', '09C')",9.075000000000001,0,141855.0
"('05C', '07H', '09D')",9.075000000000001,0,141855.0
"('05C', '07H', '09H')",9.075000000000001,0,141855.0
"('05C', '07H', '09S')",9.075000000000001,0,141855.0
"('05C', '07S', '09C')",9.075000000000001,0,141855.0
"('05C', '07S', '09D')",9.075000000000001,0,141855.0
"('05C', '07S', '09H')",9.075000000000001,0,141855.0
"('05C', '07S', '09S')",9.075000000000001,0,141855.0
"('05D', '07C', '09C')",9.075000000000001,0,141855.0
"('05D', '07C', '09D')",9.075000000000001,0,141855.0
"('05D', '07C', '09H')",9.075000000000001,0,141855.0
"('05D', '07C', '09S')",9.075000000000001,0,141855.0
"('05D', '07D', '09C')",9.075000000000001,0,141855.0
"('05D', '07D', '09D')",9.075000000000001,0,141855.0
"('05D', '07D', '09H')",9.075000000000001,0,141855.0
"('05D', '07D', '09S')",9.075000000000001,0,141855.0
"('05D', '07H', '09C')",9.075000000000001,0,141855.0
"('05D', '07H', '09D')",9.075000000000001,0,141855.0
"('05D', '07H', '09H')",9.075000000000001,0,141855.0
"('05D', '07H', '09S')",9.075000000000001,0,141855.0
"('05D', '07S', '09C')",9.075000000000001,0,141855.0
"('05D', '07S', '09D')",9.075000000000001,0,141855.0
"('05D', '07S', '09H')",9.075000000000001,0,141855.0
"('05D', '07S', '09S')",9.075000000000001,0,141855.0
"('05H', '07C', '09C')",9.075000000000001,0,141855.0
"('05H', '07C', '09D')",9.075000000000001,0,141855.0
"('05H', '07C', '09H')",9.075000000000001,0,141855.0
"('05H', '07C', '09S')",9.075000000000001,0,141855.0
"('05H', '07D', '09C')",9.075000000000001,0,141855.0
"('05H', '07D', '09D')",9.075000000000001,0,141855.0
"('05H', '07D', '09H')",9.075000000000001,0,141855.0
"('05H', '07D', '09S')",9.075000000000001,0,141855.0
"('05H', '07H', '09C')",9.075000000000001,0,141855.0
"('05H', '07H', '09D')",9.075000000000001,0,141855.0
"('05H', '07H', '09H')",9.075000000000001,0,141855.0
"('05H', '07H', '09S')",9.075000000000001,0,141855.0
"('05H', '07S', '09C')",9.075000000000001,0,141855.0
"('05H', '07S', '09D')",9.075000000000001,0,141855.0
"('05H', '07S', '09H')",9.075000000000001,0,141855.0
"('05H', '07S', '09S')",9.075000000000001,0,141855.0
"('05S', '07C', '09C')",9.075000000000001,0,141855.0
"('05S', '07C', '09D')",9.075000000000001,0,141855.0
"('05S', '07C', '09H')",9.075000000000001,0,141855.0
"('05S', '07C', '09S')",9.075000000000001,0,141855.0
"('05S', '07D', '09C')",9.075000000000001,0,141855.0
"('05S', '07D', '09D')",9.075000000000001,0,141855.0
"('05S', '07D', '09H')",9.075000000000001,0,141855.0
"('05S', '07D', '09S')",9.075000000000001,0,141855.0
"('05S', '07H', '09C')",9.075000000000001,0,141855.0
"('05S', '07H', '09D')",9.075000000000001,0,141855.0
"('05S', '07H', '09H')",9.075000000000001,0,141855.0
"('05S', '07H', '09S')",9.075000000000001,0,141855.0
"('05S', '07S', '09C')",9.075000000000001,0,141855.0
"('05S', '07S', '09D')",9.075000000000001,0,141855.0
"('05S', '07S', '09H')",9.075000000000001,0,141855.0
"('05S', '07S', '09S')",9.075000000000001,0,141855.0
"('04C', '07C', '09C')",9.074,0,138959.0
"('04C', '07C', '09D')",9.074,0,138959.0
"('04C', '07C', '09H')",9.074,0,138959.0
"('04C', '07C', '09S')",9.074,0,138959.0
"('04C', '07D', '09C')",9.074,0,138959.0
"('04C', '07D', '09D')",9.074,0,138959.0
"('04C', '07D', '09H')",9.074,0,138959.0
"('04C', '07D', '09S')",9.074,0,138959.0
"('04C', '07H', '09C')",9.074,0,138959.0
"('04C', '07H', '09D')",9.074,0,138959.0
"('04C', '07H', '09H')",9.074,0,138959.0
"('04C', '07H', '09S')",9.074,0,138959.0
"('04C', '07S', '09C')",9.074,0,138959.0
"('04C', '07S', '09D')",9.074,0,138959.0
"('04C', '07S', '09H')",9.074,0,138959.0
"('04C', '07S', '09S')",9.074,0,138959.0
"('04D', '07C', '09C')",9.074,0,138959.0
"('04D', '07C', '09D')",9.074,0,138959.0
"('04D', '07C', '09H')",9.074,0,138959.0
"('04D', '07C', '09S')",9.074,0,138959.0
"('04D', '07D', '09C')",9.074,0,138959.0
"('04D', '07D', '09D')",9.074,0,138959.0
"('04D', '07D', '09H')",9.074,0,138959.0
"('04D', '07D', '09S')",9.074,0,138959.0
"('04D', '07H', '09C')",9.074,0,138959.0
"('04D', '07H', '09D')",9.074,0,138959.0
"('04D', '07H', '09H')",9.074,0,138959.0
"('04D', '07H', '09S')",9.074,0,138959.0
"('04D', '07S', '09C')",9.074,0,138959.0
"('04D', '07S', '09D')",9.074,0,138959.0
"('04D', '07S', '09H')",9.074,0,138959.0
"('04D', '07S', '09S')",9.074,0,138959.0
"('04H', '07C', '09C')",9.074,0,138959.0
"('04H', '07C', '09D')",9.074,0,138959.0
"('04H', '07C', '09H')",9.074,0,138959.0
"('04H', '07C', '09S')",9.074,0,138959.0
"('04H', '07D', '09C')",9.074,0,138959.0
"('04H', '07D', '09D')",9.074,0,138959.0
"('04H', '07D', '09H')",9.074,0,138959.0
"('04H', '07D', '09S')",9.074,0,138959.0
"('04H', '07H', '09C')",9.074,0,138959.0
"('04H', '07H', '09D')",9.074,0,138959.0
"('04H', '07H', '09H')",9.074,0,138959.0
"('04H', '07H', '09S')",9.074,0,138959.0
"('04H', '07S', '09C')",9.074,0,138959.0
"('04H', '07S', '09D')",9.074,0,138959.0
"('04H', '07S', '09H')",9.074,0,138959.0
"('04H', '07S', '09S')",9.074,0,138959.0
"('04S', '07C', '09C')",9.074,0,138959.0
"('04S', '07C', '09D')",9.074,0,138959.0
"('04S', '07C', '09H')",9.074,0,138959.0
"('04S', '07C', '09S')",9.074,0,138959.0
"('04S', '07D', '09C')",9.074,0,138959.0
"('04S', '07D', '09D')",9.074,0,138959.0
"('04S', '07D', '09H')",9.074,0,138959.0
"('04S', '07D', '09S')",9.074,0,138959.0
"('04S', '07H', '09C')",9.074,0,138959.0
"('04S', '07H', '09D')",9.074,0,138959.0
"('04S', '07H', '09H')",9.074,0,138959.0
"('04S', '07H', '09S')",9.074,0,138959.0
"('04S', '07S', '09C')",9.074,0,138959.0
"('04S', '07S', '09D')",9.074,0,138959.0
"('04S', '07S', '09H')",9.074,0,138959.0
"('04S', '07S', '09S')",9.074,0,138959.0
"('03C', '07C', '09C')",9.073,0,136063.0
"('03C', '07C', '09D')",9.073,0,136063.0
"('03C', '07C', '09H')",9.073,0,136063.0
"('03C', '07C', '09S')",9.073,0,136063.0
"('03C', '07D', '09C')",9.073,0,136063.0
"('03C', '07D', '09D')",9.073,0,136063.0
"('03C', '07D', '09H')",9.073,0,136063.0
"('03C', '07D', '09S')",9.073,0,136063.0
"('03C', '07H', '09C')",9.073,0,136063.0
"('03C', '07H', '09D')",9.073,0,136063.0
"('03C', '07H', '09H')",9.073,0,136063.0
"('03C', '07H', '09S')",9.073,0,136063.0
"('03C', '07S', '09C')",9.073,0,136063.0
"('03C', '07S', '09D')",9.073,0,136063.0
"('03C', '07S', '09H')",9.073,0,136063.0
"('03C', '07S', '09S')",9.073,0,136063.0
"('03D', '07C', '09C')",9.073,0,136063.0
"('03D', '07C', '09D')",9.073,0,136063.0
"('03D', '07C', '09H')",9.073,0,136063.0
"('03D', '07C', '09S')",9.073,0,136063.0
"('03D', '07D', '09C')",9.073,0,136063.0
"('03D', '07D', '09D')",9.073,0,136063.0
"('03D', '07D', '09H')",9.073,0,136063.0
"('03D', '07D', '09S')",9.073,0,136063.0
"('03D', '07H', '09C')",9.073,0,136063.0
"('03D', '07H', '09D')",9.073,0,136063.0
"('03D', '07H', '09H')",9.073,0,136063.0
"('03D', '07H', '09S')",9.073,0,136063.0
"('03D', '07S', '09C')",9.073,0,136063.0
"('03D', '07S', '09D')",9.073,0,136063.0
"('03D', '07S', '09H')",9.073,0,136063.0
"('03D', '07S', '09S')",9.073,0,136063.0
"('03H', '07C', '09C')",9.073,0,136063.0
"('03H', '07C', '09D')",9.073,0,136063.0
"('03H', '07C', '09H')",9.073,0,136063.0
"('03H', '07C', '09S')",9.073,0,136063.0
"('03H', '07D', '09C')",9.073,0,136063.0
"('03H', '07D', '09D')",9.073,0,136063.0
"('03H', '07D', '09H')",9.073,0,136063.0
"('03H', '07D', '09S')",9.073,0,136063.0
"('03H', '07H', '09C')",9.073,0,136063.0
"('03H', '07H', '09D')",9.073,0,136063.0
"('03H', '07H', '09H')",9.073,0,136063.0
"('03H', '07H', '09S')",9.073,0,136063.0
"('03H', '07S', '09C')",9.073,0,136063.0
"('03H', '07S', '09D')",9.073,0,136063.0
"('03H', '07S', '09H')",9.073,0,136063.0
"('03H', '07S', '09S')",9.073,0,136063.0
"('03S', '07C', '09C')",9.073,0,136063.0
"('03S', '07C', '09D')",9.073,0,136063.0
"('03S', '07C', '09H')",9.073,0,136063.0
"('03S', '07C', '09S')",9.073,0,136063.0
"('03S', '07D', '09C')",9.073,0,136063.0
"('03S', '07D', '09D')",9.073,0,136063.0
"('03S', '07D', '09H')",9.073,0,136063.0
"('03S', '07D', '09S')",9.073,0,136063.0
"('03S', '07H', '09C')",9.073,0,136063.0
"('03S', '07H', '09D')",9.073,0,136063.0
"('03S', '07H', '09H')",9.073,0,136063.0
"('03S', '07H', '09S')",9.073,0,136063.0
"('03S', '07S', '09C')",9.073,0,136063.0
"('03S', '07S', '09D')",9.073,0,136063.0
"('03S', '07S', '09H')",9.073,0,136063.0
"('03S', '07S', '09S')",9.073,0,136063.0
"('02C', '07C', '09C')",9.072000000000001,0,133167.0
"('02C', '07C', '09D')",9.072000000000001,0,133167.0
"('02C', '07C', '09H')",9.072000000000001,0,133167.0
"('02C', '07C', '09S')",9.072000000000001,0,133167.0
"('02C', '07D', '09C')",9.072000000000001,0,133167.0
"('02C', '07D', '09D')",9.072000000000001,0,133167.0
"('02C', '07D', '09H')",9.072000000000001,0,133167.0
"('02C', '07D', '09S')",9.072000000000001,0,133167.0
"('02C', '07H', '09C')",9.072000000000001,0,133167.0
"('02C', '07H', '09D')",9.072000000000001,0,133167.0
"('02C', '07H', '09H')",9.072000000000001,0,133167.0
"('02C', '07H', '09S')",9.072000000000001,0,133167.0
"('02C', '07S', '09C')",9.072000000000001,0,133167.0
"('02C', '07S', '09D')",9.072000000000001,0,133167.0
"('02C', '07S', '09H')",9.072000000000001,0,133167.0
"('02C', '07S', '09S')",9.072000000000001,0,133167.0
"('02D', '07C', '09C')",9.072000000000001,0,133167.0
"('02D', '07C', '09D')",9.072000000000001,0,133167.0
"('02D', '07C', '09H')",9.072000000000001,0,133167.0
"('02D', '07C', '09S')",9.072000000000001,0,133167.0
"('02D', '07D', '09C')",9.072000000000001,0,133167.0
"('02D', '07D', '09D')",9.072000000000001,0,133167.0
"('02D', '07D', '09H')",9.072000000000001,0,133167.0
"('02D', '07D', '09S')",9.072000000000001,0,133167.0
"('02D', '07H', '09C')",9.072000000000001,0,133167.0
"('02D', '07H', '09D')",9.072000000000001,0,133167.0
"('02D', '07H', '09H')",9.072000000000001,0,133167.0
"('02D', '07H', '09S')",9.072000000000001,0,133167.0
"('02D', '07S', '09C')",9.072000000000001,0,133167.0
"('02D', '07S', '09D')",9.072000000000001,0,133167.0
"('02D', '07S', '09H')",9.072000000000001,0,133167.0
"('02D', '07S', '09S')",9.072000000000001,0,133167.0
"('02H', '07C', '09C')",9.072000000000001,0,133167.0
"('02H', '07C', '09D')",9.072000000000001,0,133167.0
"('02H', '07C', '09H')",9.072000000000001,0,133167.0
"('02H', '07C', '09S')",9.072000000000001,0,133167.0
"('02H', '07D', '09C')",9.072000000000001,0,133167.0
"('02H', '07D', '09D')",9.072000000000001,0,133167.0
"('02H', '07D', '09H')",9.072000000000001,0,133167.0
"('02H', '07D', '09S')",9.072000000000001,0,133167.0
"('02H', '07H', '09C')",9.072000000000001,0,133167.0
"('02H', '07H', '09D')",9.072000000000001,0,133167.0
"('02H', '07H', '09H')",9.072000000000001,0,133167.0
"('02H', '07H', '09S')",9.072000000000001,0,133167.0
"('02H', '07S', '09C')",9.072000000000001,0,133167.0
"('02H', '07S', '09D')",9.072000000000001,0,133167.0
"('02H', '07S', '09H')",9.072000000000001,0,133167.0
"('02H', '07S', '09S')",9.072000000000001,0,133167.0
"('02S', '07C', '09C')",9.072000000000001,0,133167.0
"('02S', '07C', '09D')",9.072000000000001,0,133167.0
"('02S', '07C', '09H')",9.072000000000001,0,133167.0
"('02S', '07C', '09S')",9.072000000000001,0,133167.0
"('02S', '07D', '09C')",9.072000000000001,0,133167.0
"('02S', '07D', '09D')",9.072000000000001,0,133167.0
"('02S', '07D', '09H')",9.072000000000001,0,133167.0
"('02S', '07D', '09S')",9.072000000000001,0,133167.0
"('02S', '07H', '09C')",9.072000000000001,0,133167.0
"('02S', '07H', '09D')",9.072000000000001,0,133167.0
"('02S', '07H', '09H')",9.072000000000001,0,133167.0
"('02S', '07H', '09S')",9.072000000000001,0,133167.0
"('02S', '07S', '09C')",9.072000000000001,0,133167.0
"('02S', '07S', '09D')",9.072000000000001,0,133167.0
"('02S', '07S', '09H')",9.072000000000001,0,133167.0
"('02S', '07S', '09S')",9.072000000000001,0,133167.0
"('05C', '06C', '09C')",9.065000000000001,0,130271.0
"('05C', '06C', '09D')",9.065000000000001,0,130271.0
"('05C', '06C', '09H')",9.065000000000001,0,130271.0
"('05C', '06C', '09S')",9.065000000000001,0,130271.0
"('05C', '06D', '09C')",9.065000000000001,0,130271.0
"('05C', '06D', '09D')",9.065000000000001,0,130271.0
"('05C', '06D', '09H')",9.065000000000001,0,130271.0
"('05C', '06D', '09S')",9.065000000000001,0,130271.0
"('05C', '06H', '09C')",9.065000000000001,0,130271.0
"('05C', '06H', '09D')",9.065000000000001,0,130271.0
"('05C', '06H', '09H')",9.065000000000001,0,130271.0
"('05C', '06H', '09S')",9.065000000000001,0,130271.0
"('05C', '06S', '09C')",9.065000000000001,0,130271.0
"('05C', '06S', '09D')",9.065000000000001,0,130271.0
"('05C', '06S', '09H')",9.065000000000001,0,130271.0
"('05C', '06S', '09S')",9.065000000000001,0,130271.0
"('05D', '06C', '09C')",9.065000000000001,0,130271.0
"('05D', '06C', '09D')",9.065000000000001,0,130271.0
"('05D', '06C', '09H')",9.065000000000001,0,130271.0
"('05D', '06C', '09S')",9.065000000000001,0,130271.0
"('05D', '06D', '09C')",9.065000000000001,0,130271.0
"('05D', '06D', '09D')",9.065000000000001,0,130271.0
"('05D', '06D', '09H')",9.065000000000001,0,130271.0
"('05D', '06D', '09S')",9.065000000000001,0,130271.0
"('05D', '06H', '09C')",9.065000000000001,0,130271.0
"('05D', '06H', '09D')",9.065000000000001,0,130271.0
"('05D', '06H', '09H')",9.065000000000001,0,130271.0
"('05D', '06H', '09S')",9.065000000000001,0,130271.0
"('05D', '06S', '09C')",9.065000000000001,0,130271.0
"('05D', '06S', '09D')",9.065000000000001,0,130271.0
"('05D', '06S', '09H')",9.065000000000001,0,130271.0
"('05D', '06S', '09S')",9.065000000000001,0,130271.0
"('05H', '06C', '09C')",9.065000000000001,0,130271.0
"('05H', '06C', '09D')",9.065000000000001,0,130271.0
"('05H', '06C', '09H')",9.065000000000001,0,130271.0
"('05H', '06C', '09S')",9.065000000000001,0,130271.0
"('05H', '06D', '09C')",9.065000000000001,0,130271.0
"('05H', '06D', '09D')",9.065000000000001,0,130271.0
"('05H', '06D', '09H')",9.065000000000001,0,130271.0
"('05H', '06D', '09S')",9.065000000000001,0,130271.0
"('05H', '06H', '09C')",9.065000000000001,0,130271.0
"('05H', '06H', '09D')",9.065000000000001,0,130271.0
"('05H', '06H', '09H')",9.065000000000001,0,130271.0
"('05H', '06H', '09S')",9.065000000000001,0,130271.0
"('05H', '06S', '09C')",9.065000000000001,0,130271.0
"('05H', '06S', '09D')",9.065000000000001,0,130271.0
"('05H', '06S', '09H')",9.065000000000001,0,130271.0
"('05H', '06S', '09S')",9.065000000000001,0,130271.0
"('05S', '06C', '09C')",9.065000000000001,0,130271.0
"('05S', '06C', '09D')",9.065000000000001,0,130271.0
"('05S', '06C', '09H')",9.065000000000001,0,130271.0
"('05S', '06C', '09S')",9.065000000000001,0,130271.0
"('05S', '06D', '09C')",9.065000000000001,0,130271.0
"('05S', '06D', '09D')",9.065000000000001,0,130271.0
"('05S', '06D', '09H')",9.065000000000001,0,130271.0
"('05S', '06D', '09S')",9.065000000000001,0,130271.0
"('05S', '06H', '09C')",9.065000000000001,0,130271.0
"('05S', '06H', '09D')",9.065000000000001,0,130271.0
"('05S', '06H', '09H')",9.065000000000001,0,130271.0
"('05S', '06H', '09S')",9.065000000000001,0,130271.0
"('05S', '06S', '09C')",9.065000000000001,0,130271.0
"('05S', '06S', '09D')",9.065000000000001,0,130271.0
"('05S', '06S', '09H')",9.065000000000001,0,130271.0
"('05S', '06S', '09S')",9.065000000000001,0,130271.0
"('04C', '06C', '09C')",9.064,0,127376.0
"('04C', '06C', '09D')",9.064,0,127376.0
"('04C', '06C', '09H')",9.064,0,127376.0
"('04C', '06C', '09S')",9.064,0,127376.0
"('04C', '06D', '09C')",9.064,0,127376.0
"('04C', '06D', '09D')",9.064,0,127376.0
"('04C', '06D', '09H')",9.064,0,127376.0
"('04C', '06D', '09S')",9.064,0,127376.0
"('04C', '06H', '09C')",9.064,0,127376.0
"('04C', '06H', '09D')",9.064,0,127376.0
"('04C', '06H', '09H')",9.064,0,127376.0
"('04C', '06H', '09S')",9.064,0,127376.0
"('04C', '06S', '09C')",9.064,0,127376.0
"('04C', '06S', '09D')",9.064,0,127376.0
"('04C', '06S', '09H')",9.064,0,127376.0
"('04C', '06S', '09S')",9.064,0,127376.0
"('04D', '06C', '09C')",9.064,0,127376.0
"('04D', '06C', '09D')",9.064,0,127376.0
"('04D', '06C', '09H')",9.064,0,127376.0
"('04D', '06C', '09S')",9.064,0,127376.0
"('04D', '06D', '09C')",9.064,0,127376.0
"('04D', '06D', '09D')",9.064,0,127376.0
"('04D', '06D', '09H')",9.064,0,127376.0
"('04D', '06D', '09S')",9.064,0,127376.0
"('04D', '06H', '09C')",9.064,0,127376.0
"('04D', '06H', '09D')",9.064,0,127376.0
"('04D', '06H', '09H')",9.064,0,127376.0
"('04D', '06H', '09S')",9.064,0,127376.0
"('04D', '06S', '09C')",9.064,0,127376.0
"('04D', '06S', '09D')",9.064,0,127376.0
"('04D', '06S', '09H')",9.064,0,127376.0
"('04D', '06S', '09S')",9.064,0,127376.0
"('04H', '06C', '09C')",9.064,0,127376.0
"('04H', '06C', '09D')",9.064,0,127376.0
"('04H', '06C', '09H')",9.064,0,127376.0
"('04H', '06C', '09S')",9.064,0,127376.0
"('04H', '06D', '09C')",9.064,0,127376.0
"('04H', '06D', '09D')",9.064,0,127376.0
"('04H', '06D', '09H')",9.064,0,127376.0
"('04H', '06D', '09S')",9.064,0,127376.0
"('04H', '06H', '09C')",9.064,0,127376.0
"('04H', '06H', '09D')",9.064,0,127376.0
"('04H', '06H', '09H')",9.064,0,127376.0
"('04H', '06H', '09S')",9.064,0,127376.0
"('04H', '06S', '09C')",9.064,0,127376.0
"('04H', '06S', '09D')",9.064,0,127376.0
"('04H', '06S', '09H')",9.064,0,127376.0
"('04H', '06S', '09S')",9.064,0,127376.0
"('04S', '06C', '09C')",9.064,0,127376.0
"('04S', '06C', '09D')",9.064,0,127376.0
"('04S', '06C', '09H')",9.064,0,127376.0
"('04S', '06C', '09S')",9.064,0,127376.0
"('04S', '06D', '09C')",9.064,0,127376.0
"('04S', '06D', '09D')",9.064,0,127376.0
"('04S', '06D', '09H')",9.064,0,127376.0
"('04S', '06D', '09S')",9.064,0,127376.0
"('04S', '06H', '09C')",9.064,0,127376.0
"('04S', '06H', '09D')",9.064,0,127376.0
"('04S', '06H', '09H')",9.064,0,127376.0
"('04S', '06H', '09S')",9.064,0,127376.0
"('04S', '06S', '09C')",9.064,0,127376.0
"('04S', '06S', '09D')",9.064,0,127376.0
"('04S', '06S', '09H')",9.064,0,127376.0
"('04S', '06S', '09S')",9.064,0,127376.0
"('03C', '06C', '09C')",9.063,0,124480.0
"('03C', '06C', '09D')",9.063,0,124480.0
"('03C', '06C', '09H')",9.063,0,124480.0
"('03C', '06C', '09S')",9.063,0,124480.0
"('03C', '06D', '09C')",9.063,0,124480.0
"('03C', '06D', '09D')",9.063,0,124480.0
"('03C', '06D', '09H')",9.063,0,124480.0
"('03C', '06D', '09S')",9.063,0,124480.0
"('03C', '06H', '09C')",9.063,0,124480.0
"('03C', '06H', '09D')",9.063,0,124480.0
"('03C', '06H', '09H')",9.063,0,124480.0
"('03C', '06H', '09S')",9.063,0,124480.0
"('03C', '06S', '09C')",9.063,0,124480.0
"('03C', '06S', '09D')",9.063,0,124480.0
"('03C', '06S', '09H')",9.063,0,124480.0
"('03C', '06S', '09S')",9.063,0,124480.0
"('03D', '06C', '09C')",9.063,0,124480.0
"('03D', '06C', '09D')",9.063,0,124480.0
"('03D', '06C', '09H')",9.063,0,124480.0
"('03D', '06C', '09S')",9.063,0,124480.0
"('03D', '06D', '09C')",9.063,0,124480.0
"('03D', '06D', '09D')",9.063,0,124480.0
"('03D', '06D', '09H')",9.063,0,124480.0
"('03D', '06D', '09S')",9.063,0,124480.0
"('03D', '06H', '09C')",9.063,0,124480.0
"('03D', '06H', '09D')",9.063,0,124480.0
"('03D', '06H', '09H')",9.063,0,124480.0
"('03D', '06H', '09S')",9.063,0,124480.0
"('03D', '06S', '09C')",9.063,0,124480.0
"('03D', '06S', '09D')",9.063,0,124480.0
"('03D', '06S', '09H')",9.063,0,124480.0
"('03D', '06S', '09S')",9.063,0,124480.0
"('03H', '06C', '09C')",9.063,0,124480.0
"('03H', '06C', '09D')",9.063,0,124480.0
"('03H', '06C', '09H')",9.063,0,124480.0
"('03H', '06C', '09S')",9.063,0,124480.0
"('03H', '06D', '09C')",9.063,0,124480.0
"('03H', '06D', '09D')",9.063,0,124480.0
"('03H', '06D', '09H')",9.063,0,124480.0
"('03H', '06D', '09S')",9.063,0,124480.0
"('03H', '06H', '09C')",9.063,0,124480.0
"('03H', '06H', '09D')",9.063,0,124480.0
"('03H', '06H', '09H')",9.063,0,124480.0
"('03H', '06H', '09S')",9.063,0,124480.0
"('03H', '06S', '09C')",9.063,0,124480.0
"('03H', '06S', '09D')",9.063,0,124480.0
"('03H', '06S', '09H')",9.063,0,124480.0
"('03H', '06S', '09S')",9.063,0,124480.0
"('03S', '06C', '09C')",9.063,0,124480.0
"('03S', '06C', '09D')",9.063,0,124480.0
"('03S', '06C', '09H')",9.063,0,124480.0
"('03S', '06C', '09S')",9.063,0,124480.0
"('03S', '06D', '09C')",9.063,0,124480.0
"('03S', '06D', '09D')",9.063,0,124480.0
"('03S', '06D', '09H')",9.063,0,124480.0
"('03S', '06D', '09S')",9.063,0,124480.0
"('03S', '06H', '09C')",9.063,0,124480.0
"('03S', '06H', '09D')",9.063,0,124480.0
"('03S', '06H', '09H')",9.063,0,124480.0
"('03S', '06H', '09S')",9.063,0,124480.0
"('03S', '06S', '09C')",9.063,0,124480.0
"('03S', '06S', '09D')",9.063,0,124480.0
"('03S', '06S', '09H')",9.063,0,124480.0
"('03S', '06S', '09S')",9.063,0,124480.0
"('02C', '06C', '09C')",9.062000000000001,0,121584.0
"('02C', '06C', '09D')",9.062000000000001,0,121584.0
"('02C', '06C', '09H')",9.062000000000001,0,121584.0
"('02C', '06C', '09S')",9.062000000000001,0,121584.0
"('02C', '06D', '09C')",9.062000000000001,0,121584.0
"('02C', '06D', '09D')",9.062000000000001,0,121584.0
"('02C', '06D', '09H')",9.062000000000001,0,121584.0
"('02C', '06D', '09S')",9.062000000000001,0,121584.0
"('02C', '06H', '09C')",9.062000000000001,0,121584.0
"('02C', '06H', '09D')",9.062000000000001,0,121584.0
"('02C', '06H', '09H')",9.062000000000001,0,121584.0
"('02C', '06H', '09S')",9.062000000000001,0,121584.0
"('02C', '06S', '09C')",9.062000000000001,0,121584.0
"('02C', '06S', '09D')",9.062000000000001,0,121584.0
"('02C', '06S', '09H')",9.062000000000001,0,121584.0
"('02C', '06S', '09S')",9.062000000000001,0,121584.0
"('02D', '06C', '09C')",9.062000000000001,0,121584.0
"('02D', '06C', '09D')",9.062000000000001,0,121584.0
"('02D', '06C', '09H')",9.062000000000001,0,121584.0
"('02D', '06C', '09S')",9.062000000000001,0,121584.0
"('02D', '06D', '09C')",9.062000000000001,0,121584.0
"('02D', '06D', '09D')",9.062000000000001,0,121584.0
"('02D', '06D', '09H')",9.062000000000001,0,121584.0
"('02D', '06D', '09S')",9.062000000000001,0,121584.0
"('02D', '06H', '09C')",9.062000000000001,0,121584.0
"('02D', '06H', '09D')",9.062000000000001,0,121584.0
"('02D', '06H', '09H')",9.062000000000001,0,121584.0
"('02D', '06H', '09S')",9.062000000000001,0,121584.0
"('02D', '06S', '09C')",9.062000000000001,0,121584.0
"('02D', '06S', '09D')",9.062000000000001,0,121584.0
"('02D', '06S', '09H')",9.062000000000001,0,121584.0
"('02D', '06S', '09S')",9.062000000000001,0,121584.0
"('02H', '06C', '09C')",9.062000000000001,0,121584.0
"('02H', '06C', '09D')",9.062000000000001,0,121584.0
"('02H', '06C', '09H')",9.062000000000001,0,121584.0
"('02H', '06C', '09S')",9.062000000000001,0,121584.0
"('02H', '06D', '09C')",9.062000000000001,0,121584.0
"('02H', '06D', '09D')",9.062000000000001,0,121584.0
"('02H', '06D', '09H')",9.062000000000001,0,121584.0
"('02H', '06D', '09S')",9.062000000000001,0,121584.0
"('02H', '06H', '09C')",9.062000000000001,0,121584.0
"('02H', '06H', '09D')",9.062000000000001,0,121584.0
"('02H', '06H', '09H')",9.062000000000001,0,121584.0
"('02H', '06H', '09S')",9.062000000000001,0,121584.0
"('02H', '06S', '09C')",9.062000000000001,0,121584.0
"('02H', '06S', '09D')",9.062000000000001,0,121584.0
"('02H', '06S', '09H')",9.062000000000001,0,121584.0
"('02H', '06S', '09S')",9.062000000000001,0,121584.0
"('02S', '06C', '09C')",9.062000000000001,0,121584.0
"('02S', '06C', '09D')",9.062000000000001,0,121584.0
"('02S', '06C', '09H')",9.062000000000001,0,121584.0
"('02S', '06C', '09S')",9.062000000000001,0,121584.0
"('02S', '06D', '09C')",9.062000000000001,0,121584.0
"('02S', '06D', '09D')",9.062000000000001,0,121584.0
"('02S', '06D', '09H')",9.062000000000001,0,121584.0
"('02S', '06D', '09S')",9.062000000000001,0,121584.0
"('02S', '06H', '09C')",9.062000000000001,0,121584.0
"('02S', '06H', '09D')",9.062000000000001,0,121584.0
"('02S', '06H', '09H')",9.062000000000001,0,121584.0
"('02S', '06H', '09S')",9.062000000000001,0,121584.0
"('02S', '06S', '09C')",9.062000000000001,0,121584.0
"('02S', '06S', '09D')",9.062000000000001,0,121584.0
"('02S', '06S', '09H')",9.062000000000001,0,121584.0
"('02S', '06S', '09S')",9.062000000000001,0,121584.0
"('04C', '05C', '09C')",9.054,0,118688.0
"('04C', '05C', '09D')",9.054,0,118688.0
"('04C', '05C', '09H')",9.054,0,118688.0
"('04C', '05C', '09S')",9.054,0,118688.0
"('04C', '05D', '09C')",9.054,0,118688.0
"('04C', '05D', '09D')",9.054,0,118688.0
"('04C', '05D', '09H')",9.054,0,118688.0
"('04C', '05D', '09S')",9.054,0,118688.0
"('04C', '05H', '09C')",9.054,0,118688.0
"('04C', '05H', '09D')",9.054,0,118688.0
"('04C', '05H', '09H')",9.054,0,118688.0
"('04C', '05H', '09S')",9.054,0,118688.0
"('04C', '05S', '09C')",9.054,0,118688.0
"('04C', '05S', '09D')",9.054,0,118688.0
"('04C', '05S', '09H')",9.054,0,118688.0
"('04C', '05S', '09S')",9.054,0,118688.0
"('04D', '05C', '09C')",9.054,0,118688.0
"('04D', '05C', '09D')",9.054,0,118688.0
"('04D', '05C', '09H')",9.054,0,118688.0
"('04D', '05C', '09S')",9.054,0,118688.0
"('04D', '05D', '09C')",9.054,0,118688.0
"('04D', '05D', '09D')",9.054,0,118688.0
"('04D', '05D', '09H')",9.054,0,118688.0
"('04D', '05D', '09S')",9.054,0,118688.0
"('04D', '05H', '09C')",9.054,0,118688.0
"('04D', '05H', '09D')",9.054,0,118688.0
"('04D', '05H', '09H')",9.054,0,118688.0
"('04D', '05H', '09S')",9.054,0,118688.0
"('04D', '05S', '09C')",9.054,0,118688.0
"('04D', '05S', '09D')",9.054,0,118688.0
"('04D', '05S', '09H')",9.054,0,118688.0
"('04D', '05S', '09S')",9.054,0,118688.0
"('04H', '05C', '09C')",9.054,0,118688.0
"('04H', '05C', '09D')",9.054,0,118688.0
"('04H', '05C', '09H')",9.054,0,118688.0
"('04H', '05C', '09S')",9.054,0,118688.0
"('04H', '05D', '09C')",9.054,0,118688.0
"('04H', '05D', '09D')",9.054,0,118688.0
"('04H', '05D', '09H')",9.054,0,118688.0
"('04H', '05D', '09S')",9.054,0,118688.0
"('04H', '05H', '09C')",9.054,0,118688.0
"('04H', '05H', '09D')",9.054,0,118688.0
"('04H', '05H', '09H')",9.054,0,118688.0
"('04H', '05H', '09S')",9.054,0,118688.0
"('04H', '05S', '09C')",9.054,0,118688.0
"('04H', '05S', '09D')",9.054,0,118688.0
"('04H', '05S', '09H')",9.054,0,118688.0
"('04H', '05S', '09S')",9.054,0,118688.0
"('04S', '05C', '09C')",9.054,0,118688.0
"('04S', '05C', '09D')",9.054,0,118688.0
"('04S', '05C', '09H')",9.054,0,118688.0
"('04S', '05C', '09S')",9.054,0,118688.0
"('04S', '05D', '09C')",9.054,0,118688.0
"('04S', '05D', '09D')",9.054,0,118688.0
"('04S', '05D', '09H')",9.054,0,118688.0
"('04S', '05D', '09S')",9.054,0,118688.0
"('04S', '05H', '09C')",9.054,0,118688.0
"('04S', '05H', '09D')",9.054,0,118688.0
"('04S', '05H', '09H')",9.054,0,118688.0
"('04S', '05H', '09S')",9.054,0,118688.0
"('04S', '05S', '09C')",9.054,0,118688.0
"('04S', '05S', '09D')",9.054,0,118688.0
"('04S', '05S', '09H')",9.054,0,118688.0
"('04S', '05S', '09S')",9.054,0,118688.0
"('03C', '05C', '09C')",9.053,0,115792.0
"('03C', '05C', '09D')",9.053,0,115792.0
"('03C', '05C', '09H')",9.053,0,115792.0
"('03C', '05C', '09S')",9.053,0,115792.0
"('03C', '05D', '09C')",9.053,0,115792.0
"('03C', '05D', '09D')",9.053,0,115792.0
"('03C', '05D', '09H')",9.053,0,115792.0
"('03C', '05D', '09S')",9.053,0,115792.0
"('03C', '05H', '09C')",9.053,0,115792.0
"('03C', '05H', '09D')",9.053,0,115792.0
"('03C', '05H', '09H')",9.053,0,115792.0
"('03C', '05H', '09S')",9.053,0,115792.0
"('03C', '05S', '09C')",9.053,0,115792.0
"('03C', '05S', '09D')",9.053,0,115792.0
"('03C', '05S', '09H')",9.053,0,115792.0
"('03C', '05S', '09S')",9.053,0,115792.0
"('03D', '05C', '09C')",9.053,0,115792.0
"('03D', '05C', '09D')",9.053,0,115792.0
"('03D', '05C', '09H')",9.053,0,115792.0
"('03D', '05C', '09S')",9.053,0,115792.0
"('03D', '05D', '09C')",9.053,0,115792.0
"('03D', '05D', '09D')",9.053,0,115792.0
"('03D', '05D', '09H')",9.053,0,115792.0
"('03D', '05D', '09S')",9.053,0,115792.0
"('03D', '05H', '09C')",9.053,0,115792.0
"('03D', '05H', '09D')",9.053,0,115792.0
"('03D', '05H', '09H')",9.053,0,115792.0
"('03D', '05H', '09S')",9.053,0,115792.0
"('03D', '05S', '09C')",9.053,0,115792.0
"('03D', '05S', '09D')",9.053,0,115792.0
"('03D', '05S', '09H')",9.053,0,115792.0
"('03D', '05S', '09S')",9.053,0,115792.0
"('03H', '05C', '09C')",9.053,0,115792.0
"('03H', '05C', '09D')",9.053,0,115792.0
"('03H', '05C', '09H')",9.053,0,115792.0
"('03H', '05C', '09S')",9.053,0,115792.0
"('03H', '05D', '09C')",9.053,0,115792.0
"('03H', '05D', '09D')",9.053,0,115792.0
"('03H', '05D', '09H')",9.053,0,115792.0
"('03H', '05D', '09S')",9.053,0,115792.0
"('03H', '05H', '09C')",9.053,0,115792.0
"('03H', '05H', '09D')",9.053,0,115792.0
"('03H', '05H', '09H')",9.053,0,115792.0
"('03H', '05H', '09S')",9.053,0,115792.0
"('03H', '05S', '09C')",9.053,0,115792.0
"('03H', '05S', '09D')",9.053,0,115792.0
"('03H', '05S', '09H')",9.053,0,115792.0
"('03H', '05S', '09S')",9.053,0,115792.0
"('03S', '05C', '09C')",9.053,0,115792.0
"('03S', '05C', '09D')",9.053,0,115792.0
"('03S', '05C', '09H')",9.053,0,115792.0
"('03S', '05C', '09S')",9.053,0,115792.0
"('03S', '05D', '09C')",9.053,0,115792.0
"('03S', '05D', '09D')",9.053,0,115792.0
"('03S', '05D', '09H')",9.053,0,115792.0
"('03S', '05D', '09S')",9.053,0,115792.0
"('03S', '05H', '09C')",9.053,0,115792.0
"('03S', '05H', '09D')",9.053,0,115792.0
"('03S', '05H', '09H')",9.053,0,115792.0
"('03S', '05H', '09S')",9.053,0,115792.0
"('03S', '05S', '09C')",9.053,0,115792.0
"('03S', '05S', '09D')",9.053,0,115792.0
"('03S', '05S', '09H')",9.053,0,115792.0
"('03S', '05S', '09S')",9.053,0,115792.0
"('02C', '05C', '09C')",9.052000000000001,0,112896.0
"('02C', '05C', '09D')",9.052000000000001,0,112896.0
"('02C', '05C', '09H')",9.052000000000001,0,112896.0
"('02C', '05C', '09S')",9.052000000000001,0,112896.0
"('02C', '05D', '09C')",9.052000000000001,0,112896.0
"('02C', '05D', '09D')",9.052000000000001,0,112896.0
"('02C', '05D', '09H')",9.052000000000001,0,112896.0
"('02C', '05D', '09S')",9.052000000000001,0,112896.0
"('02C', '05H', '09C')",9.052000000000001,0,112896.0
"('02C', '05H', '09D')",9.052000000000001,0,112896.0
"('02C', '05H', '09H')",9.052000000000001,0,112896.0
"('02C', '05H', '09S')",9.052000000000001,0,112896.0
"('02C', '05S', '09C')",9.052000000000001,0,112896.0
"('02C', '05S', '09D')",9.052000000000001,0,112896.0
"('02C', '05S', '09H')",9.052000000000001,0,112896.0
"('02C', '05S', '09S')",9.052000000000001,0,112896.0
"('02D', '05C', '09C')",9.052000000000001,0,112896.0
"('02D', '05C', '09D')",9.052000000000001,0,112896.0
"('02D', '05C', '09H')",9.052000000000001,0,112896.0
"('02D', '05C', '09S')",9.052000000000001,0,112896.0
"('02D', '05D', '09C')",9.052000000000001,0,112896.0
"('02D', '05D', '09D')",9.052000000000001,0,112896.0
"('02D', '05D', '09H')",9.052000000000001,0,112896.0
"('02D', '05D', '09S')",9.052000000000001,0,112896.0
"('02D', '05H', '09C')",9.052000000000001,0,112896.0
"('02D', '05H', '09D')",9.052000000000001,0,112896.0
"('02D', '05H', '09H')",9.052000000000001,0,112896.0
"('02D', '05H', '09S')",9.052000000000001,0,112896.0
"('02D', '05S', '09C')",9.052000000000001,0,112896.0
"('02D', '05S', '09D')",9.052000000000001,0,112896.0
"('02D', '05S', '09H')",9.052000000000001,0,112896.0
"('02D', '05S', '09S')",9.052000000000001,0,112896.0
"('02H', '05C', '09C')",9.052000000000001,0,112896.0
"('02H', '05C', '09D')",9.052000000000001,0,112896.0
"('02H', '05C', '09H')",9.052000000000001,0,112896.0
"('02H', '05C', '09S')",9.052000000000001,0,112896.0
"('02H', '05D', '09C')",9.052000000000001,0,112896.0
"('02H', '05D', '09D')",9.052000000000001,0,112896.0
"('02H', '05D', '09H')",9.052000000000001,0,112896.0
"('02H', '05D', '09S')",9.052000000000001,0,112896.0
"('02H', '05H', '09C')",9.052000000000001,0,112896.0
"('02H', '05H', '09D')",9.052000000000001,0,112896.0
"('02H', '05H', '09H')",9.052000000000001,0,112896.0
"('02H', '05H', '09S')",9.052000000000001,0,112896.0
"('02H', '05S', '09C')",9.052000000000001,0,112896.0
"('02H', '05S', '09D')",9.052000000000001,0,112896.0
"('02H', '05S', '09H')",9.052000000000001,0,112896.0
"('02H', '05S', '09S')",9.052000000000001,0,112896.0
"('02S', '05C', '09C')",9.052000000000001,0,112896.0
"('02S', '05C', '09D')",9.052000000000001,0,112896.0
"('02S', '05C', '09H')",9.052000000000001,0,112896.0
"('02S', '05C', '09S')",9.052000000000001,0,112896.0
"('02S', '05D', '09C')",9.052000000000001,0,112896.0
"('02S', '05D', '09D')",9.052000000000001,0,112896.0
"('02S', '05D', '09H')",9.052000000000001,0,112896.0
"('02S', '05D', '09S')",9.052000000000001,0,112896.0
"('02S', '05H', '09C')",9.052000000000001,0,112896.0
"('02S', '05H', '09D')",9.052000000000001,0,112896.0
"('02S', '05H', '09H')",9.052000000000001,0,112896.0
"('02S', '05H', '09S')",9.052000000000001,0,112896.0
"('02S', '05S', '09C')",9.052000000000001,0,112896.0
"('02S', '05S', '09D')",9.052000000000001,0,112896.0
"('02S', '05S', '09H')",9.052000000000001,0,112896.0
"('02S', '05S', '09S')",9.052000000000001,0,112896.0
"('03C', '04C', '09C')",9.043,0,110000.0
"('03C', '04C', '09D')",9.043,0,110000.0
"('03C', '04C', '09H')",9.043,0,110000.0
"('03C', '04C', '09S')",9.043,0,110000.0
"('03C', '04D', '09C')",9.043,0,110000.0
"('03C', '04D', '09D')",9.043,0,110000.0
"('03C', '04D', '09H')",9.043,0,110000.0
"('03C', '04D', '09S')",9.043,0,110000.0
"('03C', '04H', '09C')",9.043,0,110000.0
"('03C', '04H', '09D')",9.043,0,110000.0
"('03C', '04H', '09H')",9.043,0,110000.0
"('03C', '04H', '09S')",9.043,0,110000.0
"('03C', '04S', '09C')",9.043,0,110000.0
"('03C', '04S', '09D')",9.043,0,110000.0
"('03C', '04S', '09H')",9.043,0,110000.0
"('03C', '04S', '09S')",9.043,0,110000.0
"('03D', '04C', '09C')",9.043,0,110000.0
"('03D', '04C', '09D')",9.043,0,110000.0
"('03D', '04C', '09H')",9.043,0,110000.0
"('03D', '04C', '09S')",9.043,0,110000.0
"('03D', '04D', '09C')",9.043,0,110000.0
"('03D', '04D', '09D')",9.043,0,110000.0
"('03D', '04D', '09H')",9.043,0,110000.0
"('03D', '04D', '09S')",9.043,0,110000.0
"('03D', '04H', '09C')",9.043,0,110000.0
"('03D', '04H', '09D')",9.043,0,110000.0
"('03D', '04H', '09H')",9.043,0,110000.0
"('03D', '04H', '09S')",9.043,0,110000.0
"('03D', '04S', '09C')",9.043,0,110000.0
"('03D', '04S', '09D')",9.043,0,110000.0
"('03D', '04S', '09H')",9.043,0,110000.0
"('03D', '04S', '09S')",9.043,0,110000.0
"('03H', '04C', '09C')",9.043,0,110000.0
"('03H', '04C', '09D')",9.043,0,110000.0
"('03H', '04C', '09H')",9.043,0,110000.0
"('03H', '04C', '09S')",9.043,0,110000.0
"('03H', '04D', '09C')",9.043,0,110000.0
"('03H', '04D', '09D')",9.043,0,110000.0
"('03H', '04D', '09H')",9.043,0,110000.0
"('03H', '04D', '09S')",9.043,0,110000.0
"('03H', '04H', '09C')",9.043,0,110000.0
"('03H', '04H', '09D')",9.043,0,110000.0
"('03H', '04H', '09H')",9.043,0,110000.0
"('03H', '04H', '09S')",9.043,0,110000.0
"('03H', '04S', '09C')",9.043,0,110000.0
"('03H', '04S', '09D')",9.043,0,110000.0
"('03H', '04S', '09H')",9.043,0,110000.0
"('03H', '04S', '09S')",9.043,0,110000.0
"('03S', '04C', '09C')",9.043,0,110000.0
"('03S', '04C', '09D')",9.043,0,110000.0
"('03S', '04C', '09H')",9.043,0,110000.0
"('03S', '04C', '09S')",9.043,0,110000.0
"('03S', '04D', '09C')",9.043,0,110000.0
"('03S', '04D', '09D')",9.043,0,110000.0
"('03S', '04D', '09H')",9.043,0,110000.0
"('03S', '04D', '09S')",9.043,0,110000.0
"('03S', '04H', '09C')",9.043,0,110000.0
"('03S', '04H', '09D')",9.043,0,110000.0
"('03S', '04H', '09H')",9.043,0,110000.0
"('03S', '04H', '09S')",9.043,0,110000.0
"('03S', '04S', '09C')",9.043,0,110000.0
"('03S', '04S', '09D')",9.043,0,110000.0
"('03S', '04S', '09H')",9.043,0,110000.0
"('03S', '04S', '09S')",9.043,0,110000.0
"('02C', '04C', '09C')",9.042,0,107104.0
"('02C', '04C', '09D')",9.042,0,107104.0
"('02C', '04C', '09H')",9.042,0,107104.0
"('02C', '04C', '09S')",9.042,0,107104.0
"('02C', '04D', '09C')",9.042,0,107104.0
"('02C', '04D', '09D')",9.042,0,107104.0
"('02C', '04D', '09H')",9.042,0,107104.0
"('02C', '04D', '09S')",9.042,0,107104.0
"('02C', '04H', '09C')",9.042,0,107104.0
"('02C', '04H', '09D')",9.042,0,107104.0
"('02C', '04H', '09H')",9.042,0,107104.0
"('02C', '04H', '09S')",9.042,0,107104.0
"('02C', '04S', '09C')",9.042,0,107104.0
"('02C', '04S', '09D')",9.042,0,107104.0
"('02C', '04S', '09H')",9.042,0,107104.0
"('02C', '04S', '09S')",9.042,0,107104.0
"('02D', '04C', '09C')",9.042,0,107104.0
"('02D', '04C', '09D')",9.042,0,107104.0
"('02D', '04C', '09H')",9.042,0,107104.0
"('02D', '04C', '09S')",9.042,0,107104.0
"('02D', '04D', '09C')",9.042,0,107104.0
"('02D', '04D', '09D')",9.042,0,107104.0
"('02D', '04D', '09H')",9.042,0,107104.0
"('02D', '04D', '09S')",9.042,0,107104.0
"('02D', '04H', '09C')",9.042,0,107104.0
"('02D', '04H', '09D')",9.042,0,107104.0
"('02D', '04H', '09H')",9.042,0,107104.0
"('02D', '04H', '09S')",9.042,0,107104.0
"('02D', '04S', '09C')",9.042,0,107104.0
"('02D', '04S', '09D')",9.042,0,107104.0
"('02D', '04S', '09H')",9.042,0,107104.0
"('02D', '04S', '09S')",9.042,0,107104.0
"('02H', '04C', '09C')",9.042,0,107104.0
"('02H', '04C', '09D')",9.042,0,107104.0
"('02H', '04C', '09H')",9.042,0,107104.0
"('02H', '04C', '09S')",9.042,0,107104.0
"('02H', '04D', '09C')",9.042,0,107104.0
"('02H', '04D', '09D')",9.042,0,107104.0
"('02H', '04D', '09H')",9.042,0,107104.0
"('02H', '04D', '09S')",9.042,0,107104.0
"('02H', '04H', '09C')",9.042,0,107104.0
"('02H', '04H', '09D')",9.042,0,107104.0
"('02H', '04H', '09H')",9.042,0,107104.0
"('02H', '04H', '09S')",9.042,0,107104.0
"('02H', '04S', '09C')",9.042,0,107104.0
"('02H', '04S', '09D')",9.042,0,107104.0
"('02H', '04S', '09H')",9.042,0,107104.0
"('02H', '04S', '09S')",9.042,0,107104.0
"('02S', '04C', '09C')",9.042,0,107104.0
"('02S', '04C', '09D')",9.042,0,107104.0
"('02S', '04C', '09H')",9.042,0,107104.0
"('02S', '04C', '09S')",9.042,0,107104.0
"('02S', '04D', '09C')",9.042,0,107104.0
"('02S', '04D', '09D')",9.042,0,107104.0
"('02S', '04D', '09H')",9.042,0,107104.0
"('02S', '04D', '09S')",9.042,0,107104.0
"('02S', '04H', '09C')",9.042,0,107104.0
"('02S', '04H', '09D')",9.042,0,107104.0
"('02S', '04H', '09H')",9.042,0,107104.0
"('02S', '04H', '09S')",9.042,0,107104.0
"('02S', '04S', '09C')",9.042,0,107104.0
"('02S', '04S', '09D')",9.042,0,107104.0
"('02S', '04S', '09H')",9.042,0,107104.0
"('02S', '04S', '09S')",9.042,0,107104.0
"('02C', '03C', '09C')",9.032,0,104208.0
"('02C', '03C', '09D')",9.032,0,104208.0
"('02C', '03C', '09H')",9.032,0,104208.0
"('02C', '03C', '09S')",9.032,0,104208.0
"('02C', '03D', '09C')",9.032,0,104208.0
"('02C', '03D', '09D')",9.032,0,104208.0
"('02C', '03D', '09H')",9.032,0,104208.0
"('02C', '03D', '09S')",9.032,0,104208.0
"('02C', '03H', '09C')",9.032,0,104208.0
"('02C', '03H', '09D')",9.032,0,104208.0
"('02C', '03H', '09H')",9.032,0,104208.0
"('02C', '03H', '09S')",9.032,0,104208.0
"('02C', '03S', '09C')",9.032,0,104208.0
"('02C', '03S', '09D')",9.032,0,104208.0
"('02C', '03S', '09H')",9.032,0,104208.0
"('02C', '03S', '09S')",9.032,0,104208.0
"('02D', '03C', '09C')",9.032,0,104208.0
"('02D', '03C', '09D')",9.032,0,104208.0
"('02D', '03C', '09H')",9.032,0,104208.0
"('02D', '03C', '09S')",9.032,0,104208.0
"('02D', '03D', '09C')",9.032,0,104208.0
"('02D', '03D', '09D')",9.032,0,104208.0
"('02D', '03D', '09H')",9.032,0,104208.0
"('02D', '03D', '09S')",9.032,0,104208.0
"('02D', '03H', '09C')",9.032,0,104208.0
"('02D', '03H', '09D')",9.032,0,104208.0
"('02D', '03H', '09H')",9.032,0,104208.0
"('02D', '03H', '09S')",9.032,0,104208.0
"('02D', '03S', '09C')",9.032,0,104208.0
"('02D', '03S', '09D')",9.032,0,104208.0
"('02D', '03S', '09H')",9.032,0,104208.0
"('02D', '03S', '09S')",9.032,0,104208.0
"('02H', '03C', '09C')",9.032,0,104208.0
"('02H', '03C', '09D')",9.032,0,104208.0
"('02H', '03C', '09H')",9.032,0,104208.0
"('02H', '03C', '09S')",9.032,0,104208.0
"('02H', '03D', '09C')",9.032,0,104208.0
"('02H', '03D', '09D')",9.032,0,104208.0
"('02H', '03D', '09H')",9.032,0,104208.0
"('02H', '03D', '09S')",9.032,0,104208.0
"('02H', '03H', '09C')",9.032,0,104208.0
"('02H', '03H', '09D')",9.032,0,104208.0
"('02H', '03H', '09H')",9.032,0,104208.0
"('02H', '03H', '09S')",9.032,0,104208.0
"('02H', '03S', '09C')",9.032,0,104208.0
"('02H', '03S', '09D')",9.032,0,104208.0
"('02H', '03S', '09H')",9.032,0,104208.0
"('02H', '03S', '09S')",9.032,0,104208.0
"('02S', '03C', '09C')",9.032,0,104208.0
"('02S', '03C', '09D')",9.032,0,104208.0
"('02S', '03C', '09H')",9.032,0,104208.0
"('02S', '03C', '09S')",9.032,0,104208.0
"('02S', '03D', '09C')",9.032,0,104208.0
"('02S', '03D', '09D')",9.032,0,104208.0
"('02S', '03D', '09H')",9.032,0,104208.0
"('02S', '03D', '09S')",9.032,0,104208.0
"('02S', '03H', '09C')",9.032,0,104208.0
"('02S', '03H', '09D')",9.032,0,104208.0
"('02S', '03H', '09H')",9.032,0,104208.0
"('02S', '03H', '09S')",9.032,0,104208.0
"('02S', '03S', '09C')",9.032,0,104208.0
"('02S', '03S', '09D')",9.032,0,104208.0
"('02S', '03S', '09H')",9.032,0,104208.0
"('02S', '03S', '09S')",9.032,0,104208.0
"('06C', '07C', '08C')",8.076,4,101312.0
"('06C', '07C', '08D')",8.076,4,101312.0
"('06C', '07C', '08H')",8.076,4,101312.0
"('06C', '07C', '08S')",8.076,4,101312.0
"('06C', '07D', '08C')",8.076,4,101312.0
"('06C', '07D', '08D')",8.076,4,101312.0
"('06C', '07D', '08H')",8.076,4,101312.0
"('06C', '07D', '08S')",8.076,4,101312.0
"('06C', '07H', '08C')",8.076,4,101312.0
"('06C', '07H', '08D')",8.076,4,101312.0
"('06C', '07H', '08H')",8.076,4,101312.0
"('06C', '07H', '08S')",8.076,4,101312.0
"('06C', '07S', '08C')",8.076,4,101312.0
"('06C', '07S', '08D')",8.076,4,101312.0
"('06C', '07S', '08H')",8.076,4,101312.0
"('06C', '07S', '08S')",8.076,4,101312.0
"('06D', '07C', '08C')",8.076,4,101312.0
"('06D', '07C', '08D')",8.076,4,101312.0
"('06D', '07C', '08H')",8.076,4,101312.0
"('06D', '07C', '08S')",8.076,4,101312.0
"('06D', '07D', '08C')",8.076,4,101312.0
"('06D', '07D', '08D')",8.076,4,101312.0
"('06D', '07D', '08H')",8.076,4,101312.0
"('06D', '07D', '08S')",8.076,4,101312.0
"('06D', '07H', '08C')",8.076,4,101312.0
"('06D', '07H', '08D')",8.076,4,101312.0
"('06D', '07H', '08H')",8.076,4,101312.0
"('06D', '07H', '08S')",8.076,4,101312.0
"('06D', '07S', '08C')",8.076,4,101312.0
"('06D', '07S', '08D')",8.076,4,101312.0
"('06D', '07S', '08H')",8.076,4,101312.0
"('06D', '07S', '08S')",8.076,4,101312.0
"('06H', '07C', '08C')",8.076,4,101312.0
"('06H', '07C', '08D')",8.076,4,101312.0
"('06H', '07C', '08H')",8.076,4,101312.0
"('06H', '07C', '08S')",8.076,4,101312.0
"('06H', '07D', '08C')",8.076,4,101312.0
"('06H', '07D', '08D')",8.076,4,101312.0
"('06H', '07D', '08H')",8.076,4,101312.0
"('06H', '07D', '08S')",8.076,4,101312.0
"('06H', '07H', '08C')",8.076,4,101312.0
"('06H', '07H', '08D')",8.076,4,101312.0
"('06H', '07H', '08H')",8.076,4,101312.0
"('06H', '07H', '08S')",8.076,4,101312.0
"('06H', '07S', '08C')",8.076,4,101312.0
"('06H', '07S', '08D')",8.076,4,101312.0
"('06H', '07S', '08H')",8.076,4,101312.0
"('06H', '07S', '08S')",8.076,4,101312.0
"('06S', '07C', '08C')",8.076,4,101312.0
"('06S', '07C', '08D')",8.076,4,101312.0
"('06S', '07C', '08H')",8.076,4,101312.0
"('06S', '07C', '08S')",8.076,4,101312.0
"('06S', '07D', '08C')",8.076,4,101312.0
"('06S', '07D', '08D')",8.076,4,101312.0
"('06S', '07D', '08H')",8.076,4,101312.0
"('06S', '07D', '08S')",8.076,4,101312.0
"('06S', '07H', '08C')",8.076,4,101312.0
"('06S', '07H', '08D')",8.076,4,101312.0
"('06S', '07H', '08H')",8.076,4,101312.0
"('06S', '07H', '08S')",8.076,4,101312.0
"('06S', '07S', '08C')",8.076,4,101312.0
"('06S', '07S', '08D')",8.076,4,101312.0
"('06S', '07S', '08H')",8.076,4,101312.0
"('06S', '07S', '08S')",8.076,4,101312.0
"('05C', '07C', '08C')",8.075000000000001,0,98416.0
"('05C', '07C', '08D')",8.075000000000001,0,98416.0
"('05C', '07C', '08H')",8.075000000000001,0,98416.0
"('05C', '07C', '08S')",8.075000000000001,0,98416.0
"('05C', '07D', '08C')",8.075000000000001,0,98416.0
"('05C', '07D', '08D')",8.075000000000001,0,98416.0
"('05C', '07D', '08H')",8.075000000000001,0,98416.0
"('05C', '07D', '08S')",8.075000000000001,0,98416.0
"('05C', '07H', '08C')",8.075000000000001,0,98416.0
"('05C', '07H', '08D')",8.075000000000001,0,98416.0
"('05C', '07H', '08H')",8.075000000000001,0,98416.0
"('05C', '07H', '08S')",8.075000000000001,0,98416.0
"('05C', '07S', '08C')",8.075000000000001,0,98416.0
"('05C', '07S', '08D')",8.075000000000001,0,98416.0
"('05C', '07S', '08H')",8.075000000000001,0,98416.0
"('05C', '07S', '08S')",8.075000000000001,0,98416.0
"('05D', '07C', '08C')",8.075000000000001,0,98416.0
"('05D', '07C', '08D')",8.075000000000001,0,98416.0
"('05D', '07C', '08H')",8.075000000000001,0,98416.0
"('05D', '07C', '08S')",8.075000000000001,0,98416.0
"('05D', '07D', '08C')",8.075000000000001,0,98416.0
"('05D', '07D', '08D')",8.075000000000001,0,98416.0
"('05D', '07D', '08H')",8.075000000000001,0,98416.0
"('05D', '07D', '08S')",8.075000000000001,0,98416.0
"('05D', '07H', '08C')",8.075000000000001,0,98416.0
"('05D', '07H', '08D')",8.075000000000001,0,98416.0
"('05D', '07H', '08H')",8.075000000000001,0,98416.0
"('05D', '07H', '08S')",8.075000000000001,0,98416.0
"('05D', '07S', '08C')",8.075000000000001,0,98416.0
"('05D', '07S', '08D')",8.075000000000001,0,98416.0
"('05D', '07S', '08H')",8.075000000000001,0,98416.0
"('05D', '07S', '08S')",8.075000000000001,0,98416.0
"('05H', '07C', '08C')",8.075000000000001,0,98416.0
"('05H', '07C', '08D')",8.075000000000001,0,98416.0
"('05H', '07C', '08H')",8.075000000000001,0,98416.0
"('05H', '07C', '08S')",8.075000000000001,0,98416.0
"('05H', '07D', '08C')",8.075000000000001,0,98416.0
"('05H', '07D', '08D')",8.075000000000001,0,98416.0
"('05H', '07D', '08H')",8.075000000000001,0,98416.0
"('05H', '07D', '08S')",8.075000000000001,0,98416.0
"('05H', '07H', '08C')",8.075000000000001,0,98416.0
"('05H', '07H', '08D')",8.075000000000001,0,98416.0
"('05H', '07H', '08H')",8.075000000000001,0,98416.0
"('05H', '07H', '08S')",8.075000000000001,0,98416.0
"('05H', '07S', '08C')",8.075000000000001,0,98416.0
"('05H', '07S', '08D')",8.075000000000001,0,98416.0
"('05H', '07S', '08H')",8.075000000000001,0,98416.0
"('05H', '07S', '08S')",8.075000000000001,0,98416.0
"('05S', '07C', '08C')",8.075000000000001,0,98416.0
"('05S', '07C', '08D')",8.075000000000001,0,98416.0
"('05S', '07C', '08H')",8.075000000000001,0,98416.0
"('05S', '07C', '08S')",8.075000000000001,0,98416.0
"('05S', '07D', '08C')",8.075000000000001,0,98416.0
"('05S', '07D', '08D')",8.075000000000001,0,98416.0
"('05S', '07D', '08H')",8.075000000000001,0,98416.0
"('05S', '07D', '08S')",8.075000000000001,0,98416.0
"('05S', '07H', '08C')",8.075000000000001,0,98416.0
"('05S', '07H', '08D')",8.075000000000001,0,98416.0
"('05S', '07H', '08H')",8.075000000000001,0,98416.0
"('05S', '07H', '08S')",8.075000000000001,0,98416.0
"('05S', '07S', '08C')",8.075000000000001,0,98416.0
"('05S', '07S', '08D')",8.075000000000001,0,98416.0
"('05S', '07S', '08H')",8.075000000000001,0,98416.0
"('05S', '07S', '08S')",8.075000000000001,0,98416.0
"('04C', '07C', '08C')",8.074,0,95520.0
"('04C', '07C', '08D')",8.074,0,95520.0
"('04C', '07C', '08H')",8.074,0,95520.0
"('04C', '07C', '08S')",8.074,0,95520.0
"('04C', '07D', '08C')",8.074,0,95520.0
"('04C', '07D', '08D')",8.074,0,95520.0
"('04C', '07D', '08H')",8.074,0,95520.0
"('04C', '07D', '08S')",8.074,0,95520.0
"('04C', '07H', '08C')",8.074,0,95520.0
"('04C', '07H', '08D')",8.074,0,95520.0
"('04C', '07H', '08H')",8.074,0,95520.0
"('04C', '07H', '08S')",8.074,0,95520.0
"('04C', '07S', '08C')",8.074,0,95520.0
"('04C', '07S', '08D')",8.074,0,95520.0
"('04C', '07S', '08H')",8.074,0,95520.0
"('04C', '07S', '08S')",8.074,0,95520.0
"('04D', '07C', '08C')",8.074,0,95520.0
"('04D', '07C', '08D')",8.074,0,95520.0
"('04D', '07C', '08H')",8.074,0,95520.0
"('04D', '07C', '08S')",8.074,0,95520.0
"('04D', '07D', '08C')",8.074,0,95520.0
"('04D', '07D', '08D')",8.074,0,95520.0
"('04D', '07D', '08H')",8.074,0,95520.0
"('04D', '07D', '08S')",8.074,0,95520.0
"('04D', '07H', '08C')",8.074,0,95520.0
"('04D', '07H', '08D')",8.074,0,95520.0
"('04D', '07H', '08H')",8.074,0,95520.0
"('04D', '07H', '08S')",8.074,0,95520.0
"('04D', '07S', '08C')",8.074,0,95520.0
"('04D', '07S', '08D')",8.074,0,95520.0
"('04D', '07S', '08H')",8.074,0,95520.0
"('04D', '07S', '08S')",8.074,0,95520.0
"('04H', '07C', '08C')",8.074,0,95520.0
"('04H', '07C', '08D')",8.074,0,95520.0
"('04H', '07C', '08H')",8.074,0,95520.0
"('04H', '07C', '08S')",8.074,0,95520.0
"('04H', '07D', '08C')",8.074,0,95520.0
"('04H', '07D', '08D')",8.074,0,95520.0
"('04H', '07D', '08H')",8.074,0,95520.0
"('04H', '07D', '08S')",8.074,0,95520.0
"('04H', '07H', '08C')",8.074,0,95520.0
"('04H', '07H', '08D')",8.074,0,95520.0
"('04H', '07H', '08H')",8.074,0,95520.0
"('04H', '07H', '08S')",8.074,0,95520.0
"('04H', '07S', '08C')",8.074,0,95520.0
"('04H', '07S', '08D')",8.074,0,95520.0
"('04H', '07S', '08H')",8.074,0,95520.0
"('04H', '07S', '08S')",8.074,0,95520.0
"('04S', '07C', '08C')",8.074,0,95520.0
"('04S', '07C', '08D')",8.074,0,95520.0
"('04S', '07C', '08H')",8.074,0,95520.0
"('04S', '07C', '08S')",8.074,0,95520.0
"('04S', '07D', '08C')",8.074,0,95520.0
"('04S', '07D', '08D')",8.074,0,95520.0
"('04S', '07D', '08H')",8.074,0,95520.0
"('04S', '07D', '08S')",8.074,0,95520.0
"('04S', '07H', '08C')",8.074,0,95520.0
"('04S', '07H', '08D')",8.074,0,95520.0
"('04S', '07H', '08H')",8.074,0,95520.0
"('04S', '07H', '08S')",8.074,0,95520.0
"('04S', '07S', '08C')",8.074,0,95520.0
"('04S', '07S', '08D')",8.074,0,95520.0
"('04S', '07S', '08H')",8.074,0,95520.0
"('04S', '07S', '08S')",8.074,0,95520.0
"('03C', '07C', '08C')",8.073,0,92624.0
"('03C', '07C', '08D')",8.073,0,92624.0
"('03C', '07C', '08H')",8.073,0,92624.0
"('03C', '07C', '08S')",8.073,0,92624.0
"('03C', '07D', '08C')",8.073,0,92624.0
"('03C', '07D', '08D')",8.073,0,92624.0
"('03C', '07D', '08H')",8.073,0,92624.0
"('03C', '07D', '08S')",8.073,0,92624.0
"('03C', '07H', '08C')",8.073,0,92624.0
"('03C', '07H', '08D')",8.073,0,92624.0
"('03C', '07H', '08H')",8.073,0,92624.0
"('03C', '07H', '08S')",8.073,0,92624.0
"('03C', '07S', '08C')",8.073,0,92624.0
"('03C', '07S', '08D')",8.073,0,92624.0
"('03C', '07S', '08H')",8.073,0,92624.0
"('03C', '07S', '08S')",8.073,0,92624.0
"('03D', '07C', '08C')",8.073,0,92624.0
"('03D', '07C', '08D')",8.073,0,92624.0
"('03D', '07C', '08H')",8.073,0,92624.0
"('03D', '07C', '08S')",8.073,0,92624.0
"('03D', '07D', '08C')",8.073,0,92624.0
"('03D', '07D', '08D')",8.073,0,92624.0
"('03D', '07D', '08H')",8.073,0,92624.0
"('03D', '07D', '08S')",8.073,0,92624.0
"('03D', '07H', '08C')",8.073,0,92624.0
"('03D', '07H', '08D')",8.073,0,92624.0
"('03D', '07H', '08H')",8.073,0,92624.0
"('03D', '07H', '08S')",8.073,0,92624.0
"('03D', '07S', '08C')",8.073,0,92624.0
"('03D', '07S', '08D')",8.073,0,92624.0
"('03D', '07S', '08H')",8.073,0,92624.0
"('03D', '07S', '08S')",8.073,0,92624.0
"('03H', '07C', '08C')",8.073,0,92624.0
"('03H', '07C', '08D')",8.073,0,92624.0
"('03H', '07C', '08H')",8.073,0,92624.0
"('03H', '07C', '08S')",8.073,0,92624.0
"('03H', '07D', '08C')",8.073,0,92624.0
"('03H', '07D', '08D')",8.073,0,92624.0
"('03H', '07D', '08H')",8.073,0,92624.0
"('03H', '07D', '08S')",8.073,0,92624.0
"('03H', '07H', '08C')",8.073,0,92624.0
"('03H', '07H', '08D')",8.073,0,92624.0
"('03H', '07H', '08H')",8.073,0,92624.0
"('03H', '07H', '08S')",8.073,0,92624.0
"('03H', '07S', '08C')",8.073,0,92624.0
"('03H', '07S', '08D')",8.073,0,92624.0
"('03H', '07S', '08H')",8.073,0,92624.0
"('03H', '07S', '08S')",8.073,0,92624.0
"('03S', '07C', '08C')",8.073,0,92624.0
"('03S', '07C', '08D')",8.073,0,92624.0
"('03S', '07C', '08H')",8.073,0,92624.0
"('03S', '07C', '08S')",8.073,0,92624.0
"('03S', '07D', '08C')",8.073,0,92624.0
"('03S', '07D', '08D')",8.073,0,92624.0
"('03S', '07D', '08H')",8.073,0,92624.0
"('03S', '07D', '08S')",8.073,0,92624.0
"('03S', '07H', '08C')",8.073,0,92624.0
"('03S', '07H', '08D')",8.073,0,92624.0
"('03S', '07H', '08H')",8.073,0,92624.0
"('03S', '07H', '08S')",8.073,0,92624.0
"('03S', '07S', '08C')",8.073,0,92624.0
"('03S', '07S', '08D')",8.073,0,92624.0
"('03S', '07S', '08H')",8.073,0,92624.0
"('03S', '07S', '08S')",8.073,0,92624.0
"('02C', '07C', '08C')",8.072000000000001,0,89729.0
"('02C', '07C', '08D')",8.072000000000001,0,89729.0
"('02C', '07C', '08H')",8.072000000000001,0,89729.0
"('02C', '07C', '08S')",8.072000000000001,0,89729.0
"('02C', '07D', '08C')",8.072000000000001,0,89729.0
"('02C', '07D', '08D')",8.072000000000001,0,89729.0
"('02C', '07D', '08H')",8.072000000000001,0,89729.0
"('02C', '07D', '08S')",8.072000000000001,0,89729.0
"('02C', '07H', '08C')",8.072000000000001,0,89729.0
"('02C', '07H', '08D')",8.072000000000001,0,89729.0
"('02C', '07H', '08H')",8.072000000000001,0,89729.0
"('02C', '07H', '08S')",8.072000000000001,0,89729.0
"('02C', '07S', '08C')",8.072000000000001,0,89729.0
"('02C', '07S', '08D')",8.072000000000001,0,89729.0
"('02C', '07S', '08H')",8.072000000000001,0,89729.0
"('02C', '07S', '08S')",8.072000000000001,0,89729.0
"('02D', '07C', '08C')",8.072000000000001,0,89729.0
"('02D', '07C', '08D')",8.072000000000001,0,89729.0
"('02D', '07C', '08H')",8.072000000000001,0,89729.0
"('02D', '07C', '08S')",8.072000000000001,0,89729.0
"('02D', '07D', '08C')",8.072000000000001,0,89729.0
"('02D', '07D', '08D')",8.072000000000001,0,89729.0
"('02D', '07D', '08H')",8.072000000000001,0,89729.0
"('02D', '07D', '08S')",8.072000000000001,0,89729.0
"('02D', '07H', '08C')",8.072000000000001,0,89729.0
"('02D', '07H', '08D')",8.072000000000001,0,89729.0
"('02D', '07H', '08H')",8.072000000000001,0,89729.0
"('02D', '07H', '08S')",8.072000000000001,0,89729.0
"('02D', '07S', '08C')",8.072000000000001,0,89729.0
"('02D', '07S', '08D')",8.072000000000001,0,89729.0
"('02D', '07S', '08H')",8.072000000000001,0,89729.0
"('02D', '07S', '08S')",8.072000000000001,0,89729.0
"('02H', '07C', '08C')",8.072000000000001,0,89729.0
"('02H', '07C', '08D')",8.072000000000001,0,89729.0
"('02H', '07C', '08H')",8.072000000000001,0,89729.0
"('02H', '07C', '08S')",8.072000000000001,0,89729.0
"('02H', '07D', '08C')",8.072000000000001,0,89729.0
"('02H', '07D', '08D')",8.072000000000001,0,89729.0
"('02H', '07D', '08H')",8.072000000000001,0,89729.0
"('02H', '07D', '08S')",8.072000000000001,0,89729.0
"('02H', '07H', '08C')",8.072000000000001,0,89729.0
"('02H', '07H', '08D')",8.072000000000001,0,89729.0
"('02H', '07H', '08H')",8.072000000000001,0,89729.0
"('02H', '07H', '08S')",8.072000000000001,0,89729.0
"('02H', '07S', '08C')",8.072000000000001,0,89729.0
"('02H', '07S', '08D')",8.072000000000001,0,89729.0
"('02H', '07S', '08H')",8.072000000000001,0,89729.0
"('02H', '07S', '08S')",8.072000000000001,0,89729.0
"('02S', '07C', '08C')",8.072000000000001,0,89729.0
"('02S', '07C', '08D')",8.072000000000001,0,89729.0
"('02S', '07C', '08H')",8.072000000000001,0,89729.0
"('02S', '07C', '08S')",8.072000000000001,0,89729.0
"('02S', '07D', '08C')",8.072000000000001,0,89729.0
"('02S', '07D', '08D')",8.072000000000001,0,89729.0
"('02S', '07D', '08H')",8.072000000000001,0,89729.0
"('02S', '07D', '08S')",8.072000000000001,0,89729.0
"('02S', '07H', '08C')",8.072000000000001,0,89729.0
"('02S', '07H', '08D')",8.072000000000001,0,89729.0
"('02S', '07H', '08H')",8.072000000000001,0,89729.0
"('02S', '07H', '08S')",8.072000000000001,0,89729.0
"('02S', '07S', '08C')",8.072000000000001,0,89729.0
"('02S', '07S', '08D')",8.072000000000001,0,89729.0
"('02S', '07S', '08H')",8.072000000000001,0,89729.0
"('02S', '07S', '08S')",8.072000000000001,0,89729.0
"('05C', '06C', '08C')",8.065000000000001,0,86833.0
"('05C', '06C', '08D')",8.065000000000001,0,86833.0
"('05C', '06C', '08H')",8.065000000000001,0,86833.0
"('05C', '06C', '08S')",8.065000000000001,0,86833.0
"('05C', '06D', '08C')",8.065000000000001,0,86833.0
"('05C', '06D', '08D')",8.065000000000001,0,86833.0
"('05C', '06D', '08H')",8.065000000000001,0,86833.0
"('05C', '06D', '08S')",8.065000000000001,0,86833.0
"('05C', '06H', '08C')",8.065000000000001,0,86833.0
"('05C', '06H', '08D')",8.065000000000001,0,86833.0
"('05C', '06H', '08H')",8.065000000000001,0,86833.0
"('05C', '06H', '08S')",8.065000000000001,0,86833.0
"('05C', '06S', '08C')",8.065000000000001,0,86833.0
"('05C', '06S', '08D')",8.065000000000001,0,86833.0
"('05C', '06S', '08H')",8.065000000000001,0,86833.0
"('05C', '06S', '08S')",8.065000000000001,0,86833.0
"('05D', '06C', '08C')",8.065000000000001,0,86833.0
"('05D', '06C', '08D')",8.065000000000001,0,86833.0
"('05D', '06C', '08H')",8.065000000000001,0,86833.0
"('05D', '06C', '08S')",8.065000000000001,0,86833.0
"('05D', '06D', '08C')",8.065000000000001,0,86833.0
"('05D', '06D', '08D')",8.065000000000001,0,86833.0
"('05D', '06D', '08H')",8.065000000000001,0,86833.0
"('05D', '06D', '08S')",8.065000000000001,0,86833.0
"('05D', '06H', '08C')",8.065000000000001,0,86833.0
"('05D', '06H', '08D')",8.065000000000001,0,86833.0
"('05D', '06H', '08H')",8.065000000000001,0,86833.0
"('05D', '06H', '08S')",8.065000000000001,0,86833.0
"('05D', '06S', '08C')",8.065000000000001,0,86833.0
"('05D', '06S', '08D')",8.065000000000001,0,86833.0
"('05D', '06S', '08H')",8.065000000000001,0,86833.0
"('05D', '06S', '08S')",8.065000000000001,0,86833.0
"('05H', '06C', '08C')",8.065000000000001,0,86833.0
"('05H', '06C', '08D')",8.065000000000001,0,86833.0
"('05H', '06C', '08H')",8.065000000000001,0,86833.0
"('05H', '06C', '08S')",8.065000000000001,0,86833.0
"('05H', '06D', '08C')",8.065000000000001,0,86833.0
"('05H', '06D', '08D')",8.065000000000001,0,86833.0
"('05H', '06D', '08H')",8.065000000000001,0,86833.0
"('05H', '06D', '08S')",8.065000000000001,0,86833.0
"('05H', '06H', '08C')",8.065000000000001,0,86833.0
"('05H', '06H', '08D')",8.065000000000001,0,86833.0
"('05H', '06H', '08H')",8.065000000000001,0,86833.0
"('05H', '06H', '08S')",8.065000000000001,0,86833.0
"('05H', '06S', '08C')",8.065000000000001,0,86833.0
"('05H', '06S', '08D')",8.065000000000001,0,86833.0
"('05H', '06S', '08H')",8.065000000000001,0,86833.0
"('05H', '06S', '08S')",8.065000000000001,0,86833.0
"('05S', '06C', '08C')",8.065000000000001,0,86833.0
"('05S', '06C', '08D')",8.065000000000001,0,86833.0
"('05S', '06C', '08H')",8.065000000000001,0,86833.0
"('05S', '06C', '08S')",8.065000000000001,0,86833.0
"('05S', '06D', '08C')",8.065000000000001,0,86833.0
"('05S', '06D', '08D')",8.065000000000001,0,86833.0
"('05S', '06D', '08H')",8.065000000000001,0,86833.0
"('05S', '06D', '08S')",8.065000000000001,0,86833.0
"('05S', '06H', '08C')",8.065000000000001,0,86833.0
"('05S', '06H', '08D')",8.065000000000001,0,86833.0
"('05S', '06H', '08H')",8.065000000000001,0,86833.0
"('05S', '06H', '08S')",8.065000000000001,0,86833.0
"('05S', '06S', '08C')",8.065000000000001,0,86833.0
"('05S', '06S', '08D')",8.065000000000001,0,86833.0
"('05S', '06S', '08H')",8.065000000000001,0,86833.0
"('05S', '06S', '08S')",8.065000000000001,0,86833.0
"('04C', '06C', '08C')",8.064,0,83937.0
"('04C', '06C', '08D')",8.064,0,83937.0
"('04C', '06C', '08H')",8.064,0,83937.0
"('04C', '06C', '08S')",8.064,0,83937.0
"('04C', '06D', '08C')",8.064,0,83937.0
"('04C', '06D', '08D')",8.064,0,83937.0
"('04C', '06D', '08H')",8.064,0,83937.0
"('04C', '06D', '08S')",8.064,0,83937.0
"('04C', '06H', '08C')",8.064,0,83937.0
"('04C', '06H', '08D')",8.064,0,83937.0
"('04C', '06H', '08H')",8.064,0,83937.0
"('04C', '06H', '08S')",8.064,0,83937.0
"('04C', '06S', '08C')",8.064,0,83937.0
"('04C', '06S', '08D')",8.064,0,83937.0
"('04C', '06S', '08H')",8.064,0,83937.0
"('04C', '06S', '08S')",8.064,0,83937.0
"('04D', '06C', '08C')",8.064,0,83937.0
"('04D', '06C', '08D')",8.064,0,83937.0
"('04D', '06C', '08H')",8.064,0,83937.0
"('04D', '06C', '08S')",8.064,0,83937.0
"('04D', '06D', '08C')",8.064,0,83937.0
"('04D', '06D', '08D')",8.064,0,83937.0
"('04D', '06D', '08H')",8.064,0,83937.0
"('04D', '06D', '08S')",8.064,0,83937.0
"('04D', '06H', '08C')",8.064,0,83937.0
"('04D', '06H', '08D')",8.064,0,83937.0
"('04D', '06H', '08H')",8.064,0,83937.0
"('04D', '06H', '08S')",8.064,0,83937.0
"('04D', '06S', '08C')",8.064,0,83937.0
"('04D', '06S', '08D')",8.064,0,83937.0
"('04D', '06S', '08H')",8.064,0,83937.0
"('04D', '06S', '08S')",8.064,0,83937.0
"('04H', '06C', '08C')",8.064,0,83937.0
"('04H', '06C', '08D')",8.064,0,83937.0
"('04H', '06C', '08H')",8.064,0,83937.0
"('04H', '06C', '08S')",8.064,0,83937.0
"('04H', '06D', '08C')",8.064,0,83937.0
"('04H', '06D', '08D')",8.064,0,83937.0
"('04H', '06D', '08H')",8.064,0,83937.0
"('04H', '06D', '08S')",8.064,0,83937.0
"('04H', '06H', '08C')",8.064,0,83937.0
"('04H', '06H', '08D')",8.064,0,83937.0
"('04H', '06H', '08H')",8.064,0,83937.0
"('04H', '06H', '08S')",8.064,0,83937.0
"('04H', '06S', '08C')",8.064,0,83937.0
"('04H', '06S', '08D')",8.064,0,83937.0
"('04H', '06S', '08H')",8.064,0,83937.0
"('04H', '06S', '08S')",8.064,0,83937.0
"('04S', '06C', '08C')",8.064,0,83937.0
"('04S', '06C', '08D')",8.064,0,83937.0
"('04S', '06C', '08H')",8.064,0,83937.0
"('04S', '06C', '08S')",8.064,0,83937.0
"('04S', '06D', '08C')",8.064,0,83937.0
"('04S', '06D', '08D')",8.064,0,83937.0
"('04S', '06D', '08H')",8.064,0,83937.0
"('04S', '06D', '08S')",8.064,0,83937.0
"('04S', '06H', '08C')",8.064,0,83937.0
"('04S', '06H', '08D')",8.064,0,83937.0
"('04S', '06H', '08H')",8.064,0,83937.0
"('04S', '06H', '08S')",8.064,0,83937.0
"('04S', '06S', '08C')",8.064,0,83937.0
"('04S', '06S', '08D')",8.064,0,83937.0
"('04S', '06S', '08H')",8.064,0,83937.0
"('04S', '06S', '08S')",8.064,0,83937.0
"('03C', '06C', '08C')",8.063,0,81041.0
"('03C', '06C', '08D')",8.063,0,81041.0
"('03C', '06C', '08H')",8.063,0,81041.0
"('03C', '06C', '08S')",8.063,0,81041.0
"('03C', '06D', '08C')",8.063,0,81041.0
"('03C', '06D', '08D')",8.063,0,81041.0
"('03C', '06D', '08H')",8.063,0,81041.0
"('03C', '06D', '08S')",8.063,0,81041.0
"('03C', '06H', '08C')",8.063,0,81041.0
"('03C', '06H', '08D')",8.063,0,81041.0
"('03C', '06H', '08H')",8.063,0,81041.0
"('03C', '06H', '08S')",8.063,0,81041.0
"('03C', '06S', '08C')",8.063,0,81041.0
"('03C', '06S', '08D')",8.063,0,81041.0
"('03C', '06S', '08H')",8.063,0,81041.0
"('03C', '06S', '08S')",8.063,0,81041.0
"('03D', '06C', '08C')",8.063,0,81041.0
"('03D', '06C', '08D')",8.063,0,81041.0
"('03D', '06C', '08H')",8.063,0,81041.0
"('03D', '06C', '08S')",8.063,0,81041.0
"('03D', '06D', '08C')",8.063,0,81041.0
"('03D', '06D', '08D')",8.063,0,81041.0
"('03D', '06D', '08H')",8.063,0,81041.0
"('03D', '06D', '08S')",8.063,0,81041.0
"('03D', '06H', '08C')",8.063,0,81041.0
"('03D', '06H', '08D')",8.063,0,81041.0
"('03D', '06H', '08H')",8.063,0,81041.0
"('03D', '06H', '08S')",8.063,0,81041.0
"('03D', '06S', '08C')",8.063,0,81041.0
"('03D', '06S', '08D')",8.063,0,81041.0
"('03D', '06S', '08H')",8.063,0,81041.0
"('03D', '06S', '08S')",8.063,0,81041.0
"('03H', '06C', '08C')",8.063,0,81041.0
"('03H', '06C', '08D')",8.063,0,81041.0
"('03H', '06C', '08H')",8.063,0,81041.0
"('03H', '06C', '08S')",8.063,0,81041.0
"('03H', '06D', '08C')",8.063,0,81041.0
"('03H', '06D', '08D')",8.063,0,81041.0
"('03H', '06D', '08H')",8.063,0,81041.0
"('03H', '06D', '08S')",8.063,0,81041.0
"('03H', '06H', '08C')",8.063,0,81041.0
"('03H', '06H', '08D')",8.063,0,81041.0
"('03H', '06H', '08H')",8.063,0,81041.0
"('03H', '06H', '08S')",8.063,0,81041.0
"('03H', '06S', '08C')",8.063,0,81041.0
"('03H', '06S', '08D')",8.063,0,81041.0
"('03H', '06S', '08H')",8.063,0,81041.0
"('03H', '06S', '08S')",8.063,0,81041.0
"('03S', '06C', '08C')",8.063,0,81041.0
"('03S', '06C', '08D')",8.063,0,81041.0
"('03S', '06C', '08H')",8.063,0,81041.0
"('03S', '06C', '08S')",8.063,0,81041.0
"('03S', '06D', '08C')",8.063,0,81041.0
"('03S', '06D', '08D')",8.063,0,81041.0
"('03S', '06D', '08H')",8.063,0,81041.0
"('03S', '06D', '08S')",8.063,0,81041.0
"('03S', '06H', '08C')",8.063,0,81041.0
"('03S', '06H', '08D')",8.063,0,81041.0
"('03S', '06H', '08H')",8.063,0,81041.0
"('03S', '06H', '08S')",8.063,0,81041.0
"('03S', '06S', '08C')",8.063,0,81041.0
"('03S', '06S', '08D')",8.063,0,81041.0
"('03S', '06S', '08H')",8.063,0,81041.0
"('03S', '06S', '08S')",8.063,0,81041.0
"('02C', '06C', '08C')",8.062000000000001,0,78145.0
"('02C', '06C', '08D')",8.062000000000001,0,78145.0
"('02C', '06C', '08H')",8.062000000000001,0,78145.0
"('02C', '06C', '08S')",8.062000000000001,0,78145.0
"('02C', '06D', '08C')",8.062000000000001,0,78145.0
"('02C', '06D', '08D')",8.062000000000001,0,78145.0
"('02C', '06D', '08H')",8.062000000000001,0,78145.0
"('02C', '06D', '08S')",8.062000000000001,0,78145.0
"('02C', '06H', '08C')",8.062000000000001,0,78145.0
"('02C', '06H', '08D')",8.062000000000001,0,78145.0
"('02C', '06H', '08H')",8.062000000000001,0,78145.0
"('02C', '06H', '08S')",8.062000000000001,0,78145.0
"('02C', '06S', '08C')",8.062000000000001,0,78145.0
"('02C', '06S', '08D')",8.062000000000001,0,78145.0
"('02C', '06S', '08H')",8.062000000000001,0,78145.0
"('02C', '06S', '08S')",8.062000000000001,0,78145.0
"('02D', '06C', '08C')",8.062000000000001,0,78145.0
"('02D', '06C', '08D')",8.062000000000001,0,78145.0
"('02D', '06C', '08H')",8.062000000000001,0,78145.0
"('02D', '06C', '08S')",8.062000000000001,0,78145.0
"('02D', '06D', '08C')",8.062000000000001,0,78145.0
"('02D', '06D', '08D')",8.062000000000001,0,78145.0
"('02D', '06D', '08H')",8.062000000000001,0,78145.0
"('02D', '06D', '08S')",8.062000000000001,0,78145.0
"('02D', '06H', '08C')",8.062000000000001,0,78145.0
"('02D', '06H', '08D')",8.062000000000001,0,78145.0
"('02D', '06H', '08H')",8.062000000000001,0,78145.0
"('02D', '06H', '08S')",8.062000000000001,0,78145.0
"('02D', '06S', '08C')",8.062000000000001,0,78145.0
"('02D', '06S', '08D')",8.062000000000001,0,78145.0
"('02D', '06S', '08H')",8.062000000000001,0,78145.0
"('02D', '06S', '08S')",8.062000000000001,0,78145.0
"('02H', '06C', '08C')",8.062000000000001,0,78145.0
"('02H', '06C', '08D')",8.062000000000001,0,78145.0
"('02H', '06C', '08H')",8.062000000000001,0,78145.0
"('02H', '06C', '08S')",8.062000000000001,0,78145.0
"('02H', '06D', '08C')",8.062000000000001,0,78145.0
"('02H', '06D', '08D')",8.062000000000001,0,78145.0
"('02H', '06D', '08H')",8.062000000000001,0,78145.0
"('02H', '06D', '08S')",8.062000000000001,0,78145.0
"('02H', '06H', '08C')",8.062000000000001,0,78145.0
"('02H', '06H', '08D')",8.062000000000001,0,78145.0
"('02H', '06H', '08H')",8.062000000000001,0,78145.0
"('02H', '06H', '08S')",8.062000000000001,0,78145.0
"('02H', '06S', '08C')",8.062000000000001,0,78145.0
"('02H', '06S', '08D')",8.062000000000001,0,78145.0
"('02H', '06S', '08H')",8.062000000000001,0,78145.0
"('02H', '06S', '08S')",8.062000000000001,0,78145.0
"('02S', '06C', '08C')",8.062000000000001,0,78145.0
"('02S', '06C', '08D')",8.062000000000001,0,78145.0
"('02S', '06C', '08H')",8.062000000000001,0,78145.0
"('02S', '06C', '08S')",8.062000000000001,0,78145.0
"('02S', '06D', '08C')",8.062000000000001,0,78145.0
"('02S', '06D', '08D')",8.062000000000001,0,78145.0
"('02S', '06D', '08H')",8.062000000000001,0,78145.0
"('02S', '06D', '08S')",8.062000000000001,0,78145.0
"('02S', '06H', '08C')",8.062000000000001,0,78145.0
"('02S', '06H', '08D')",8.062000000000001,0,78145.0
"('02S', '06H', '08H')",8.062000000000001,0,78145.0
"('02S', '06H', '08S')",8.062000000000001,0,78145.0
"('02S', '06S', '08C')",8.062000000000001,0,78145.0
"('02S', '06S', '08D')",8.062000000000001,0,78145.0
"('02S', '06S', '08H')",8.062000000000001,0,78145.0
"('02S', '06S', '08S')",8.062000000000001,0,78145.0
"('04C', '05C', '08C')",8.054,0,75249.0
"('04C', '05C', '08D')",8.054,0,75249.0
"('04C', '05C', '08H')",8.054,0,75249.0
"('04C', '05C', '08S')",8.054,0,75249.0
"('04C', '05D', '08C')",8.054,0,75249.0
"('04C', '05D', '08D')",8.054,0,75249.0
"('04C', '05D', '08H')",8.054,0,75249.0
"('04C', '05D', '08S')",8.054,0,75249.0
"('04C', '05H', '08C')",8.054,0,75249.0
"('04C', '05H', '08D')",8.054,0,75249.0
"('04C', '05H', '08H')",8.054,0,75249.0
"('04C', '05H', '08S')",8.054,0,75249.0
"('04C', '05S', '08C')",8.054,0,75249.0
"('04C', '05S', '08D')",8.054,0,75249.0
"('04C', '05S', '08H')",8.054,0,75249.0
"('04C', '05S', '08S')",8.054,0,75249.0
"('04D', '05C', '08C')",8.054,0,75249.0
"('04D', '05C', '08D')",8.054,0,75249.0
"('04D', '05C', '08H')",8.054,0,75249.0
"('04D', '05C', '08S')",8.054,0,75249.0
"('04D', '05D', '08C')",8.054,0,75249.0
"('04D', '05D', '08D')",8.054,0,75249.0
"('04D', '05D', '08H')",8.054,0,75249.0
"('04D', '05D', '08S')",8.054,0,75249.0
"('04D', '05H', '08C')",8.054,0,75249.0
"('04D', '05H', '08D')",8.054,0,75249.0
"('04D', '05H', '08H')",8.054,0,75249.0
"('04D', '05H', '08S')",8.054,0,75249.0
"('04D', '05S', '08C')",8.054,0,75249.0
"('04D', '05S', '08D')",8.054,0,75249.0
"('04D', '05S', '08H')",8.054,0,75249.0
"('04D', '05S', '08S')",8.054,0,75249.0
"('04H', '05C', '08C')",8.054,0,75249.0
"('04H', '05C', '08D')",8.054,0,75249.0
"('04H', '05C', '08H')",8.054,0,75249.0
"('04H', '05C', '08S')",8.054,0,75249.0
"('04H', '05D', '08C')",8.054,0,75249.0
"('04H', '05D', '08D')",8.054,0,75249.0
"('04H', '05D', '08H')",8.054,0,75249.0
"('04H', '05D', '08S')",8.054,0,75249.0
"('04H', '05H', '08C')",8.054,0,75249.0
"('04H', '05H', '08D')",8.054,0,75249.0
"('04H', '05H', '08H')",8.054,0,75249.0
"('04H', '05H', '08S')",8.054,0,75249.0
"('04H', '05S', '08C')",8.054,0,75249.0
"('04H', '05S', '08D')",8.054,0,75249.0
"('04H', '05S', '08H')",8.054,0,75249.0
"('04H', '05S', '08S')",8.054,0,75249.0
"('04S', '05C', '08C')",8.054,0,75249.0
"('04S', '05C', '08D')",8.054,0,75249.0
"('04S', '05C', '08H')",8.054,0,75249.0
"('04S', '05C', '08S')",8.054,0,75249.0
"('04S', '05D', '08C')",8.054,0,75249.0
"('04S', '05D', '08D')",8.054,0,75249.0
"('04S', '05D', '08H')",8.054,0,75249.0
"('04S', '05D', '08S')",8.054,0,75249.0
"('04S', '05H', '08C')",8.054,0,75249.0
"('04S', '05H', '08D')",8.054,0,75249.0
"('04S', '05H', '08H')",8.054,0,75249.0
"('04S', '05H', '08S')",8.054,0,75249.0
"('04S', '05S', '08C')",8.054,0,75249.0
"('04S', '05S', '08D')",8.054,0,75249.0
"('04S', '05S', '08H')",8.054,0,75249.0
"('04S', '05S', '08S')",8.054,0,75249.0
"('03C', '05C', '08C')",8.053,0,72353.0
"('03C', '05C', '08D')",8.053,0,72353.0
"('03C', '05C', '08H')",8.053,0,72353.0
"('03C', '05C', '08S')",8.053,0,72353.0
"('03C', '05D', '08C')",8.053,0,72353.0
"('03C', '05D', '08D')",8.053,0,72353.0
"('03C', '05D', '08H')",8.053,0,72353.0
"('03C', '05D', '08S')",8.053,0,72353.0
"('03C', '05H', '08C')",8.053,0,72353.0
"('03C', '05H', '08D')",8.053,0,72353.0
"('03C', '05H', '08H')",8.053,0,72353.0
"('03C', '05H', '08S')",8.053,0,72353.0
"('03C', '05S', '08C')",8.053,0,72353.0
"('03C', '05S', '08D')",8.053,0,72353.0
"('03C', '05S', '08H')",8.053,0,72353.0
"('03C', '05S', '08S')",8.053,0,72353.0
"('03D', '05C', '08C')",8.053,0,72353.0
"('03D', '05C', '08D')",8.053,0,72353.0
"('03D', '05C', '08H')",8.053,0,72353.0
"('03D', '05C', '08S')",8.053,0,72353.0
"('03D', '05D', '08C')",8.053,0,72353.0
"('03D', '05D', '08D')",8.053,0,72353.0
"('03D', '05D', '08H')",8.053,0,72353.0
"('03D', '05D', '08S')",8.053,0,72353.0
"('03D', '05H', '08C')",8.053,0,72353.0
"('03D', '05H', '08D')",8.053,0,72353.0
"('03D', '05H', '08H')",8.053,0,72353.0
"('03D', '05H', '08S')",8.053,0,72353.0
"('03D', '05S', '08C')",8.053,0,72353.0
"('03D', '05S', '08D')",8.053,0,72353.0
"('03D', '05S', '08H')",8.053,0,72353.0
"('03D', '05S', '08S')",8.053,0,72353.0
"('03H', '05C', '08C')",8.053,0,72353.0
"('03H', '05C', '08D')",8.053,0,72353.0
"('03H', '05C', '08H')",8.053,0,72353.0
"('03H', '05C', '08S')",8.053,0,72353.0
"('03H', '05D', '08C')",8.053,0,72353.0
"('03H', '05D', '08D')",8.053,0,72353.0
"('03H', '05D', '08H')",8.053,0,72353.0
"('03H', '05D', '08S')",8.053,0,72353.0
"('03H', '05H', '08C')",8.053,0,72353.0
"('03H', '05H', '08D')",8.053,0,72353.0
"('03H', '05H', '08H')",8.053,0,72353.0
"('03H', '05H', '08S')",8.053,0,72353.0
"('03H', '05S', '08C')",8.053,0,72353.0
"('03H', '05S', '08D')",8.053,0,72353.0
"('03H', '05S', '08H')",8.053,0,72353.0
"('03H', '05S', '08S')",8.053,0,72353.0
"('03S', '05C', '08C')",8.053,0,72353.0
"('03S', '05C', '08D')",8.053,0,72353.0
"('03S', '05C', '08H')",8.053,0,72353.0
"('03S', '05C', '08S')",8.053,0,72353.0
"('03S', '05D', '08C')",8.053,0,72353.0
"('03S', '05D', '08D')",8.053,0,72353.0
"('03S', '05D', '08H')",8.053,0,72353.0
"('03S', '05D', '08S')",8.053,0,72353.0
"('03S', '05H', '08C')",8.053,0,72353.0
"('03S', '05H', '08D')",8.053,0,72353.0
"('03S', '05H', '08H')",8.053,0,72353.0
"('03S', '05H', '08S')",8.053,0,72353.0
"('03S', '05S', '08C')",8.053,0,72353.0
"('03S', '05S', '08D')",8.053,0,72353.0
"('03S', '05S', '08H')",8.053,0,72353.0
"('03S', '05S', '08S')",8.053,0,72353.0
"('02C', '05C', '08C')",8.052000000000001,0,69457.0
"('02C', '05C', '08D')",8.052000000000001,0,69457.0
"('02C', '05C', '08H')",8.052000000000001,0,69457.0
"('02C', '05C', '08S')",8.052000000000001,0,69457.0
"('02C', '05D', '08C')",8.052000000000001,0,69457.0
"('02C', '05D', '08D')",8.052000000000001,0,69457.0
"('02C', '05D', '08H')",8.052000000000001,0,69457.0
"('02C', '05D', '08S')",8.052000000000001,0,69457.0
"('02C', '05H', '08C')",8.052000000000001,0,69457.0
"('02C', '05H', '08D')",8.052000000000001,0,69457.0
"('02C', '05H', '08H')",8.052000000000001,0,69457.0
"('02C', '05H', '08S')",8.052000000000001,0,69457.0
"('02C', '05S', '08C')",8.052000000000001,0,69457.0
"('02C', '05S', '08D')",8.052000000000001,0,69457.0
"('02C', '05S', '08H')",8.052000000000001,0,69457.0
"('02C', '05S', '08S')",8.052000000000001,0,69457.0
"('02D', '05C', '08C')",8.052000000000001,0,69457.0
"('02D', '05C', '08D')",8.052000000000001,0,69457.0
"('02D', '05C', '08H')",8.052000000000001,0,69457.0
"('02D', '05C', '08S')",8.052000000000001,0,69457.0
"('02D', '05D', '08C')",8.052000000000001,0,69457.0
"('02D', '05D', '08D')",8.052000000000001,0,69457.0
"('02D', '05D', '08H')",8.052000000000001,0,69457.0
"('02D', '05D', '08S')",8.052000000000001,0,69457.0
"('02D', '05H', '08C')",8.052000000000001,0,69457.0
"('02D', '05H', '08D')",8.052000000000001,0,69457.0
"('02D', '05H', '08H')",8.052000000000001,0,69457.0
"('02D', '05H', '08S')",8.052000000000001,0,69457.0
"('02D', '05S', '08C')",8.052000000000001,0,69457.0
"('02D', '05S', '08D')",8.052000000000001,0,69457.0
"('02D', '05S', '08H')",8.052000000000001,0,69457.0
"('02D', '05S', '08S')",8.052000000000001,0,69457.0
"('02H', '05C', '08C')",8.052000000000001,0,69457.0
"('02H', '05C', '08D')",8.052000000000001,0,69457.0
"('02H', '05C', '08H')",8.052000000000001,0,69457.0
"('02H', '05C', '08S')",8.052000000000001,0,69457.0
"('02H', '05D', '08C')",8.052000000000001,0,69457.0
"('02H', '05D', '08D')",8.052000000000001,0,69457.0
"('02H', '05D', '08H')",8.052000000000001,0,69457.0
"('02H', '05D', '08S')",8.052000000000001,0,69457.0
"('02H', '05H', '08C')",8.052000000000001,0,69457.0
"('02H', '05H', '08D')",8.052000000000001,0,69457.0
"('02H', '05H', '08H')",8.052000000000001,0,69457.0
"('02H', '05H', '08S')",8.052000000000001,0,69457.0
"('02H', '05S', '08C')",8.052000000000001,0,69457.0
"('02H', '05S', '08D')",8.052000000000001,0,69457.0
"('02H', '05S', '08H')",8.052000000000001,0,69457.0
"('02H', '05S', '08S')",8.052000000000001,0,69457.0
"('02S', '05C', '08C')",8.052000000000001,0,69457.0
"('02S', '05C', '08D')",8.052000000000001,0,69457.0
"('02S', '05C', '08H')",8.052000000000001,0,69457.0
"('02S', '05C', '08S')",8.052000000000001,0,69457.0
"('02S', '05D', '08C')",8.052000000000001,0,69457.0
"('02S', '05D', '08D')",8.052000000000001,0,69457.0
"('02S', '05D', '08H')",8.052000000000001,0,69457.0
"('02S', '05D', '08S')",8.052000000000001,0,69457.0
"('02S', '05H', '08C')",8.052000000000001,0,69457.0
"('02S', '05H', '08D')",8.052000000000001,0,69457.0
"('02S', '05H', '08H')",8.052000000000001,0,69457.0
"('02S', '05H', '08S')",8.052000000000001,0,69457.0
"('02S', '05S', '08C')",8.052000000000001,0,69457.0
"('02S', '05S', '08D')",8.052000000000001,0,69457.0
"('02S', '05S', '08H')",8.052000000000001,0,69457.0
"('02S', '05S', '08S')",8.052000000000001,0,69457.0
"('03C', '04C', '08C')",8.043,0,66561.0
"('03C', '04C', '08D')",8.043,0,66561.0
"('03C', '04C', '08H')",8.043,0,66561.0
"('03C', '04C', '08S')",8.043,0,66561.0
"('03C', '04D', '08C')",8.043,0,66561.0
"('03C', '04D', '08D')",8.043,0,66561.0
"('03C', '04D', '08H')",8.043,0,66561.0
"('03C', '04D', '08S')",8.043,0,66561.0
"('03C', '04H', '08C')",8.043,0,66561.0
"('03C', '04H', '08D')",8.043,0,66561.0
"('03C', '04H', '08H')",8.043,0,66561.0
"('03C', '04H', '08S')",8.043,0,66561.0
"('03C', '04S', '08C')",8.043,0,66561.0
"('03C', '04S', '08D')",8.043,0,66561.0
"('03C', '04S', '08H')",8.043,0,66561.0
"('03C', '04S', '08S')",8.043,0,66561.0
"('03D', '04C', '08C')",8.043,0,66561.0
"('03D', '04C', '08D')",8.043,0,66561.0
"('03D', '04C', '08H')",8.043,0,66561.0
"('03D', '04C', '08S')",8.043,0,66561.0
"('03D', '04D', '08C')",8.043,0,66561.0
"('03D', '04D', '08D')",8.043,0,66561.0
"('03D', '04D', '08H')",8.043,0,66561.0
"('03D', '04D', '08S')",8.043,0,66561.0
"('03D', '04H', '08C')",8.043,0,66561.0
"('03D', '04H', '08D')",8.043,0,66561.0
"('03D', '04H', '08H')",8.043,0,66561.0
"('03D', '04H', '08S')",8.043,0,66561.0
"('03D', '04S', '08C')",8.043,0,66561.0
"('03D', '04S', '08D')",8.043,0,66561.0
"('03D', '04S', '08H')",8.043,0,66561.0
"('03D', '04S', '08S')",8.043,0,66561.0
"('03H', '04C', '08C')",8.043,0,66561.0
"('03H', '04C', '08D')",8.043,0,66561.0
"('03H', '04C', '08H')",8.043,0,66561.0
"('03H', '04C', '08S')",8.043,0,66561.0
"('03H', '04D', '08C')",8.043,0,66561.0
"('03H', '04D', '08D')",8.043,0,66561.0
"('03H', '04D', '08H')",8.043,0,66561.0
"('03H', '04D', '08S')",8.043,0,66561.0
"('03H', '04H', '08C')",8.043,0,66561.0
"('03H', '04H', '08D')",8.043,0,66561.0
"('03H', '04H', '08H')",8.043,0,66561.0
"('03H', '04H', '08S')",8.043,0,66561.0
"('03H', '04S', '08C')",8.043,0,66561.0
"('03H', '04S', '08D')",8.043,0,66561.0
"('03H', '04S', '08H')",8.043,0,66561.0
"('03H', '04S', '08S')",8.043,0,66561.0
"('03S', '04C', '08C')",8.043,0,66561.0
"('03S', '04C', '08D')",8.043,0,66561.0
"('03S', '04C', '08H')",8.043,0,66561.0
"('03S', '04C', '08S')",8.043,0,66561.0
"('03S', '04D', '08C')",8.043,0,66561.0
"('03S', '04D', '08D')",8.043,0,66561.0
"('03S', '04D', '08H')",8.043,0,66561.0
"('03S', '04D', '08S')",8.043,0,66561.0
"('03S', '04H', '08C')",8.043,0,66561.0
"('03S', '04H', '08D')",8.043,0,66561.0
"('03S', '04H', '08H')",8.043,0,66561.0
"('03S', '04H', '08S')",8.043,0,66561.0
"('03S', '04S', '08C')",8.043,0,66561.0
"('03S', '04S', '08D')",8.043,0,66561.0
"('03S', '04S', '08H')",8.043,0,66561.0
"('03S', '04S', '08S')",8.043,0,66561.0
"('02C', '04C', '08C')",8.042,0,63665.0
"('02C', '04C', '08D')",8.042,0,63665.0
"('02C', '04C', '08H')",8.042,0,63665.0
"('02C', '04C', '08S')",8.042,0,63665.0
"('02C', '04D', '08C')",8.042,0,63665.0
"('02C', '04D', '08D')",8.042,0,63665.0
"('02C', '04D', '08H')",8.042,0,63665.0
"('02C', '04D', '08S')",8.042,0,63665.0
"('02C', '04H', '08C')",8.042,0,63665.0
"('02C', '04H', '08D')",8.042,0,63665.0
"('02C', '04H', '08H')",8.042,0,63665.0
"('02C', '04H', '08S')",8.042,0,63665.0
"('02C', '04S', '08C')",8.042,0,63665.0
"('02C', '04S', '08D')",8.042,0,63665.0
"('02C', '04S', '08H')",8.042,0,63665.0
"('02C', '04S', '08S')",8.042,0,63665.0
"('02D', '04C', '08C')",8.042,0,63665.0
"('02D', '04C', '08D')",8.042,0,63665.0
"('02D', '04C', '08H')",8.042,0,63665.0
"('02D', '04C', '08S')",8.042,0,63665.0
"('02D', '04D', '08C')",8.042,0,63665.0
"('02D', '04D', '08D')",8.042,0,63665.0
"('02D', '04D', '08H')",8.042,0,63665.0
"('02D', '04D', '08S')",8.042,0,63665.0
"('02D', '04H', '08C')",8.042,0,63665.0
"('02D', '04H', '08D')",8.042,0,63665.0
"('02D', '04H', '08H')",8.042,0,63665.0
"('02D', '04H', '08S')",8.042,0,63665.0
"('02D', '04S', '08C')",8.042,0,63665.0
"('02D', '04S', '08D')",8.042,0,63665.0
"('02D', '04S', '08H')",8.042,0,63665.0
"('02D', '04S', '08S')",8.042,0,63665.0
"('02H', '04C', '08C')",8.042,0,63665.0
"('02H', '04C', '08D')",8.042,0,63665.0
"('02H', '04C', '08H')",8.042,0,63665.0
"('02H', '04C', '08S')",8.042,0,63665.0
"('02H', '04D', '08C')",8.042,0,63665.0
"('02H', '04D', '08D')",8.042,0,63665.0
"('02H', '04D', '08H')",8.042,0,63665.0
"('02H', '04D', '08S')",8.042,0,63665.0
"('02H', '04H', '08C')",8.042,0,63665.0
"('02H', '04H', '08D')",8.042,0,63665.0
"('02H', '04H', '08H')",8.042,0,63665.0
"('02H', '04H', '08S')",8.042,0,63665.0
"('02H', '04S', '08C')",8.042,0,63665.0
"('02H', '04S', '08D')",8.042,0,63665.0
"('02H', '04S', '08H')",8.042,0,63665.0
"('02H', '04S', '08S')",8.042,0,63665.0
"('02S', '04C', '08C')",8.042,0,63665.0
"('02S', '04C', '08D')",8.042,0,63665.0
"('02S', '04C', '08H')",8.042,0,63665.0
"('02S', '04C', '08S')",8.042,0,63665.0
"('02S', '04D', '08C')",8.042,0,63665.0
"('02S', '04D', '08D')",8.042,0,63665.0
"('02S', '04D', '08H')",8.042,0,63665.0
"('02S', '04D', '08S')",8.042,0,63665.0
"('02S', '04H', '08C')",8.042,0,63665.0
"('02S', '04H', '08D')",8.042,0,63665.0
"('02S', '04H', '08H')",8.042,0,63665.0
"('02S', '04H', '08S')",8.042,0,63665.0
"('02S', '04S', '08C')",8.042,0,63665.0
"('02S', '04S', '08D')",8.042,0,63665.0
"('02S', '04S', '08H')",8.042,0,63665.0
"('02S', '04S', '08S')",8.042,0,63665.0
"('02C', '03C', '08C')",8.032,0,60769.0
"('02C', '03C', '08D')",8.032,0,60769.0
"('02C', '03C', '08H')",8.032,0,60769.0
"('02C', '03C', '08S')",8.032,0,60769.0
"('02C', '03D', '08C')",8.032,0,60769.0
"('02C', '03D', '08D')",8.032,0,60769.0
"('02C', '03D', '08H')",8.032,0,60769.0
"('02C', '03D', '08S')",8.032,0,60769.0
"('02C', '03H', '08C')",8.032,0,60769.0
"('02C', '03H', '08D')",8.032,0,60769.0
"('02C', '03H', '08H')",8.032,0,60769.0
"('02C', '03H', '08S')",8.032,0,60769.0
"('02C', '03S', '08C')",8.032,0,60769.0
"('02C', '03S', '08D')",8.032,0,60769.0
"('02C', '03S', '08H')",8.032,0,60769.0
"('02C', '03S', '08S')",8.032,0,60769.0
"('02D', '03C', '08C')",8.032,0,60769.0
"('02D', '03C', '08D')",8.032,0,60769.0
"('02D', '03C', '08H')",8.032,0,60769.0
"('02D', '03C', '08S')",8.032,0,60769.0
"('02D', '03D', '08C')",8.032,0,60769.0
"('02D', '03D', '08D')",8.032,0,60769.0
"('02D', '03D', '08H')",8.032,0,60769.0
"('02D', '03D', '08S')",8.032,0,60769.0
"('02D', '03H', '08C')",8.032,0,60769.0
"('02D', '03H', '08D')",8.032,0,60769.0
"('02D', '03H', '08H')",8.032,0,60769.0
"('02D', '03H', '08S')",8.032,0,60769.0
"('02D', '03S', '08C')",8.032,0,60769.0
"('02D', '03S', '08D')",8.032,0,60769.0
"('02D', '03S', '08H')",8.032,0,60769.0
"('02D', '03S', '08S')",8.032,0,60769.0
"('02H', '03C', '08C')",8.032,0,60769.0
"('02H', '03C', '08D')",8.032,0,60769.0
"('02H', '03C', '08H')",8.032,0,60769.0
"('02H', '03C', '08S')",8.032,0,60769.0
"('02H', '03D', '08C')",8.032,0,60769.0
"('02H', '03D', '08D')",8.032,0,60769.0
"('02H', '03D', '08H')",8.032,0,60769.0
"('02H', '03D', '08S')",8.032,0,60769.0
"('02H', '03H', '08C')",8.032,0,60769.0
"('02H', '03H', '08D')",8.032,0,60769.0
"('02H', '03H', '08H')",8.032,0,60769.0
"('02H', '03H', '08S')",8.032,0,60769.0
"('02H', '03S', '08C')",8.032,0,60769.0
"('02H', '03S', '08D')",8.032,0,60769.0
"('02H', '03S', '08H')",8.032,0,60769.0
"('02H', '03S', '08S')",8.032,0,60769.0
"('02S', '03C', '08C')",8.032,0,60769.0
"('02S', '03C', '08D')",8.032,0,60769.0
"('02S', '03C', '08H')",8.032,0,60769.0
"('02S', '03C', '08S')",8.032,0,60769.0
"('02S', '03D', '08C')",8.032,0,60769.0
"('02S', '03D', '08D')",8.032,0,60769.0
"('02S', '03D', '08H')",8.032,0,60769.0
"('02S', '03D', '08S')",8.032,0,60769.0
"('02S', '03H', '08C')",8.032,0,60769.0
"('02S', '03H', '08D')",8.032,0,60769.0
"('02S', '03H', '08H')",8.032,0,60769.0
"('02S', '03H', '08S')",8.032,0,60769.0
"('02S', '03S', '08C')",8.032,0,60769.0
"('02S', '03S', '08D')",8.032,0,60769.0
"('02S', '03S', '08H')",8.032,0,60769.0
"('02S', '03S', '08S')",8.032,0,60769.0
"('05C', '06C', '07C')",7.0649999999999995,4,57873.0
"('05C', '06C', '07D')",7.0649999999999995,4,57873.0
"('05C', '06C', '07H')",7.0649999999999995,4,57873.0
"('05C', '06C', '07S')",7.0649999999999995,4,57873.0
"('05C', '06D', '07C')",7.0649999999999995,4,57873.0
"('05C', '06D', '07D')",7.0649999999999995,4,57873.0
"('05C', '06D', '07H')",7.0649999999999995,4,57873.0
"('05C', '06D', '07S')",7.0649999999999995,4,57873.0
"('05C', '06H', '07C')",7.0649999999999995,4,57873.0
"('05C', '06H', '07D')",7.0649999999999995,4,57873.0
"('05C', '06H', '07H')",7.0649999999999995,4,57873.0
"('05C', '06H', '07S')",7.0649999999999995,4,57873.0
"('05C', '06S', '07C')",7.0649999999999995,4,57873.0
"('05C', '06S', '07D')",7.0649999999999995,4,57873.0
"('05C', '06S', '07H')",7.0649999999999995,4,57873.0
"('05C', '06S', '07S')",7.0649999999999995,4,57873.0
"('05D', '06C', '07C')",7.0649999999999995,4,57873.0
"('05D', '06C', '07D')",7.0649999999999995,4,57873.0
"('05D', '06C', '07H')",7.0649999999999995,4,57873.0
"('05D', '06C', '07S')",7.0649999999999995,4,57873.0
"('05D', '06D', '07C')",7.0649999999999995,4,57873.0
"('05D', '06D', '07D')",7.0649999999999995,4,57873.0
"('05D', '06D', '07H')",7.0649999999999995,4,57873.0
"('05D', '06D', '07S')",7.0649999999999995,4,57873.0
"('05D', '06H', '07C')",7.0649999999999995,4,57873.0
"('05D', '06H', '07D')",7.0649999999999995,4,57873.0
"('05D', '06H', '07H')",7.0649999999999995,4,57873.0
"('05D', '06H', '07S')",7.0649999999999995,4,57873.0
"('05D', '06S', '07C')",7.0649999999999995,4,57873.0
"('05D', '06S', '07D')",7.0649999999999995,4,57873.0
"('05D', '06S', '07H')",7.0649999999999995,4,57873.0
"('05D', '06S', '07S')",7.0649999999999995,4,57873.0
"('05H', '06C', '07C')",7.0649999999999995,4,57873.0
"('05H', '06C', '07D')",7.0649999999999995,4,57873.0
"('05H', '06C', '07H')",7.0649999999999995,4,57873.0
"('05H', '06C', '07S')",7.0649999999999995,4,57873.0
"('05H', '06D', '07C')",7.0649999999999995,4,57873.0
"('05H', '06D', '07D')",7.0649999999999995,4,57873.0
"('05H', '06D', '07H')",7.0649999999999995,4,57873.0
"('05H', '06D', '07S')",7.0649999999999995,4,57873.0
"('05H', '06H', '07C')",7.0649999999999995,4,57873.0
"('05H', '06H', '07D')",7.0649999999999995,4,57873.0
"('05H', '06H', '07H')",7.0649999999999995,4,57873.0
"('05H', '06H', '07S')",7.0649999999999995,4,57873.0
"('05H', '06S', '07C')",7.0649999999999995,4,57873.0
"('05H', '06S', '07D')",7.0649999999999995,4,57873.0
"('05H', '06S', '07H')",7.0649999999999995,4,57873.0
"('05H', '06S', '07S')",7.0649999999999995,4,57873.0
"('05S', '06C', '07C')",7.0649999999999995,4,57873.0
"('05S', '06C', '07D')",7.0649999999999995,4,57873.0
"('05S', '06C', '07H')",7.0649999999999995,4,57873.0
"('05S', '06C', '07S')",7.0649999999999995,4,57873.0
"('05S', '06D', '07C')",7.0649999999999995,4,57873.0
"('05S', '06D', '07D')",7.0649999999999995,4,57873.0
"('05S', '06D', '07H')",7.0649999999999995,4,57873.0
"('05S', '06D', '07S')",7.0649999999999995,4,57873.0
"('05S', '06H', '07C')",7.0649999999999995,4,57873.0
"('05S', '06H', '07D')",7.0649999999999995,4,57873.0
"('05S', '06H', '07H')",7.0649999999999995,4,57873.0
"('05S', '06H', '07S')",7.0649999999999995,4,57873.0
"('05S', '06S', '07C')",7.0649999999999995,4,57873.0
"('05S', '06S', '07D')",7.0649999999999995,4,57873.0
"('05S', '06S', '07H')",7.0649999999999995,4,57873.0
"('05S', '06S', '07S')",7.0649999999999995,4,57873.0
"('04C', '06C', '07C')",7.063999999999999,0,54977.0
"('04C', '06C', '07D')",7.063999999999999,0,54977.0
"('04C', '06C', '07H')",7.063999999999999,0,54977.0
"('04C', '06C', '07S')",7.063999999999999,0,54977.0
"('04C', '06D', '07C')",7.063999999999999,0,54977.0
"('04C', '06D', '07D')",7.063999999999999,0,54977.0
"('04C', '06D', '07H')",7.063999999999999,0,54977.0
"('04C', '06D', '07S')",7.063999999999999,0,54977.0
"('04C', '06H', '07C')",7.063999999999999,0,54977.0
"('04C', '06H', '07D')",7.063999999999999,0,54977.0
"('04C', '06H', '07H')",7.063999999999999,0,54977.0
"('04C', '06H', '07S')",7.063999999999999,0,54977.0
"('04C', '06S', '07C')",7.063999999999999,0,54977.0
"('04C', '06S', '07D')",7.063999999999999,0,54977.0
"('04C', '06S', '07H')",7.063999999999999,0,54977.0
"('04C', '06S', '07S')",7.063999999999999,0,54977.0
"('04D', '06C', '07C')",7.063999999999999,0,54977.0
"('04D', '06C', '07D')",7.063999999999999,0,54977.0
"('04D', '06C', '07H')",7.063999999999999,0,54977.0
"('04D', '06C', '07S')",7.063999999999999,0,54977.0
"('04D', '06D', '07C')",7.063999999999999,0,54977.0
"('04D', '06D', '07D')",7.063999999999999,0,54977.0
"('04D', '06D', '07H')",7.063999999999999,0,54977.0
"('04D', '06D', '07S')",7.063999999999999,0,54977.0
"('04D', '06H', '07C')",7.063999999999999,0,54977.0
"('04D', '06H', '07D')",7.063999999999999,0,54977.0
"('04D', '06H', '07H')",7.063999999999999,0,54977.0
"('04D', '06H', '07S')",7.063999999999999,0,54977.0
"('04D', '06S', '07C')",7.063999999999999,0,54977.0
"('04D', '06S', '07D')",7.063999999999999,0,54977.0
"('04D', '06S', '07H')",7.063999999999999,0,54977.0
"('04D', '06S', '07S')",7.063999999999999,0,54977.0
"('04H', '06C', '07C')",7.063999999999999,0,54977.0
"('04H', '06C', '07D')",7.063999999999999,0,54977.0
"('04H', '06C', '07H')",7.063999999999999,0,54977.0
"('04H', '06C', '07S')",7.063999999999999,0,54977.0
"('04H', '06D', '07C')",7.063999999999999,0,54977.0
"('04H', '06D', '07D')",7.063999999999999,0,54977.0
"('04H', '06D', '07H')",7.063999999999999,0,54977.0
"('04H', '06D', '07S')",7.063999999999999,0,54977.0
"('04H', '06H', '07C')",7.063999999999999,0,54977.0
"('04H', '06H', '07D')",7.063999999999999,0,54977.0
"('04H', '06H', '07H')",7.063999999999999,0,54977.0
"('04H', '06H', '07S')",7.063999999999999,0,54977.0
"('04H', '06S', '07C')",7.063999999999999,0,54977.0
"('04H', '06S', '07D')",7.063999999999999,0,54977.0
"('04H', '06S', '07H')",7.063999999999999,0,54977.0
"('04H', '06S', '07S')",7.063999999999999,0,54977.0
"('04S', '06C', '07C')",7.063999999999999,0,54977.0
"('04S', '06C', '07D')",7.063999999999999,0,54977.0
"('04S', '06C', '07H')",7.063999999999999,0,54977.0
"('04S', '06C', '07S')",7.063999999999999,0,54977.0
"('04S', '06D', '07C')",7.063999999999999,0,54977.0
"('04S', '06D', '07D')",7.063999999999999,0,54977.0
"('04S', '06D', '07H')",7.063999999999999,0,54977.0
"('04S', '06D', '07S')",7.063999999999999,0,54977.0
"('04S', '06H', '07C')",7.063999999999999,0,54977.0
"('04S', '06H', '07D')",7.063999999999999,0,54977.0
"('04S', '06H', '07H')",7.063999999999999,0,54977.0
"('04S', '06H', '07S')",7.063999999999999,0,54977.0
"('04S', '06S', '07C')",7.063999999999999,0,54977.0
"('04S', '06S', '07D')",7.063999999999999,0,54977.0
"('04S', '06S', '07H')",7.063999999999999,0,54977.0
"('04S', '06S', '07S')",7.063999999999999,0,54977.0
"('03C', '06C', '07C')",7.063,0,52081.0
"('03C', '06C', '07D')",7.063,0,52081.0
"('03C', '06C', '07H')",7.063,0,52081.0
"('03C', '06C', '07S')",7.063,0,52081.0
"('03C', '06D', '07C')",7.063,0,52081.0
"('03C', '06D', '07D')",7.063,0,52081.0
"('03C', '06D', '07H')",7.063,0,52081.0
"('03C', '06D', '07S')",7.063,0,52081.0
"('03C', '06H', '07C')",7.063,0,52081.0
"('03C', '06H', '07D')",7.063,0,52081.0
"('03C', '06H', '07H')",7.063,0,52081.0
"('03C', '06H', '07S')",7.063,0,52081.0
"('03C', '06S', '07C')",7.063,0,52081.0
"('03C', '06S', '07D')",7.063,0,52081.0
"('03C', '06S', '07H')",7.063,0,52081.0
"('03C', '06S', '07S')",7.063,0,52081.0
"('03D', '06C', '07C')",7.063,0,52081.0
"('03D', '06C', '07D')",7.063,0,52081.0
"('03D', '06C', '07H')",7.063,0,52081.0
"('03D', '06C', '07S')",7.063,0,52081.0
"('03D', '06D', '07C')",7.063,0,52081.0
"('03D', '06D', '07D')",7.063,0,52081.0
"('03D', '06D', '07H')",7.063,0,52081.0
"('03D', '06D', '07S')",7.063,0,52081.0
"('03D', '06H', '07C')",7.063,0,52081.0
"('03D', '06H', '07D')",7.063,0,52081.0
"('03D', '06H', '07H')",7.063,0,52081.0
"('03D', '06H', '07S')",7.063,0,52081.0
"('03D', '06S', '07C')",7.063,0,52081.0
"('03D', '06S', '07D')",7.063,0,52081.0
"('03D', '06S', '07H')",7.063,0,52081.0
"('03D', '06S', '07S')",7.063,0,52081.0
"('03H', '06C', '07C')",7.063,0,52081.0
"('03H', '06C', '07D')",7.063,0,52081.0
"('03H', '06C', '07H')",7.063,0,52081.0
"('03H', '06C', '07S')",7.063,0,52081.0
"('03H', '06D', '07C')",7.063,0,52081.0
"('03H', '06D', '07D')",7.063,0,52081.0
"('03H', '06D', '07H')",7.063,0,52081.0
"('03H', '06D', '07S')",7.063,0,52081.0
"('03H', '06H', '07C')",7.063,0,52081.0
"('03H', '06H', '07D')",7.063,0,52081.0
"('03H', '06H', '07H')",7.063,0,52081.0
"('03H', '06H', '07S')",7.063,0,52081.0
"('03H', '06S', '07C')",7.063,0,52081.0
"('03H', '06S', '07D')",7.063,0,52081.0
"('03H', '06S', '07H')",7.063,0,52081.0
"('03H', '06S', '07S')",7.063,0,52081.0
"('03S', '06C', '07C')",7.063,0,52081.0
"('03S', '06C', '07D')",7.063,0,52081.0
"('03S', '06C', '07H')",7.063,0,52081.0
"('03S', '06C', '07S')",7.063,0,52081.0
"('03S', '06D', '07C')",7.063,0,52081.0
"('03S', '06D', '07D')",7.063,0,52081.0
"('03S', '06D', '07H')",7.063,0,52081.0
"('03S', '06D', '07S')",7.063,0,52081.0
"('03S', '06H', '07C')",7.063,0,52081.0
"('03S', '06H', '07D')",7.063,0,52081.0
"('03S', '06H', '07H')",7.063,0,52081.0
"('03S', '06H', '07S')",7.063,0,52081.0
"('03S', '06S', '07C')",7.063,0,52081.0
"('03S', '06S', '07D')",7.063,0,52081.0
"('03S', '06S', '07H')",7.063,0,52081.0
"('03S', '06S', '07S')",7.063,0,52081.0
"('02C', '06C', '07C')",7.061999999999999,0,49186.0
"('02C', '06C', '07D')",7.061999999999999,0,49186.0
"('02C', '06C', '07H')",7.061999999999999,0,49186.0
"('02C', '06C', '07S')",7.061999999999999,0,49186.0
"('02C', '06D', '07C')",7.061999999999999,0,49186.0
"('02C', '06D', '07D')",7.061999999999999,0,49186.0
"('02C', '06D', '07H')",7.061999999999999,0,49186.0
"('02C', '06D', '07S')",7.061999999999999,0,49186.0
"('02C', '06H', '07C')",7.061999999999999,0,49186.0
"('02C', '06H', '07D')",7.061999999999999,0,49186.0
"('02C', '06H', '07H')",7.061999999999999,0,49186.0
"('02C', '06H', '07S')",7.061999999999999,0,49186.0
"('02C', '06S', '07C')",7.061999999999999,0,49186.0
"('02C', '06S', '07D')",7.061999999999999,0,49186.0
"('02C', '06S', '07H')",7.061999999999999,0,49186.0
"('02C', '06S', '07S')",7.061999999999999,0,49186.0
"('02D', '06C', '07C')",7.061999999999999,0,49186.0
"('02D', '06C', '07D')",7.061999999999999,0,49186.0
"('02D', '06C', '07H')",7.061999999999999,0,49186.0
"('02D', '06C', '07S')",7.061999999999999,0,49186.0
"('02D', '06D', '07C')",7.061999999999999,0,49186.0
"('02D', '06D', '07D')",7.061999999999999,0,49186.0
"('02D', '06D', '07H')",7.061999999999999,0,49186.0
"('02D', '06D', '07S')",7.061999999999999,0,49186.0
"('02D', '06H', '07C')",7.061999999999999,0,49186.0
"('02D', '06H', '07D')",7.061999999999999,0,49186.0
"('02D', '06H', '07H')",7.061999999999999,0,49186.0
"('02D', '06H', '07S')",7.061999999999999,0,49186.0
"('02D', '06S', '07C')",7.061999999999999,0,49186.0
"('02D', '06S', '07D')",7.061999999999999,0,49186.0
"('02D', '06S', '07H')",7.061999999999999,0,49186.0
"('02D', '06S', '07S')",7.061999999999999,0,49186.0
"('02H', '06C', '07C')",7.061999999999999,0,49186.0
"('02H', '06C', '07D')",7.061999999999999,0,49186.0
"('02H', '06C', '07H')",7.061999999999999,0,49186.0
"('02H', '06C', '07S')",7.061999999999999,0,49186.0
"('02H', '06D', '07C')",7.061999999999999,0,49186.0
"('02H', '06D', '07D')",7.061999999999999,0,49186.0
"('02H', '06D', '07H')",7.061999999999999,0,49186.0
"('02H', '06D', '07S')",7.061999999999999,0,49186.0
"('02H', '06H', '07C')",7.061999999999999,0,49186.0
"('02H', '06H', '07D')",7.061999999999999,0,49186.0
"('02H', '06H', '07H')",7.061999999999999,0,49186.0
"('02H', '06H', '07S')",7.061999999999999,0,49186.0
"('02H', '06S', '07C')",7.061999999999999,0,49186.0
"('02H', '06S', '07D')",7.061999999999999,0,49186.0
"('02H', '06S', '07H')",7.061999999999999,0,49186.0
"('02H', '06S', '07S')",7.061999999999999,0,49186.0
"('02S', '06C', '07C')",7.061999999999999,0,49186.0
"('02S', '06C', '07D')",7.061999999999999,0,49186.0
"('02S', '06C', '07H')",7.061999999999999,0,49186.0
"('02S', '06C', '07S')",7.061999999999999,0,49186.0
"('02S', '06D', '07C')",7.061999999999999,0,49186.0
"('02S', '06D', '07D')",7.061999999999999,0,49186.0
"('02S', '06D', '07H')",7.061999999999999,0,49186.0
"('02S', '06D', '07S')",7.061999999999999,0,49186.0
"('02S', '06H', '07C')",7.061999999999999,0,49186.0
"('02S', '06H', '07D')",7.061999999999999,0,49186.0
"('02S', '06H', '07H')",7.061999999999999,0,49186.0
"('02S', '06H', '07S')",7.061999999999999,0,49186.0
"('02S', '06S', '07C')",7.061999999999999,0,49186.0
"('02S', '06S', '07D')",7.061999999999999,0,49186.0
"('02S', '06S', '07H')",7.061999999999999,0,49186.0
"('02S', '06S', '07S')",7.061999999999999,0,49186.0
"('04C', '05C', '07C')",7.053999999999999,0,46290.0
"('04C', '05C', '07D')",7.053999999999999,0,46290.0
"('04C', '05C', '07H')",7.053999999999999,0,46290.0
"('04C', '05C', '07S')",7.053999999999999,0,46290.0
"('04C', '05D', '07C')",7.053999999999999,0,46290.0
"('04C', '05D', '07D')",7.053999999999999,0,46290.0
"('04C', '05D', '07H')",7.053999999999999,0,46290.0
"('04C', '05D', '07S')",7.053999999999999,0,46290.0
"('04C', '05H', '07C')",7.053999999999999,0,46290.0
"('04C', '05H', '07D')",7.053999999999999,0,46290.0
"('04C', '05H', '07H')",7.053999999999999,0,46290.0
"('04C', '05H', '07S')",7.053999999999999,0,46290.0
"('04C', '05S', '07C')",7.053999999999999,0,46290.0
"('04C', '05S', '07D')",7.053999999999999,0,46290.0
"('04C', '05S', '07H')",7.053999999999999,0,46290.0
"('04C', '05S', '07S')",7.053999999999999,0,46290.0
"('04D', '05C', '07C')",7.053999999999999,0,46290.0
"('04D', '05C', '07D')",7.053999999999999,0,46290.0
"('04D', '05C', '07H')",7.053999999999999,0,46290.0
"('04D', '05C', '07S')",7.053999999999999,0,46290.0
"('04D', '05D', '07C')",7.053999999999999,0,46290.0
"('04D', '05D', '07D')",7.053999999999999,0,46290.0
"('04D', '05D', '07H')",7.053999999999999,0,46290.0
"('04D', '05D', '07S')",7.053999999999999,0,46290.0
"('04D', '05H', '07C')",7.053999999999999,0,46290.0
"('04D', '05H', '07D')",7.053999999999999,0,46290.0
"('04D', '05H', '07H')",7.053999999999999,0,46290.0
"('04D', '05H', '07S')",7.053999999999999,0,46290.0
"('04D', '05S', '07C')",7.053999999999999,0,46290.0
"('04D', '05S', '07D')",7.053999999999999,0,46290.0
"('04D', '05S', '07H')",7.053999999999999,0,46290.0
"('04D', '05S', '07S')",7.053999999999999,0,46290.0
"('04H', '05C', '07C')",7.053999999999999,0,46290.0
"('04H', '05C', '07D')",7.053999999999999,0,46290.0
"('04H', '05C', '07H')",7.053999999999999,0,46290.0
"('04H', '05C', '07S')",7.053999999999999,0,46290.0
"('04H', '05D', '07C')",7.053999999999999,0,46290.0
"('04H', '05D', '07D')",7.053999999999999,0,46290.0
"('04H', '05D', '07H')",7.053999999999999,0,46290.0
"('04H', '05D', '07S')",7.053999999999999,0,46290.0
"('04H', '05H', '07C')",7.053999999999999,0,46290.0
"('04H', '05H', '07D')",7.053999999999999,0,46290.0
"('04H', '05H', '07H')",7.053999999999999,0,46290.0
"('04H', '05H', '07S')",7.053999999999999,0,46290.0
"('04H', '05S', '07C')",7.053999999999999,0,46290.0
"('04H', '05S', '07D')",7.053999999999999,0,46290.0
"('04H', '05S', '07H')",7.053999999999999,0,46290.0
"('04H', '05S', '07S')",7.053999999999999,0,46290.0
"('04S', '05C', '07C')",7.053999999999999,0,46290.0
"('04S', '05C', '07D')",7.053999999999999,0,46290.0
"('04S', '05C', '07H')",7.053999999999999,0,46290.0
"('04S', '05C', '07S')",7.053999999999999,0,46290.0
"('04S', '05D', '07C')",7.053999999999999,0,46290.0
"('04S', '05D', '07D')",7.053999999999999,0,46290.0
"('04S', '05D', '07H')",7.053999999999999,0,46290.0
"('04S', '05D', '07S')",7.053999999999999,0,46290.0
"('04S', '05H', '07C')",7.053999999999999,0,46290.0
"('04S', '05H', '07D')",7.053999999999999,0,46290.0
"('04S', '05H', '07H')",7.053999999999999,0,46290.0
"('04S', '05H', '07S')",7.053999999999999,0,46290.0
"('04S', '05S', '07C')",7.053999999999999,0,46290.0
"('04S', '05S', '07D')",7.053999999999999,0,46290.0
"('04S', '05S', '07H')",7.053999999999999,0,46290.0
"('04S', '05S', '07S')",7.053999999999999,0,46290.0
"('03C', '05C', '07C')",7.053,0,43394.0
"('03C', '05C', '07D')",7.053,0,43394.0
"('03C', '05C', '07H')",7.053,0,43394.0
"('03C', '05C', '07S')",7.053,0,43394.0
"('03C', '05D', '07C')",7.053,0,43394.0
"('03C', '05D', '07D')",7.053,0,43394.0
"('03C', '05D', '07H')",7.053,0,43394.0
"('03C', '05D', '07S')",7.053,0,43394.0
"('03C', '05H', '07C')",7.053,0,43394.0
"('03C', '05H', '07D')",7.053,0,43394.0
"('03C', '05H', '07H')",7.053,0,43394.0
"('03C', '05H', '07S')",7.053,0,43394.0
"('03C', '05S', '07C')",7.053,0,43394.0
"('03C', '05S', '07D')",7.053,0,43394.0
"('03C', '05S', '07H')",7.053,0,43394.0
"('03C', '05S', '07S')",7.053,0,43394.0
"('03D', '05C', '07C')",7.053,0,43394.0
"('03D', '05C', '07D')",7.053,0,43394.0
"('03D', '05C', '07H')",7.053,0,43394.0
"('03D', '05C', '07S')",7.053,0,43394.0
"('03D', '05D', '07C')",7.053,0,43394.0
"('03D', '05D', '07D')",7.053,0,43394.0
"('03D', '05D', '07H')",7.053,0,43394.0
"('03D', '05D', '07S')",7.053,0,43394.0
"('03D', '05H', '07C')",7.053,0,43394.0
"('03D', '05H', '07D')",7.053,0,43394.0
"('03D', '05H', '07H')",7.053,0,43394.0
"('03D', '05H', '07S')",7.053,0,43394.0
"('03D', '05S', '07C')",7.053,0,43394.0
"('03D', '05S', '07D')",7.053,0,43394.0
"('03D', '05S', '07H')",7.053,0,43394.0
"('03D', '05S', '07S')",7.053,0,43394.0
"('03H', '05C', '07C')",7.053,0,43394.0
"('03H', '05C', '07D')",7.053,0,43394.0
"('03H', '05C', '07H')",7.053,0,43394.0
"('03H', '05C', '07S')",7.053,0,43394.0
"('03H', '05D', '07C')",7.053,0,43394.0
"('03H', '05D', '07D')",7.053,0,43394.0
"('03H', '05D', '07H')",7.053,0,43394.0
"('03H', '05D', '07S')",7.053,0,43394.0
"('03H', '05H', '07C')",7.053,0,43394.0
"('03H', '05H', '07D')",7.053,0,43394.0
"('03H', '05H', '07H')",7.053,0,43394.0
"('03H', '05H', '07S')",7.053,0,43394.0
"('03H', '05S', '07C')",7.053,0,43394.0
"('03H', '05S', '07D')",7.053,0,43394.0
"('03H', '05S', '07H')",7.053,0,43394.0
"('03H', '05S', '07S')",7.053,0,43394.0
"('03S', '05C', '07C')",7.053,0,43394.0
"('03S', '05C', '07D')",7.053,0,43394.0
"('03S', '05C', '07H')",7.053,0,43394.0
"('03S', '05C', '07S')",7.053,0,43394.0
"('03S', '05D', '07C')",7.053,0,43394.0
"('03S', '05D', '07D')",7.053,0,43394.0
"('03S', '05D', '07H')",7.053,0,43394.0
"('03S', '05D', '07S')",7.053,0,43394.0
"('03S', '05H', '07C')",7.053,0,43394.0
"('03S', '05H', '07D')",7.053,0,43394.0
"('03S', '05H', '07H')",7.053,0,43394.0
"('03S', '05H', '07S')",7.053,0,43394.0
"('03S', '05S', '07C')",7.053,0,43394.0
"('03S', '05S', '07D')",7.053,0,43394.0
"('03S', '05S', '07H')",7.053,0,43394.0
"('03S', '05S', '07S')",7.053,0,43394.0
"('02C', '05C', '07C')",7.052,0,40498.0
"('02C', '05C', '07D')",7.052,0,40498.0
"('02C', '05C', '07H')",7.052,0,40498.0
"('02C', '05C', '07S')",7.052,0,40498.0
"('02C', '05D', '07C')",7.052,0,40498.0
"('02C', '05D', '07D')",7.052,0,40498.0
"('02C', '05D', '07H')",7.052,0,40498.0
"('02C', '05D', '07S')",7.052,0,40498.0
"('02C', '05H', '07C')",7.052,0,40498.0
"('02C', '05H', '07D')",7.052,0,40498.0
"('02C', '05H', '07H')",7.052,0,40498.0
"('02C', '05H', '07S')",7.052,0,40498.0
"('02C', '05S', '07C')",7.052,0,40498.0
"('02C', '05S', '07D')",7.052,0,40498.0
"('02C', '05S', '07H')",7.052,0,40498.0
"('02C', '05S', '07S')",7.052,0,40498.0
"('02D', '05C', '07C')",7.052,0,40498.0
"('02D', '05C', '07D')",7.052,0,40498.0
"('02D', '05C', '07H')",7.052,0,40498.0
"('02D', '05C', '07S')",7.052,0,40498.0
"('02D', '05D', '07C')",7.052,0,40498.0
"('02D', '05D', '07D')",7.052,0,40498.0
"('02D', '05D', '07H')",7.052,0,40498.0
"('02D', '05D', '07S')",7.052,0,40498.0
"('02D', '05H', '07C')",7.052,0,40498.0
"('02D', '05H', '07D')",7.052,0,40498.0
"('02D', '05H', '07H')",7.052,0,40498.0
"('02D', '05H', '07S')",7.052,0,40498.0
"('02D', '05S', '07C')",7.052,0,40498.0
"('02D', '05S', '07D')",7.052,0,40498.0
"('02D', '05S', '07H')",7.052,0,40498.0
"('02D', '05S', '07S')",7.052,0,40498.0
"('02H', '05C', '07C')",7.052,0,40498.0
"('02H', '05C', '07D')",7.052,0,40498.0
"('02H', '05C', '07H')",7.052,0,40498.0
"('02H', '05C', '07S')",7.052,0,40498.0
"('02H', '05D', '07C')",7.052,0,40498.0
"('02H', '05D', '07D')",7.052,0,40498.0
"('02H', '05D', '07H')",7.052,0,40498.0
"('02H', '05D', '07S')",7.052,0,40498.0
"('02H', '05H', '07C')",7.052,0,40498.0
"('02H', '05H', '07D')",7.052,0,40498.0
"('02H', '05H', '07H')",7.052,0,40498.0
"('02H', '05H', '07S')",7.052,0,40498.0
"('02H', '05S', '07C')",7.052,0,40498.0
"('02H', '05S', '07D')",7.052,0,40498.0
"('02H', '05S', '07H')",7.052,0,40498.0
"('02H', '05S', '07S')",7.052,0,40498.0
"('02S', '05C', '07C')",7.052,0,40498.0
"('02S', '05C', '07D')",7.052,0,40498.0
"('02S', '05C', '07H')",7.052,0,40498.0
"('02S', '05C', '07S')",7.052,0,40498.0
"('02S', '05D', '07C')",7.052,0,40498.0
"('02S', '05D', '07D')",7.052,0,40498.0
"('02S', '05D', '07H')",7.052,0,40498.0
"('02S', '05D', '07S')",7.052,0,40498.0
"('02S', '05H', '07C')",7.052,0,40498.0
"('02S', '05H', '07D')",7.052,0,40498.0
"('02S', '05H', '07H')",7.052,0,40498.0
"('02S', '05H', '07S')",7.052,0,40498.0
"('02S', '05S', '07C')",7.052,0,40498.0
"('02S', '05S', '07D')",7.052,0,40498.0
"('02S', '05S', '07H')",7.052,0,40498.0
"('02S', '05S', '07S')",7.052,0,40498.0
"('03C', '04C', '07C')",7.043,0,37602.0
"('03C', '04C', '07D')",7.043,0,37602.0
"('03C', '04C', '07H')",7.043,0,37602.0
"('03C', '04C', '07S')",7.043,0,37602.0
"('03C', '04D', '07C')",7.043,0,37602.0
"('03C', '04D', '07D')",7.043,0,37602.0
"('03C', '04D', '07H')",7.043,0,37602.0
"('03C', '04D', '07S')",7.043,0,37602.0
"('03C', '04H', '07C')",7.043,0,37602.0
"('03C', '04H', '07D')",7.043,0,37602.0
"('03C', '04H', '07H')",7.043,0,37602.0
"('03C', '04H', '07S')",7.043,0,37602.0
"('03C', '04S', '07C')",7.043,0,37602.0
"('03C', '04S', '07D')",7.043,0,37602.0
"('03C', '04S', '07H')",7.043,0,37602.0
"('03C', '04S', '07S')",7.043,0,37602.0
"('03D', '04C', '07C')",7.043,0,37602.0
"('03D', '04C', '07D')",7.043,0,37602.0
"('03D', '04C', '07H')",7.043,0,37602.0
"('03D', '04C', '07S')",7.043,0,37602.0
"('03D', '04D', '07C')",7.043,0,37602.0
"('03D', '04D', '07D')",7.043,0,37602.0
"('03D', '04D', '07H')",7.043,0,37602.0
"('03D', '04D', '07S')",7.043,0,37602.0
"('03D', '04H', '07C')",7.043,0,37602.0
"('03D', '04H', '07D')",7.043,0,37602.0
"('03D', '04H', '07H')",7.043,0,37602.0
"('03D', '04H', '07S')",7.043,0,37602.0
"('03D', '04S', '07C')",7.043,0,37602.0
"('03D', '04S', '07D')",7.043,0,37602.0
"('03D', '04S', '07H')",7.043,0,37602.0
"('03D', '04S', '07S')",7.043,0,37602.0
"('03H', '04C', '07C')",7.043,0,37602.0
"('03H', '04C', '07D')",7.043,0,37602.0
"('03H', '04C', '07H')",7.043,0,37602.0
"('03H', '04C', '07S')",7.043,0,37602.0
"('03H', '04D', '07C')",7.043,0,37602.0
"('03H', '04D', '07D')",7.043,0,37602.0
"('03H', '04D', '07H')",7.043,0,37602.0
"('03H', '04D', '07S')",7.043,0,37602.0
"('03H', '04H', '07C')",7.043,0,37602.0
"('03H', '04H', '07D')",7.043,0,37602.0
"('03H', '04H', '07H')",7.043,0,37602.0
"('03H', '04H', '07S')",7.043,0,37602.0
"('03H', '04S', '07C')",7.043,0,37602.0
"('03H', '04S', '07D')",7.043,0,37602.0
"('03H', '04S', '07H')",7.043,0,37602.0
"('03H', '04S', '07S')",7.043,0,37602.0
"('03S', '04C', '07C')",7.043,0,37602.0
"('03S', '04C', '07D')",7.043,0,37602.0
"('03S', '04C', '07H')",7.043,0,37602.0
"('03S', '04C', '07S')",7.043,0,37602.0
"('03S', '04D', '07C')",7.043,0,37602.0
"('03S', '04D', '07D')",7.043,0,37602.0
"('03S', '04D', '07H')",7.043,0,37602.0
"('03S', '04D', '07S')",7.043,0,37602.0
"('03S', '04H', '07C')",7.043,0,37602.0
"('03S', '04H', '07D')",7.043,0,37602.0
"('03S', '04H', '07H')",7.043,0,37602.0
"('03S', '04H', '07S')",7.043,0,37602.0
"('03S', '04S', '07C')",7.043,0,37602.0
"('03S', '04S', '07D')",7.043,0,37602.0
"('03S', '04S', '07H')",7.043,0,37602.0
"('03S', '04S', '07S')",7.043,0,37602.0
"('02C', '04C', '07C')",7.042,0,34706.0
"('02C', '04C', '07D')",7.042,0,34706.0
"('02C', '04C', '07H')",7.042,0,34706.0
"('02C', '04C', '07S')",7.042,0,34706.0
"('02C', '04D', '07C')",7.042,0,34706.0
"('02C', '04D', '07D')",7.042,0,34706.0
"('02C', '04D', '07H')",7.042,0,34706.0
"('02C', '04D', '07S')",7.042,0,34706.0
"('02C', '04H', '07C')",7.042,0,34706.0
"('02C', '04H', '07D')",7.042,0,34706.0
"('02C', '04H', '07H')",7.042,0,34706.0
"('02C', '04H', '07S')",7.042,0,34706.0
"('02C', '04S', '07C')",7.042,0,34706.0
"('02C', '04S', '07D')",7.042,0,34706.0
"('02C', '04S', '07H')",7.042,0,34706.0
"('02C', '04S', '07S')",7.042,0,34706.0
"('02D', '04C', '07C')",7.042,0,34706.0
"('02D', '04C', '07D')",7.042,0,34706.0
"('02D', '04C', '07H')",7.042,0,34706.0
"('02D', '04C', '07S')",7.042,0,34706.0
"('02D', '04D', '07C')",7.042,0,34706.0
"('02D', '04D', '07D')",7.042,0,34706.0
"('02D', '04D', '07H')",7.042,0,34706.0
"('02D', '04D', '07S')",7.042,0,34706.0
"('02D', '04H', '07C')",7.042,0,34706.0
"('02D', '04H', '07D')",7.042,0,34706.0
"('02D', '04H', '07H')",7.042,0,34706.0
"('02D', '04H', '07S')",7.042,0,34706.0
"('02D', '04S', '07C')",7.042,0,34706.0
"('02D', '04S', '07D')",7.042,0,34706.0
"('02D', '04S', '07H')",7.042,0,34706.0
"('02D', '04S', '07S')",7.042,0,34706.0
"('02H', '04C', '07C')",7.042,0,34706.0
"('02H', '04C', '07D')",7.042,0,34706.0
"('02H', '04C', '07H')",7.042,0,34706.0
"('02H', '04C', '07S')",7.042,0,34706.0
"('02H', '04D', '07C')",7.042,0,34706.0
"('02H', '04D', '07D')",7.042,0,34706.0
"('02H', '04D', '07H')",7.042,0,34706.0
"('02H', '04D', '07S')",7.042,0,34706.0
"('02H', '04H', '07C')",7.042,0,34706.0
"('02H', '04H', '07D')",7.042,0,34706.0
"('02H', '04H', '07H')",7.042,0,34706.0
"('02H', '04H', '07S')",7.042,0,34706.0
"('02H', '04S', '07C')",7.042,0,34706.0
"('02H', '04S', '07D')",7.042,0,34706.0
"('02H', '04S', '07H')",7.042,0,34706.0
"('02H', '04S', '07S')",7.042,0,34706.0
"('02S', '04C', '07C')",7.042,0,34706.0
"('02S', '04C', '07D')",7.042,0,34706.0
"('02S', '04C', '07H')",7.042,0,34706.0
"('02S', '04C', '07S')",7.042,0,34706.0
"('02S', '04D', '07C')",7.042,0,34706.0
"('02S', '04D', '07D')",7.042,0,34706.0
"('02S', '04D', '07H')",7.042,0,34706.0
"('02S', '04D', '07S')",7.042,0,34706.0
"('02S', '04H', '07C')",7.042,0,34706.0
"('02S', '04H', '07D')",7.042,0,34706.0
"('02S', '04H', '07H')",7.042,0,34706.0
"('02S', '04H', '07S')",7.042,0,34706.0
"('02S', '04S', '07C')",7.042,0,34706.0
"('02S', '04S', '07D')",7.042,0,34706.0
"('02S', '04S', '07H')",7.042,0,34706.0
"('02S', '04S', '07S')",7.042,0,34706.0
"('02C', '03C', '07C')",7.032,0,31810.0
"('02C', '03C', '07D')",7.032,0,31810.0
"('02C', '03C', '07H')",7.032,0,31810.0
"('02C', '03C', '07S')",7.032,0,31810.0
"('02C', '03D', '07C')",7.032,0,31810.0
"('02C', '03D', '07D')",7.032,0,31810.0
"('02C', '03D', '07H')",7.032,0,31810.0
"('02C', '03D', '07S')",7.032,0,31810.0
"('02C', '03H', '07C')",7.032,0,31810.0
"('02C', '03H', '07D')",7.032,0,31810.0
"('02C', '03H', '07H')",7.032,0,31810.0
"('02C', '03H', '07S')",7.032,0,31810.0
"('02C', '03S', '07C')",7.032,0,31810.0
"('02C', '03S', '07D')",7.032,0,31810.0
"('02C', '03S', '07H')",7.032,0,31810.0
"('02C', '03S', '07S')",7.032,0,31810.0
"('02D', '03C', '07C')",7.032,0,31810.0
"('02D', '03C', '07D')",7.032,0,31810.0
"('02D', '03C', '07H')",7.032,0,31810.0
"('02D', '03C', '07S')",7.032,0,31810.0
"('02D', '03D', '07C')",7.032,0,31810.0
"('02D', '03D', '07D')",7.032,0,31810.0
"('02D', '03D', '07H')",7.032,0,31810.0
"('02D', '03D', '07S')",7.032,0,31810.0
"('02D', '03H', '07C')",7.032,0,31810.0
"('02D', '03H', '07D')",7.032,0,31810.0
"('02D', '03H', '07H')",7.032,0,31810.0
"('02D', '03H', '07S')",7.032,0,31810.0
"('02D', '03S', '07C')",7.032,0,31810.0
"('02D', '03S', '07D')",7.032,0,31810.0
"('02D', '03S', '07H')",7.032,0,31810.0
"('02D', '03S', '07S')",7.032,0,31810.0
"('02H', '03C', '07C')",7.032,0,31810.0
"('02H', '03C', '07D')",7.032,0,31810.0
"('02H', '03C', '07H')",7.032,0,31810.0
"('02H', '03C', '07S')",7.032,0,31810.0
"('02H', '03D', '07C')",7.032,0,31810.0
"('02H', '03D', '07D')",7.032,0,31810.0
"('02H', '03D', '07H')",7.032,0,31810.0
"('02H', '03D', '07S')",7.032,0,31810.0
"('02H', '03H', '07C')",7.032,0,31810.0
"('02H', '03H', '07D')",7.032,0,31810.0
"('02H', '03H', '07H')",7.032,0,31810.0
"('02H', '03H', '07S')",7.032,0,31810.0
"('02H', '03S', '07C')",7.032,0,31810.0
"('02H', '03S', '07D')",7.032,0,31810.0
"('02H', '03S', '07H')",7.032,0,31810.0
"('02H', '03S', '07S')",7.032,0,31810.0
"('02S', '03C', '07C')",7.032,0,31810.0
"('02S', '03C', '07D')",7.032,0,31810.0
"('02S', '03C', '07H')",7.032,0,31810.0
"('02S', '03C', '07S')",7.032,0,31810.0
"('02S', '03D', '07C')",7.032,0,31810.0
"('02S', '03D', '07D')",7.032,0,31810.0
"('02S', '03D', '07H')",7.032,0,31810.0
"('02S', '03D', '07S')",7.032,0,31810.0
"('02S', '03H', '07C')",7.032,0,31810.0
"('02S', '03H', '07D')",7.032,0,31810.0
"('02S', '03H', '07H')",7.032,0,31810.0
"('02S', '03H', '07S')",7.032,0,31810.0
"('02S', '03S', '07C')",7.032,0,31810.0
"('02S', '03S', '07D')",7.032,0,31810.0
"('02S', '03S', '07H')",7.032,0,31810.0
"('02S', '03S', '07S')",7.032,0,31810.0
"('04C', '05C', '06C')",6.053999999999999,4,28914.0
"('04C', '05C', '06D')",6.053999999999999,4,28914.0
"('04C', '05C', '06H')",6.053999999999999,4,28914.0
"('04C', '05C', '06S')",6.053999999999999,4,28914.0
"('04C', '05D', '06C')",6.053999999999999,4,28914.0
"('04C', '05D', '06D')",6.053999999999999,4,28914.0
"('04C', '05D', '06H')",6.053999999999999,4,28914.0
"('04C', '05D', '06S')",6.053999999999999,4,28914.0
"('04C', '05H', '06C')",6.053999999999999,4,28914.0
"('04C', '05H', '06D')",6.053999999999999,4,28914.0
"('04C', '05H', '06H')",6.053999999999999,4,28914.0
"('04C', '05H', '06S')",6.053999999999999,4,28914.0
"('04C', '05S', '06C')",6.053999999999999,4,28914.0
"('04C', '05S', '06D')",6.053999999999999,4,28914.0
"('04C', '05S', '06H')",6.053999999999999,4,28914.0
"('04C', '05S', '06S')",6.053999999999999,4,28914.0
"('04D', '05C', '06C')",6.053999999999999,4,28914.0
"('04D', '05C', '06D')",6.053999999999999,4,28914.0
"('04D', '05C', '06H')",6.053999999999999,4,28914.0
"('04D', '05C', '06S')",6.053999999999999,4,28914.0
"('04D', '05D', '06C')",6.053999999999999,4,28914.0
"('04D', '05D', '06D')",6.053999999999999,4,28914.0
"('04D', '05D', '06H')",6.053999999999999,4,28914.0
"('04D', '05D', '06S')",6.053999999999999,4,28914.0
"('04D', '05H', '06C')",6.053999999999999,4,28914.0
"('04D', '05H', '06D')",6.053999999999999,4,28914.0
"('04D', '05H', '06H')",6.053999999999999,4,28914.0
"('04D', '05H', '06S')",6.053999999999999,4,28914.0
"('04D', '05S', '06C')",6.053999999999999,4,28914.0
"('04D', '05S', '06D')",6.053999999999999,4,28914.0
"('04D', '05S', '06H')",6.053999999999999,4,28914.0
"('04D', '05S', '06S')",6.053999999999999,4,28914.0
"('04H', '05C', '06C')",6.053999999999999,4,28914.0
"('04H', '05C', '06D')",6.053999999999999,4,28914.0
"('04H', '05C', '06H')",6.053999999999999,4,28914.0
"('04H', '05C', '06S')",6.053999999999999,4,28914.0
"('04H', '05D', '06C')",6.053999999999999,4,28914.0
"('04H', '05D', '06D')",6.053999999999999,4,28914.0
"('04H', '05D', '06H')",6.053999999999999,4,28914.0
"('04H', '05D', '06S')",6.053999999999999,4,28914.0
"('04H', '05H', '06C')",6.053999999999999,4,28914.0
"('04H', '05H', '06D')",6.053999999999999,4,28914.0
"('04H', '05H', '06H')",6.053999999999999,4,28914.0
"('04H', '05H', '06S')",6.053999999999999,4,28914.0
"('04H', '05S', '06C')",6.053999999999999,4,28914.0
"('04H', '05S', '06D')",6.053999999999999,4,28914.0
"('04H', '05S', '06H')",6.053999999999999,4,28914.0
"('04H', '05S', '06S')",6.053999999999999,4,28914.0
"('04S', '05C', '06C')",6.053999999999999,4,28914.0
"('04S', '05C', '06D')",6.053999999999999,4,28914.0
"('04S', '05C', '06H')",6.053999999999999,4,28914.0
"('04S', '05C', '06S')",6.053999999999999,4,28914.0
"('04S', '05D', '06C')",6.053999999999999,4,28914.0
"('04S', '05D', '06D')",6.053999999999999,4,28914.0
"('04S', '05D', '06H')",6.053999999999999,4,28914.0
"('04S', '05D', '06S')",6.053999999999999,4,28914.0
"('04S', '05H', '06C')",6.053999999999999,4,28914.0
"('04S', '05H', '06D')",6.053999999999999,4,28914.0
"('04S', '05H', '06H')",6.053999999999999,4,28914.0
"('04S', '05H', '06S')",6.053999999999999,4,28914.0
"('04S', '05S', '06C')",6.053999999999999,4,28914.0
"('04S', '05S', '06D')",6.053999999999999,4,28914.0
"('04S', '05S', '06H')",6.053999999999999,4,28914.0
"('04S', '05S', '06S')",6.053999999999999,4,28914.0
"('03C', '05C', '06C')",6.053,0,26018.0
"('03C', '05C', '06D')",6.053,0,26018.0
"('03C', '05C', '06H')",6.053,0,26018.0
"('03C', '05C', '06S')",6.053,0,26018.0
"('03C', '05D', '06C')",6.053,0,26018.0
"('03C', '05D', '06D')",6.053,0,26018.0
"('03C', '05D', '06H')",6.053,0,26018.0
"('03C', '05D', '06S')",6.053,0,26018.0
"('03C', '05H', '06C')",6.053,0,26018.0
"('03C', '05H', '06D')",6.053,0,26018.0
"('03C', '05H', '06H')",6.053,0,26018.0
"('03C', '05H', '06S')",6.053,0,26018.0
"('03C', '05S', '06C')",6.053,0,26018.0
"('03C', '05S', '06D')",6.053,0,26018.0
"('03C', '05S', '06H')",6.053,0,26018.0
"('03C', '05S', '06S')",6.053,0,26018.0
"('03D', '05C', '06C')",6.053,0,26018.0
"('03D', '05C', '06D')",6.053,0,26018.0
"('03D', '05C', '06H')",6.053,0,26018.0
"('03D', '05C', '06S')",6.053,0,26018.0
"('03D', '05D', '06C')",6.053,0,26018.0
"('03D', '05D', '06D')",6.053,0,26018.0
"('03D', '05D', '06H')",6.053,0,26018.0
"('03D', '05D', '06S')",6.053,0,26018.0
"('03D', '05H', '06C')",6.053,0,26018.0
"('03D', '05H', '06D')",6.053,0,26018.0
"('03D', '05H', '06H')",6.053,0,26018.0
"('03D', '05H', '06S')",6.053,0,26018.0
"('03D', '05S', '06C')",6.053,0,26018.0
"('03D', '05S', '06D')",6.053,0,26018.0
"('03D', '05S', '06H')",6.053,0,26018.0
"('03D', '05S', '06S')",6.053,0,26018.0
"('03H', '05C', '06C')",6.053,0,26018.0
"('03H', '05C', '06D')",6.053,0,26018.0
"('03H', '05C', '06H')",6.053,0,26018.0
"('03H', '05C', '06S')",6.053,0,26018.0
"('03H', '05D', '06C')",6.053,0,26018.0
"('03H', '05D', '06D')",6.053,0,26018.0
"('03H', '05D', '06H')",6.053,0,26018.0
"('03H', '05D', '06S')",6.053,0,26018.0
"('03H', '05H', '06C')",6.053,0,26018.0
"('03H', '05H', '06D')",6.053,0,26018.0
"('03H', '05H', '06H')",6.053,0,26018.0
"('03H', '05H', '06S')",6.053,0,26018.0
"('03H', '05S', '06C')",6.053,0,26018.0
"('03H', '05S', '06D')",6.053,0,26018.0
"('03H', '05S', '06H')",6.053,0,26018.0
"('03H', '05S', '06S')",6.053,0,26018.0
"('03S', '05C', '06C')",6.053,0,26018.0
"('03S', '05C', '06D')",6.053,0,26018.0
"('03S', '05C', '06H')",6.053,0,26018.0
"('03S', '05C', '06S')",6.053,0,26018.0
"('03S', '05D', '06C')",6.053,0,26018.0
"('03S', '05D', '06D')",6.053,0,26018.0
"('03S', '05D', '06H')",6.053,0,26018.0
"('03S', '05D', '06S')",6.053,0,26018.0
"('03S', '05H', '06C')",6.053,0,26018.0
"('03S', '05H', '06D')",6.053,0,26018.0
"('03S', '05H', '06H')",6.053,0,26018.0
"('03S', '05H', '06S')",6.053,0,26018.0
"('03S', '05S', '06C')",6.053,0,26018.0
"('03S', '05S', '06D')",6.053,0,26018.0
"('03S', '05S', '06H')",6.053,0,26018.0
"('03S', '05S', '06S')",6.053,0,26018.0
"('02C', '05C', '06C')",6.052,0,23122.0
"('02C', '05C', '06D')",6.052,0,23122.0
"('02C', '05C', '06H')",6.052,0,23122.0
"('02C', '05C', '06S')",6.052,0,23122.0
"('02C', '05D', '06C')",6.052,0,23122.0
"('02C', '05D', '06D')",6.052,0,23122.0
"('02C', '05D', '06H')",6.052,0,23122.0
"('02C', '05D', '06S')",6.052,0,23122.0
"('02C', '05H', '06C')",6.052,0,23122.0
"('02C', '05H', '06D')",6.052,0,23122.0
"('02C', '05H', '06H')",6.052,0,23122.0
"('02C', '05H', '06S')",6.052,0,23122.0
"('02C', '05S', '06C')",6.052,0,23122.0
"('02C', '05S', '06D')",6.052,0,23122.0
"('02C', '05S', '06H')",6.052,0,23122.0
"('02C', '05S', '06S')",6.052,0,23122.0
"('02D', '05C', '06C')",6.052,0,23122.0
"('02D', '05C', '06D')",6.052,0,23122.0
"('02D', '05C', '06H')",6.052,0,23122.0
"('02D', '05C', '06S')",6.052,0,23122.0
"('02D', '05D', '06C')",6.052,0,23122.0
"('02D', '05D', '06D')",6.052,0,23122.0
"('02D', '05D', '06H')",6.052,0,23122.0
"('02D', '05D', '06S')",6.052,0,23122.0
"('02D', '05H', '06C')",6.052,0,23122.0
"('02D', '05H', '06D')",6.052,0,23122.0
"('02D', '05H', '06H')",6.052,0,23122.0
"('02D', '05H', '06S')",6.052,0,23122.0
"('02D', '05S', '06C')",6.052,0,23122.0
"('02D', '05S', '06D')",6.052,0,23122.0
"('02D', '05S', '06H')",6.052,0,23122.0
"('02D', '05S', '06S')",6.052,0,23122.0
"('02H', '05C', '06C')",6.052,0,23122.0
"('02H', '05C', '06D')",6.052,0,23122.0
"('02H', '05C', '06H')",6.052,0,23122.0
"('02H', '05C', '06S')",6.052,0,23122.0
"('02H', '05D', '06C')",6.052,0,23122.0
"('02H', '05D', '06D')",6.052,0,23122.0
"('02H', '05D', '06H')",6.052,0,23122.0
"('02H', '05D', '06S')",6.052,0,23122.0
"('02H', '05H', '06C')",6.052,0,23122.0
"('02H', '05H', '06D')",6.052,0,23122.0
"('02H', '05H', '06H')",6.052,0,23122.0
"('02H', '05H', '06S')",6.052,0,23122.0
"('02H', '05S', '06C')",6.052,0,23122.0
"('02H', '05S', '06D')",6.052,0,23122.0
"('02H', '05S', '06H')",6.052,0,23122.0
"('02H', '05S', '06S')",6.052,0,23122.0
"('02S', '05C', '06C')",6.052,0,23122.0
"('02S', '05C', '06D')",6.052,0,23122.0
"('02S', '05C', '06H')",6.052,0,23122.0
"('02S', '05C', '06S')",6.052,0,23122.0
"('02S', '05D', '06C')",6.052,0,23122.0
"('02S', '05D', '06D')",6.052,0,23122.0
"('02S', '05D', '06H')",6.052,0,23122.0
"('02S', '05D', '06S')",6.052,0,23122.0
"('02S', '05H', '06C')",6.052,0,23122.0
"('02S', '05H', '06D')",6.052,0,23122.0
"('02S', '05H', '06H')",6.052,0,23122.0
"('02S', '05H', '06S')",6.052,0,23122.0
"('02S', '05S', '06C')",6.052,0,23122.0
"('02S', '05S', '06D')",6.052,0,23122.0
"('02S', '05S', '06H')",6.052,0,23122.0
"('02S', '05S', '06S')",6.052,0,23122.0
"('03C', '04C', '06C')",6.043,0,20226.0
"('03C', '04C', '06D')",6.043,0,20226.0
"('03C', '04C', '06H')",6.043,0,20226.0
"('03C', '04C', '06S')",6.043,0,20226.0
"('03C', '04D', '06C')",6.043,0,20226.0
"('03C', '04D', '06D')",6.043,0,20226.0
"('03C', '04D', '06H')",6.043,0,20226.0
"('03C', '04D', '06S')",6.043,0,20226.0
"('03C', '04H', '06C')",6.043,0,20226.0
"('03C', '04H', '06D')",6.043,0,20226.0
"('03C', '04H', '06H')",6.043,0,20226.0
"('03C', '04H', '06S')",6.043,0,20226.0
"('03C', '04S', '06C')",6.043,0,20226.0
"('03C', '04S', '06D')",6.043,0,20226.0
"('03C', '04S', '06H')",6.043,0,20226.0
"('03C', '04S', '06S')",6.043,0,20226.0
"('03D', '04C', '06C')",6.043,0,20226.0
"('03D', '04C', '06D')",6.043,0,20226.0
"('03D', '04C', '06H')",6.043,0,20226.0
"('03D', '04C', '06S')",6.043,0,20226.0
"('03D', '04D', '06C')",6.043,0,20226.0
"('03D', '04D', '06D')",6.043,0,20226.0
"('03D', '04D', '06H')",6.043,0,20226.0
"('03D', '04D', '06S')",6.043,0,20226.0
"('03D', '04H', '06C')",6.043,0,20226.0
"('03D', '04H', '06D')",6.043,0,20226.0
"('03D', '04H', '06H')",6.043,0,20226.0
"('03D', '04H', '06S')",6.043,0,20226.0
"('03D', '04S', '06C')",6.043,0,20226.0
"('03D', '04S', '06D')",6.043,0,20226.0
"('03D', '04S', '06H')",6.043,0,20226.0
"('03D', '04S', '06S')",6.043,0,20226.0
"('03H', '04C', '06C')",6.043,0,20226.0
"('03H', '04C', '06D')",6.043,0,20226.0
"('03H', '04C', '06H')",6.043,0,20226.0
"('03H', '04C', '06S')",6.043,0,20226.0
"('03H', '04D', '06C')",6.043,0,20226.0
"('03H', '04D', '06D')",6.043,0,20226.0
"('03H', '04D', '06H')",6.043,0,20226.0
"('03H', '04D', '06S')",6.043,0,20226.0
"('03H', '04H', '06C')",6.043,0,20226.0
"('03H', '04H', '06D')",6.043,0,20226.0
"('03H', '04H', '06H')",6.043,0,20226.0
"('03H', '04H', '06S')",6.043,0,20226.0
"('03H', '04S', '06C')",6.043,0,20226.0
"('03H', '04S', '06D')",6.043,0,20226.0
"('03H', '04S', '06H')",6.043,0,20226.0
"('03H', '04S', '06S')",6.043,0,20226.0
"('03S', '04C', '06C')",6.043,0,20226.0
"('03S', '04C', '06D')",6.043,0,20226.0
"('03S', '04C', '06H')",6.043,0,20226.0
"('03S', '04C', '06S')",6.043,0,20226.0
"('03S', '04D', '06C')",6.043,0,20226.0
"('03S', '04D', '06D')",6.043,0,20226.0
"('03S', '04D', '06H')",6.043,0,20226.0
"('03S', '04D', '06S')",6.043,0,20226.0
"('03S', '04H', '06C')",6.043,0,20226.0
"('03S', '04H', '06D')",6.043,0,20226.0
"('03S', '04H', '06H')",6.043,0,20226.0
"('03S', '04H', '06S')",6.043,0,20226.0
"('03S', '04S', '06C')",6.043,0,20226.0
"('03S', '04S', '06D')",6.043,0,20226.0
"('03S', '04S', '06H')",6.043,0,20226.0
"('03S', '04S', '06S')",6.043,0,20226.0
"('02C', '04C', '06C')",6.042,0,17330.0
"('02C', '04C', '06D')",6.042,0,17330.0
"('02C', '04C', '06H')",6.042,0,17330.0
"('02C', '04C', '06S')",6.042,0,17330.0
"('02C', '04D', '06C')",6.042,0,17330.0
"('02C', '04D', '06D')",6.042,0,17330.0
"('02C', '04D', '06H')",6.042,0,17330.0
"('02C', '04D', '06S')",6.042,0,17330.0
"('02C', '04H', '06C')",6.042,0,17330.0
"('02C', '04H', '06D')",6.042,0,17330.0
"('02C', '04H', '06H')",6.042,0,17330.0
"('02C', '04H', '06S')",6.042,0,17330.0
"('02C', '04S', '06C')",6.042,0,17330.0
"('02C', '04S', '06D')",6.042,0,17330.0
"('02C', '04S', '06H')",6.042,0,17330.0
"('02C', '04S', '06S')",6.042,0,17330.0
"('02D', '04C', '06C')",6.042,0,17330.0
"('02D', '04C', '06D')",6.042,0,17330.0
"('02D', '04C', '06H')",6.042,0,17330.0
"('02D', '04C', '06S')",6.042,0,17330.0
"('02D', '04D', '06C')",6.042,0,17330.0
"('02D', '04D', '06D')",6.042,0,17330.0
"('02D', '04D', '06H')",6.042,0,17330.0
"('02D', '04D', '06S')",6.042,0,17330.0
"('02D', '04H', '06C')",6.042,0,17330.0
"('02D', '04H', '06D')",6.042,0,17330.0
"('02D', '04H', '06H')",6.042,0,17330.0
"('02D', '04H', '06S')",6.042,0,17330.0
"('02D', '04S', '06C')",6.042,0,17330.0
"('02D', '04S', '06D')",6.042,0,17330.0
"('02D', '04S', '06H')",6.042,0,17330.0
"('02D', '04S', '06S')",6.042,0,17330.0
"('02H', '04C', '06C')",6.042,0,17330.0
"('02H', '04C', '06D')",6.042,0,17330.0
"('02H', '04C', '06H')",6.042,0,17330.0
"('02H', '04C', '06S')",6.042,0,17330.0
"('02H', '04D', '06C')",6.042,0,17330.0
"('02H', '04D', '06D')",6.042,0,17330.0
"('02H', '04D', '06H')",6.042,0,17330.0
"('02H', '04D', '06S')",6.042,0,17330.0
"('02H', '04H', '06C')",6.042,0,17330.0
"('02H', '04H', '06D')",6.042,0,17330.0
"('02H', '04H', '06H')",6.042,0,17330.0
"('02H', '04H', '06S')",6.042,0,17330.0
"('02H', '04S', '06C')",6.042,0,17330.0
"('02H', '04S', '06D')",6.042,0,17330.0
"('02H', '04S', '06H')",6.042,0,17330.0
"('02H', '04S', '06S')",6.042,0,17330.0
"('02S', '04C', '06C')",6.042,0,17330.0
"('02S', '04C', '06D')",6.042,0,17330.0
"('02S', '04C', '06H')",6.042,0,17330.0
"('02S', '04C', '06S')",6.042,0,17330.0
"('02S', '04D', '06C')",6.042,0,17330.0
"('02S', '04D', '06D')",6.042,0,17330.0
"('02S', '04D', '06H')",6.042,0,17330.0
"('02S', '04D', '06S')",6.042,0,17330.0
"('02S', '04H', '06C')",6.042,0,17330.0
"('02S', '04H', '06D')",6.042,0,17330.0
"('02S', '04H', '06H')",6.042,0,17330.0
"('02S', '04H', '06S')",6.042,0,17330.0
"('02S', '04S', '06C')",6.042,0,17330.0
"('02S', '04S', '06D')",6.042,0,17330.0
"('02S', '04S', '06H')",6.042,0,17330.0
"('02S', '04S', '06S')",6.042,0,17330.0
"('02C', '03C', '06C')",6.032,0,14434.0
"('02C', '03C', '06D')",6.032,0,14434.0
"('02C', '03C', '06H')",6.032,0,14434.0
"('02C', '03C', '06S')",6.032,0,14434.0
"('02C', '03D', '06C')",6.032,0,14434.0
"('02C', '03D', '06D')",6.032,0,14434.0
"('02C', '03D', '06H')",6.032,0,14434.0
"('02C', '03D', '06S')",6.032,0,14434.0
"('02C', '03H', '06C')",6.032,0,14434.0
"('02C', '03H', '06D')",6.032,0,14434.0
"('02C', '03H', '06H')",6.032,0,14434.0
"('02C', '03H', '06S')",6.032,0,14434.0
"('02C', '03S', '06C')",6.032,0,14434.0
"('02C', '03S', '06D')",6.032,0,14434.0
"('02C', '03S', '06H')",6.032,0,14434.0
"('02C', '03S', '06S')",6.032,0,14434.0
"('02D', '03C', '06C')",6.032,0,14434.0
"('02D', '03C', '06D')",6.032,0,14434.0
"('02D', '03C', '06H')",6.032,0,14434.0
"('02D', '03C', '06S')",6.032,0,14434.0
"('02D', '03D', '06C')",6.032,0,14434.0
"('02D', '03D', '06D')",6.032,0,14434.0
"('02D', '03D', '06H')",6.032,0,14434.0
"('02D', '03D', '06S')",6.032,0,14434.0
"('02D', '03H', '06C')",6.032,0,14434.0
"('02D', '03H', '06D')",6.032,0,14434.0
"('02D', '03H', '06H')",6.032,0,14434.0
"('02D', '03H', '06S')",6.032,0,14434.0
"('02D', '03S', '06C')",6.032,0,14434.0
"('02D', '03S', '06D')",6.032,0,14434.0
"('02D', '03S', '06H')",6.032,0,14434.0
"('02D', '03S', '06S')",6.032,0,14434.0
"('02H', '03C', '06C')",6.032,0,14434.0
"('02H', '03C', '06D')",6.032,0,14434.0
"('02H', '03C', '06H')",6.032,0,14434.0
"('02H', '03C', '06S')",6.032,0,14434.0
"('02H', '03D', '06C')",6.032,0,14434.0
"('02H', '03D', '06D')",6.032,0,14434.0
"('02H', '03D', '06H')",6.032,0,14434.0
"('02H', '03D', '06S')",6.032,0,14434.0
"('02H', '03H', '06C')",6.032,0,14434.0
"('02H', '03H', '06D')",6.032,0,14434.0
"('02H', '03H', '06H')",6.032,0,14434.0
"('02H', '03H', '06S')",6.032,0,14434.0
"('02H', '03S', '06C')",6.032,0,14434.0
"('02H', '03S', '06D')",6.032,0,14434.0
"('02H', '03S', '06H')",6.032,0,14434.0
"('02H', '03S', '06S')",6.032,0,14434.0
"('02S', '03C', '06C')",6.032,0,14434.0
"('02S', '03C', '06D')",6.032,0,14434.0
"('02S', '03C', '06H')",6.032,0,14434.0
"('02S', '03C', '06S')",6.032,0,14434.0
"('02S', '03D', '06C')",6.032,0,14434.0
"('02S', '03D', '06D')",6.032,0,14434.0
"('02S', '03D', '06H')",6.032,0,14434.0
"('02S', '03D', '06S')",6.032,0,14434.0
"('02S', '03H', '06C')",6.032,0,14434.0
"('02S', '03H', '06D')",6.032,0,14434.0
"('02S', '03H', '06H')",6.032,0,14434.0
"('02S', '03H', '06S')",6.032,0,14434.0
"('02S', '03S', '06C')",6.032,0,14434.0
"('02S', '03S', '06D')",6.032,0,14434.0
"('02S', '03S', '06H')",6.032,0,14434.0
"('02S', '03S', '06S')",6.032,0,14434.0
"('03C', '04C', '05C')",5.043,4,11538.0
"('03C', '04C', '05D')",5.043,4,11538.0
"('03C', '04C', '05H')",5.043,4,11538.0
"('03C', '04C', '05S')",5.043,4,11538.0
"('03C', '04D', '05C')",5.043,4,11538.0
"('03C', '04D', '05D')",5.043,4,11538.0
"('03C', '04D', '05H')",5.043,4,11538.0
"('03C', '04D', '05S')",5.043,4,11538.0
"('03C', '04H', '05C')",5.043,4,11538.0
"('03C', '04H', '05D')",5.043,4,11538.0
"('03C', '04H', '05H')",5.043,4,11538.0
"('03C', '04H', '05S')",5.043,4,11538.0
"('03C', '04S', '05C')",5.043,4,11538.0
"('03C', '04S', '05D')",5.043,4,11538.0
"('03C', '04S', '05H')",5.043,4,11538.0
"('03C', '04S', '05S')",5.043,4,11538.0
"('03D', '04C', '05C')",5.043,4,11538.0
"('03D', '04C', '05D')",5.043,4,11538.0
"('03D', '04C', '05H')",5.043,4,11538.0
"('03D', '04C', '05S')",5.043,4,11538.0
"('03D', '04D', '05C')",5.043,4,11538.0
"('03D', '04D', '05D')",5.043,4,11538.0
"('03D', '04D', '05H')",5.043,4,11538.0
"('03D', '04D', '05S')",5.043,4,11538.0
"('03D', '04H', '05C')",5.043,4,11538.0
"('03D', '04H', '05D')",5.043,4,11538.0
"('03D', '04H', '05H')",5.043,4,11538.0
"('03D', '04H', '05S')",5.043,4,11538.0
"('03D', '04S', '05C')",5.043,4,11538.0
"('03D', '04S', '05D')",5.043,4,11538.0
"('03D', '04S', '05H')",5.043,4,11538.0
"('03D', '04S', '05S')",5.043,4,11538.0
"('03H', '04C', '05C')",5.043,4,11538.0
"('03H', '04C', '05D')",5.043,4,11538.0
"('03H', '04C', '05H')",5.043,4,11538.0
"('03H', '04C', '05S')",5.043,4,11538.0
"('03H', '04D', '05C')",5.043,4,11538.0
"('03H', '04D', '05D')",5.043,4,11538.0
"('03H', '04D', '05H')",5.043,4,11538.0
"('03H', '04D', '05S')",5.043,4,11538.0
"('03H', '04H', '05C')",5.043,4,11538.0
"('03H', '04H', '05D')",5.043,4,11538.0
"('03H', '04H', '05H')",5.043,4,11538.0
"('03H', '04H', '05S')",5.043,4,11538.0
"('03H', '04S', '05C')",5.043,4,11538.0
"('03H', '04S', '05D')",5.043,4,11538.0
"('03H', '04S', '05H')",5.043,4,11538.0
"('03H', '04S', '05S')",5.043,4,11538.0
"('03S', '04C', '05C')",5.043,4,11538.0
"('03S', '04C', '05D')",5.043,4,11538.0
"('03S', '04C', '05H')",5.043,4,11538.0
"('03S', '04C', '05S')",5.043,4,11538.0
"('03S', '04D', '05C')",5.043,4,11538.0
"('03S', '04D', '05D')",5.043,4,11538.0
"('03S', '04D', '05H')",5.043,4,11538.0
"('03S', '04D', '05S')",5.043,4,11538.0
"('03S', '04H', '05C')",5.043,4,11538.0
"('03S', '04H', '05D')",5.043,4,11538.0
"('03S', '04H', '05H')",5.043,4,11538.0
"('03S', '04H', '05S')",5.043,4,11538.0
"('03S', '04S', '05C')",5.043,4,11538.0
"('03S', '04S', '05D')",5.043,4,11538.0
"('03S', '04S', '05H')",5.043,4,11538.0
"('03S', '04S', '05S')",5.043,4,11538.0
"('02C', '04C', '05C')",5.042,0,8643.0
"('02C', '04C', '05D')",5.042,0,8643.0
"('02C', '04C', '05H')",5.042,0,8643.0
"('02C', '04C', '05S')",5.042,0,8643.0
"('02C', '04D', '05C')",5.042,0,8643.0
"('02C', '04D', '05D')",5.042,0,8643.0
"('02C', '04D', '05H')",5.042,0,8643.0
"('02C', '04D', '05S')",5.042,0,8643.0
"('02C', '04H', '05C')",5.042,0,8643.0
"('02C', '04H', '05D')",5.042,0,8643.0
"('02C', '04H', '05H')",5.042,0,8643.0
"('02C', '04H', '05S')",5.042,0,8643.0
"('02C', '04S', '05C')",5.042,0,8643.0
"('02C', '04S', '05D')",5.042,0,8643.0
"('02C', '04S', '05H')",5.042,0,8643.0
"('02C', '04S', '05S')",5.042,0,8643.0
"('02D', '04C', '05C')",5.042,0,8643.0
"('02D', '04C', '05D')",5.042,0,8643.0
"('02D', '04C', '05H')",5.042,0,8643.0
"('02D', '04C', '05S')",5.042,0,8643.0
"('02D', '04D', '05C')",5.042,0,8643.0
"('02D', '04D', '05D')",5.042,0,8643.0
"('02D', '04D', '05H')",5.042,0,8643.0
"('02D', '04D', '05S')",5.042,0,8643.0
"('02D', '04H', '05C')",5.042,0,8643.0
"('02D', '04H', '05D')",5.042,0,8643.0
"('02D', '04H', '05H')",5.042,0,8643.0
"('02D', '04H', '05S')",5.042,0,8643.0
"('02D', '04S', '05C')",5.042,0,8643.0
"('02D', '04S', '05D')",5.042,0,8643.0
"('02D', '04S', '05H')",5.042,0,8643.0
"('02D', '04S', '05S')",5.042,0,8643.0
"('02H', '04C', '05C')",5.042,0,8643.0
"('02H', '04C', '05D')",5.042,0,8643.0
"('02H', '04C', '05H')",5.042,0,8643.0
"('02H', '04C', '05S')",5.042,0,8643.0
"('02H', '04D', '05C')",5.042,0,8643.0
"('02H', '04D', '05D')",5.042,0,8643.0
"('02H', '04D', '05H')",5.042,0,8643.0
"('02H', '04D', '05S')",5.042,0,8643.0
"('02H', '04H', '05C')",5.042,0,8643.0
"('02H', '04H', '05D')",5.042,0,8643.0
"('02H', '04H', '05H')",5.042,0,8643.0
"('02H', '04H', '05S')",5.042,0,8643.0
"('02H', '04S', '05C')",5.042,0,8643.0
"('02H', '04S', '05D')",5.042,0,8643.0
"('02H', '04S', '05H')",5.042,0,8643.0
"('02H', '04S', '05S')",5.042,0,8643.0
"('02S', '04C', '05C')",5.042,0,8643.0
"('02S', '04C', '05D')",5.042,0,8643.0
"('02S', '04C', '05H')",5.042,0,8643.0
"('02S', '04C', '05S')",5.042,0,8643.0
"('02S', '04D', '05C')",5.042,0,8643.0
"('02S', '04D', '05D')",5.042,0,8643.0
"('02S', '04D', '05H')",5.042,0,8643.0
"('02S', '04D', '05S')",5.042,0,8643.0
"('02S', '04H', '05C')",5.042,0,8643.0
"('02S', '04H', '05D')",5.042,0,8643.0
"('02S', '04H', '05H')",5.042,0,8643.0
"('02S', '04H', '05S')",5.042,0,8643.0
"('02S', '04S', '05C')",5.042,0,8643.0
"('02S', '04S', '05D')",5.042,0,8643.0
"('02S', '04S', '05H')",5.042,0,8643.0
"('02S', '04S', '05S')",5.042,0,8643.0
"('02C', '03C', '05C')",5.032,0,5747.0
"('02C', '03C', '05D')",5.032,0,5747.0
"('02C', '03C', '05H')",5.032,0,5747.0
"('02C', '03C', '05S')",5.032,0,5747.0
"('02C', '03D', '05C')",5.032,0,5747.0
"('02C', '03D', '05D')",5.032,0,5747.0
"('02C', '03D', '05H')",5.032,0,5747.0
"('02C', '03D', '05S')",5.032,0,5747.0
"('02C', '03H', '05C')",5.032,0,5747.0
"('02C', '03H', '05D')",5.032,0,5747.0
"('02C', '03H', '05H')",5.032,0,5747.0
"('02C', '03H', '05S')",5.032,0,5747.0
"('02C', '03S', '05C')",5.032,0,5747.0
"('02C', '03S', '05D')",5.032,0,5747.0
"('02C', '03S', '05H')",5.032,0,5747.0
"('02C', '03S', '05S')",5.032,0,5747.0
"('02D', '03C', '05C')",5.032,0,5747.0
"('02D', '03C', '05D')",5.032,0,5747.0
"('02D', '03C', '05H')",5.032,0,5747.0
"('02D', '03C', '05S')",5.032,0,5747.0
"('02D', '03D', '05C')",5.032,0,5747.0
"('02D', '03D', '05D')",5.032,0,5747.0
"('02D', '03D', '05H')",5.032,0,5747.0
"('02D', '03D', '05S')",5.032,0,5747.0
"('02D', '03H', '05C')",5.032,0,5747.0
"('02D', '03H', '05D')",5.032,0,5747.0
"('02D', '03H', '05H')",5.032,0,5747.0
"('02D', '03H', '05S')",5.032,0,5747.0
"('02D', '03S', '05C')",5.032,0,5747.0
"('02D', '03S', '05D')",5.032,0,5747.0
"('02D', '03S', '05H')",5.032,0,5747.0
"('02D', '03S', '05S')",5.032,0,5747.0
"('02H', '03C', '05C')",5.032,0,5747.0
"('02H', '03C', '05D')",5.032,0,5747.0
"('02H', '03C', '05H')",5.032,0,5747.0
"('02H', '03C', '05S')",5.032,0,5747.0
"('02H', '03D', '05C')",5.032,0,5747.0
"('02H', '03D', '05D')",5.032,0,5747.0
"('02H', '03D', '05H')",5.032,0,5747.0
"('02H', '03D', '05S')",5.032,0,5747.0
"('02H', '03H', '05C')",5.032,0,5747.0
"('02H', '03H', '05D')",5.032,0,5747.0
"('02H', '03H', '05H')",5.032,0,5747.0
"('02H', '03H', '05S')",5.032,0,5747.0
"('02H', '03S', '05C')",5.032,0,5747.0
"('02H', '03S', '05D')",5.032,0,5747.0
"('02H', '03S', '05H')",5.032,0,5747.0
"('02H', '03S', '05S')",5.032,0,5747.0
"('02S', '03C', '05C')",5.032,0,5747.0
"('02S', '03C', '05D')",5.032,0,5747.0
"('02S', '03C', '05H')",5.032,0,5747.0
"('02S', '03C', '05S')",5.032,0,5747.0
"('02S', '03D', '05C')",5.032,0,5747.0
"('02S', '03D', '05D')",5.032,0,5747.0
"('02S', '03D', '05H')",5.032,0,5747.0
"('02S', '03D', '05S')",5.032,0,5747.0
"('02S', '03H', '05C')",5.032,0,5747.0
"('02S', '03H', '05D')",5.032,0,5747.0
"('02S', '03H', '05H')",5.032,0,5747.0
"('02S', '03H', '05S')",5.032,0,5747.0
"('02S', '03S', '05C')",5.032,0,5747.0
"('02S', '03S', '05D')",5.032,0,5747.0
"('02S', '03S', '05H')",5.032,0,5747.0
"('02S', '03S', '05S')",5.032,0,5747.0
"('02C', '03C', '04C')",4.032,4,2851.0
"('02C', '03C', '04D')",4.032,4,2851.0
"('02C', '03C', '04H')",4.032,4,2851.0
"('02C', '03C', '04S')",4.032,4,2851.0
"('02C', '03D', '04C')",4.032,4,2851.0
"('02C', '03D', '04D')",4.032,4,2851.0
"('02C', '03D', '04H')",4.032,4,2851.0
"('02C', '03D', '04S')",4.032,4,2851.0
"('02C', '03H', '04C')",4.032,4,2851.0
"('02C', '03H', '04D')",4.032,4,2851.0
"('02C', '03H', '04H')",4.032,4,2851.0
"('02C', '03H', '04S')",4.032,4,2851.0
"('02C', '03S', '04C')",4.032,4,2851.0
"('02C', '03S', '04D')",4.032,4,2851.0
"('02C', '03S', '04H')",4.032,4,2851.0
"('02C', '03S', '04S')",4.032,4,2851.0
"('02D', '03C', '04C')",4.032,4,2851.0
"('02D', '03C', '04D')",4.032,4,2851.0
"('02D', '03C', '04H')",4.032,4,2851.0
"('02D', '03C', '04S')",4.032,4,2851.0
"('02D', '03D', '04C')",4.032,4,2851.0
"('02D', '03D', '04D')",4.032,4,2851.0
"('02D', '03D', '04H')",4.032,4,2851.0
"('02D', '03D', '04S')",4.032,4,2851.0
"('02D', '03H', '04C')",4.032,4,2851.0
"('02D', '03H', '04D')",4.032,4,2851.0
"('02D', '03H', '04H')",4.032,4,2851.0
"('02D', '03H', '04S')",4.032,4,2851.0
"('02D', '03S', '04C')",4.032,4,2851.0
"('02D', '03S', '04D')",4.032,4,2851.0
"('02D', '03S', '04H')",4.032,4,2851.0
"('02D', '03S', '04S')",4.032,4,2851.0
"('02H', '03C', '04C')",4.032,4,2851.0
"('02H', '03C', '04D')",4.032,4,2851.0
"('02H', '03C', '04H')",4.032,4,2851.0
"('02H', '03C', '04S')",4.032,4,2851.0
"('02H', '03D', '04C')",4.032,4,2851.0
"('02H', '03D', '04D')",4.032,4,2851.0
"('02H', '03D', '04H')",4.032,4,2851.0
"('02H', '03D', '04S')",4.032,4,2851.0
"('02H', '03H', '04C')",4.032,4,2851.0
"('02H', '03H', '04D')",4.032,4,2851.0
"('02H', '03H', '04H')",4.032,4,2851.0
"('02H', '03H', '04S')",4.032,4,2851.0
"('02H', '03S', '04C')",4.032,4,2851.0
"('02H', '03S', '04D')",4.032,4,2851.0
"('02H', '03S', '04H')",4.032,4,2851.0
"('02H', '03S', '04S')",4.032,4,2851.0
"('02S', '03C', '04C')",4.032,4,2851.0
"('02S', '03C', '04D')",4.032,4,2851.0
"('02S', '03C', '04H')",4.032,4,2851.0
"('02S', '03C', '04S')",4.032,4,2851.0
"('02S', '03D', '04C')",4.032,4,2851.0
"('02S', '03D', '04D')",4.032,4,2851.0
"('02S', '03D', '04H')",4.032,4,2851.0
"('02S', '03D', '04S')",4.032,4,2851.0
"('02S', '03H', '04C')",4.032,4,2851.0
"('02S', '03H', '04D')",4.032,4,2851.0
"('02S', '03H', '04H')",4.032,4,2851.0
"('02S', '03H', '04S')",4.032,4,2851.0
"('02S', '03S', '04C')",4.032,4,2851.0
"('02S', '03S', '04D')",4.032,4,2851.0
"('02S', '03S', '04H')",4.032,4,2851.0
"('02S', '03S', '04S')",4.032,4,2851.0
